oem,oem_norm,fbt
00002971000,00002971000,FBT40787
00008134,00008134,FBT40601
00020306,00020306,FBT40847
00021331,00021331,FBT41285
000697789,000697789,FBT13726
0010087,0010087,FBT40322
001-214190-10,00121419010,FBT40152
001-220027-07,00122002707,FBT40152
001-220402-13,00122040213,FBT40152
001-228026-10,00122802610,FBT41191
001-234234-10,00123423410,FBT41269
001 280 7,0012807,FBT40098
001 899 4,0018994,FBT40436
002 241 8,0022418,FBT13604
002 651 0523,0026510523,FBT40262
002 775 5,0027755,FBT40113
003011102,003011102,FBT13802
003011111,003011111,FBT13620
003011113,003011113,FBT13723
003021004,003021004,FBT13472
003021005,003021005,FBT13503
003021101,003021101,FBT40038
003021103,003021103,FBT13782
003021106,003021106,FBT40031
003021108,003021108,FBT40031
003021109,003021109,FBT13503
003021112,003021112,FBT13786
003021115,003021115,FBT40705
003031004,003031004,FBT13505
003031005,003031005,FBT40040
003031008,003031008,FBT40189
003031009,003031009,FBT13823
003031011,003031011,FBT40040
003031106,003031106,FBT13505
003031111,003031111,FBT13792
003031112,003031112,FBT13794
003031120,003031120,FBT40082
003 039 5,0030395,FBT40254
003040002,003040002,FBT13914
003040102,003040102,FBT13849
003040104,003040104,FBT40026
003041001,003041001,FBT40342
003041002,003041002,FBT13814
003041004,003041004,FBT13637
003041005,003041005,FBT13646
003041103,003041103,FBT13661
003041104,003041104,FBT13664
003041107,003041107,FBT13481
003041108,003041108,FBT13793
003041110,003041110,FBT13721
003041120,003041120,FBT13721
003050101,003050101,FBT13573
003050101,003050101,FBT13616
003050102,003050102,FBT13611
003050103,003050103,FBT13618
003050105,003050105,FBT13617
003050107,003050107,FBT13611
003060001,003060001,FBT13630
003060003,003060003,FBT13732
003060004,003060004,FBT13804
003060005,003060005,FBT13808
003060006,003060006,FBT13807
003060101,003060101,FBT13733
003060102,003060102,FBT13806
003060103,003060103,FBT13727
003060104,003060104,FBT13809
003060105,003060105,FBT40033
003060106,003060106,FBT13665
003060108,003060108,FBT13790
003060109,003060109,FBT13805
003071001,003071001,FBT40424
003071002,003071002,FBT40424
003071003,003071003,FBT13830
003071005,003071005,FBT40424
003071007,003071007,FBT40959
003071008,003071008,FBT40425
003071009,003071009,FBT41039
003071012,003071012,FBT40730
003071016,003071016,FBT41252
003071017,003071017,FBT41057
003071019,003071019,FBT40421
003071020,003071020,FBT13830
003071021,003071021,FBT40424
003071023,003071023,FBT40057
003071024,003071024,FBT40422
003071026,003071026,FBT43413
003071029,003071029,FBT43410
003071030,003071030,FBT40426
003071032,003071032,FBT40423
003071033,003071033,FBT40553
003071036,003071036,FBT40422
003071041,003071041,FBT40117
003071042,003071042,FBT40384
003071043,003071043,FBT40516
003071044,003071044,FBT40580
003071045,003071045,FBT40580
003071046,003071046,FBT40426
003071050,003071050,FBT41039
003071051,003071051,FBT40429
003071054,003071054,FBT40517
003071057,003071057,FBT40438
003071058,003071058,FBT40522
003071059,003071059,FBT40517
003071064,003071064,FBT40387
003071066,003071066,FBT40516
003071067,003071067,FBT40420
003071068,003071068,FBT40517
003071071,003071071,FBT40532
003071073,003071073,FBT40532
003071075,003071075,FBT40744
003071076,003071076,FBT13903
003071077,003071077,FBT40395
003071078,003071078,FBT40669
003071080,003071080,FBT40437
003071082,003071082,FBT40668
003071083,003071083,FBT40662
003071084,003071084,FBT40807
003071089,003071089,FBT41047
003071090,003071090,FBT40983
003071091,003071091,FBT41106
003071093,003071093,FBT41105
003071094,003071094,FBT41041
003071095,003071095,FBT41106
003071096,003071096,FBT41106
003071097,003071097,FBT40521
003071098,003071098,FBT41057
003071099,003071099,FBT40555
003072001,003072001,FBT40782
003072002,003072002,FBT40721
003072003,003072003,FBT13610
003072004,003072004,FBT40784
003072005,003072005,FBT40601
003072006,003072006,FBT40601
003072007,003072007,FBT40601
003072014,003072014,FBT40753
003072015,003072015,FBT40472
003072018,003072018,FBT40170
003072019,003072019,FBT40382
003072022,003072022,FBT40096
003072024,003072024,FBT40176
003072026,003072026,FBT40184
003072028,003072028,FBT40186
003072030,003072030,FBT40181
003072032,003072032,FBT40171
003072033,003072033,FBT40175
003072043,003072043,FBT40523
003072048,003072048,FBT41185
003072050,003072050,FBT13604
003072051,003072051,FBT41186
003072052,003072052,FBT41186
003072053,003072053,FBT41378
003072055,003072055,FBT40749
003072056,003072056,FBT41102
003072057,003072057,FBT40813
003081001,003081001,FBT13610
003081006,003081006,FBT13604
003081010,003081010,FBT40010
003081018,003081018,FBT40170
003081019,003081019,FBT40382
003081022,003081022,FBT40096
003081024,003081024,FBT40176
003081026,003081026,FBT40184
003081028,003081028,FBT40186
003081030,003081030,FBT40181
003081031,003081031,FBT40181
003081032,003081032,FBT40171
003081033,003081033,FBT40175
003081042,003081042,FBT40472
003081043,003081043,FBT40523
003101119,003101119,FBT40677
003130001,003130001,FBT13743
003130002,003130002,FBT40061
003130003,003130003,FBT40063
003130005,003130005,FBT13743
003141004,003141004,FBT40183
003141005,003141005,FBT13964
003141006,003141006,FBT40052
003141012,003141012,FBT40152
003141015,003141015,FBT40050
003141016,003141016,FBT13964
003141017,003141017,FBT40051
003141021,003141021,FBT40179
003141022,003141022,FBT40219
003141023,003141023,FBT40051
003141027,003141027,FBT40256
003141028,003141028,FBT40219
003141030,003141030,FBT40183
003141031,003141031,FBT40173
003141032,003141032,FBT40250
003141034,003141034,FBT40250
003141039,003141039,FBT40358
003141040,003141040,FBT40595
003141041,003141041,FBT13974
003141042,003141042,FBT40177
003141043,003141043,FBT40008
003141044,003141044,FBT40093
003141046,003141046,FBT40350
003141047,003141047,FBT40659
003141064,003141064,FBT40666
003141065,003141065,FBT40678
003141067,003141067,FBT40173
003141068,003141068,FBT40551
003141071,003141071,FBT40152
003141072,003141072,FBT41134
003150001,003150001,FBT13756
003151101,003151101,FBT13756
003160001,003160001,FBT40240
003160002,003160002,FBT40241
003160101,003160101,FBT40058
003160102,003160102,FBT40067
003160103,003160103,FBT40068
003160104,003160104,FBT40069
003160105,003160105,FBT40097
003160106,003160106,FBT40330
003160107,003160107,FBT40329
003160108,003160108,FBT40726
003160109,003160109,FBT40727
003160110,003160110,FBT40543
003160111,003160111,FBT40766
003160112,003160112,FBT40331
003160113,003160113,FBT40724
003160114,003160114,FBT40327
003160116,003160116,FBT40679
003161101,003161101,FBT40332
003162201,003162201,FBT40546
003162202,003162202,FBT40335
003162203,003162203,FBT40334
003162204,003162204,FBT40701
003162205,003162205,FBT40550
003162206,003162206,FBT40550
003162207,003162207,FBT40333
003162208,003162208,FBT40728
003162210,003162210,FBT40434
0031692,0031692,FBT13849
003169200,003169200,FBT13849
003191001,003191001,FBT40102
003201002,003201002,FBT40080
003201004,003201004,FBT40081
003201005,003201005,FBT40153
003201006,003201006,FBT40109
003201008,003201008,FBT40199
003201009,003201009,FBT40200
003201010,003201010,FBT40199
003201011,003201011,FBT40200
003201012,003201012,FBT40199
003201013,003201013,FBT40553
003201018,003201018,FBT40837
003201019,003201019,FBT40836
003211001,003211001,FBT40038
003251001,003251001,FBT40010
003251002,003251002,FBT40155
003251003,003251003,FBT40044
003261001,003261001,FBT40006
003281004,003281004,FBT40010
003281005,003281005,FBT40044
003281007,003281007,FBT40044
003281008,003281008,FBT40412
003301001,003301001,FBT13472
003301002,003301002,FBT13758
003301003,003301003,FBT13497
003301004,003301004,FBT13845
003301005,003301005,FBT13780
003301006,003301006,FBT40003
003301007,003301007,FBT40002
003301008,003301008,FBT13538
003301010,003301010,FBT13497
003301011,003301011,FBT13538
003301014,003301014,FBT40361
003301016,003301016,FBT13823
003301018,003301018,FBT40198
003301029,003301029,FBT13758
003310101,003310101,FBT40015
003310102,003310102,FBT40016
003310103,003310103,FBT40233
003310104,003310104,FBT40233
003310105,003310105,FBT40137
003310106,003310106,FBT40254
003310107,003310107,FBT40320
003310110,003310110,FBT40136
003310111,003310111,FBT40056
003310112,003310112,FBT40269
003311001,003311001,FBT40139
003311002,003311002,FBT40078
003311003,003311003,FBT13505
003311005,003311005,FBT40531
003311007,003311007,FBT40421
003311009,003311009,FBT41068
003311101,003311101,FBT13729
003311102,003311102,FBT40234
003311103,003311103,FBT40377
003311104,003311104,FBT13503
003311106,003311106,FBT40135
003311107,003311107,FBT40705
003311108,003311108,FBT40060
003311110,003311110,FBT40031
003311114,003311114,FBT40413
003311115,003311115,FBT40451
003311116,003311116,FBT40379
003311117,003311117,FBT40439
003311118,003311118,FBT40059
003311119,003311119,FBT40031
003311122,003311122,FBT40264
003311124,003311124,FBT40515
003311125,003311125,FBT40195
003311126,003311126,FBT40342
003311132,003311132,FBT41180
003311134,003311134,FBT40592
003311138,003311138,FBT40435
003311139,003311139,FBT40657
003311140,003311140,FBT40405
003311142,003311142,FBT40963
003311144,003311144,FBT40346
003311146,003311146,FBT40524
003311147,003311147,FBT40525
003311148,003311148,FBT41100
003311150,003311150,FBT41101
003311151,003311151,FBT40658
003311153,003311153,FBT40718
003311154,003311154,FBT40596
003311156,003311156,FBT40528
003311158,003311158,FBT40808
003311159,003311159,FBT40809
003311160,003311160,FBT40979
003311166,003311166,FBT40719
003311167,003311167,FBT40809
003311171,003311171,FBT41190
003311172,003311172,FBT41091
003311173,003311173,FBT40667
003311174,003311174,FBT41263
003311175,003311175,FBT40819
003311176,003311176,FBT40846
003311177,003311177,FBT40897
003311178,003311178,FBT41022
003311179,003311179,FBT40964
003311180,003311180,FBT41023
003311182,003311182,FBT40839
003311183,003311183,FBT41103
003311186,003311186,FBT40979
003311187,003311187,FBT40809
003311187,003311187,FBT41190
003311189,003311189,FBT40811
003311192,003311192,FBT40951
003311193,003311193,FBT40832
003311194,003311194,FBT40956
003311195,003311195,FBT40955
003311196,003311196,FBT40958
003311198,003311198,FBT41069
003311199,003311199,FBT40731
003313001,003313001,FBT40681
003313004,003313004,FBT40498
003313101,003313101,FBT40719
003313102,003313102,FBT40725
003313107,003313107,FBT40322
003313110,003313110,FBT40906
003313111,003313111,FBT41028
003313113,003313113,FBT40979
003313114,003313114,FBT40718
003313115,003313115,FBT41341
003313116,003313116,FBT40954
003313117,003313117,FBT40564
003313119,003313119,FBT40780
003313120,003313120,FBT40708
003313121,003313121,FBT40680
003313123,003313123,FBT41187
003313125,003313125,FBT41379
003313130,003313130,FBT41380
003313134,003313134,FBT40797
003313136,003313136,FBT41305
003313137,003313137,FBT41152
003313138,003313138,FBT40905
003313139,003313139,FBT40894
003313140,003313140,FBT41360
003313142,003313142,FBT41083
003313143,003313143,FBT41179
003313147,003313147,FBT40907
003313149,003313149,FBT41178
003314007,003314007,FBT13646
003320001,003320001,FBT40026
003320102,003320102,FBT40557
003321101,003321101,FBT40558
003321102,003321102,FBT40526
003321104,003321104,FBT40560
003321105,003321105,FBT40518
003321107,003321107,FBT40440
003321109,003321109,FBT41107
003321111,003321111,FBT40542
003321114,003321114,FBT40512
003321115,003321115,FBT40512
003321116,003321116,FBT40513
003321120,003321120,FBT40514
003321128,003321128,FBT40561
003321129,003321129,FBT41385
003321131,003321131,FBT41024
003321135,003321135,FBT40372
003321136,003321136,FBT13661
003321142,003321142,FBT41026
003321144,003321144,FBT41110
003321146,003321146,FBT41056
003321147,003321147,FBT41131
003321150,003321150,FBT41054
003321152,003321152,FBT41114
003321153,003321153,FBT41382
003321155,003321155,FBT41131
003321156,003321156,FBT41108
003321160,003321160,FBT41383
003321161,003321161,FBT41111
003321162,003321162,FBT41123
003321164,003321164,FBT41115
003321165,003321165,FBT41248
003321166,003321166,FBT41112
003321169,003321169,FBT41116
003321170,003321170,FBT41333
003321171,003321171,FBT41113
003321172,003321172,FBT41247
003321176,003321176,FBT41117
003321177,003321177,FBT41344
003321178,003321178,FBT41109
003321181,003321181,FBT41264
003321185,003321185,FBT41345
003321186,003321186,FBT41313
003321187,003321187,FBT41336
003322101,003322101,FBT41118
003322102,003322102,FBT41119
003322104,003322104,FBT41120
003322105,003322105,FBT41386
003323101,003323101,FBT41082
003323104,003323104,FBT41271
003323105,003323105,FBT41268
003323106,003323106,FBT41273
003323107,003323107,FBT41272
003323109,003323109,FBT40847
003323111,003323111,FBT40711
003323112,003323112,FBT40827
003323113,003323113,FBT41177
003323115,003323115,FBT40600
003323117,003323117,FBT41361
003323118,003323118,FBT41342
003323119,003323119,FBT40949
003323120,003323120,FBT40910
003323122,003323122,FBT40950
003323123,003323123,FBT40826
003330001,003330001,FBT13630
003330003,003330003,FBT13732
003330004,003330004,FBT13804
003330005,003330005,FBT13808
003330006,003330006,FBT13807
003330009,003330009,FBT13844
003330010,003330010,FBT13493
003330011,003330011,FBT13545
003330101,003330101,FBT13733
003330102,003330102,FBT13806
003330103,003330103,FBT13727
003330104,003330104,FBT13809
003330105,003330105,FBT40033
003330106,003330106,FBT13665
003330108,003330108,FBT13790
003330109,003330109,FBT13805
003330110,003330110,FBT13843
003330111,003330111,FBT13551
003330113,003330113,FBT40032
003330115,003330115,FBT40007
003330117,003330117,FBT13665
003331001,003331001,FBT13662
003331004,003331004,FBT13898
003331101,003331101,FBT13899
003331102,003331102,FBT13793
003331103,003331103,FBT13814
003331104,003331104,FBT13896
003331105,003331105,FBT13721
003331106,003331106,FBT13637
003331107,003331107,FBT13596
003331108,003331108,FBT40196
003331109,003331109,FBT13894
003331110,003331110,FBT40011
003331114,003331114,FBT13723
003331118,003331118,FBT13897
003331119,003331119,FBT13726
003341001,003341001,FBT13661
003341002,003341002,FBT13837
003341003,003341003,FBT13837
003341004,003341004,FBT40601
003341007,003341007,FBT13646
003341008,003341008,FBT40237
003341101,003341101,FBT13664
003341102,003341102,FBT13721
003341103,003341103,FBT13782
003341104,003341104,FBT40043
003341105,003341105,FBT40129
003341106,003341106,FBT40251
003341107,003341107,FBT40098
003341108,003341108,FBT40095
003341109,003341109,FBT40231
003350101,003350101,FBT40073
003350103,003350103,FBT40110
003350106,003350106,FBT40074
003350107,003350107,FBT13826
003370101,003370101,FBT40349
003370102,003370102,FBT13504
003370103,003370103,FBT13846
003370104,003370104,FBT40026
003370105,003370105,FBT40025
003370106,003370106,FBT13816
003370107,003370107,FBT13849
003370108,003370108,FBT40174
003370109,003370109,FBT13817
003370110,003370110,FBT40411
003370113,003370113,FBT13828
003370114,003370114,FBT40529
003370115,003370115,FBT40530
003370116,003370116,FBT13816
003370118,003370118,FBT40632
003381001,003381001,FBT40072
003381002,003381002,FBT40040
003381003,003381003,FBT40091
003381004,003381004,FBT40084
003381005,003381005,FBT13505
003381009,003381009,FBT40520
003381010,003381010,FBT40531
003381101,003381101,FBT40082
003381102,003381102,FBT40103
003381103,003381103,FBT13729
003381107,003381107,FBT40538
003390001,003390001,FBT40232
003390002,003390002,FBT13829
003390003,003390003,FBT13818
003390005,003390005,FBT13820
003390006,003390006,FBT40246
003390007,003390007,FBT13827
003390008,003390008,FBT13831
003400005,003400005,FBT13911
003400007,003400007,FBT13925
003410002,003410002,FBT13922
003410003,003410003,FBT13922
003410004,003410004,FBT13929
003410005,003410005,FBT40396
003441001,003441001,FBT40492
003441003,003441003,FBT40601
003441004,003441004,FBT40601
003441005,003441005,FBT40601
003441006,003441006,FBT41055
003441007,003441007,FBT40469
003441009,003441009,FBT40721
003441012,003441012,FBT40782
003441017,003441017,FBT40666
003441020,003441020,FBT40784
003441030,003441030,FBT40490
003491001,003491001,FBT40681
003491002,003491002,FBT40486
003491004,003491004,FBT40498
003491101,003491101,FBT40719
003491102,003491102,FBT40725
003491107,003491107,FBT40322
003581105,003581105,FBT41387
003581106,003581106,FBT41388
003581107,003581107,FBT41121
003582101,003582101,FBT41394
003582102,003582102,FBT41334
003582104,003582104,FBT41389
003582105,003582105,FBT41390
003582106,003582106,FBT41285
003583102,003583102,FBT41395
003583103,003583103,FBT41391
003583105,003583105,FBT41384
003583301,003583301,FBT41122
003583302,003583302,FBT41393
003583306,003583306,FBT41392
0040 141 600,0040141600,FBT13504
0040 148 300,0040148300,FBT13729
00402113,00402113,FBT40373
0043026603,0043026603,FBT40167
004 721 7,0047217,FBT40327
0047 328 400,0047328400,FBT13846
005521838,005521838,FBT13604
00 595 43,0059543,FBT40424
00 604 55,0060455,FBT40200
00 616 46,0061646,FBT40612
00 619 16,0061916,FBT40234
006 353 7,0063537,FBT40332
00 656 92,0065692,FBT13503
00 707 25,0070725,FBT40348
007 992 1,0079921,FBT40103
00D3508002,00D3508002,FBT40181
00D3508003,00D3508003,FBT40096
00D3515001PL1,00D3515001PL1,FBT40096
00D4260004HT1,00D4260004HT1,FBT40181
00H07012400,00H07012400,FBT13816
00H07018900,00H07018900,FBT40078
01 001 19,0100119,FBT40717
01 001 70,0100170,FBT40715
01 003 96,0100396,FBT41065
01 004 02,0100402,FBT40875
01 004 09,0100409,FBT40876
01 004 10,0100410,FBT40876
01 005 42,0100542,FBT40841
01 005 61,0100561,FBT40864
01 006 20,0100620,FBT40840
01 006 31,0100631,FBT40864
01 006 33,0100633,FBT40922
01 006 60,0100660,FBT40680
01 006 88,0100688,FBT40863
01 007 01,0100701,FBT40788
01 007 67,0100767,FBT41230
01 008 87,0100887,FBT40680
01 009 01,0100901,FBT40863
01 009 11,0100911,FBT40717
01 009 15,0100915,FBT40716
01 009 20,0100920,FBT40788
01 009 45,0100945,FBT40863
0102041400,0102041400,FBT40426
01 023 05,0102305,FBT40424
0102486,0102486,FBT40197
0102489,0102489,FBT40648
0102529,0102529,FBT40652
0102615,0102615,FBT40647
0103-03A,010303A,FBT41285
01 031 78,0103178,FBT40234
01 035 36,0103536,FBT40876
01 040 60,0104060,FBT40580
01 040 61,0104061,FBT40580
0106522,0106522,FBT40762
0106523,0106523,FBT40762
01098/0.4,0109804,FBT40927
01 113 71,0111371,FBT41334
01 113 77,0111377,FBT41072
01 114 55,0111455,FBT41393
01 115 22,0111522,FBT41121
013314801,013314801,FBT13758
013330471,013330471,FBT40342
013 544 2,0135442,FBT40229
014 125 9,0141259,FBT40594
015 338 7,0153387,FBT40148
016650101,016650101,FBT40928
016650201,016650201,FBT40846
016650301,016650301,FBT40898
016650401,016650401,FBT40900
016652201,016652201,FBT40897
016 747 8,0167478,FBT40333
016800300,016800300,FBT40803
016800401,016800401,FBT40857
016800601,016800601,FBT40879
016800701,016800701,FBT40880
016801001,016801001,FBT40878
020 964 3,0209643,FBT40330
0-2223-074,02223074,FBT40073
0-2223-075,02223075,FBT40110
0-2223-076,02223076,FBT40074
023 140 7,0231407,FBT40504
026 037 2,0260372,FBT40553
026 861 5,0268615,FBT40393
027 230 2,0272302,FBT40424
027 577 6,0275776,FBT13830
030 003 01,03000301,FBT40115
030 012 00,03001200,FBT40020
030141-21,03014121,FBT41058
032 008 00,03200800,FBT13472
032 008 01,03200801,FBT13472
032 308 00,03230800,FBT13472
032 315 00,03231500,FBT40470
032 496 2,0324962,FBT40233
03341004,03341004,FBT40601
0359-00012-01,03590001201,FBT40595
036 577 5,0365775,FBT40229
037 005 00,03700500,FBT13664
037 305 00,03730500,FBT13664
037 310 00,03731000,FBT13661
037 339 00,03733900,FBT13664
037 379 00,03737900,FBT13664
037 379 50,03737950,FBT13664
03738400,03738400,FBT40366
037 387 00,03738700,FBT40346
039 756 2,0397562,FBT40400
040.002-TR2,040002TR2,FBT41112
040.002-TR3,040002TR3,FBT41116
040.002-TR4,040002TR4,FBT41113
040.002-TR5,040002TR5,FBT41247
040.002-TR7,040002TR7,FBT41117
040.002-TR8,040002TR8,FBT41264
040.006-EL1,040006EL1,FBT41183
040.008-EL1,040008EL1,FBT41124
040.009-TR2,040009TR2,FBT41336
040.011-EL1,040011EL1,FBT41268
040.011R-E1,040011RE1,FBT41268
040.011R-J1,040011RJ1,FBT41268
040.011R-T1,040011RT1,FBT41268
040.011-TR1,040011TR1,FBT41268
040.013-EL1,040013EL1,FBT41271
040.013-TR1,040013TR1,FBT41271
040.014-EL1,040014EL1,FBT41189
040.014R-J1,040014RJ1,FBT41302
040.014R-T1,040014RT1,FBT41187
040.014-TR1,040014TR1,FBT41187
040.016-EL1,040016EL1,FBT41379
040.016-EL2,040016EL2,FBT41272
040.016R-E1,040016RE1,FBT41379
040.016R-E2,040016RE2,FBT41272
040.016R-J1,040016RJ1,FBT41379
040.016R-T1,040016RT1,FBT41379
040.016-TR1,040016TR1,FBT41379
040.016-TR2,040016TR2,FBT41272
040.017-EL2,040017EL2,FBT41152
040.017-EL3,040017EL3,FBT41273
040.017R-E2,040017RE2,FBT41152
040.017R-EL2,040017REL2,FBT41152
040.017R-J2,040017RJ2,FBT41152
040.017R-T2,040017RT2,FBT41152
040.017R-T3,040017RT3,FBT41273
040.017-TR3,040017TR3,FBT41273
040.019-EL1,040019EL1,FBT41223
040.019-EL2,040019EL2,FBT41346
040.019R-E2,040019RE2,FBT41346
040.020-EL3,040020EL3,FBT41360
040.020R-E3,040020RE3,FBT41360
040.020R-T3,040020RT3,FBT41360
040.020-TR3,040020TR3,FBT41360
040.022-EL2,040022EL2,FBT41361
040.022R-E2,040022RE2,FBT41361
040.022R-T2,040022RT2,FBT41361
040.022-TR2,040022TR2,FBT41361
040.024-EL2,040024EL2,FBT41342
040.024R-E2,040024RE2,FBT41342
040.024R-T2,040024RT2,FBT41342
040.024-TR2,040024TR2,FBT41342
040.026-EL2,040026EL2,FBT41274
040.026R-E2,040026RE2,FBT41274
040.027-TR2,040027TR2,FBT41344
040.028-EL1,040028EL1,FBT41222
040.029-TR1,040029TR1,FBT41109
040.034R-T1,040034RT1,FBT41380
040.034-TR1,040034TR1,FBT41380
040.130-EL1,040130EL1,FBT41185
040.130R-E1,040130RE1,FBT41185
040.130R-J1,040130RJ1,FBT41304
040.130-TR1,040130TR1,FBT41185
040.133R-E1,040133RE1,FBT41229
040.146-EL1,040146EL1,FBT41186
040.146R-E1,040146RE1,FBT41186
040.146R-J1,040146RJ1,FBT41301
040.146R-T2,040146RT2,FBT41186
040.146R-T3,040146RT3,FBT41378
040.146-TR1,040146TR1,FBT41186
040.146-TR2,040146TR2,FBT41186
040.150R-E1,040150RE1,FBT41221
040.150R-EL1,040150REL1,FBT41221
040.150R-J1,040150RJ1,FBT41303
040.S01R-J1,040S01RJ1,FBT41305
040.S01R-T1,040S01RT1,FBT41305
040.S02R-T1,040S02RT1,FBT41384
042 048 9,0420489,FBT40335
042 050 5,0420505,FBT40532
042 145 3,0421453,FBT40621
042 439 0,0424390,FBT40342
042 797 5,0427975,FBT40862
04312-0022,043120022,FBT13830
043213005,043213005,FBT40523
043213005P,043213005P,FBT40523
043213008,043213008,FBT40523
043213008F,043213008F,FBT40523
043213009,043213009,FBT40523
043213009F,043213009F,FBT40523
043214042D,043214042D,FBT41214
043214043D,043214043D,FBT41217
043221008P,043221008P,FBT40469
043714002,043714002,FBT40006
0437140021,0437140021,FBT40006
043714002J,043714002J,FBT40006
044 115 4,0441154,FBT40654
044 224 4,0442244,FBT40399
044 984 3,0449843,FBT40376
045 787 9,0457879,FBT40532
048 214 1,0482141,FBT40424
048 593 8,0485938,FBT40435
050 212 0,0502120,FBT40423
050 954 7,0509547,FBT40518
051.102,051102,FBT13610
051.319,051319,FBT13661
051.333,051333,FBT13664
051 498 4,0514984,FBT40387
051.551,051551,FBT13830
051.581,051581,FBT40421
051.592,051592,FBT40031
051.624,051624,FBT40422
051.645,051645,FBT40421
051.656,051656,FBT40031
051.658,051658,FBT40421
051.659,051659,FBT40031
051.663,051663,FBT40421
051.666,051666,FBT40421
051.672,051672,FBT40423
051.674,051674,FBT40423
051.681,051681,FBT40422
051.684,051684,FBT40422
051.690,051690,FBT40031
051.697,051697,FBT40515
051.698,051698,FBT40516
051.698-01,05169801,FBT40516
051.713,051713,FBT40517
051.718-01,05171801,FBT40515
051.726,051726,FBT40517
051.726-01,05172601,FBT40517
051.739,051739,FBT40657
051.753,051753,FBT40669
051.756,051756,FBT40662
051.759,051759,FBT40668
051.760,051760,FBT40668
053 095 6,0530956,FBT40329
054 499 9,0544999,FBT40434
055 564 9,0555649,FBT40620
056 233 0,0562330,FBT40564
056 454 2,0564542,FBT41291
057.034-EL1,057034EL1,FBT40721
057.034-EL2,057034EL2,FBT40873
057.034-TR1,057034TR1,FBT40721
057.034-TR2,057034TR2,FBT40721
057.138-EL1,057138EL1,FBT40968
057.234-EL1,057234EL1,FBT40939
057.234-EL2,057234EL2,FBT40940
057.234-EL3,057234EL3,FBT40996
057.234-EL4,057234EL4,FBT40940
057.234-EL5,057234EL5,FBT40979
057.234-EL6,057234EL6,FBT40939
057.234-TR1,057234TR1,FBT40979
057.334-EL1,057334EL1,FBT40827
057.534-EL1,057534EL1,FBT40718
057.534-EL2,057534EL2,FBT40719
057.534-OG1,057534OG1,FBT40718
057.534-TR1,057534TR1,FBT40719
057.534-TR2,057534TR2,FBT40719
057.834-EL1,057834EL1,FBT40906
057.834-EL2,057834EL2,FBT40906
057.834-EL4,057834EL4,FBT41126
057.834-EL5,057834EL5,FBT40906
057.834-ELD,057834ELD,FBT40906
057.834-TR1,057834TR1,FBT40906
057.934-EL1,057934EL1,FBT40808
057.934-EL2,057934EL2,FBT41028
057.934-EL3,057934EL3,FBT41071
057.934-EL4,057934EL4,FBT41283
057.934-TR1,057934TR1,FBT41028
058.013-EL1,058013EL1,FBT40662
058.013-EL3,058013EL3,FBT40856
058.013-EL6,058013EL6,FBT41106
058.013-EL7,058013EL7,FBT41106
058.013-TR1,058013TR1,FBT40662
058.013-TR4,058013TR4,FBT40807
058.013-TR6,058013TR6,FBT41106
058.013-TR7,058013TR7,FBT41106
058.013-TR8,058013TR8,FBT41106
058.019-A8,058019A8,FBT41106
058.135-EL1,058135EL1,FBT41047
058.135-EL2,058135EL2,FBT41252
058.135-TR1,058135TR1,FBT41047
058.135-TR2,058135TR2,FBT41252
058.138-TR1,058138TR1,FBT41103
058.141-EL2,058141EL2,FBT40516
058.141-TR1,058141TR1,FBT40516
058.231-TR1,058231TR1,FBT41115
058.231-TR2,058231TR2,FBT41345
058.234-TR1,058234TR1,FBT40979
058.234-TR3,058234TR3,FBT40979
058.234-TR4,058234TR4,FBT40964
058.234-TR5,058234TR5,FBT40979
058.235R-T6,058235RT6,FBT41382
058.235R-T7,058235RT7,FBT41383
058.235-TR1,058235TR1,FBT41026
058.235-TR3,058235TR3,FBT41056
058.235-TR4,058235TR4,FBT41114
058.235-TR6,058235TR6,FBT41382
058.235-TR7,058235TR7,FBT41383
058.331-TR1,058331TR1,FBT41123
058.335-TR2,058335TR2,FBT41131
058.335-TR3,058335TR3,FBT41131
058.341-TR1,058341TR1,FBT40657
058.341-TR2,058341TR2,FBT40658
058.413-EL1,058413EL1,FBT40669
058.413-EL4,058413EL4,FBT40983
058.413R-T5,058413RT5,FBT41041
058.413-TR1,058413TR1,FBT40669
058.413-TR4,058413TR4,FBT40983
058.413-TR5,058413TR5,FBT41041
058.421-TR1,058421TR1,FBT40517
058.423-EL1,058423EL1,FBT40668
058.423-EL2,058423EL2,FBT40984
058.423-TR1,058423TR1,FBT40668
058.423-TR2,058423TR2,FBT41105
058.423-TR3,058423TR3,FBT41057
058.423-TR4,058423TR4,FBT41057
058.532-TR1,058532TR1,FBT41107
058.533R-T4,058533RT4,FBT41108
058.533R-T5,058533RT5,FBT41333
058.533-TR1,058533TR1,FBT41024
058.533-TR4,058533TR4,FBT41108
058.533-TR5,058533TR5,FBT41333
058.534-TR1,058534TR1,FBT40718
058.534-TR2,058534TR2,FBT40719
058.541-TR1,058541TR1,FBT40515
058.735-EL1,058735EL1,FBT41054
058.735R-T3,058735RT3,FBT41313
058.735-TR1,058735TR1,FBT41054
058.735-TR2,058735TR2,FBT41248
058.735-TR3,058735TR3,FBT41313
058.751-EL2,058751EL2,FBT41184
058.752-EL1,058752EL1,FBT41312
058.752R-E1,058752RE1,FBT41312
058.834-TR1,058834TR1,FBT40809
058.834-TR2,058834TR2,FBT40809
058.834-TR3,058834TR3,FBT41091
058.834-TR4,058834TR4,FBT41022
058.834-TR5,058834TR5,FBT40809
058.934-EL1,058934EL1,FBT40808
058.934-TR1,058934TR1,FBT40808
058.934-TR3,058934TR3,FBT41263
058.934-TR4,058934TR4,FBT41023
058.935-TR1,058935TR1,FBT41110
058.935-TR2,058935TR2,FBT41111
059 842 5,0598425,FBT40112
059 865 6,0598656,FBT40398
061 740 7,0617407,FBT40489
061 786 0,0617860,FBT40870
061 981 7,0619817,FBT40322
067 046 3,0670463,FBT40523
06D3083001,06D3083001,FBT13497
06D3083002,06D3083002,FBT13497
06D3084001,06D3084001,FBT13758
06D3087001,06D3087001,FBT13758
06D3088001,06D3088001,FBT13538
06D3093001,06D3093001,FBT13837
073-5015-0001-00,0735015000100,FBT41297
073-5038-0001-00,0735038000100,FBT41051
073-5105-0001-00,0735105000100,FBT40872
073-5105-0001.00,0735105000100,FBT41051
074 843 4,0748434,FBT40405
08000000327,08000000327,FBT40798
0886779-001,0886779001,FBT40148
0905-030003-00,090503000300,FBT40154
094-01006/0.5,0940100605,FBT40961
094-01006/2.1,0940100621,FBT40961
094-01020/0.7,0940102007,FBT13472
094-01020/2.3,0940102023,FBT13472
094-01021/0.6,0940102106,FBT13472
094-01022/0.5,0940102205,FBT40367
094-01023/0.4,0940102304,FBT40367
094-01024/0.3,0940102403,FBT13472
094-01026/0.1,0940102601,FBT40368
094-01027/0.0,0940102700,FBT40363
094-01027/0.2,0940102702,FBT40363
094-01030/0.5,0940103005,FBT40367
094-01036/0.1,0940103601,FBT40366
094-01036/0.9,0940103609,FBT40366
094-01036/2.5,0940103625,FBT40366
094-01037/0.8,0940103708,FBT40115
094-01037/1.6,0940103716,FBT40115
094-01038/0.7,0940103807,FBT40115
094-01038/2.3,0940103823,FBT40115
094-01040/0.3,0940104003,FBT40115
094-01042/0.1,0940104201,FBT40115
094-01046/0.7,0940104607,FBT40364
094-01046/1.5,0940104615,FBT40364
094-01046/2.3,0940104623,FBT40364
094-01049/0.4,0940104904,FBT40364
094-01052/0.8,0940105208,FBT40363
094-01054/0.6,0940105406,FBT41046
094-01055/2.1,0940105521,FBT40356
094-01055/4.7,0940105547,FBT40356
094-01055/5.4,0940105554,FBT40356
094-01057/1.1,0940105711,FBT40362
094-01058/0.2,0940105802,FBT40346
094-01058/1.0,0940105810,FBT40346
094-01061/0.7,0940106107,FBT40356
094-01062/0.6,0940106206,FBT40524
094-01062/1.4,0940106214,FBT40524
094-01062/2.2,0940106222,FBT40524
094-01063/0.5,0940106305,FBT40362
094-01064/0.4,0940106404,FBT40346
094-01064/1.2,0940106412,FBT40346
094-01065/0.3,0940106503,FBT40362
094-01069/0.9,0940106909,FBT41090
094-01071/0.5,0940107105,FBT40346
094-01073/0.3,0940107303,FBT40346
094-01074/1.0,0940107410,FBT40346
094-01074/2.8,0940107428,FBT40346
094-01075/0.1,0940107501,FBT40346
094-01075/1.9,0940107519,FBT40346
094-01075/2.7,0940107527,FBT40346
094-01075/3.5,0940107535,FBT40346
094-01077/0.9,0940107709,FBT40525
094-01077/1.7,0940107717,FBT40525
094-01077/2.5,0940107725,FBT40525
094-01078/0.8,0940107808,FBT40346
094-01078/0.9,0940107809,FBT40346
094-01078/1.6,0940107816,FBT40346
094-01079/0.7,0940107907,FBT40524
094-01081/0.3,0940108103,FBT40356
094-01084/0.0,0940108400,FBT40452
094-01084/1.8,0940108418,FBT40452
094-01085/0.9,0940108509,FBT41090
094-01086/0.8,0940108608,FBT40362
094-01087/0.7,0940108707,FBT40792
094-01088/1.4,0940108814,FBT40792
094-01089/1.3,0940108913,FBT40791
094-01090/0.2,0940109002,FBT40791
094-01092/0.0,0940109200,FBT40814
094-01094/0.8,0940109408,FBT41139
094-01096/0.6,0940109606,FBT40927
094-01098/0.4,0940109804,FBT40927
094-01103/07,0940110307,FBT41309
094-01103/1.5,0940110315,FBT41309
094-02009/0.0,0940200900,FBT41066
094-02009/1.8,0940200918,FBT41149
100 066 20,10006620,FBT40349
100 0911,1000911,FBT40717
1 001 70,100170,FBT40715
100 351 60,10035160,FBT40530
100402,100402,FBT40875
100410,100410,FBT40876
100 427 60,10042760,FBT40613
100 542,100542,FBT40841
100620,100620,FBT40840
100 631,100631,FBT40864
100 633,100633,FBT40922
100660,100660,FBT40680
100701,100701,FBT40788
100767,100767,FBT41230
100887,100887,FBT40680
10089740,10089740,FBT40529
10090620,10090620,FBT40621
10090630,10090630,FBT40622
100911,100911,FBT40717
10091350,10091350,FBT40654
100915,100915,FBT40716
100920,100920,FBT40788
101-21020-04,1012102004,FBT40348
101-214008-11,10121400811,FBT40109
101-214017-03,10121401703,FBT40109
101-214020-04,10121402004,FBT40348
101-214020-04 A,10121402004A,FBT40348
101-220001-07,10122000107,FBT40153
101-220005-01,10122000501,FBT40153
101-220005-01 B,10122000501B,FBT40153
101-220005-03,10122000503,FBT40153
101-220005-03 A,10122000503A,FBT40153
101-220006-04,10122000604,FBT40153
101-220009-04,10122000904,FBT40109
101-228002-01,10122800201,FBT41193
101-228002-06,10122800206,FBT41193
101 590 50,10159050,FBT40632
101 656 50,10165650,FBT40112
101 N 128001-04,101N12800104,FBT41291
102 057 40,10205740,FBT40623
102 390 40,10239040,FBT40529
102 466 60,10246660,FBT40139
102 706 10,10270610,FBT40528
102 706 40,10270640,FBT40528
102 910 90,10291090,FBT40387
103 015 10,10301510,FBT40384
103 194 10,10319410,FBT40528
103 194 B0,103194B0,FBT40528
103 290 10,10329010,FBT40650
103 348 60,10334860,FBT40321
103 348 70,10334870,FBT40504
103 378 20,10337820,FBT40504
103 419 90,10341990,FBT40139
103 420 10,10342010,FBT40139
103 450 90,10345090,FBT40387
103 451 10,10345110,FBT40387
103 473 70,10347370,FBT40420
103 524 90,10352490,FBT40387
103 553 50,10355350,FBT40234
103 553 90,10355390,FBT40183
103 590 70,10359070,FBT40650
103 590 80,10359080,FBT13664
103 595 60,10359560,FBT40564
103 601 10,10360110,FBT40522
103 601 20,10360120,FBT41403
103 644 60,10364460,FBT40472
103 644 70,10364470,FBT40487
103 701 80,10370180,FBT40405
103 726 90,10372690,FBT40955
103 741 30,10374130,FBT40113
103 744 00,10374400,FBT40418
103 773 40,10377340,FBT40955
103 836 70,10383670,FBT40438
103 853 30,10385330,FBT40380
104 038 30,10403830,FBT40806
104 050 50,10405050,FBT40226
104 050 60,10405060,FBT40265
104 061 20,10406120,FBT40528
104 061 60,10406160,FBT40528
104 106 50,10410650,FBT40482
104 106 F0,104106F0,FBT40482
104 417 80,10441780,FBT40504
104 461 80,10446180,FBT40660
104 461 I0,104461I0,FBT40660
104 501 90,10450190,FBT40963
104 511 22,10451122,FBT40768
104 511 60,10451160,FBT40768
104 511 70,10451170,FBT40770
104 511 74,10451174,FBT40770
104 525 20,10452520,FBT40528
104 525 30,10452530,FBT40528
104 525 40,10452540,FBT40667
104 525 E0P 2,104525E0P2,FBT40667
104 586 40,10458640,FBT40342
104 586 50,10458650,FBT40580
104 586 70,10458670,FBT40876
104 627 70,10462770,FBT40395
104 627 80,10462780,FBT40437
104 627 90,10462790,FBT40555
104 710 40,10471040,FBT13729
104 777 80,10477780,FBT40025
104 811 90,10481190,FBT13816
104 871 80,10487180,FBT13503
104 871 90,10487190,FBT13816
104 872 10,10487210,FBT13826
105 009 80,10500980,FBT40951
105 108 70,10510870,FBT40739
105 120 90,10512090,FBT40362
105 121 70,10512170,FBT40730
105 144 20,10514420,FBT13664
105 160 50,10516050,FBT40832
105 160 50 P4,10516050P4,FBT40832
105 163 20,10516320,FBT40992
105 196 10,10519610,FBT40342
105 213 10,10521310,FBT40734
105 290 50,10529050,FBT40601
105 295 80,10529580,FBT40499
105 314 60,10531460,FBT40951
105 319 80,10531980,FBT40731
105 325 10,10532510,FBT40768
105 327 50,10532750,FBT40956
105 327 80,10532780,FBT40234
105 327 90,10532790,FBT40482
105 328 60,10532860,FBT40555
105 328 80,10532880,FBT40660
105 394 30,10539430,FBT40601
105 403 70,10540370,FBT41132
105 411 30,10541130,FBT40667
105 411 80,10541180,FBT40704
105 429 71,10542971,FBT40515
105 466 10,10546610,FBT40811
105 524 50,10552450,FBT40762
105 534 20,10553420,FBT40960
105 550 10,10555010,FBT40839
105 550 10 C,10555010C,FBT40839
105 556 40,10555640,FBT40811
105 595 60,10559560,FBT40564
105 656 70,10565670,FBT41100
105 660 60,10566060,FBT40832
105 677 40,10567740,FBT40732
105 747 60,10574760,FBT40135
105 767 40,10576740,FBT40735
105 880 80,10588080,FBT40951
105 936 30,10593630,FBT40680
105 936 40,10593640,FBT40681
106 001 90,10600190,FBT40811
106 015 30,10601530,FBT40762
106 026 70,10602670,FBT40982
106 086 40,10608640,FBT40832
106 086 50,10608650,FBT40832
106 086 70,10608670,FBT40951
106 086 70-P1,10608670P1,FBT40951
106 086 80,10608680,FBT40811
106 122 80,10612280,FBT40564
106 152 60,10615260,FBT40733
106 378 80,10637880,FBT40743
106 378 90,10637890,FBT40592
106 404 70,10640470,FBT40426
106 404 80,10640480,FBT40426
106 407 50,10640750,FBT40810
106 407 60,10640760,FBT40832
106 416 00,10641600,FBT40734
106 420 60,10642060,FBT40832
106 420 70,10642070,FBT40951
106 474 10,10647410,FBT40950
106 474 40,10647440,FBT40735
106 490 30,10649030,FBT40825
106 490 40,10649040,FBT40826
106 546 90,10654690,FBT41102
106 552 20,10655220,FBT40718
106 583 40,10658340,FBT40736
106 591 70,10659170,FBT40992
106 626 70,10662670,FBT13729
106 646 90,10664690,FBT40818
1066.4690-A,10664690A,FBT40818
106 685 50,10668550,FBT40103
106 699 00,10669900,FBT40725
106 724 30,10672430,FBT40762
106 757 10,10675710,FBT40932
106 770 80,10677080,FBT40784
106 770 80 P1,10677080P1,FBT40784
106 783 60,10678360,FBT40814
106 793 60,10679360,FBT40933
106 839 80,10683980,FBT41007
106 866 70,10686670,FBT40951
106 914 90,10691490,FBT41083
106 959 30,10695930,FBT40762
106 966 60,10696660,FBT40725
106 966 60 P1,10696660P1,FBT40725
1070437140021,1070437140021,FBT40006
107 096 50,10709650,FBT40917
107 097 80,10709780,FBT40762
107 141 90,10714190,FBT40918
107 142 10,10714210,FBT40919
107 142 20,10714220,FBT40920
107 142 30,10714230,FBT41167
107 148 20,10714820,FBT40753
107 148 20 C,10714820C,FBT40753
107 165 90,10716590,FBT40797
107 200 40,10720040,FBT41180
107 202 00,10720200,FBT40736
1072.0294,10720294,FBT41034
1072.0294 A,10720294A,FBT41034
1072.0294 P,10720294P,FBT41034
1072.0443,10720443,FBT43073
107 272 90,10727290,FBT41362
107 312 50,10731250,FBT41020
107 321 40,10732140,FBT41025
107 371 30,10737130,FBT40945
107 371 40,10737140,FBT41007
107 371 50,10737150,FBT40944
107 371 60,10737160,FBT41003
107 371 70,10737170,FBT40936
107 372 90,10737290,FBT40784
107 383 20,10738320,FBT41020
107 383 20 P1,10738320P1,FBT41020
107 431 90,10743190,FBT41179
107 488 20,10748820,FBT41008
107 500 20,10750020,FBT40916
107 501 60,10750160,FBT40601
107 505 20,10750520,FBT40916
107 505 30,10750530,FBT40946
107 564 80,10756480,FBT41009
107 599 60,10759960,FBT41059
107 630 10,10763010,FBT41309
107 630 20,10763020,FBT40894
107 687 50,10768750,FBT41020
107 710 60,10771060,FBT41077
107 758 30,10775830,FBT40950
107 824 40,10782440,FBT40784
107 824 50,10782450,FBT40753
107 844 30,10784430,FBT41165
107 865 20,10786520,FBT41074
107 977 90,10797790,FBT41059
107 996 30,10799630,FBT41009
107 996 70,10799670,FBT41165
108 060 30,10806030,FBT40753
1082.0111,10820111,FBT41289
1082.0111 A,10820111A,FBT41289
1082.0111 B,10820111B,FBT41289
108 235 70,10823570,FBT41169
108 258 50,10825850,FBT41166
108 290 30,10829030,FBT41168
108 291 80,10829180,FBT40950
108 30900,10830900,FBT40704
108 30970,10830970,FBT40762
108 30971,10830971,FBT40762
108 30972,10830972,FBT40762
108 30991,10830991,FBT40762
10831082,10831082,FBT41020
10831083,10831083,FBT41020
108 31260,10831260,FBT40057
108 31442,10831442,FBT40322
108 31640,10831640,FBT40765
108 31650,10831650,FBT40563
108 31660,10831660,FBT40925
108 31670,10831670,FBT40760
108 367 80,10836780,FBT41317
108 458 60,10845860,FBT41082
108 458 60-P1,10845860P1,FBT41082
108 499 80,10849980,FBT41092
108 499 90,10849990,FBT40784
108 500 10,10850010,FBT40753
108 547 80,10854780,FBT41169
108 551 10,10855110,FBT40932
108 551 20,10855120,FBT41166
108 555 50,10855550,FBT41315
108 62920,10862920,FBT13830
108 889 90,10888990,FBT41375
108 890 10,10889010,FBT41376
10922200,10922200,FBT13505
110 059 18,11005918,FBT40024
11010223191000,11010223191000,FBT40429
11010228202000,11010228202000,FBT40742
11010231012000,11010231012000,FBT40745
11020116111000,11020116111000,FBT40341
11020133292114,11020133292114,FBT40750
11020134281000,11020134281000,FBT40481
11020134300000,11020134300000,FBT40537
11020925181000,11020925181000,FBT40409
11020926251000,11020926251000,FBT40977
11030101040000,11030101040000,FBT40762
11030101292000,11030101292000,FBT40704
11030133040000,11030133040000,FBT40751
11030135091000,11030135091000,FBT40861
11030135410000,11030135410000,FBT40860
11030238382000,11030238382000,FBT40871
11030239042000,11030239042000,FBT40986
11030239292000,11030239292000,FBT40970
11030935091000,11030935091000,FBT40861
11030935351136,11030935351136,FBT40860
11030935351209,11030935351209,FBT40860
11030936351000,11030936351000,FBT40828
11030936351136,11030936351136,FBT40828
11030939002000,11030939002000,FBT40970
11030939042000,11030939042000,FBT40986
11030941271137,11030941271137,FBT41099
11030941463137,11030941463137,FBT41157
11040102091135,11040102091135,FBT40780
11040102301000,11040102301000,FBT40537
11040102301136,11040102301136,FBT40911
11040102331136,11040102331136,FBT40828
11040932271000,11040932271000,FBT40949
1105.0065,11050065,FBT13756
1105.0067,11050067,FBT13756
1105.0117 A,11050117A,FBT41364
1105.0207,11050207,FBT41040
1105.0277,11050277,FBT13775
1105.0277 C,11050277C,FBT13775
1105.0280,11050280,FBT13775
1105.0300,11050300,FBT13756
1105.0307,11050307,FBT13756
1105.0307 D,11050307D,FBT13756
1105.0317,11050317,FBT13786
1105.0340,11050340,FBT13786
1105.0347,11050347,FBT13786
1105.0347 C,11050347C,FBT13786
1105.0377,11050377,FBT13995
1105.0427,11050427,FBT41040
1105.0465,11050465,FBT40046
1105.0487,11050487,FBT41040
1105.0527,11050527,FBT13721
1105.0557,11050557,FBT41040
1105.0607,11050607,FBT13793
1105.0628,11050628,FBT13842
1105.0637 C,11050637C,FBT13792
1105.0647,11050647,FBT13794
1105.0677,11050677,FBT41048
1105.0775,11050775,FBT40019
1105.0826,11050826,FBT13830
1105.0878,11050878,FBT13981
1105.0897,11050897,FBT13793
1105.1027,11051027,FBT40037
1105.1035,11051035,FBT40046
1105.1117,11051117,FBT13758
1105.1148,11051148,FBT13823
1105.1168,11051168,FBT13823
1105.1168 B,11051168B,FBT13823
1105.1217,11051217,FBT40531
1105.1227,11051227,FBT40384
1105.1237,11051237,FBT40424
1105.1257,11051257,FBT40002
1105.1267,11051267,FBT13758
1105.1287,11051287,FBT40003
1105.1327,11051327,FBT40504
1105.1327 A,11051327A,FBT40504
1105.1337,11051337,FBT13505
1105.1337 A,11051337A,FBT13505
1105.1347,11051347,FBT40139
1105.1357,11051357,FBT40368
1105.1387,11051387,FBT40115
1105.1387 A,11051387A,FBT40115
1105.1397,11051397,FBT40361
1105.1397 A,11051397A,FBT40361
1105.1407,11051407,FBT40982
110 819 10,11081910,FBT40024
111 873 6,1118736,FBT40862
1119358,1119358,FBT40950
1120495,1120495,FBT41097
1131.0157,11310157,FBT13616
1132.0017,11320017,FBT40019
1132.0027,11320027,FBT40162
1132.0037,11320037,FBT40026
1132.0047,11320047,FBT40019
1132.0137,11320137,FBT40019
1132.0167,11320167,FBT40103
1132.0177,11320177,FBT40019
1132.0185,11320185,FBT40026
1132.0197,11320197,FBT40019
1132.0207,11320207,FBT13849
1142.0015,11420015,FBT40021
1142.0055,11420055,FBT40112
1142.0055 D,11420055D,FBT40112
1142.0065,11420065,FBT40113
1142.0065 C,11420065C,FBT40113
1142.0075,11420075,FBT13830
1142.0075 A,11420075A,FBT13830
1142.0075 C,11420075C,FBT13830
1142.0095,11420095,FBT40103
1142.0105,11420105,FBT40425
1142.0145,11420145,FBT13830
1142.0145 A,11420145A,FBT13830
1142.0145 B,11420145B,FBT13830
1142.0175,11420175,FBT40115
1142.0175 A,11420175A,FBT40115
1142.0185,11420185,FBT40057
1142.0185 C,11420185C,FBT40057
1142.0205,11420205,FBT40421
1142.0215,11420215,FBT41049
1142.0225,11420225,FBT13903
1142.0265,11420265,FBT40424
1142.0275,11420275,FBT13830
1142.0305,11420305,FBT40020
1142.0305 B,11420305B,FBT40020
1142.0415,11420415,FBT40418
1142.0445 C,11420445C,FBT40117
1142.0465,11420465,FBT40391
1142.0465 A,11420465A,FBT40391
1142.0475,11420475,FBT40384
1142.0495,11420495,FBT40369
1142.0505,11420505,FBT40380
1142.0515,11420515,FBT40425
1142.0545,11420545,FBT40380
1142.0545 B,11420545B,FBT40380
1142.0545 C,11420545C,FBT40380
1142.0565,11420565,FBT40362
1142.0565 A,11420565A,FBT40362
1142.0575,11420575,FBT40384
1142.0575 C,11420575C,FBT40384
1142.0585,11420585,FBT40153
1142.0615,11420615,FBT13830
1142.0635,11420635,FBT41039
1142.0635 B,11420635B,FBT41039
1142.0635 C,11420635C,FBT41039
1142.0665,11420665,FBT40422
1142.0705,11420705,FBT13505
1142.0725,11420725,FBT40227
1142.0725 C,11420725C,FBT40227
1142.0735,11420735,FBT41039
1142.0755,11420755,FBT40424
1142.0755 C,11420755C,FBT40580
1142.0765,11420765,FBT13830
1142.0815,11420815,FBT40354
1142.0815 A,11420815A,FBT40354
1142.0815 C,11420815C,FBT40354
1142.0835,11420835,FBT40112
1142.0845,11420845,FBT40504
1142.0845 C,11420845C,FBT40504
1142.0905,11420905,FBT41128
1142.0955,11420955,FBT41142
1142.0955 B,11420955B,FBT41142
1142.0975,11420975,FBT40504
1142.0975 C,11420975C,FBT40504
1142.0979,11420979,FBT40504
1142.1015,11421015,FBT40195
1142.1045,11421045,FBT40532
1142.1075,11421075,FBT40139
1142.1085,11421085,FBT40139
1142.1095,11421095,FBT40532
1142.1095 A,11421095A,FBT40532
1142.1135,11421135,FBT40421
1142.1145,11421145,FBT40428
1142.1145 A,11421145A,FBT40428
1142.1155,11421155,FBT40424
1142.1175,11421175,FBT40426
1142.1175 B,11421175B,FBT40426
1142.1195,11421195,FBT40423
1142.1225,11421225,FBT40429
1142.1225 C,11421225C,FBT40429
1142.1235,11421235,FBT40422
1142.1245,11421245,FBT40742
1142.1245 A,11421245A,FBT40742
1142.1395,11421395,FBT43410
1142.1415,11421415,FBT40516
1142.1425,11421425,FBT43413
1142.1475,11421475,FBT40040
1142.1485,11421485,FBT13830
1142.1485 A,11421485A,FBT13830
1142.1495,11421495,FBT40263
1142.1515,11421515,FBT40982
1142.15152,114215152,FBT40982
1142.1525,11421525,FBT40517
1142.1535,11421535,FBT40426
1142.1545,11421545,FBT40743
1142.1545 A,11421545A,FBT40743
1142.1545 B,11421545B,FBT40743
1142.1555,11421555,FBT40499
1142.1605,11421605,FBT40669
1142.16052,114216052,FBT40669
1142.1605 A,11421605A,FBT40669
1142.1605 B,11421605B,FBT40669
1142.1615,11421615,FBT40781
1142.16150,114216150,FBT40781
1142.1615 A,11421615A,FBT40781
1142.1625,11421625,FBT41049
1142.1635,11421635,FBT40668
1142.1635 A,11421635A,FBT40668
1142.1645,11421645,FBT40662
1142.1655,11421655,FBT40522
1142.1675,11421675,FBT40744
1142.1675 A,11421675A,FBT40744
1142.1695,11421695,FBT40745
1142.1695 A,11421695A,FBT40745
1142.1725,11421725,FBT40744
1142.1725 A,11421725A,FBT40744
1142.1745,11421745,FBT40858
1142.1745 B,11421745B,FBT40858
1142.1795,11421795,FBT40856
1142.17952,114217952,FBT40856
1142.1795 A,11421795A,FBT40856
1142.1795 B,11421795B,FBT40856
1142.1805,11421805,FBT40499
1142.1805 A,11421805A,FBT40499
1142.1815,11421815,FBT40982
1142.18152,114218152,FBT40982
1142.1815 A,11421815A,FBT40982
1142.1816,11421816,FBT41106
1142.1816 A,11421816A,FBT41106
1142.1816 B,11421816B,FBT41106
1142.1818,11421818,FBT40983
1142.1818 A,11421818A,FBT40983
1142.1818 B,11421818B,FBT40983
1142.1828,11421828,FBT40984
1142.1828 A,11421828A,FBT40984
1142.1828 B,11421828B,FBT40984
1142.1833,11421833,FBT41047
1142.1833 A,11421833A,FBT41047
1142.1834,11421834,FBT41252
1142.1834 A,11421834A,FBT41252
1142.1835,11421835,FBT41124
1142.1835 A,11421835A,FBT41124
1142.1837,11421837,FBT41106
1142.1942,11421942,FBT40139
1142.3001,11423001,FBT40869
1142.3001 A,11423001A,FBT40869
1142.3001 E,11423001E,FBT40869
1142.4001,11424001,FBT41095
1142.40012,114240012,FBT41095
1142.4001 A,11424001A,FBT41095
1142.4002,11424002,FBT40837
1142.4003,11424003,FBT40836
1142.4003 A,11424003A,FBT40836
1142.4004,11424004,FBT40553
1142.5001,11425001,FBT40186
1142.5001/5,114250015,FBT40186
1142.5001/6,114250016,FBT40186
1142.50016 C,114250016C,FBT40186
1142.5001/6 D,114250016D,FBT40186
1142.50016 E,114250016E,FBT40186
1142.50016 G,114250016G,FBT40186
1142.5002,11425002,FBT40462
1142.5002 A,11425002A,FBT40462
1142.5002 C,11425002C,FBT40462
1142.5006,11425006,FBT40746
1142.50062,114250062,FBT40746
1142.5006 A,11425006A,FBT40746
1142.5006 B,11425006B,FBT40746
1142.5008,11425008,FBT40975
1142.5010,11425010,FBT40398
1142.50100,114250100,FBT40398
1142.5010 A,11425010A,FBT40398
1142.5010 D,11425010D,FBT40398
1142.5011,11425011,FBT40186
1142.5014,11425014,FBT40186
1142.5016,11425016,FBT40186
1142.5020,11425020,FBT40382
1142.5020 A,11425020A,FBT40382
1142.5020 B,11425020B,FBT40382
1142.5020 C,11425020C,FBT40382
1142.5025,11425025,FBT40393
1142.5025 B,11425025B,FBT40393
1142.5031,11425031,FBT40186
1142.5033,11425033,FBT41357
1142.5034,11425034,FBT40393
1142.5034 C,11425034C,FBT40393
1142.5035,11425035,FBT40321
1142.5035 D,11425035D,FBT40321
1142.5036,11425036,FBT40265
1142.5037,11425037,FBT40226
1142.5038,11425038,FBT40186
1142.5039,11425039,FBT40815
1142.50392,114250392,FBT40815
1142.5039 A,11425039A,FBT40815
1142.5039 B,11425039B,FBT40815
1142.5041,11425041,FBT41055
1142.5041 A,11425041A,FBT41055
1142.5041 B,11425041B,FBT41055
1142.5041 C,11425041C,FBT41055
1142.5042,11425042,FBT13604
1142.5046,11425046,FBT40186
1142.5046 A,11425046A,FBT40186
1142.5046 B,11425046B,FBT40186
1142.5047,11425047,FBT40635
1142.5047 B,11425047B,FBT40635
1142.5055,11425055,FBT40170
1142.5056,11425056,FBT40393
1142.5056 B,11425056B,FBT40393
1142.5057,11425057,FBT40473
1142.50572,114250572,FBT40473
1142.5057 A,11425057A,FBT40473
1142.5059,11425059,FBT40976
1142.5063,11425063,FBT40985
1142.50632,114250632,FBT40985
1142.5063 A,11425063A,FBT40985
1142.5063 D,11425063D,FBT40985
1142.5067,11425067,FBT40398
1142.5068,11425068,FBT40747
1142.5068 A,11425068A,FBT40747
1142.5068 C,11425068C,FBT40747
1142.5068 H,11425068H,FBT40747
1142.5069,11425069,FBT13610
1142.5070,11425070,FBT40762
1142.5071,11425071,FBT40870
1142.5071 A,11425071A,FBT40870
1142.5071 B,11425071B,FBT40870
1142.5071 C,11425071C,FBT40870
1142.5074,11425074,FBT40601
1142.5074 A,11425074A,FBT40601
1142.5075,11425075,FBT40490
1142.5075 A,11425075A,FBT40490
1142.5077,11425077,FBT40491
1142.50772,114250772,FBT40491
1142.5077 A,11425077A,FBT40491
1142.5079,11425079,FBT40473
1142.5080,11425080,FBT40473
1142.5081,11425081,FBT40473
1142.5082,11425082,FBT40762
1142.50820,114250820,FBT40762
1142.5082 A,11425082A,FBT40762
1142.5083,11425083,FBT40601
1142.5085,11425085,FBT40704
1142.5085 A,11425085A,FBT40704
1142.5086,11425086,FBT40782
1142.50862,114250862,FBT40782
1142.5086 A,11425086A,FBT40782
1142.5086 B,11425086B,FBT40782
1142.5087,11425087,FBT40762
1142.5087 A,11425087A,FBT40762
1142.5088,11425088,FBT40748
1142.50882,114250882,FBT40748
1142.5088 A,11425088A,FBT40748
1142.5090,11425090,FBT40741
1142.50902,114250902,FBT40741
1142.5090 A,11425090A,FBT40741
1142.5090 N,11425090N,FBT40741
1142.5093,11425093,FBT40749
1142.50932,114250932,FBT40749
1142.5093 A,11425093A,FBT40749
1142.5093 D,11425093D,FBT40749
1142.5093 S,11425093S,FBT40749
1142.5094,11425094,FBT41251
1142.5094 D,11425094D,FBT41251
1142.5099,11425099,FBT40750
1142.5099 A,11425099A,FBT40750
1142.5100,11425100,FBT40751
1142.51002,114251002,FBT40751
1142.5100 A,11425100A,FBT40751
1142.5102,11425102,FBT40871
1142.51022,114251022,FBT40871
1142.5102 A,11425102A,FBT40871
1142.5102 B,11425102B,FBT40871
1142.5105,11425105,FBT40872
1142.51050,114251050,FBT40872
1142.5105 A,11425105A,FBT40872
1142.5106,11425106,FBT40752
1142.51062,114251062,FBT40752
1142.5106 A,11425106A,FBT40752
1142.5106 B,11425106B,FBT40752
1142.5108,11425108,FBT40721
1142.5108 A,11425108A,FBT40721
1142.5109,11425109,FBT40722
1142.51092,114251092,FBT40722
1142.5109 A,11425109A,FBT40722
1142.5110,11425110,FBT40782
1142.51102,114251102,FBT40782
1142.5110 A,11425110A,FBT40782
1142.5111,11425111,FBT40782
1142.51112,114251112,FBT40782
1142.511120,1142511120,FBT40782
1142.5111 A,11425111A,FBT40782
1142.5114,11425114,FBT40970
1142.51142,114251142,FBT40970
1142.5114 A,11425114A,FBT40970
1142.5117,11425117,FBT40873
1142.5117 A,11425117A,FBT40873
1142.5118,11425118,FBT40986
1142.51182,114251182,FBT40986
1142.5118 A,11425118A,FBT40986
1142.5118 B,11425118B,FBT40986
1142.5119,11425119,FBT40784
1142.51192,114251192,FBT40784
1142.511920,1142511920,FBT40784
1142.5119 A,11425119A,FBT40784
1142.5119 B,11425119B,FBT40784
1142.5120,11425120,FBT40753
1142.51202,114251202,FBT40753
1142.512020,1142512020,FBT40753
1142.5120 A,11425120A,FBT40753
1142.5120 B,11425120B,FBT40753
1142.5123,11425123,FBT40987
1142.51232,114251232,FBT40987
1142.5123 A,11425123A,FBT40987
1142.5123 B,11425123B,FBT40987
1142.5130,11425130,FBT41059
1142.5140,11425140,FBT41311
1142.51402,114251402,FBT41311
1142.5140 A,11425140A,FBT41311
1142.5150,11425150,FBT40753
1142.51502,114251502,FBT40753
1142.5150 A,11425150A,FBT40753
1142.5155,11425155,FBT41059
1142.5155 A,11425155A,FBT41059
1142.51572,114251572,FBT41290
1142.5157 A,11425157A,FBT41290
1142.5157 B,11425157B,FBT41290
1142.5161,11425161,FBT41359
1142.5162,11425162,FBT41186
1142.5162 D,11425162D,FBT41186
1142.5163,11425163,FBT41185
1142.5163 A,11425163A,FBT41185
1142.5179,11425179,FBT41185
1142.7001,11427001,FBT40762
1142.7001 A,11427001A,FBT40762
1142.7002,11427002,FBT40704
1142.70022,114270022,FBT40704
1142.7002 A,11427002A,FBT40704
1142.7005,11427005,FBT40704
1142.7005 A,11427005A,FBT40704
1142.7007,11427007,FBT40784
1142.70072,114270072,FBT40784
1142.7007 A,11427007A,FBT40784
1142.7010,11427010,FBT40753
1142.70102,114270102,FBT40753
1142.7010 A,11427010A,FBT40753
1142.7013,11427013,FBT41178
1142.7020,11427020,FBT41020
1142.7025,11427025,FBT41020
1142.7026,11427026,FBT41031
1142.70262,114270262,FBT41031
1142.7026 A,11427026A,FBT41031
1142.7027,11427027,FBT41092
1142.70272,114270272,FBT41092
1142.7027 A,11427027A,FBT41092
1142.7029,11427029,FBT41093
1142.70292,114270292,FBT41093
1142.7029 A,11427029A,FBT41093
1142.7030 A,11427030A,FBT41312
1142.7072 A,11427072A,FBT41092
1142:0765,1142:0765,FBT13830
1143441,1143441,FBT40904
1143615,1143615,FBT40903
1152.5010,11525010,FBT41102
1152.5010 A,11525010A,FBT41102
1152.7001,11527001,FBT40978
1152.7001 A,11527001A,FBT40978
1152.7001 C,11527001C,FBT40978
1152.7007,11527007,FBT40980
1152.7007 A,11527007A,FBT40980
1152.7008,11527008,FBT41085
1152.7008 A,11527008A,FBT41085
1152.7014,11527014,FBT41221
1152.7014 A,11527014A,FBT41221
1152.7021,11527021,FBT41179
1152.7022,11527022,FBT40736
1152.7022 A,11527022A,FBT40736
1172.0028,11720028,FBT41086
1172.0228,11720228,FBT40952
1172.0228 B,11720228B,FBT40952
1172.0247,11720247,FBT13503
1172.0367,11720367,FBT40540
1172.0387,11720387,FBT40193
1172.0407,11720407,FBT40119
1172.0447,11720447,FBT40495
1172.0467,11720467,FBT40495
1172.0467 A,11720467A,FBT40495
1172.0467 B,11720467B,FBT40495
1182.0027,11820027,FBT41063
1182.0037,11820037,FBT13596
1182.0057,11820057,FBT40022
1182.0077,11820077,FBT40972
1182.0087,11820087,FBT13995
1182.0107,11820107,FBT40019
1182.0137,11820137,FBT40043
1182.0137 A,11820137A,FBT40043
1182.0170,11820170,FBT40019
1182.0177,11820177,FBT13481
1182.0177 B,11820177B,FBT13481
1182.0177 C,11820177C,FBT13481
1182.0197,11820197,FBT41033
1182.0200,11820200,FBT41398
1182.0207,11820207,FBT41398
1182.0217,11820217,FBT40447
1182.0217 E,11820217E,FBT40447
1182.0287,11820287,FBT40967
1182.0307,11820307,FBT40019
1182.0317,11820317,FBT40363
1182.0367,11820367,FBT41063
1182.0417,11820417,FBT40019
1182.0457,11820457,FBT41084
1182.04570,118204570,FBT41084
1182.0457 A,11820457A,FBT41084
1182.0467,11820467,FBT40019
1182.0487,11820487,FBT40119
1182.0587,11820587,FBT41063
1182.0588,11820588,FBT41063
1182.0607,11820607,FBT40023
1182.0607 C,11820607C,FBT40023
1182.0617,11820617,FBT40633
1182.0697,11820697,FBT40967
1182.0727,11820727,FBT13481
1182.0747,11820747,FBT41063
1182.0757,11820757,FBT40098
1182.0777,11820777,FBT40364
1182.0785,11820785,FBT40346
1182.0797,11820797,FBT41398
1182.0827,11820827,FBT40372
1182.0827 A,11820827A,FBT40372
1182.0827 B,11820827B,FBT40372
1182.0857,11820857,FBT40454
1182.0857 C,11820857C,FBT40454
1182.0887,11820887,FBT40190
1182.0887 A,11820887A,FBT40190
1182.0887 B,11820887B,FBT40190
1182.0937,11820937,FBT40098
1182.0977,11820977,FBT40534
1182.09770,118209770,FBT40534
1182.0977 A,11820977A,FBT40534
1182.0997,11820997,FBT40098
1182.0997 B,11820997B,FBT40098
1182.1007,11821007,FBT41063
1182.1007 A,11821007A,FBT41063
1182.1007 B,11821007B,FBT41063
1182.1017,11821017,FBT40454
1182.1037,11821037,FBT40341
1182.1037 B,11821037B,FBT40341
1182.1067,11821067,FBT40360
1182.1067 B,11821067B,FBT40360
1182.1107,11821107,FBT40518
1182.11070,118211070,FBT40518
1182.1107 A,11821107A,FBT40518
1182.1107 H,11821107H,FBT40518
1182.1127,11821127,FBT40614
1182.1137,11821137,FBT40416
1182.1137 A,11821137A,FBT40416
1182.1147,11821147,FBT40440
1182.11470,118211470,FBT40440
1182.1157,11821157,FBT40481
1182.1157 B,11821157B,FBT40481
1182.1157 E,11821157E,FBT40481
1182.1177,11821177,FBT40399
1182.1177 B,11821177B,FBT40399
1182.1177 C,11821177C,FBT40399
1182.1187,11821187,FBT41080
1182.1187 B,11821187B,FBT41080
1182.1277,11821277,FBT40454
1182.1287,11821287,FBT40409
1182.1287 C,11821287C,FBT40409
1182.1297,11821297,FBT40706
1182.1297 A,11821297A,FBT40706
1182.1297 B,11821297B,FBT40706
1182.1317,11821317,FBT40526
1182.1317 A,11821317A,FBT40526
1182.1337,11821337,FBT40560
1182.1337 A,11821337A,FBT40560
1182.1347,11821347,FBT40558
1182.1377,11821377,FBT40542
1182.13770,118213770,FBT40542
1182.13772,118213772,FBT40542
1182.1377 A,11821377A,FBT40542
1182.1377 B,11821377B,FBT40542
1182.1397,11821397,FBT41064
1182.13970,118213970,FBT41064
1182.1397 B,11821397B,FBT41064
1182.1417,11821417,FBT40512
1182.1417 A,11821417A,FBT40512
1182.1447,11821447,FBT40514
1182.1447 A,11821447A,FBT40514
1182.1447 B,11821447B,FBT40514
1182.1507,11821507,FBT40875
1182.1507 A,11821507A,FBT40875
1182.1507 B,11821507B,FBT40875
1182.1527,11821527,FBT40876
1182.1527 A,11821527A,FBT40876
1182.1537,11821537,FBT40785
1182.1537 A,11821537A,FBT40785
1182.1567,11821567,FBT40977
1182.1567 A,11821567A,FBT40977
1182.1567 B,11821567B,FBT40977
1182.1577,11821577,FBT40537
1182.1577 A,11821577A,FBT40537
1182.1587,11821587,FBT41081
1182.1587 A,11821587A,FBT41081
1182.1587 C,11821587C,FBT41081
1182.1627,11821627,FBT40786
1182.1627 A,11821627A,FBT40786
1182.1637,11821637,FBT40787
1182.1637 A,11821637A,FBT40787
1182.1657,11821657,FBT40863
1182.1657 A,11821657A,FBT40863
1182.1657 B,11821657B,FBT40863
1182.1667,11821667,FBT40788
1182.1667 A,11821667A,FBT40788
1182.1747,11821747,FBT40877
1182.1747 A,11821747A,FBT40877
1182.1797,11821797,FBT41131
1182.5005,11825005,FBT40011
1182.5008,11825008,FBT40612
1182.5012,11825012,FBT13661
1182.5013,11825013,FBT13664
1182.5013 A,11825013A,FBT13664
1182.5014,11825014,FBT40366
1182.5014 B,11825014B,FBT40366
1182.5015,11825015,FBT40367
1182.5015 A,11825015A,FBT40367
1182.5016,11825016,FBT13664
1182.5016 A,11825016A,FBT13664
1182.5019,11825019,FBT13596
1182.5019 A,11825019A,FBT13596
1182.5019 R/A,11825019RA,FBT13596
1182.5020,11825020,FBT40095
1182.5021,11825021,FBT13726
1182.5021 A,11825021A,FBT13726
1182.5022,11825022,FBT40961
1182.5022 A,11825022A,FBT40961
1182.5024,11825024,FBT13896
1182.5025,11825025,FBT13897
1182.5026,11825026,FBT41129
1182.5027,11825027,FBT13899
1182.50279,118250279,FBT13899
1182.6001,11826001,FBT40025
1182.6004,11826004,FBT40024
1182.6005,11826005,FBT13504
1182.6006,11826006,FBT13849
1182.6007,11826007,FBT13816
1182.6008,11826008,FBT40094
1182.60080,118260080,FBT40094
1182.6012,11826012,FBT40026
1182.6012 A,11826012A,FBT40026
1182.6018,11826018,FBT40026
1182.6021,11826021,FBT13816
1182.6023,11826023,FBT41405
1182.6027,11826027,FBT41036
1182.6027 C,11826027C,FBT41036
1182.6028,11826028,FBT40162
1182.6030,11826030,FBT40349
1182.6031,11826031,FBT13806
1182.6032,11826032,FBT13733
1182.6033,11826033,FBT13790
1182.6034,11826034,FBT13804
1182.6035,11826035,FBT13732
1182.6038,11826038,FBT40162
1182.6038 B,11826038B,FBT40162
1182.6039,11826039,FBT40026
1182.6039 C,11826039C,FBT40026
1182.6040,11826040,FBT40026
1182.6040 B,11826040B,FBT40026
1182.6042,11826042,FBT40599
1182.6042 A,11826042A,FBT40599
1182.6044,11826044,FBT40359
1182.6044 A,11826044A,FBT40359
1182.6045,11826045,FBT13849
1182.6046,11826046,FBT13504
1182.6047,11826047,FBT40541
1182.60470,118260470,FBT40541
1182.6047 A,11826047A,FBT40541
1182.6050,11826050,FBT41065
1182.6050 A,11826050A,FBT41065
1182.6051,11826051,FBT40779
1182.6051 A,11826051A,FBT40779
1182.6052,11826052,FBT13816
1182.6060,11826060,FBT40803
1182.6060 B,11826060B,FBT40803
1182.6060 E,11826060E,FBT40803
1182.6066,11826066,FBT13808
1182.6069,11826069,FBT40857
1182.6069 A,11826069A,FBT40857
1182.6071,11826071,FBT40789
1182.6071 A,11826071A,FBT40789
1182.6072,11826072,FBT40878
1182.6072 A,11826072A,FBT40878
1182.6072 B,11826072B,FBT40878
1182.6072 C,11826072C,FBT40878
1182.6073,11826073,FBT40879
1182.6073 A,11826073A,FBT40879
1182.6074,11826074,FBT40880
1182.6074 A,11826074A,FBT40880
1182.6075,11826075,FBT40881
1182.6075 A,11826075A,FBT40881
1182.6076,11826076,FBT40882
1182.6076 A,11826076A,FBT40882
1182.6076 B,11826076B,FBT40882
1182.9001,11829001,FBT40229
1182.9001 B,11829001B,FBT40229
1182.9004,11829004,FBT40508
1182.9004 A,11829004A,FBT40508
1182.9004 C,11829004C,FBT40508
1182.9006,11829006,FBT40400
1182.9006 B,11829006B,FBT40400
1182.9009,11829009,FBT40804
1182.9009 A,11829009A,FBT40804
1182.9012,11829012,FBT40805
1182.9012 A,11829012A,FBT40805
1182.9015,11829015,FBT40965
1182.9015 A,11829015A,FBT40965
1182.9016,11829016,FBT40229
1182.9016 A,11829016A,FBT40229
1182.9017,11829017,FBT41135
1182.9017 A,11829017A,FBT41135
1182.9018,11829018,FBT40802
1182.9018 A,11829018A,FBT40802
1182.9019,11829019,FBT41135
1182.9019 A,11829019A,FBT41135
1182.9019 B,11829019B,FBT41135
1188884,1188884,FBT41231
1192.0027,11920027,FBT13729
1192.0057,11920057,FBT13503
1192.00570,119200570,FBT13503
1192.0057 B,11920057B,FBT13503
1192.0057 C,11920057C,FBT13503
1192.0057 D,11920057D,FBT13503
1192.0107,11920107,FBT13503
1192.0218,11920218,FBT13729
1192.0227,11920227,FBT40536
1192.0267,11920267,FBT40031
1192.0267 A,11920267A,FBT40031
1192.0307,11920307,FBT40103
1192.0377,11920377,FBT40119
1192.0387,11920387,FBT40098
1192.0397,11920397,FBT13503
1192.0407,11920407,FBT40540
1192.0412,11920412,FBT40103
1192.0417,11920417,FBT40103
1192.0447,11920447,FBT40135
1192.0457,11920457,FBT40346
1192.0467,11920467,FBT40378
1192.0467 B,11920467B,FBT40378
1192.0507,11920507,FBT40192
1192.0507 C,11920507C,FBT40192
1192.0507 D,11920507D,FBT40192
1192.0507 E,11920507E,FBT40192
1192.0527,11920527,FBT40193
1192.0527 A,11920527A,FBT40193
1192.0527 C,11920527C,FBT40193
1192.0557,11920557,FBT40436
1192.0557 C,11920557C,FBT40436
1192.0567,11920567,FBT40234
1192.0587,11920587,FBT40103
1192.0597,11920597,FBT40031
1192.0607,11920607,FBT40373
1192.0607 B,11920607B,FBT40373
1192.0637,11920637,FBT40436
1192.06370,119206370,FBT40436
1192.0637 A,11920637A,FBT40436
1192.0637 B,11920637B,FBT40436
1192.0657,11920657,FBT40368
1192.0658,11920658,FBT40368
1192.0658 A,11920658A,FBT40368
1192.0659,11920659,FBT40470
1192.0659 A,11920659A,FBT40470
1192.0688,11920688,FBT41050
1192.0697,11920697,FBT40451
1192.0707,11920707,FBT40379
1192.0707 A,11920707A,FBT40379
1192.0717,11920717,FBT40413
1192.0717 D,11920717D,FBT40413
1192.0797,11920797,FBT40195
1192.0797 A,11920797A,FBT40195
1192.0807,11920807,FBT40435
1192.0807 B,11920807B,FBT40435
1192.0817,11920817,FBT40528
1192.0847,11920847,FBT40992
1192.0847 A,11920847A,FBT40992
1192.0857,11920857,FBT40234
1192.08570,119208570,FBT40234
1192.0877,11920877,FBT40342
1192.0877 B,11920877B,FBT40342
1192.0997,11920997,FBT41291
1192.09970,119209970,FBT41291
1192.0997 A,11920997A,FBT41291
1192.0997 B,11920997B,FBT41291
1192.1007,11921007,FBT40705
1192.1007 A,11921007A,FBT40705
1192.1017,11921017,FBT40346
1192.1017 A,11921017A,FBT40346
1192.1017 B,11921017B,FBT40346
1192.1057,11921057,FBT40408
1192.1057 C,11921057C,FBT40408
1192.1077,11921077,FBT40482
1192.1077 B,11921077B,FBT40482
1192.1137,11921137,FBT40356
1192.1137 B,11921137B,FBT40356
1192.1137 C,11921137C,FBT40356
1192.1147,11921147,FBT40883
1192.1147 A,11921147A,FBT40883
1192.1157,11921157,FBT40515
1192.1157 A,11921157A,FBT40515
1192.1167,11921167,FBT40660
1192.1177,11921177,FBT40139
1192.1207 A,11921207A,FBT13472
1192.1227,11921227,FBT13505
1192.1227 A,11921227A,FBT13505
1192.1237,11921237,FBT40988
1192.1237 A,11921237A,FBT40988
1192.1237 B,11921237B,FBT40988
1192.1267,11921267,FBT40167
1192.1277,11921277,FBT40452
1192.1277 A,11921277A,FBT40452
1192.1287,11921287,FBT40592
1192.1287 A,11921287A,FBT40592
1192.1287 B,11921287B,FBT40592
1192.1297,11921297,FBT41090
1192.1297 A,11921297A,FBT41090
1192.1327,11921327,FBT40884
1192.13270,119213270,FBT40884
1192.1327 A,11921327A,FBT40884
1192.1327 B,11921327B,FBT40884
1192.1337,11921337,FBT40793
1192.13370,119213370,FBT40793
1192.1337 A,11921337A,FBT40793
1192.1377,11921377,FBT40895
1192.13770,119213770,FBT40895
1192.1420,11921420,FBT40660
1192.1421,11921421,FBT40528
1192.6001,11926001,FBT40233
1192.6002,11926002,FBT40376
1192.6002 A,11926002A,FBT40376
1192.6002 B,11926002B,FBT40376
1192.6003,11926003,FBT40254
1192.6003 A,11926003A,FBT40254
1192.6003 B,11926003B,FBT40254
1192.6004,11926004,FBT41181
1192.6004 A,11926004A,FBT41181
1192.6008,11926008,FBT40015
1192.6010,11926010,FBT40564
1192.6012,11926012,FBT40720
1192.6012 A,11926012A,FBT40720
1192.6012 B,11926012B,FBT40720
1192.6016,11926016,FBT40885
1192.6016 A,11926016A,FBT40885
1192.6018,11926018,FBT40886
1202972,1202972,FBT40932
12104-1,121041,FBT40045
122 2511 8106-00,1222511810600,FBT40659
122-5030455-04,122503045504,FBT40051
122-5030455-10,122503045510,FBT40051
122-5040371-04,122504037104,FBT40050
1229591,1229591,FBT43073
1242.0148,12420148,FBT43305
1242.0148 A,12420148A,FBT43305
1242.0278,12420278,FBT41358
1242.0278 A,12420278A,FBT41358
1242.0348,12420348,FBT40953
1242.0348 A,12420348A,FBT40953
1242.5001,12425001,FBT40419
1242.5001 B,12425001B,FBT40419
1262.5005,12625005,FBT41044
1262.5005 A,12625005A,FBT41044
1262.5007,12625007,FBT40790
1262.5007 A,12625007A,FBT40790
128 30400,12830400,FBT40057
1302.0001,13020001,FBT40385
1302.0001 A,13020001A,FBT40385
1302.0001 C,13020001C,FBT40385
1302.0001 D,13020001D,FBT40385
1302.0001 E,13020001E,FBT40385
1302.0007,13020007,FBT40754
1302.0007 A,13020007A,FBT40754
1302.0008,13020008,FBT40392
1302.0008 B,13020008B,FBT40392
1302.0008 C,13020008C,FBT40392
1302.0009,13020009,FBT41088
1302.0009 A,13020009A,FBT41088
1302.0009 B,13020009B,FBT41088
1302.0009 D,13020009D,FBT41088
1302.0011,13020011,FBT40843
1302.0011 A,13020011A,FBT40843
1302.0012,13020012,FBT40755
1302.0012 A,13020012A,FBT40755
1302.0013,13020013,FBT40989
1302.0013 A,13020013A,FBT40989
1302.0013 B,13020013B,FBT40989
1302.0019,13020019,FBT40621
1302.0019 A,13020019A,FBT40621
1302.0019 B,13020019B,FBT40621
1302.0019 D,13020019D,FBT40621
1302.0020,13020020,FBT40806
1302.0020 A,13020020A,FBT40806
1302.0030,13020030,FBT40764
1302.0030 A,13020030A,FBT40764
1302.0031,13020031,FBT40791
1302.0031 A,13020031A,FBT40791
1302.0031 B,13020031B,FBT40791
1302.0031 D,13020031D,FBT40791
1302.0034,13020034,FBT40768
1302.0034 A,13020034A,FBT40768
1302.0034 C,13020034C,FBT40768
1302.0035,13020035,FBT40768
1302.0035 A,13020035A,FBT40768
1302.0036,13020036,FBT40769
1302.0036 A,13020036A,FBT40769
1302.0040,13020040,FBT40764
1302.0040 A,13020040A,FBT40764
1302.0042,13020042,FBT40887
1302.0042 A,13020042A,FBT40887
1302.0043,13020043,FBT40888
1302.00430,130200430,FBT40888
1302.0043 A,13020043A,FBT40888
1302.0043 B,13020043B,FBT40888
1302.0044,13020044,FBT41066
1302.0044 A,13020044A,FBT41066
1302.0044 B,13020044B,FBT41066
1302.0047,13020047,FBT41286
1302.0049,13020049,FBT41149
1302.0049 A,13020049A,FBT41149
1302.2001,13022001,FBT41280
1302.2002,13022002,FBT41281
1302.2002 C,13022002C,FBT41281
1302.6006,13026006,FBT40770
1302.6006 A,13026006A,FBT40770
1302.6601,13026601,FBT40771
1302.6601 A,13026601A,FBT40771
1302.6601 D,13026601D,FBT40771
1302.6603,13026603,FBT41089
1302.6603 A,13026603A,FBT41089
1302.7007,13027007,FBT40889
1302.7007 A,13027007A,FBT40889
1332.0002,13320002,FBT40623
1332.0002 A,13320002A,FBT40623
1332.0009,13320009,FBT40792
1332.0009 A,13320009A,FBT40792
1332.0009 C,13320009C,FBT40792
1332.0016,13320016,FBT40756
1332.0016 A,13320016A,FBT40756
1332.0017,13320017,FBT40844
1332.0017 A,13320017A,FBT40844
1332.0017 B,13320017B,FBT40844
1332.0019,13320019,FBT40927
1332.0019 A,13320019A,FBT40927
1332.0019 B,13320019B,FBT40927
1332.0020,13320020,FBT40890
1332.0024,13320024,FBT41208
1342.0005,13420005,FBT40816
1342.00052,134200052,FBT40816
1342.00052 A,134200052A,FBT40816
1342.0005 A,13420005A,FBT40816
1342.0005 B,13420005B,FBT40816
1342.0005 D,13420005D,FBT40816
1342.0006,13420006,FBT40681
1342.00060,134200060,FBT40681
1342.00062,134200062,FBT40681
1342.000620,1342000620,FBT40681
1342.00062 A,134200062A,FBT40681
1342.0006 A,13420006A,FBT40681
1342.0007,13420007,FBT40666
1342.0008,13420008,FBT40488
1342.0011,13420011,FBT40488
1342.0011 A,13420011A,FBT40488
1342.0017,13420017,FBT40757
1342.00172,134200172,FBT40757
1342.00172 A,134200172A,FBT40757
1342.0017 A,13420017A,FBT40757
1342.0017 B,13420017B,FBT40757
1342.0017 C,13420017C,FBT40757
1342.0017 S,13420017S,FBT40757
1342.0019,13420019,FBT40817
1342.00192,134200192,FBT40817
1342.00192 A,134200192A,FBT40817
1342.0019 A,13420019A,FBT40817
1342.0019 B,13420019B,FBT40817
1342.0019 C,13420019C,FBT40817
1342.0020,13420020,FBT40707
1342.00202,134200202,FBT40707
1342.00202 A,134200202A,FBT40707
1342.0020 A,13420020A,FBT40707
1342.0020 B,13420020B,FBT40707
1342.0020 C,13420020C,FBT40707
1342.0021,13420021,FBT40810
1342.00212,134200212,FBT40810
1342.00212 A,134200212A,FBT40810
1342.0021 A,13420021A,FBT40810
1342.0021 B,13420021B,FBT40810
1342.0021 D,13420021D,FBT40810
1342.0021 E,13420021E,FBT40810
1342.0023,13420023,FBT40707
1342.00232,134200232,FBT40707
1342.00232 A,134200232A,FBT40707
1342.0023 A,13420023A,FBT40707
1342.0026,13420026,FBT40758
1342.00262,134200262,FBT40758
1342.0026 A,13420026A,FBT40758
1342.0026 C,13420026C,FBT40758
1342.0026 H,13420026H,FBT40758
1342.0028,13420028,FBT40818
1342.00282,134200282,FBT40818
1342.0028 A,13420028A,FBT40818
1342.0028 D,13420028D,FBT40818
1342.0033,13420033,FBT40990
1342.00332 A,134200332A,FBT40990
1342.0033 A,13420033A,FBT40990
1342.0033 C,13420033C,FBT40990
1342.0035,13420035,FBT40991
1342.0035 A,13420035A,FBT40991
1342.0035 B,13420035B,FBT40991
1342.0040,13420040,FBT40891
1342.0040 A,13420040A,FBT40891
1342.0040 B,13420040B,FBT40891
1342.0042 A,13420042A,FBT41097
1342.0042 C,13420042C,FBT41097
1342.0043,13420043,FBT40845
1342.00432,134200432,FBT40845
1342.00432 A,134200432A,FBT40845
1342.0043 A,13420043A,FBT40845
1342.0043 B,13420043B,FBT40845
1342.0044,13420044,FBT40892
1342.0044 A,13420044A,FBT40892
1342.0044 B,13420044B,FBT40892
1342.0046,13420046,FBT40893
1342.0046 A,13420046A,FBT40893
1342.0046 B,13420046B,FBT40893
1342.0048,13420048,FBT41098
1342.0048 A,13420048A,FBT41098
1342.0048 B,13420048B,FBT41098
1342.0049,13420049,FBT40894
1342.0049 A,13420049A,FBT40894
1342.0049 B,13420049B,FBT40894
1342.0053,13420053,FBT41045
1342.0054,13420054,FBT40602
1342.0055,13420055,FBT40602
1342.005520 A,1342005520A,FBT40602
1342.0057,13420057,FBT40483
1342.0058,13420058,FBT40465
1342.0063,13420063,FBT41032
1342.0063 A,13420063A,FBT41032
1342.0066,13420066,FBT41276
1342.0066 A,13420066A,FBT41276
1352.0001,13520001,FBT40483
1352.0001 A,13520001A,FBT40483
1352.0001 B,13520001B,FBT40483
1352.0002,13520002,FBT41032
1352.0003,13520003,FBT41094
1352.0003 A,13520003A,FBT41094
1352.0003 B,13520003B,FBT41094
1352.0005,13520005,FBT40602
1352.0005 A,13520005A,FBT40602
1352.0007,13520007,FBT41045
1352.0007 A,13520007A,FBT41045
1352.0008,13520008,FBT40602
1352.0008 A,13520008A,FBT40602
1352.0008 B,13520008B,FBT40602
1352.0010,13520010,FBT40465
1352.0011,13520011,FBT40322
1352.0011 B,13520011B,FBT40322
1352.2044 A,13522044A,FBT40898
1352.3003,13523003,FBT40895
1352.3003 A,13523003A,FBT40895
1352.3005,13523005,FBT40379
1352.30050,135230050,FBT40379
1352.3005 A,13523005A,FBT40379
1352.3005 R,13523005R,FBT40379
1352.3006,13523006,FBT40839
1352.3007,13523007,FBT40413
1352.30070,135230070,FBT40413
1352.3007 A,13523007A,FBT40413
1352.3008,13523008,FBT40451
1352.3008 A,13523008A,FBT40451
1352.3009,13523009,FBT40884
1352.3011,13523011,FBT40992
1352.3011 A,13523011A,FBT40992
1352.3014,13523014,FBT13729
1352.3016,13523016,FBT40135
1352.3018,13523018,FBT40819
1352.30180,135230180,FBT40819
1352.3018 A,13523018A,FBT40819
1352.3018 B,13523018B,FBT40819
1352.3019,13523019,FBT40928
1352.3019 A,13523019A,FBT40928
1352.3020,13523020,FBT40793
1352.3020 A,13523020A,FBT40793
1352.3021,13523021,FBT41188
1352.3021 A,13523021A,FBT41188
1352.3022,13523022,FBT40849
1352.3022 A,13523022A,FBT40849
1352.3022 B,13523022B,FBT40849
1352.3023,13523023,FBT40820
1352.3023 A,13523023A,FBT40820
1352.3023 B,13523023B,FBT40820
1352.3024,13523024,FBT41046
1352.3024 A,13523024A,FBT41046
1352.3025,13523025,FBT40821
1352.3028,13523028,FBT40524
1352.3029,13523029,FBT41037
1352.3029 A,13523029A,FBT41037
1352.3029 D,13523029D,FBT41037
1352.3030,13523030,FBT41067
1352.3030 A,13523030A,FBT41067
1352.3030 C,13523030C,FBT41067
1352.3034,13523034,FBT40993
1352.3034 A,13523034A,FBT40993
1352.3034 D,13523034D,FBT40993
1352.3035,13523035,FBT40531
1352.3035 A,13523035A,FBT40531
1352.3036,13523036,FBT13729
1352.3036 A,13523036A,FBT13729
1352.3037,13523037,FBT40896
1352.3040,13523040,FBT41356
1352.3040 A,13523040A,FBT41356
1352.3040 C,13523040C,FBT41356
1352.3042,13523042,FBT40846
1352.3042 A,13523042A,FBT40846
1352.3042 B,13523042B,FBT40846
1352.3043,13523043,FBT40897
1352.3043 A,13523043A,FBT40897
1352.3043 C,13523043C,FBT40897
1352.3043 D,13523043D,FBT40897
1352.3044,13523044,FBT40898
1352.3044 A,13523044A,FBT40898
1352.3044 B,13523044B,FBT40898
1352.3044 F,13523044F,FBT40898
1352.3045,13523045,FBT40899
1352.3045 A,13523045A,FBT40899
1352.3047,13523047,FBT40900
1352.3047 A,13523047A,FBT40900
1352.3047 B,13523047B,FBT40900
1352.3048,13523048,FBT40901
1352.3048 A,13523048A,FBT40901
1352.3048 B,13523048B,FBT40901
1352.3049,13523049,FBT41068
1352.3049 A,13523049A,FBT41068
1352.3050,13523050,FBT13503
1352.3053,13523053,FBT13780
1352.3054,13523054,FBT40521
1352.3055,13523055,FBT41069
1352.3055 A,13523055A,FBT41069
1352.5003,13525003,FBT40322
1352.5003 B,13525003B,FBT40322
1352.5003 D,13525003D,FBT40322
1352.5003 E,13525003E,FBT40322
1352.5003 F,13525003F,FBT40322
1352.5006,13525006,FBT40564
1352.5006 A,13525006A,FBT40564
1352.5007,13525007,FBT40902
1352.5007 A,13525007A,FBT40902
1352.5008,13525008,FBT40708
1352.5008 A,13525008A,FBT40708
1352.5008 E,13525008E,FBT40708
1352.5009,13525009,FBT40381
1352.5009 C,13525009C,FBT40381
1352.5009 D,13525009D,FBT40381
1352.5010,13525010,FBT40902
1352.5010 B,13525010B,FBT40902
1352.5012,13525012,FBT40322
1352.5012 A,13525012A,FBT40322
1352.5012 C,13525012C,FBT40322
1352.5016,13525016,FBT40780
1352.5016 A,13525016A,FBT40780
1352.5016 D,13525016D,FBT40780
1352.5017,13525017,FBT40704
1352.5017 A,13525017A,FBT40704
1352.5017 B,13525017B,FBT40704
1352.5018,13525018,FBT41038
1352.5021,13525021,FBT40762
1352.5021 C,13525021C,FBT40762
1352.5023,13525023,FBT40929
1352.5025,13525025,FBT40759
1352.5025 A,13525025A,FBT40759
1352.5025 G,13525025G,FBT40759
1352.5027,13525027,FBT41230
1352.5027 A,13525027A,FBT41230
1352.5028,13525028,FBT41150
1352.5028 B,13525028B,FBT41150
1352.5029,13525029,FBT41151
1352.5029 A,13525029A,FBT41151
1352.5033,13525033,FBT40680
1352.5033 A,13525033A,FBT40680
1352.5033 B,13525033B,FBT40680
1352.5035,13525035,FBT40994
1352.5035 A,13525035A,FBT40994
1352.5036,13525036,FBT40718
1352.5036 A,13525036A,FBT40718
1352.5036 F,13525036F,FBT40718
1352.5037,13525037,FBT40725
1352.50370,135250370,FBT40725
1352.5037 A,13525037A,FBT40725
1352.5037 D,13525037D,FBT40725
1352.5038,13525038,FBT41051
1352.50380,135250380,FBT41051
1352.5038 A,13525038A,FBT41051
1352.5041,13525041,FBT40861
1352.5041 A,13525041A,FBT40861
1352.5041 C,13525041C,FBT40861
1352.5041 D,13525041D,FBT40861
1352.5042,13525042,FBT40794
1352.5042 A,13525042A,FBT40794
1352.5046,13525046,FBT40795
1352.5046 A,13525046A,FBT40795
1352.5047,13525047,FBT40796
1352.5047 A,13525047A,FBT40796
1352.5048,13525048,FBT40719
1352.5048 A,13525048A,FBT40719
1352.5049,13525049,FBT40797
1352.5049 A,13525049A,FBT40797
1352.5051,13525051,FBT40798
1352.5051 A,13525051A,FBT40798
1352.5052,13525052,FBT40822
1352.5052 A,13525052A,FBT40822
1352.5053,13525053,FBT41130
1352.5053 B,13525053B,FBT41130
1352.5054,13525054,FBT41314
1352.5054 B,13525054B,FBT41314
1352.5056,13525056,FBT40903
1352.5056 A,13525056A,FBT40903
1352.5056 B,13525056B,FBT40903
1352.5056 C,13525056C,FBT40903
1352.5058,13525058,FBT40680
1352.5058 A,13525058A,FBT40680
1352.5060,13525060,FBT40904
1352.5060 A,13525060A,FBT40904
1352.5060 D,13525060D,FBT40904
1352.5061,13525061,FBT40861
1352.5061 A,13525061A,FBT40861
1352.5062,13525062,FBT40995
1352.5062 A,13525062A,FBT40995
1352.5062 B,13525062B,FBT40995
1352.5063,13525063,FBT41025
1352.5063 A,13525063A,FBT41025
1352.5064,13525064,FBT40860
1352.5064 A,13525064A,FBT40860
1352.5065,13525065,FBT40996
1352.5065 A,13525065A,FBT40996
1352.5067,13525067,FBT41028
1352.5067 A,13525067A,FBT41028
1352.5067 B,13525067B,FBT41028
1352.5068,13525068,FBT41126
1352.5068 A,13525068A,FBT41126
1352.5068 B,13525068B,FBT41126
1352.5069,13525069,FBT40968
1352.5069 A,13525069A,FBT40968
1352.5070,13525070,FBT40997
1352.5070 A,13525070A,FBT40997
1352.5074,13525074,FBT40979
1352.5074 A,13525074A,FBT40979
1352.5075,13525075,FBT41071
1352.5075 A,13525075A,FBT41071
1352.5078,13525078,FBT41183
1352.5078 C,13525078C,FBT41183
1352.5079,13525079,FBT41072
1352.5079 A,13525079A,FBT41072
1352.5080,13525080,FBT41222
1352.5080 B,13525080B,FBT41222
1352.5081,13525081,FBT41189
1352.5081 A,13525081A,FBT41189
1352.5086,13525086,FBT41183
1352.5088,13525088,FBT41152
1352.5090,13525090,FBT41376
1352.5092,13525092,FBT41283
1352.5092 A,13525092A,FBT41283
1352.5094,13525094,FBT41278
1352.5094 A,13525094A,FBT41278
1352.5097,13525097,FBT41083
1352.5097 A,13525097A,FBT41083
1362.0003,13620003,FBT40823
1362.0003 A,13620003A,FBT40823
1362.0003 B,13620003B,FBT40823
1362.0004,13620004,FBT40799
1362.0004 A,13620004A,FBT40799
1362.0004 B,13620004B,FBT40799
1362.0004 C,13620004C,FBT40799
1362.0015,13620015,FBT41177
1362.0015 A,13620015A,FBT41177
1362.0015 B,13620015B,FBT41177
1362.0016,13620016,FBT41178
1362.0016 A,13620016A,FBT41178
1362.0016 B,13620016B,FBT41178
1362.3004,13623004,FBT40979
1362.3005,13623005,FBT40528
1362.3006,13623006,FBT40660
1362.3007,13623007,FBT40436
1362.3008,13623008,FBT13729
1362.3009,13623009,FBT40103
1362.3010,13623010,FBT40378
1362.3011,13623011,FBT40192
1362.3012,13623012,FBT40373
1362.3013,13623013,FBT40379
1362.3014,13623014,FBT40470
1362.3015,13623015,FBT40451
1362.3016,13623016,FBT40413
1362.3017,13623017,FBT40705
1362.3018,13623018,FBT40346
1362.3019,13623019,FBT40356
1362.3020,13623020,FBT13472
1362.3022,13623022,FBT40167
1362.3023,13623023,FBT40452
1362.3024,13623024,FBT40592
1362.3025,13623025,FBT41090
1362.3026,13623026,FBT40988
1362.3027,13623027,FBT40408
1362.3028,13623028,FBT40482
1362.3029,13623029,FBT40883
1362.3029 A,13623029A,FBT40883
1362.3030,13623030,FBT40342
1362.3031,13623031,FBT40515
1362.3032,13623032,FBT40031
1362.3033,13623033,FBT40793
1362.3034,13623034,FBT40103
1362.3037,13623037,FBT41291
1362.3037 A,13623037A,FBT41291
1362.3041,13623041,FBT40193
1362.3044,13623044,FBT40119
1362.3045,13623045,FBT40536
1362.3046,13623046,FBT13729
1362.3047,13623047,FBT41050
1362.3048,13623048,FBT40435
1362.3051,13623051,FBT40195
1362.3054,13623054,FBT13505
1362.3601,13623601,FBT40720
1362.3602,13623602,FBT40886
1362.3603,13623603,FBT40376
1362.3604,13623604,FBT40015
1362.3605,13623605,FBT40254
1362.3606,13623606,FBT40233
1362.3608,13623608,FBT41181
1362.3608 A,13623608A,FBT41181
1362.3609,13623609,FBT40885
1362.5001,13625001,FBT40828
1362.5001 A,13625001A,FBT40828
1362.5002,13625002,FBT40828
1362.5002 A,13625002A,FBT40828
1362.5003,13625003,FBT40911
1362.5003 A,13625003A,FBT40911
1362.5005,13625005,FBT40860
1362.5005 A,13625005A,FBT40860
1362.5005 D,13625005D,FBT40860
1362.5006,13625006,FBT40905
1362.5006 A,13625006A,FBT40905
1362.5006 D,13625006D,FBT40905
1362.5007,13625007,FBT40906
1362.5007 A,13625007A,FBT40906
1362.5010,13625010,FBT41223
1362.5010 B,13625010B,FBT41223
1362.5013,13625013,FBT40954
1362.5015 A,13625015A,FBT41297
1362.5016,13625016,FBT40998
1362.5016 A,13625016A,FBT40998
1362.5017,13625017,FBT40907
1362.5017 A,13625017A,FBT40907
1362.5017 B,13625017B,FBT40907
1362.5017 C,13625017C,FBT40907
1362.5018,13625018,FBT40908
1362.5018 A,13625018A,FBT40908
1362.5018 C,13625018C,FBT40908
1362.5019,13625019,FBT40909
1362.5019 A,13625019A,FBT40909
1362.5019 C,13625019C,FBT40909
1362.5020,13625020,FBT40860
1362.5020 A,13625020A,FBT40860
1362.5021,13625021,FBT40999
1362.5021 A,13625021A,FBT40999
1362.5021 C,13625021C,FBT40999
1362.5022,13625022,FBT41170
1362.5022 E,13625022E,FBT41170
1362.5023,13625023,FBT41171
1362.5023 A,13625023A,FBT41171
1362.5024,13625024,FBT40930
1362.5024 A,13625024A,FBT40930
1362.5028 A,13625028A,FBT40906
1362.5029,13625029,FBT41373
1362.5029 A,13625029A,FBT41373
1362.5029 B,13625029B,FBT41373
1362.5039 A,13625039A,FBT41343
1362.5041,13625041,FBT41284
1362.5041 A,13625041A,FBT41284
1362.5042,13625042,FBT41379
1362.5045,13625045,FBT41082
1362.5050,13625050,FBT41153
1362.5056,13625056,FBT41279
1362.5056 B,13625056B,FBT41279
1362.5059,13625059,FBT41346
1362.5059 B,13625059B,FBT41346
1362.5061,13625061,FBT41360
1362.5061 B,13625061B,FBT41360
1362.5067,13625067,FBT41319
1362.5067 D,13625067D,FBT41319
1362.5068 A,13625068A,FBT40834
1362.5070,13625070,FBT40677
1362.5071,13625071,FBT41347
1362.5071 A,13625071A,FBT41347
1372.0001,13720001,FBT41000
1372.0003,13720003,FBT40709
1372.0003 A,13720003A,FBT40709
1372.0003 F,13720003F,FBT40709
1372.0005,13720005,FBT40710
1372.0005 A,13720005A,FBT40710
1372.0005 B,13720005B,FBT40710
1372.0006,13720006,FBT40711
1372.00060,137200060,FBT40711
1372.00062,137200062,FBT40711
1372.00062 A,137200062A,FBT40711
1372.0006 A,13720006A,FBT40711
1372.0006 D,13720006D,FBT40711
1372.0007,13720007,FBT40600
1372.00070,137200070,FBT40600
1372.00072,137200072,FBT40600
1372.0007 A,13720007A,FBT40600
1372.0011,13720011,FBT41000
1372.0011 A,13720011A,FBT41000
1372.0011 C,13720011C,FBT41000
1372.0011 D,13720011D,FBT41000
1372.0016,13720016,FBT40713
1372.00160,137200160,FBT40713
1372.00162,137200162,FBT40713
1372.00162 A,137200162A,FBT40713
1372.0016 A,13720016A,FBT40713
1372.0016 C,13720016C,FBT40713
1372.0018,13720018,FBT40801
1372.0018 A,13720018A,FBT40801
1372.0018 B,13720018B,FBT40801
1372.0019,13720019,FBT40910
1372.00192 A,137200192A,FBT40910
1372.0019 A,13720019A,FBT40910
1372.0019 C,13720019C,FBT40910
1372.0022,13720022,FBT40801
1372.0022 A,13720022A,FBT40801
1372.0022 B,13720022B,FBT40801
1372.0023,13720023,FBT40911
1372.00232,137200232,FBT40911
1372.00232 A,137200232A,FBT40911
1372.0023 A,13720023A,FBT40911
1372.0023 B,13720023B,FBT40911
1372.0026,13720026,FBT41073
1372.0026 A,13720026A,FBT41073
1372.0030,13720030,FBT40824
1372.00302,137200302,FBT40824
1372.00302 A,137200302A,FBT40824
1372.0030 A,13720030A,FBT40824
1372.0030 B,13720030B,FBT40824
1372.0031,13720031,FBT40715
1372.0031 A,13720031A,FBT40715
1372.0031 C,13720031C,FBT40715
1372.0032,13720032,FBT40716
1372.0032 A,13720032A,FBT40716
1372.0032 C,13720032C,FBT40716
1372.0033,13720033,FBT40717
1372.0033 A,13720033A,FBT40717
1372.0033 C,13720033C,FBT40717
1372.0036,13720036,FBT40931
1372.00362,137200362,FBT40931
1372.00362 A,137200362A,FBT40931
1372.0036 A,13720036A,FBT40931
1372.0036 C,13720036C,FBT40931
1372.0039,13720039,FBT40949
1372.00392,137200392,FBT40949
1372.0039 A,13720039A,FBT40949
1372.0039 C,13720039C,FBT40949
1372.0040,13720040,FBT40950
1372.0040 A,13720040A,FBT40950
1372.0040 E,13720040E,FBT40950
1372.0041,13720041,FBT40825
1372.0041 A,13720041A,FBT40825
1372.0041 E,13720041E,FBT40825
1372.0041 F,13720041F,FBT40825
1372.0042,13720042,FBT40826
1372.0042 A,13720042A,FBT40826
1372.0042 C,13720042C,FBT40826
1372.0042 E,13720042E,FBT40826
1372.0045,13720045,FBT40847
1372.00450,137200450,FBT40847
1372.00452,137200452,FBT40847
1372.004520,1372004520,FBT40847
1372.00452 A,137200452A,FBT40847
1372.0045 A,13720045A,FBT40847
1372.0045 C,13720045C,FBT40847
1372.0047,13720047,FBT40827
1372.00472,137200472,FBT40827
1372.00472 A,137200472A,FBT40827
1372.0047 A,13720047A,FBT40827
1372.0047 C,13720047C,FBT40827
1372.0048,13720048,FBT40966
1372.00482 A,137200482A,FBT40966
1372.0048 A,13720048A,FBT40966
1372.0048 B,13720048B,FBT40966
1372.0052,13720052,FBT40828
1372.0052 A,13720052A,FBT40828
1372.0054,13720054,FBT40932
1372.0054 A,13720054A,FBT40932
1372.0054 C,13720054C,FBT40932
1372.0057,13720057,FBT40933
1372.0057 A,13720057A,FBT40933
1372.0057 B,13720057B,FBT40933
1372.0058,13720058,FBT40906
1372.0062 A,13720062A,FBT40828
1372.0066,13720066,FBT40828
1372.00662,137200662,FBT40828
1372.00662 A,137200662A,FBT40828
1372.0066 A,13720066A,FBT40828
1372.0067,13720067,FBT40912
1372.00672,137200672,FBT40912
1372.006720,1372006720,FBT40912
1372.00672 A,137200672A,FBT40912
1372.0067 A,13720067A,FBT40912
1372.0067 B,13720067B,FBT40912
1372.0069,13720069,FBT40915
1372.00692,137200692,FBT40915
1372.00692 A,137200692A,FBT40915
1372.0072,13720072,FBT41127
1372.00722,137200722,FBT41127
1372.0072 A,13720072A,FBT41127
1372.0072 C,13720072C,FBT41127
1372.0072 D,13720072D,FBT41127
1372.0074,13720074,FBT40913
1372.00742,137200742,FBT40913
1372.00742 A,137200742A,FBT40913
1372.0074 A,13720074A,FBT40913
1372.0075,13720075,FBT40969
1372.00752,137200752,FBT40969
1372.00752 A,137200752A,FBT40969
1372.0075 A,13720075A,FBT40969
1372.0076,13720076,FBT40914
1372.00762,137200762,FBT40914
1372.00762 A,137200762A,FBT40914
1372.0076 A,13720076A,FBT40914
1372.0078,13720078,FBT40934
1372.00782,137200782,FBT40934
1372.00782 A,137200782A,FBT40934
1372.0078 B,13720078B,FBT40934
1372.0079,13720079,FBT40935
1372.00792,137200792,FBT40935
1372.00792 A,137200792A,FBT40935
1372.0079 A,13720079A,FBT40935
1372.0080,13720080,FBT40600
1372.00802,137200802,FBT40600
1372.008020,1372008020,FBT40600
1372.00802 A,137200802A,FBT40600
1372.0080 B,13720080B,FBT40600
1372.0081,13720081,FBT40713
1372.00812,137200812,FBT40713
1372.008120,1372008120,FBT40713
1372.00812 A,137200812A,FBT40713
1372.0081 B,13720081B,FBT40713
1372.0082,13720082,FBT41001
1372.00822,137200822,FBT41001
1372.0082 A,13720082A,FBT41001
1372.0082 C,13720082C,FBT41001
1372.0082 D,13720082D,FBT41001
1372.0086,13720086,FBT41002
1372.00862,137200862,FBT41002
1372.0086 A,13720086A,FBT41002
1372.0086 C,13720086C,FBT41002
1372.0087,13720087,FBT40915
1372.00872,137200872,FBT40915
1372.008720,1372008720,FBT40915
1372.00872 A,137200872A,FBT40915
1372.0087 B,13720087B,FBT40915
1372.0088,13720088,FBT40936
1372.0088 A,13720088A,FBT40936
1372.0088 B,13720088B,FBT40936
1372.0088 C,13720088C,FBT40936
1372.0089,13720089,FBT41003
1372.0089 A,13720089A,FBT41003
1372.0089 B,13720089B,FBT41003
1372.0089 C,13720089C,FBT41003
1372.0092,13720092,FBT40916
1372.00922,137200922,FBT40916
1372.00922 A,137200922A,FBT40916
1372.0092 A,13720092A,FBT40916
1372.0092 D,13720092D,FBT40916
1372.0093,13720093,FBT40937
1372.00932,137200932,FBT40937
1372.009320,1372009320,FBT40937
1372.00932 A,137200932A,FBT40937
1372.0093 D,13720093D,FBT40937
1372.00942,137200942,FBT41004
1372.00942 A,137200942A,FBT41004
1372.0094 A,13720094A,FBT41004
1372.00962,137200962,FBT41099
1372.0096 A,13720096A,FBT41099
1372.0096 F,13720096F,FBT41099
1372.0097,13720097,FBT40950
1372.0097 A,13720097A,FBT40950
1372.0097 C,13720097C,FBT40950
1372.0099,13720099,FBT41165
1372.0099 A,13720099A,FBT41165
1372.0100 A,13720100A,FBT41074
1372.0103,13720103,FBT41166
1372.0103 B,13720103B,FBT41166
1372.0109,13720109,FBT41317
1372.0113,13720113,FBT41154
1372.01132,137201132,FBT41154
1372.0113 A,13720113A,FBT41154
1372.0116,13720116,FBT41155
1372.0116 A,13720116A,FBT41155
1372.0118,13720118,FBT41361
1372.0118 A,13720118A,FBT41361
1372.0122 A,13720122A,FBT41342
1372.0123,13720123,FBT41271
1372.0123 D,13720123D,FBT41271
1372.0124,13720124,FBT41268
1372.0124 B,13720124B,FBT41268
1372.0126,13720126,FBT41273
1372.0126 B,13720126B,FBT41273
1372.0129,13720129,FBT41272
1372.0129 C,13720129C,FBT41272
1372.0130,13720130,FBT41224
1372.0130 A,13720130A,FBT41224
1372.0131,13720131,FBT41225
1372.0131 A,13720131A,FBT41225
1372.0136,13720136,FBT41318
13720136 A,13720136A,FBT41318
1372.0232 A,13720232A,FBT40911
1372.6006,13726006,FBT40855
1372.6006 A,13726006A,FBT40855
1372.6006 B,13726006B,FBT40855
1372.6006 C,13726006C,FBT40855
1372.6007,13726007,FBT41006
1372.6007 A,13726007A,FBT41006
1372.6007 B,13726007B,FBT41006
1372.6007 C,13726007C,FBT41006
1372.6009,13726009,FBT40840
1372.6009 A,13726009A,FBT40840
1372.6010,13726010,FBT40938
1372.60100,137260100,FBT40938
1372.60102,137260102,FBT40938
1372.60102 A,137260102A,FBT40938
1372.6010 C,13726010C,FBT40938
1372.6011,13726011,FBT40864
1372.6011 A,13726011A,FBT40864
1372.6014,13726014,FBT41007
1372.6014 A,13726014A,FBT41007
1372.6014 F,13726014F,FBT41007
1372.6019,13726019,FBT41007
1372.6019 A,13726019A,FBT41007
1372.6020,13726020,FBT41008
1372.6020 A,13726020A,FBT41008
1372.6020 D,13726020D,FBT41008
1372.6023,13726023,FBT41009
1372.6023 A,13726023A,FBT41009
1372.6023 B,13726023B,FBT41009
1372.7003,13727003,FBT40808
1372.7003 A,13727003A,FBT40808
1372.7004,13727004,FBT40939
1372.7004 C,13727004C,FBT40939
1372.7006,13727006,FBT41075
1372.7006 A,13727006A,FBT41075
1372.7008,13727008,FBT40940
1372.7008 A,13727008A,FBT40940
1372.7008 D,13727008D,FBT40940
1372.7009,13727009,FBT40917
1372.7009 A,13727009A,FBT40917
1372.7009 B,13727009B,FBT40917
1372.7013,13727013,FBT40918
1372.7013 A,13727013A,FBT40918
1372.7013 C,13727013C,FBT40918
1372.7014,13727014,FBT40919
1372.7014 A,13727014A,FBT40919
1372.7014 E,13727014E,FBT40919
1372.7015,13727015,FBT41167
1372.7015 A,13727015A,FBT41167
1372.7015 D,13727015D,FBT41167
1372.7016,13727016,FBT40920
1372.7016 A,13727016A,FBT40920
1372.7016 B,13727016B,FBT40920
1372.7019,13727019,FBT40941
1372.7019 A,13727019A,FBT40941
1372.7021,13727021,FBT40942
1372.7021 A,13727021A,FBT40942
1372.7022,13727022,FBT40943
1372.7022 A,13727022A,FBT40943
1372.7024,13727024,FBT41362
1372.7024 A,13727024A,FBT41362
1372.7028,13727028,FBT41125
1372.7028 A,13727028A,FBT41125
1372.7030,13727030,FBT41010
1372.7030 A,13727030A,FBT41010
1372.7030 B,13727030B,FBT41010
1372.7033,13727033,FBT41011
1372.7033 A,13727033A,FBT41011
1372.7033 C,13727033C,FBT41011
1372.7034,13727034,FBT40944
1372.7034 A,13727034A,FBT40944
1372.7034 E,13727034E,FBT40944
1372.7035,13727035,FBT40945
1372.7035 A,13727035A,FBT40945
1372.7037,13727037,FBT40946
1372.7037 A,13727037A,FBT40946
1372.7037 C,13727037C,FBT40946
1372.7042 A,13727042A,FBT41076
1372.7042 B,13727042B,FBT41076
1372.7046,13727046,FBT41012
1372.7046 A,13727046A,FBT41012
1372.7048,13727048,FBT41077
1372.7048 A,13727048A,FBT41077
1372.7054,13727054,FBT40939
1372.7054 A,13727054A,FBT40939
1372.7059,13727059,FBT41274
1372.7059 B,13727059B,FBT41274
1372.7061,13727061,FBT41168
1372.7061 F,13727061F,FBT41168
1372.7062,13727062,FBT41169
1372.7062 F,13727062F,FBT41169
1372.7071,13727071,FBT41363
1372.7077 D,13727077D,FBT41226
1372.7081,13727081,FBT41320
1372.7083 A,13727083A,FBT40835
1372.7083 B,13727083B,FBT40835
1372.7084 A,13727084A,FBT41296
1372.7084 B,13727084B,FBT41296
1372.7085 A,13727085A,FBT40838
1372.7087,13727087,FBT41295
1372.7087 A,13727087A,FBT41295
1372.7088,13727088,FBT41402
1372.8001,13728001,FBT40921
1372.8001 A,13728001A,FBT40921
1372.8002,13728002,FBT40829
1372.8002 A,13728002A,FBT40829
1372.8003,13728003,FBT40830
1372.8003 A,13728003A,FBT40830
1372.8003 C,13728003C,FBT40830
1372.8003 D,13728003D,FBT40830
1372.8004,13728004,FBT40831
1372.8004 A,13728004A,FBT40831
1372.8007,13728007,FBT40851
1372.8007 A,13728007A,FBT40851
1372.8007 C,13728007C,FBT40851
1372.8016 A,13728016A,FBT41078
1372.8017,13728017,FBT41013
1372.8017 A,13728017A,FBT41013
1372.8017 B,13728017B,FBT41013
1372.8024,13728024,FBT41156
1372.8024 A,13728024A,FBT41156
1372.8812,13728812,FBT41137
1372.8812 A,13728812A,FBT41137
1372.8814,13728814,FBT41157
1372.8816,13728816,FBT41158
1372.8816 B,13728816B,FBT41158
1372.8817,13728817,FBT41159
1372.8817 B,13728817B,FBT41159
1372.8821,13728821,FBT41321
1372.8821 E,13728821E,FBT41321
1372.9001,13729001,FBT40714
1372.90010,137290010,FBT40714
1372.9001 B,13729001B,FBT40714
1372.9002,13729002,FBT40974
1372.90020,137290020,FBT40974
1372.9002 A,13729002A,FBT40974
1372.9005,13729005,FBT40862
1372.9005 A,13729005A,FBT40862
1372.9006,13729006,FBT40833
1372.9006 A,13729006A,FBT40833
1372.9009,13729009,FBT40850
1372.90090,137290090,FBT40850
1372.9009 A,13729009A,FBT40850
1372.9009 B,13729009B,FBT40850
1372.9011,13729011,FBT40947
1372.90110,137290110,FBT40947
1372.9011 A,13729011A,FBT40947
1372.9011 B,13729011B,FBT40947
1372.9012,13729012,FBT40922
1372.9012 A,13729012A,FBT40922
1372.9014,13729014,FBT40923
1372.90140,137290140,FBT40923
1372.9014 A,13729014A,FBT40923
1372.9017,13729017,FBT40841
1372.9017 A,13729017A,FBT40841
1372.9018,13729018,FBT40924
1372.9018 A,13729018A,FBT40924
1372.9019,13729019,FBT40714
1372.9019 A,13729019A,FBT40714
1372.9020,13729020,FBT40974
1372.9020 A,13729020A,FBT40974
1372.9021,13729021,FBT40833
1372.9021 A,13729021A,FBT40833
1372.9022,13729022,FBT40923
1372.9022 A,13729022A,FBT40923
1372.9023,13729023,FBT40971
1372.9023 B,13729023B,FBT40971
138 20882,13820882,FBT41316
138 21411,13821411,FBT41178
138 21921,13821921,FBT41177
138 36920,13836920,FBT13830
138 37620,13837620,FBT40057
138 37622,13837622,FBT40057
138 37740,13837740,FBT13830
138 37831,13837831,FBT13830
1392.0001,13920001,FBT40472
1392.00012,139200012,FBT40472
1392.00012 A,139200012A,FBT40472
1392.00012 C,139200012C,FBT40472
1392.0001 A,13920001A,FBT40472
1392.0001 C,13920001C,FBT40472
1392.0002,13920002,FBT40492
1392.0002 A,13920002A,FBT40492
1392.0002 B,13920002B,FBT40492
1392.0002 F,13920002F,FBT40492
1392.0005,13920005,FBT40487
1392.00052,139200052,FBT40487
1392.00052 A,139200052A,FBT40487
1392.0005 A,13920005A,FBT40487
1392.0005 B,13920005B,FBT40487
1392.0005 C,13920005C,FBT40487
1392.0006,13920006,FBT40765
1392.00062 B,139200062B,FBT40765
1392.0006 A,13920006A,FBT40765
1392.0006 B,13920006B,FBT40765
1392.0007,13920007,FBT40563
1392.0007 A,13920007A,FBT40563
1392.0007 B,13920007B,FBT40563
1392.0013,13920013,FBT40848
1392.00132,139200132,FBT40848
1392.00132 A,139200132A,FBT40848
1392.0013 A,13920013A,FBT40848
1392.3001,13923001,FBT41133
1392.3001 B,13923001B,FBT41133
1392.3005,13923005,FBT41133
1392.3005 A,13923005A,FBT41133
1392.5001,13925001,FBT40498
1392.5001 A,13925001A,FBT40498
1392.5001 B,13925001B,FBT40498
1392.5002,13925002,FBT40486
1392.50022 C,139250022C,FBT40486
1392.50022 D,139250022D,FBT40486
1392.5002 C,13925002C,FBT40486
1392.5002 D,13925002D,FBT40486
1392.5003,13925003,FBT40760
1392.50032 B,139250032B,FBT40760
1392.5003 A,13925003A,FBT40760
1392.5003 B,13925003B,FBT40760
1392.5003 E,13925003E,FBT40760
1392.5004,13925004,FBT40925
1392.5004 A,13925004A,FBT40925
1392.5004 C,13925004C,FBT40925
1392.7001,13927001,FBT40859
1392.7001 A,13927001A,FBT40859
1392.7001 B,13927001B,FBT40859
1392.7001 E,13927001E,FBT40859
1392.7001 F,13927001F,FBT40859
1392.7001 S,13927001S,FBT40859
1392.7002,13927002,FBT40948
1392.7002 A,13927002A,FBT40948
1392.7002 C,13927002C,FBT40948
1392.7002 G,13927002G,FBT40948
1392.7007,13927007,FBT41277
1392.7007 B,13927007B,FBT41277
1392.7008,13927008,FBT41227
1392.7008 A,13927008A,FBT41227
1392.7009,13927009,FBT41227
1392.9002,13929002,FBT40852
1392.90021,139290021,FBT40852
1392.90021 B,139290021B,FBT40852
1392.9002 A,13929002A,FBT40852
1392.9002 B,13929002B,FBT40852
1392.9002 D,13929002D,FBT40852
1392.9002 S,13929002S,FBT40852
1392.90041 B,139290041B,FBT41079
1392.9004 A,13929004A,FBT41079
1392.9004 B,13929004B,FBT41079
1392.9004 C,13929004C,FBT41079
1392.9004 E,13929004E,FBT41079
1392.9004 G,13929004G,FBT41079
1392.9004 S,13929004S,FBT41079
1392.9005,13929005,FBT41014
1392.9005 A,13929005A,FBT41014
1392.9005 B,13929005B,FBT41014
1392.9005 C,13929005C,FBT41014
1392.9006,13929006,FBT40854
1392.9006 A,13929006A,FBT40854
1392.9006 B,13929006B,FBT40854
1392.9006 D,13929006D,FBT40854
1392.9006 F,13929006F,FBT40854
1392.9007,13929007,FBT40853
1392.9007 A,13929007A,FBT40853
1392.9007 D,13929007D,FBT40853
1392.9007 S,13929007S,FBT40853
1392.9008,13929008,FBT41053
1392.9008 A,13929008A,FBT41053
1392.9008 C,13929008C,FBT41053
1392.9010,13929010,FBT41173
1392.9010 A,13929010A,FBT41173
1392.9010 B,13929010B,FBT41173
1392.9010 C,13929010C,FBT41173
1392.9011,13929011,FBT41228
1392.9011 A,13929011A,FBT41228
1392.9011 B,13929011B,FBT41228
1392.9012,13929012,FBT41062
1392.9012 A,13929012A,FBT41062
1392.9012 B,13929012B,FBT41062
1392.9014,13929014,FBT41018
1392.9014 A,13929014A,FBT41018
1392.9015,13929015,FBT41015
1392.9015 A,13929015A,FBT41015
1392.9029,13929029,FBT41018
1392.9029 A,13929029A,FBT41018
1392.9032,13929032,FBT41079
1392.9034,13929034,FBT41173
1392.9034 A,13929034A,FBT41173
1392.9035,13929035,FBT41228
1392.9036,13929036,FBT41062
140 10306,14010306,FBT13830
140 10369,14010369,FBT40057
140 10406,14010406,FBT40186
140 10421,14010421,FBT40057
140 10474,14010474,FBT40192
140 10501,14010501,FBT40385
140 10505,14010505,FBT40398
140 10515,14010515,FBT40386
140 10544,14010544,FBT40322
140 10551,14010551,FBT40392
140 10562,14010562,FBT40472
140 10595,14010595,FBT40634
140 10609,14010609,FBT40186
140 10649,14010649,FBT41000
140 10665,14010665,FBT40810
140 10669,14010669,FBT40749
1402.4001,14024001,FBT41162
1402.4001 A,14024001A,FBT41162
1402.4001 B,14024001B,FBT41162
1402.4001 C,14024001C,FBT41162
1402.6002,14026002,FBT41164
1402.6002 A,14026002A,FBT41164
1402.6002 C,14026002C,FBT41164
1402.8001,14028001,FBT40761
1402.8001 A,14028001A,FBT40761
1412.0001,14120001,FBT41016
1412.0001 A,14120001A,FBT41016
1412.0001 C,14120001C,FBT41016
1412.2001,14122001,FBT41017
1412.2001 A,14122001A,FBT41017
1412.2001 C,14122001C,FBT41017
1412.3001,14123001,FBT41096
1412.3001 A,14123001A,FBT41096
1412.5002,14125002,FBT41172
1412.5002 A,14125002A,FBT41172
1412.5002 B,14125002B,FBT41172
1412.5004,14125004,FBT41139
1412.6001,14126001,FBT41161
1412.6001 A,14126001A,FBT41161
1412.6001 B,14126001B,FBT41161
1412.6002,14126002,FBT40954
1412.6002 A,14126002A,FBT40954
1412.7009,14127009,FBT41282
1412.7009 C,14127009C,FBT41282
1412.7010,14127010,FBT41184
1412.7011,14127011,FBT41229
1412.7011 B,14127011B,FBT41229
1-436-363-00,143636300,FBT13929
1-436-363-11,143636311,FBT13929
1-439-256-00,143925600,FBT13911
1-439-256-11,143925611,FBT13911
1-439-256-21,143925621,FBT13911
1-439-256-22,143925622,FBT13911
1-439-280-00,143928000,FBT13913
1-439-280-11,143928011,FBT13913
1-439-280-12,143928012,FBT13913
1-439-280-13,143928013,FBT13913
1-439-280-21,143928021,FBT13913
1-439-280-22,143928022,FBT13913
1-439-280-31,143928031,FBT13913
1-439-286-00,143928600,FBT13914
1-439-286-11,143928611,FBT13914
1-439-286-12,143928612,FBT13914
1-439-286-13,143928613,FBT13914
1-439-286-21,143928621,FBT13914
1-439-289-00,143928900,FBT13933
1-439-289-11,143928911,FBT13933
1-439-289-12,143928912,FBT13933
1-439-289-21,143928921,FBT13933
1-439-289-22,143928922,FBT13933
1-439-289-31,143928931,FBT13933
1-439-303-00,143930300,FBT13918
1-439-303-11,143930311,FBT13918
1-439-303-12,143930312,FBT13918
1-439-303-31,143930331,FBT13918
1-439-303-32,143930332,FBT13918
1-439-331-41,143933141,FBT13922
1-439-332-00,143933200,FBT13923
1-439-332-11,143933211,FBT13923
1-439-332-21,143933221,FBT13923
1-439-332-31,143933231,FBT13923
1-439-332-32,143933232,FBT13925
1-439-332-41,143933241,FBT13925
1-439-332-42,143933242,FBT13925
1-439-332-49,143933249,FBT13925
1-439-332-52,143933252,FBT13925
1-439-333-00,143933300,FBT13926
1-439-333-11,143933311,FBT13926
1-439-333-12,143933312,FBT13926
1-439-363-11,143936311,FBT13929
1-439-363-21,143936321,FBT13929
1-439-416-11,143941611,FBT40089
1-439-416-12,143941612,FBT40089
1-439-416-21,143941621,FBT40089
1-439-416-23,143941623,FBT40089
1-439-416-41,143941641,FBT40089
1-439-416-51,143941651,FBT40089
1-439-416-52,143941652,FBT40089
1-439-416-61,143941661,FBT40089
1-439-423-11,143942311,FBT40089
1-439-423-21,143942321,FBT40089
1-439-423-31,143942331,FBT40089
1-439-423-41,143942341,FBT40089
1-439-423-51,143942351,FBT40594
1-439-423-61,143942361,FBT40594
1-439-423-62,143942362,FBT40594
1-439-430-11,143943011,FBT40396
1-439-430-21,143943021,FBT40396
1-439-430-22,143943022,FBT40396
1-439-432-11,143943211,FBT40396
1-439-432-21,143943221,FBT40396
1-439-432-22,143943222,FBT40396
1-439-493-11,143949311,FBT40089
1-453-169-11,145316911,FBT40594
1-453-169-12,145316912,FBT40594
1-453-179-11,145317911,FBT40594
1-453-179-12,145317912,FBT40594
1-453-186-11,145318611,FBT40489
1-453-199-11,145319911,FBT40488
1-453-200-11,145320011,FBT40488
1-453-220-11,145322011,FBT40594
1-453-220-12,145322012,FBT40594
1-453-222-11,145322211,FBT40838
1-453-222-21,145322221,FBT40838
1-453-264-11,145326411,FBT40834
1-453-265-11,145326511,FBT41296
1-453-266-11,145326611,FBT40489
1-453-308-11,145330811,FBT40835
1-453-308-21,145330821,FBT40835
1-453-308-31,145330831,FBT40835
1-453-308-32,145330832,FBT40835
1-453-308-41,145330841,FBT40835
1-453-325-11,145332511,FBT41295
1-453-325-12,145332512,FBT41295
1-453-340-11,145334011,FBT41295
1-453-340-21,145334021,FBT41295
1-453-340-31,145334031,FBT41295
1-453-340-32,145334032,FBT41295
1-453-340-41,145334041,FBT41295
1-453-372-11,145337211,FBT40835
1-453-372-12,145337212,FBT40835
1-453-372-21,145337221,FBT40835
1-453-372-22,145337222,FBT40835
15128140,15128140,FBT40832
1531447 A,1531447A,FBT40832
153180403,153180403,FBT13775
1532873A,1532873A,FBT40832
15393000,15393000,FBT40951
1539302A,1539302A,FBT40832
154-064 F,154064F,FBT40175
154-106 C,154106C,FBT40630
154-117 A,154117A,FBT13654
154-125 A,154125A,FBT13700
154-125 B,154125B,FBT13700
154-125 C,154125C,FBT40344
154-132 A,154132A,FBT13700
154-132 B,154132B,FBT13700
154-132 C,154132C,FBT13700
154-138 L,154138L,FBT40257
154-138 P,154138P,FBT40045
154-138 T,154138T,FBT40045
154-138 W,154138W,FBT40200
154-164 A,154164A,FBT13604
154-164 C,154164C,FBT13604
154-165 A,154165A,FBT13964
154-165 C,154165C,FBT13964
154-177 B,154177B,FBT40173
154-177 J,154177J,FBT40173
154-177 N,154177N,FBT40050
154-189 C,154189C,FBT40164
154-189 H,154189H,FBT40152
154-194 B,154194B,FBT40183
154-194 D,154194D,FBT40551
154-198 A,154198A,FBT40425
154-198 B,154198B,FBT40425
154-229 F,154229F,FBT41371
154-277 B,154277B,FBT40152
154-277 C,154277C,FBT40466
154-277 V,154277V,FBT40152
154-306 A,154306A,FBT40425
154-375 F,154375F,FBT40551
154-375 H,154375H,FBT41367
15-7748-4,1577484,FBT40683
16650201,16650201,FBT40846
16652201,16652201,FBT40897
168625 C,168625C,FBT41040
1764012,1764012,FBT40346
17859,17859,FBT41049
180 460 017,180460017,FBT40119
180 460 17,18046017,FBT40119
180 66569,18066569,FBT13814
1972 549 24,197254924,FBT13816
1972 650 24,197265024,FBT13816
1LB4L40B04600,1LB4L40B04600,FBT41215
200000271,200000271,FBT40705
200000361,200000361,FBT40753
200000551,200000551,FBT40725
200000581,200000581,FBT40905
20000155,20000155,FBT40784
200001551,200001551,FBT40784
200001571,200001571,FBT40912
200001591,200001591,FBT40784
2001051701,2001051701,FBT40622
20071,20071,FBT40469
20072,20072,FBT40469
20073,20073,FBT40469
20074,20074,FBT40469
20075,20075,FBT40469
20082,20082,FBT40523
20090,20090,FBT40362
200900001,200900001,FBT40797
200900021,200900021,FBT40907
20091,20091,FBT40362
20092,20092,FBT40362
20093,20093,FBT40362
200 CP 7230,200CP7230,FBT13664
20133,20133,FBT40057
201 649 50,20164950,FBT40631
201-653.01,20165301,FBT40532
201-653.02,20165302,FBT40744
201 679 40,20167940,FBT40521
2016800801,2016800801,FBT40881
2016800901,2016800901,FBT40882
2016801001,2016801001,FBT40878
20180,20180,FBT40532
20181,20181,FBT40532
20182,20182,FBT40532
202 028 80,20202880,FBT40395
20311,20311,FBT40666
203 283 00,20328300,FBT40437
20350,20350,FBT40322
20352,20352,FBT40322
2036.1,20361,FBT40186
203 832 70,20383270,FBT40395
203 832 80,20383280,FBT40437
20410,20410,FBT40398
20411,20411,FBT40398
20411,20411,FBT40762
20413,20413,FBT40398
204 529 70,20452970,FBT40395
205 267 90,20526790,FBT40395
205 829 30,20582930,FBT13729
205 829 60,20582960,FBT40395
205 829 6A,2058296A,FBT40395
205 963 30,20596330,FBT40395
205 963 40,20596340,FBT40437
206 083 90,20608390,FBT40555
20692,20692,FBT40707
20732,20732,FBT40707
207 999 60,20799960,FBT40395
207 999 70,20799970,FBT40555
207 999 80,20799980,FBT40437
208 017 70,20801770,FBT40813
208 207 00,20820700,FBT40738
208 257 90,20825790,FBT40437
208 359 40,20835940,FBT40813
208 405 90,20840590,FBT40738
208 632 30,20863230,FBT40738
208 632 32,20863232,FBT40738
20880,20880,FBT41316
20881,20881,FBT41316
20883,20883,FBT41316
20884,20884,FBT41316
20890,20890,FBT41310
20891,20891,FBT41310
209 736 40,20973640,FBT40738
2100038857,2100038857,FBT41040
2100041932,2100041932,FBT40026
2100041932 A,2100041932A,FBT40103
2100042059,2100042059,FBT40026
2100042092,2100042092,FBT40119
2100042093 A,2100042093A,FBT40119
2100388570,2100388570,FBT41040
2100420590,2100420590,FBT40026
21211,21211,FBT40782
21212,21212,FBT40782
21213,21213,FBT40782
212 920 00,21292000,FBT41293
212 920 0A,2129200A,FBT41293
213 231 30,21323130,FBT41256
213 231 3A,2132313A,FBT41256
213 336 1,2133361,FBT40716
213 338 80,21333880,FBT41257
213 338 8A,2133388A,FBT41257
21341,21341,FBT41097
213 447 20,21344720,FBT41255
213 447 2A,2134472A,FBT41255
213 483 20,21348320,FBT41203
213 483 2A,2134832A,FBT41203
21362,21362,FBT41177
21411,21411,FBT41178
214 246 40,21424640,FBT41294
214 246 4A,2142464A,FBT41294
21620,21620,FBT41310
21621,21621,FBT41310
21622,21622,FBT41310
216 38308,21638308,FBT13830
21791,21791,FBT40995
21792,21792,FBT40995
21801,21801,FBT41025
21802,21802,FBT41025
2239028,2239028,FBT40680
22671,22671,FBT40725
23226536,23226536,FBT13489
23226537,23226537,FBT13489
23236001,23236001,FBT40740
23236023,23236023,FBT13610
23236052,23236052,FBT13903
23236089,23236089,FBT40633
23236098,23236098,FBT40171
23236110,23236110,FBT13610
23236198,23236198,FBT40171
23236201,23236201,FBT40179
23236230,23236230,FBT40184
23236245,23236245,FBT40179
23236253,23236253,FBT40740
23236255,23236255,FBT40170
23236264,23236264,FBT40170
23236404,23236404,FBT40177
23236424,23236424,FBT40184
23236425,23236425,FBT40171
23236427,23236427,FBT40179
23236428,23236428,FBT40170
23236429,23236429,FBT40177
23236438,23236438,FBT40170
23236447,23236447,FBT40620
23236448,23236448,FBT40622
23236454,23236454,FBT40621
23236464,23236464,FBT40623
23236465,23236465,FBT40321
23236497,23236497,FBT41089
23236501,23236501,FBT40321
23236508,23236508,FBT41089
23236510,23236510,FBT40623
23236513,23236513,FBT40768
23236517,23236517,FBT40770
23236521,23236521,FBT40321
23236536,23236536,FBT40768
23236537,23236537,FBT40769
23236551,23236551,FBT40770
23236552,23236552,FBT41089
23236596,23236596,FBT40621
23236641,23236641,FBT40764
23236648,23236648,FBT40768
23236649,23236649,FBT40768
23236650,23236650,FBT40769
23236651,23236651,FBT40770
234 452 1,2344521,FBT40850
23665050,23665050,FBT40518
23665051,23665051,FBT40518
239 200,239200,FBT40218
239 256,239256,FBT40631
240 120 4007,2401204007,FBT13661
240 120 4011,2401204011,FBT13802
240 120 4016,2401204016,FBT13616
240 120 4026,2401204026,FBT13758
240 120 4056,2401204056,FBT13721
240 120 4064,2401204064,FBT13610
240 120 4066,2401204066,FBT13830
240 120 4071,2401204071,FBT13617
240 120 4087,2401204087,FBT40424
240 120 4096,2401204096,FBT13505
240 120 4097,2401204097,FBT13505
240 120 4101,2401204101,FBT40040
240 120 4105,2401204105,FBT40038
240 120 4107,2401204107,FBT13830
240 120 4110,2401204110,FBT13618
240 120 4119,2401204119,FBT13630
240 120 4120,2401204120,FBT13733
240 120 4121,2401204121,FBT13806
240 120 4125,2401204125,FBT13830
240 120 4126,2401204126,FBT13620
2411003071001,2411003071001,FBT40424
2411003071021,2411003071021,FBT40424
241174,241174,FBT40093
2419 531 98000,241953198000,FBT40354
2419 531 98001,241953198001,FBT40354
2419 531 98003,241953198003,FBT40354
2419 531 98004,241953198004,FBT40354
2419 531 98005,241953198005,FBT40354
2419 531 98006,241953198006,FBT40354
2422 531 00026,242253100026,FBT41241
2422 531 00027,242253100027,FBT41242
2422 531 00045,242253100045,FBT41326
2422 531 00047,242253100047,FBT41308
2422 531 00052,242253100052,FBT41337
2422 531 00053,242253100053,FBT41307
2422 531 00054,242253100054,FBT41322
2422 531 00055,242253100055,FBT41338
2422 531 00056,242253100056,FBT41276
2422 531 00059,242253100059,FBT41018
2422 531 00061,242253100061,FBT41226
2422 531 00062,242253100062,FBT41224
2422 531 00063,242253100063,FBT41225
2422 531 00071,242253100071,FBT41277
2422 531 00072,242253100072,FBT41133
2422 531 00079,242253100079,FBT41226
2422 531 00081,242253100081,FBT41224
2422 531 00083,242253100083,FBT41173
2422 531 00084,242253100084,FBT41339
2422 531 00085,242253100085,FBT41225
2422 531 00089,242253100089,FBT41306
2422 531 02136,242253102136,FBT40382
2422 531 02154,242253102154,FBT40472
2422 531 02156,242253102156,FBT40487
2422 531 02166,242253102166,FBT40815
2422 531 02168,242253102168,FBT41055
2422 531 02171,242253102171,FBT40492
2422 531 02177,242253102177,FBT40186
2422 531 02178,242253102178,FBT40322
2422 531 02179,242253102179,FBT41094
2422 531 02205,242253102205,FBT40487
2422 531 02206,242253102206,FBT40754
2422 531 02208,242253102208,FBT40976
2422 531 02221,242253102221,FBT40472
2422 531 02223,242253102223,FBT40754
2422 531 02229,242253102229,FBT40747
2422 531 02231,242253102231,FBT41088
2422 531 02232,242253102232,FBT40186
2422 531 02233,242253102233,FBT40870
2422 531 02234,242253102234,FBT40322
2422 531 02262,242253102262,FBT41000
2422 531 02279,242253102279,FBT40801
2422 531 02282,242253102282,FBT41000
2422 531 02285,242253102285,FBT40816
2422 531 02297,242253102297,FBT40801
2422 531 02323,242253102323,FBT40749
2422 531 02324,242253102324,FBT40810
2422 531 02325,242253102325,FBT40817
2422 531 02326,242253102326,FBT40707
2422 531 02327,242253102327,FBT40707
2422 531 02336,242253102336,FBT40707
2422 531 02341,242253102341,FBT40757
2422 531 02361,242253102361,FBT40810
2422 531 02365,242253102365,FBT40709
2422 531 02368,242253102368,FBT40710
2422 531 02388,242253102388,FBT41006
2422 531 02393,242253102393,FBT40757
2422 531 02397,242253102397,FBT40855
2422 531 02407,242253102407,FBT41323
2422 531 02417,242253102417,FBT40966
2422 531 02421,242253102421,FBT40818
2422 531 02429,242253102429,FBT40859
2422 531 02431,242253102431,FBT40818
2422 531 02452,242253102452,FBT40991
2422 531 02464,242253102464,FBT40990
2422 531 02466,242253102466,FBT41198
2422 531 02467,242253102467,FBT41329
2422 531 02468,242253102468,FBT41243
2422 531 02469,242253102469,FBT41330
2422 531 02471,242253102471,FBT41206
2422 531 02475,242253102475,FBT41235
2422 531 02481,242253102481,FBT40848
2422 531 02482,242253102482,FBT41211
2422 531 02505,242253102505,FBT41325
2422 531 02506,242253102506,FBT40845
2422 531 02516,242253102516,FBT41125
2422 531 02519,242253102519,FBT41236
2422 531 02529,242253102529,FBT40948
2422 531 02531,242253102531,FBT41097
2422 531 02532,242253102532,FBT40852
2422 531 02542,242253102542,FBT41327
2422 531 02556,242253102556,FBT40799
2422 531 02557,242253102557,FBT41053
2422 531 02559,242253102559,FBT41098
2422 531 02574,242253102574,FBT41250
2422 531 02581,242253102581,FBT41331
2422 531 02586,242253102586,FBT41172
2422 531 02598,242253102598,FBT41199
2422 531 02599,242253102599,FBT41240
2422 531 02602,242253102602,FBT41233
2422 531 02611,242253102611,FBT41249
2422 531 02612,242253102612,FBT41234
2422 531 02613,242253102613,FBT41237
2422 531 02614,242253102614,FBT41238
2422 531 02615,242253102615,FBT41199
2422 531 02616,242253102616,FBT41240
2422 531 02638,242253102638,FBT41172
2422 531 02647,242253102647,FBT41227
2422 531 98025,242253198025,FBT40799
2422 531 98026,242253198026,FBT40823
2422 531 98047,242253198047,FBT41178
2422 531 98048,242253198048,FBT41177
2422 549 02221,242254902221,FBT40472
243.054,243054,FBT40025
2431800,2431800,FBT13733
243 288,243288,FBT13505
2432981,2432981,FBT13972
2432982,2432982,FBT13972
2433011,2433011,FBT13661
2433012,2433012,FBT13661
2433014,2433014,FBT13661
2433211,2433211,FBT13630
2433212,2433212,FBT13732
2433291,2433291,FBT13664
2433441,2433441,FBT13661
2433442,2433442,FBT13664
2433452,2433452,FBT13497
2433453,2433453,FBT13497
2433521,2433521,FBT13780
2433581,2433581,FBT13733
243.367,243367,FBT40025
2433751,2433751,FBT40002
2433752,2433752,FBT40002
2433891,2433891,FBT13758
2433892,2433892,FBT13538
2433893,2433893,FBT13758
2434002,2434002,FBT40095
2434272,2434272,FBT40034
2434274,2434274,FBT40003
2434393,2434393,FBT13974
2434451,2434451,FBT13823
2434455,2434455,FBT13845
2434494,2434494,FBT40172
243.451,243451,FBT40418
2434593,2434593,FBT40003
2434597,2434597,FBT40034
2434621,2434621,FBT40008
2434622,2434622,FBT40008
2435066,2435066,FBT40678
2435463,2435463,FBT13661
2435521,2435521,FBT40038
2435671,2435671,FBT40418
243.596,243596,FBT40024
2436201,2436201,FBT40057
2436202,2436202,FBT40057
2436211,2436211,FBT13505
2436218,2436218,FBT40218
2436913,2436913,FBT40631
24518.050,24518050,FBT40413
24518051,24518051,FBT40413
245 200 305 0101,2452003050101,FBT13616
246.367,246367,FBT40025
246.504,246504,FBT40024
246.568,246568,FBT13505
246.584,246584,FBT13729
2468003582101,2468003582101,FBT41394
2468003583102,2468003583102,FBT41395
2468003583301,2468003583301,FBT41122
249.134,249134,FBT13505
249.226,249226,FBT13729
249.361,249361,FBT13503
249.498,249498,FBT40418
249.811,249811,FBT13780
251 233 40,25123340,FBT40437
255.579.2,2555792,FBT40847
255 579 5,2555795,FBT40847
256.142,256142,FBT13823
256.216,256216,FBT13503
256.392,256392,FBT13729
256.504,256504,FBT40024
256.680,256680,FBT13664
256.686,256686,FBT13664
256.716,256716,FBT13503
256.755,256755,FBT13505
256.895,256895,FBT13729
256.967,256967,FBT13503
256.987,256987,FBT13504
258 30052,25830052,FBT40483
258 30061,25830061,FBT40755
258 30070,25830070,FBT40381
258 30071,25830071,FBT40381
258 30072,25830072,FBT40381
258 30073,25830073,FBT40381
258 30074,25830074,FBT40381
258 30101,25830101,FBT40392
258 30111,25830111,FBT41045
258 30131,25830131,FBT40989
258 30141,25830141,FBT40486
258 30151,25830151,FBT40498
25840050,25840050,FBT40542
25840051,25840051,FBT40542
259.686,259686,FBT13664
26-00124A,2600124A,FBT40941
260.482,260482,FBT13503
260.813,260813,FBT13846
260.926,260926,FBT13845
260.927,260927,FBT13823
26128051,26128051,FBT40451
26526.050,26526050,FBT40514
26526051,26526051,FBT40514
266.089,266089,FBT13780
266.634,266634,FBT13828
266.680,266680,FBT13664
266.821,266821,FBT13845
268 30901,26830901,FBT40385
268 30902,26830902,FBT40385
268 30903,26830903,FBT40385
268 30912,26830912,FBT40386
268 30913,26830913,FBT40386
268 31073,26831073,FBT40989
268 31193,26831193,FBT40754
268 31830,26831830,FBT41354
268 31832,26831832,FBT41354
268 31833,26831833,FBT41354
27003.050,27003050,FBT40600
27373.050,27373050,FBT40965
274001,274001,FBT40438
274004,274004,FBT40522
274007,274007,FBT40438
274008,274008,FBT40522
276-016399,276016399,FBT13793
276-019983,276019983,FBT13481
276-10007,27610007,FBT13794
276-10873,27610873,FBT13637
276-10873.050,27610873050,FBT13637
276-11895,27611895,FBT13794
276-11895.050,27611895050,FBT13794
276-13268,27613268,FBT13637
276-13772,27613772,FBT13721
276-14356,27614356,FBT13792
276-14419,27614419,FBT13721
276-14449,27614449,FBT13794
276-16201,27616201,FBT13793
276-16399,27616399,FBT13793
276-16873,27616873,FBT13792
276-17164,27617164,FBT13793
276-17935,27617935,FBT13481
276-18872,27618872,FBT40389
276-18872.050,27618872050,FBT40389
276-19813,27619813,FBT13793
276-19983,27619983,FBT40190
276-20695,27620695,FBT40190
276-22100,27622100,FBT40534
276-22100.050,27622100050,FBT40534
276-22709,27622709,FBT41405
276-23386,27623386,FBT41142
276-23386.050,27623386050,FBT41142
276-23665,27623665,FBT40518
276-23665.050,27623665050,FBT40518
276-23665.051,27623665051,FBT40518
276-23916,27623916,FBT40614
276-24005,27624005,FBT40416
276-24005.050,27624005050,FBT40416
276-24512,27624512,FBT40379
276-24512050,27624512050,FBT40379
276-24512.50,2762451250,FBT40379
276-24513,27624513,FBT40451
276-24513.050,27624513050,FBT40451
276-24518,27624518,FBT40413
276-24518.050,27624518050,FBT40413
276-24518.051,27624518051,FBT40413
276-24658,27624658,FBT41036
276-24658050,27624658050,FBT41036
276-25840,27625840,FBT40542
276-25840.050,27625840050,FBT40542
276-25840.051,27625840051,FBT40542
276-26058,27626058,FBT40379
276-26058050,27626058050,FBT40379
276-26128,27626128,FBT40451
276-26128050,27626128050,FBT40451
276-26128050,27626128050,FBT40518
276-26128.051,27626128051,FBT40451
276-26160,27626160,FBT41064
276-26180,27626180,FBT40599
276-26180.050,27626180050,FBT40599
276-26526,27626526,FBT40514
276-26526.050,27626526050,FBT40514
276-26779,27626779,FBT40541
276-26779.050,27626779050,FBT40541
276-27003,27627003,FBT40600
276-27003.050,27627003050,FBT40600
276-27373,27627373,FBT40714
276-27373,27627373,FBT40965
276-27373.050,27627373050,FBT40714
276-27373.050,27627373050,FBT40965
276-27373.051,27627373051,FBT40965
276-27397,27627397,FBT40713
276-27397.050,27627397050,FBT40713
276-28032,27628032,FBT40974
276-28032.050,27628032050,FBT40974
276-28670,27628670,FBT40833
276-28670.050,27628670050,FBT40833
276-28716,27628716,FBT40849
276-28716.050,27628716050,FBT40849
276-28717,27628717,FBT40820
276-28718,27628718,FBT40819
276-28718.050,27628718050,FBT40819
276-28946,27628946,FBT40923
276-28946.050,27628946050,FBT40923
276-29096,27629096,FBT40829
276-29176,27629176,FBT40830
276-29176.050,27629176050,FBT40830
276-29198,27629198,FBT40831
276-29198.050,27629198050,FBT40831
276-29750,27629750,FBT40971
276-29750.050,27629750050,FBT40971
276-30744,27630744,FBT41013
276-30744.050,27630744050,FBT41013
276-31440,27631440,FBT41122
276-31623,27631623,FBT41137
276-32446,27632446,FBT41395
276-32447,27632447,FBT41394
276.579,276579,FBT13780
276-90155.981,27690155981,FBT13793
276-90218.997,27690218997,FBT40551
276-90219.913,27690219913,FBT40173
276-90289.951,27690289951,FBT40389
276-90330.955,27690330955,FBT40190
276-90353.982,27690353982,FBT40551
28010251,28010251,FBT13661
28021200,28021200,FBT13842
28026030,28026030,FBT13981
28028800,28028800,FBT40419
28029110,28029110,FBT13823
28030001,28030001,FBT40021
28030048,28030048,FBT40883
28030055,28030055,FBT40391
28070590,28070590,FBT41084
28100-001.01,2810000101,FBT40330
28100-001.0100,281000010100,FBT40330
28100-001.03,2810000103,FBT40727
28100-001.0300,281000010300,FBT40727
28100-001.05,2810000105,FBT40331
28100-001.0500,281000010500,FBT40331
2825010,2825010,FBT40418
2825010-502,2825010502,FBT40418
282793,282793,FBT13849
2859-129-0109,28591290109,FBT40081
2859-131-0106,28591310106,FBT40080
2859-135-010,2859135010,FBT40080
2859-135-0106,28591350106,FBT40080
2859-135-0108,28591350108,FBT40080
2859-136-010,2859136010,FBT40081
2859-136-0101,28591360101,FBT40081
2859-152-170,2859152170,FBT40102
2859-152-1708,28591521708,FBT40102
2859-152-910,2859152910,FBT40102
28670050,28670050,FBT40833
28718.050,28718050,FBT40819
29176050,29176050,FBT40830
29201-022.01,2920102201,FBT13743
29201-022.02,2920102202,FBT13743
29201-022.03,2920102203,FBT40063
29201-022.04,2920102204,FBT40063
29201-024.01,2920102401,FBT13743
29201-024.04,2920102404,FBT13743
29201-024.11,2920102411,FBT40061
29201-024.11 B,2920102411B,FBT40061
29201-025.01,2920102501,FBT40064
29201-025.02,2920102502,FBT40064
29201-025.03,2920102503,FBT40065
29201-025.19,2920102519,FBT40547
29201-028.01,2920102801,FBT40058
29201-028.02,2920102802,FBT40058
29201-028.03,2920102803,FBT40099
29201-028.53,2920102853,FBT40240
29201-028.54,2920102854,FBT40241
29201-028.55,2920102855,FBT40242
29201-029.01,2920102901,FBT40067
29201-029.02,2920102902,FBT40068
29201-029.04,2920102904,FBT40069
29201-029.05,2920102905,FBT40097
29201-029.08,2920102908,FBT40326
29201-029.09,2920102909,FBT40626
29201-029.10,2920102910,FBT40327
29201-029.51,2920102951,FBT40329
29201-029.52,2920102952,FBT40330
29201-029.58,2920102958,FBT40724
29201-029.59,2920102959,FBT40331
29201-029.60,2920102960,FBT40726
29201-029.63,2920102963,FBT40766
29201-029.64,2920102964,FBT40726
29201-029.65,2920102965,FBT40543
29201-029.66,2920102966,FBT40727
29201-030.08,2920103008,FBT40332
29201-030:08,29201030:08,FBT40332
29201-031.53,2920103153,FBT40333
29201-031.54,2920103154,FBT40334
29201-031.55,2920103155,FBT40335
29201-031.56,2920103156,FBT40546
29201-031.56 A,2920103156A,FBT40546
29201-031.57,2920103157,FBT40701
29201-031.60,2920103160,FBT40434
29201-031.62,2920103162,FBT40728
29201-031.62 B,2920103162B,FBT40728
29201-031.63,2920103163,FBT40550
29201-031.66,2920103166,FBT40550
29201-031.68,2920103168,FBT41037
29201-033.01,2920103301,FBT40679
29201-260.44,2920126044,FBT40359
29201-653-01,2920165301,FBT40532
29201-653.02,2920165302,FBT40744
29201-653.0201,292016530201,FBT40744
29201-653.0202,292016530202,FBT40744
29201-653.0300,292016530300,FBT40744
29201-653.0301,292016530301,FBT40744
29201-653.11,2920165311,FBT40744
29201-653.1101,292016531101,FBT40744
29201-653.12,2920165312,FBT40858
29201-653.1201,292016531201,FBT40858
29201-653.1203,292016531203,FBT40858
29201-653.97,2920165397,FBT40744
29201-653.9702,292016539702,FBT40744
29201-653.9702-03,29201653970203,FBT40744
29201-654.01,2920165401,FBT40869
29201-654.0101,292016540101,FBT40869
29201-665.01,2920166501,FBT40928
29201-665.0101,292016650101,FBT40928
29201-665.02,2920166502,FBT40846
29201-665.0201,292016650201,FBT40846
29201-665.03,2920166503,FBT40898
29201-665.0301,292016650301,FBT40898
29201-665.04,2920166504,FBT40900
29201-665.0401,292016650401,FBT40900
29201-665.05,2920166505,FBT40901
29201-665.0501,292016650501,FBT40901
29201-665.06,2920166506,FBT41067
29201-665.0601,292016650601,FBT41067
29201-665.11,2920166511,FBT40993
29201-665.1103,292016651103,FBT40993
29201-665.12,2920166512,FBT41037
29201-665.1201,292016651201,FBT41037
29201-665.13,2920166513,FBT41068
29201-665.1301,292016651301,FBT41068
29201-665.21,2920166521,FBT41356
29201-665.2101,292016652101,FBT41356
29201-665.22,2920166522,FBT40897
29201-665.2201,292016652201,FBT40897
29201-665:0201,29201665:0201,FBT40846
29201-666.01,2920166601,FBT40899
29201-666.0101,292016660101,FBT40899
29201-666.02,2920166602,FBT41069
29201-666.0201,292016660201,FBT41069
29201-680.01,2920168001,FBT40359
29201-680.0100,292016800100,FBT40359
29201-680.02,2920168002,FBT40779
29201-680.0200,292016800200,FBT40779
29201-680.03,2920168003,FBT40803
29201-680.0300,292016800300,FBT40803
29201-680.04,2920168004,FBT40857
29201-680.0401,292016800401,FBT40857
29201-680.0501,292016800501,FBT40789
29201-680.06,2920168006,FBT40879
29201-680.0601,292016800601,FBT40879
29201-680.07,2920168007,FBT40880
29201-680.0701,292016800701,FBT40880
29201-680.08,2920168008,FBT40881
29201-680.0801,292016800801,FBT40881
29201-680.09,2920168009,FBT40882
29201-680.0901,292016800901,FBT40882
29201-680.10,2920168010,FBT40878
29201-680.1001,292016801001,FBT40878
29221-022.01,2922102201,FBT13743
29221-022.02,2922102202,FBT13743
29221-022.04,2922102204,FBT40063
29221-024.04,2922102404,FBT13743
29221-024.11,2922102411,FBT40061
29221-025.02,2922102502,FBT40064
29221-025.03,2922102503,FBT40065
29221-025.19,2922102519,FBT40547
29221-028.01,2922102801,FBT40058
29221-028.02,2922102802,FBT40058
29221-028.53,2922102853,FBT40240
29221-028.54,2922102854,FBT40241
29221-029.01,2922102901,FBT40067
29221-029.02,2922102902,FBT40068
29221-029.04,2922102904,FBT40069
29221-029.05,2922102905,FBT40097
29221-029.08,2922102908,FBT40326
29221-029.09,2922102909,FBT40626
29221-029.10,2922102910,FBT40327
29221-029.51,2922102951,FBT40329
29221-029.51 A,2922102951A,FBT40329
29221-029.52,2922102952,FBT40330
29221-029.5200,292210295200,FBT40330
29221-029.52 A,2922102952A,FBT40330
29221-029.58,2922102958,FBT40724
29221-029.59,2922102959,FBT40331
29221-029.5900,292210295900,FBT40331
29221-029.59 A,2922102959A,FBT40331
29221-029.60,2922102960,FBT40726
29221-029.6000,292210296000,FBT40726
29221-029.63,2922102963,FBT40766
29221-029.6300,292210296300,FBT40766
29221-029.64,2922102964,FBT40726
29221-029.65,2922102965,FBT40543
29221-029.6500,292210296500,FBT40543
29221-029.66,2922102966,FBT40727
29221-029.6600,292210296600,FBT40727
29221-030.08,2922103008,FBT40332
29221-030.08 B,2922103008B,FBT40332
29221-031.53,2922103153,FBT40333
29221-031.53 A,2922103153A,FBT40333
29221-031.54,2922103154,FBT40334
29221-031.54 A,2922103154A,FBT40334
29221-031.54 B,2922103154B,FBT40334
29221-031.54 C,2922103154C,FBT40334
29221-031.54 H,2922103154H,FBT40334
29221-031.55,2922103155,FBT40335
29221-031.5500,292210315500,FBT40335
29221-031.56,2922103156,FBT40546
29221-031.56 A,2922103156A,FBT40546
29221-031.56 B,2922103156B,FBT40546
29221-031.57,2922103157,FBT40701
29221-031.5700,292210315700,FBT40701
29221-031.60 A,2922103160A,FBT40434
29221-031.62,2922103162,FBT40728
29221-031.63,2922103163,FBT40550
29221-031.63 A,2922103163A,FBT40550
29221-031.63 H,2922103163H,FBT40550
29221-031.66,2922103166,FBT40550
29221-031.6600,292210316600,FBT40550
29221-031.68,2922103168,FBT41037
29221-031.6800,292210316800,FBT41037
29221-033.01,2922103301,FBT40679
29221-665.0601,292216650601,FBT41067
29221-680.01,2922168001,FBT40359
294.261,294261,FBT13503
294.361,294361,FBT13503
295 741 3,2957413,FBT40915
2G25010-502,2G25010502,FBT40418
30001412,30001412,FBT41207
30001473,30001473,FBT41201
30001482,30001482,FBT41202
30001552,30001552,FBT41204
30001712,30001712,FBT41218
30002048,30002048,FBT40499
30002050,30002050,FBT40601
30002051,30002051,FBT40601
30002051,30002051,FBT40782
30002053,30002053,FBT41016
30002054,30002054,FBT40681
30002055,30002055,FBT40711
30002060,30002060,FBT40787
30002061,30002061,FBT40786
30002064,30002064,FBT40681
30002826,30002826,FBT40782
30004.00,3000400,FBT40020
30004522,30004522,FBT40342
30006740,30006740,FBT41017
30006998,30006998,FBT40711
30007.00,3000700,FBT41049
30007.01,3000701,FBT41049
30007803,30007803,FBT40847
30008.00,3000800,FBT41049
30008.01,3000801,FBT41049
30010.00,3001000,FBT40117
3001039,3001039,FBT13830
30012.00,3001200,FBT40020
30012.03,3001203,FBT40020
30012041,30012041,FBT40782
30012893,30012893,FBT40850
30013.00,3001300,FBT40369
30013.01,3001301,FBT40369
30014072,30014072,FBT40851
30014175,30014175,FBT40915
30014178,30014178,FBT40892
30014691,30014691,FBT40711
30014867,30014867,FBT40711
30015706,30015706,FBT40893
30015840,30015840,FBT41010
30015950,30015950,FBT40894
30016641,30016641,FBT40890
30016869,30016869,FBT40888
30016922,30016922,FBT40887
30017.00,3001700,FBT40362
30017.01,3001701,FBT40362
30017520,30017520,FBT41298
30017521,30017521,FBT41285
30017536,30017536,FBT40889
30017788,30017788,FBT41231
30017871,30017871,FBT40937
30018809,30018809,FBT41208
30020,30020,FBT40192
30021,30021,FBT40192
30021290,30021290,FBT41212
300228,300228,FBT40022
30037592,30037592,FBT41299
30037593,30037593,FBT41300
300468,300468,FBT40046
30053153,30053153,FBT40176
30058035,30058035,FBT13604
30059153,30059153,FBT40044
30070,30070,FBT40381
30071,30071,FBT40381
30072,30072,FBT40381
30082153,30082153,FBT40044
30101,30101,FBT43410
30102,30102,FBT43410
30150,30150,FBT40498
3038.0,30380,FBT40361
3071010,3071010,FBT40421
30773,30773,FBT40465
308 20411,30820411,FBT40854
308 20421,30820421,FBT40853
308 20481,30820481,FBT41079
308 20491,30820491,FBT41018
308 20521,30820521,FBT41014
308 20531,30820531,FBT41015
308 20551,30820551,FBT41062
308 20831,30820831,FBT41079
30902,30902,FBT40385
30910000,30910000,FBT40025
30910384,30910384,FBT40113
30911,30911,FBT40386
30912,30912,FBT40386
30913,30913,FBT40386
309 31 009,30931009,FBT40631
309 311 008,309311008,FBT40218
309 311 009,309311009,FBT40631
309 311 010,309311010,FBT40531
309 311 937,309311937,FBT13823
309 311 939,309311939,FBT13780
309 311 947,309311947,FBT13823
309 311 951,309311951,FBT13826
309 311 952,309311952,FBT13823
309 311 955,309311955,FBT13816
309 311 957,309311957,FBT13846
309 311 958,309311958,FBT13828
309 311 960,309311960,FBT13503
309 311 961,309311961,FBT13505
309 311 962,309311962,FBT13504
309 311 964,309311964,FBT13823
309 311 965,309311965,FBT13729
309 311 966,309311966,FBT13505
309 311 967,309311967,FBT13503
309 311 968,309311968,FBT13505
309 311 969,309311969,FBT13729
309 311 970,309311970,FBT13816
309 311 972,309311972,FBT13503
309 311 973,309311973,FBT40418
309 311 977,309311977,FBT13505
309 311 979,309311979,FBT40025
309 311 983,309311983,FBT13729
309 311 986,309311986,FBT40024
309 311 987,309311987,FBT13505
309 311 990,309311990,FBT40418
309 311 999,309311999,FBT13729
3100.1,31001,FBT40186
3100 138 31591,310013831591,FBT43413
31006153,31006153,FBT13964
3101 308 20421,310130820421,FBT40853
3101 308 20501,310130820501,FBT41173
31015153,31015153,FBT40010
31021153,31021153,FBT13964
31024153,31024153,FBT13830
31036153,31036153,FBT40162
3104 308 20411,310430820411,FBT40854
3104 308 20421,310430820421,FBT40853
3104 308 20481,310430820481,FBT41079
3104 308 20491,310430820491,FBT41018
3104 308 20501,310430820501,FBT41173
3104 308 20521,310430820521,FBT41014
3104 308 20531,310430820531,FBT41015
3104 308 20551,310430820551,FBT41062
3104 308 20621,310430820621,FBT40854
3104 308 20641,310430820641,FBT41228
3104 308 20741,310430820741,FBT41173
3104 308 20831,310430820831,FBT41079
3104 308 20941,310430820941,FBT41133
3104 308 21031,310430821031,FBT41173
31050153,31050153,FBT40045
3106 108 32171,310610832171,FBT40246
310 78 153,31078153,FBT40152
31100,31100,FBT40602
31100000,31100000,FBT13503
31100050,31100050,FBT40495
31101,31101,FBT40602
31102,31102,FBT40602
31103,31103,FBT40602
31104,31104,FBT40602
31105,31105,FBT40602
31112,31112,FBT40483
3111 258 30000,311125830000,FBT40193
3111 258 30001,311125830001,FBT40193
3111 258 30002,311125830002,FBT40193
3111 258 30020,311125830020,FBT40192
3111 258 30021,311125830021,FBT40192
3111 258 30022,311125830022,FBT40192
3111 258 30030,311125830030,FBT40385
3111 258 30031,311125830031,FBT40385
3111 258 30042,311125830042,FBT40602
3111 258 30052,311125830052,FBT40483
3111 258 30061,311125830061,FBT40755
3111 258 30070,311125830070,FBT40381
3111 258 30071,311125830071,FBT40381
3111 258 30072,311125830072,FBT40381
3111 258 30073,311125830073,FBT40381
3111 258 30074,311125830074,FBT40381
3111 258 30101,311125830101,FBT40392
3111 258 30111,311125830111,FBT41045
3111 258 30121,311125830121,FBT40602
3111 258 30131,311125830131,FBT40989
3111 258 30141,311125830141,FBT40486
3111 258 30151,311125830151,FBT40498
31114,31114,FBT40483
3119 108 31260,311910831260,FBT40057
3119 108 31262,311910831262,FBT40057
3119 108 31290,311910831290,FBT40186
3119 108 31291,311910831291,FBT40186
3119 108 31292,311910831292,FBT40186
3119 108 31293,311910831293,FBT40186
3119 108 31294,311910831294,FBT40186
3119 108 31330,311910831330,FBT40462
3119 108 31440,311910831440,FBT40322
3119 108 31441,311910831441,FBT40322
3119 108 31442,311910831442,FBT40322
3119 108 31550,311910831550,FBT40635
3119 108 31640,311910831640,FBT40765
3119 108 31650,311910831650,FBT40563
3119 108 31660,311910831660,FBT40925
3119 108 31670,311910831670,FBT40760
3119 108 62930,311910862930,FBT13830
3119 138 31291,311913831291,FBT40186
3122 108 10246,312210810246,FBT13818
3122 138 20120,312213820120,FBT40321
3122 138 20121,312213820121,FBT40321
3122 138 20122,312213820122,FBT40321
3122 138 20131,312213820131,FBT40057
3122 138 31250,312213831250,FBT13830
3122 138 36072,312213836072,FBT13818
3122 138 3630.,31221383630,FBT40232
3122 138 36866,312213836866,FBT43425
3122 138 36867,312213836867,FBT43425
3122 138 36920,312213836920,FBT13830
3122 138 36921,312213836921,FBT13830
3122 138 36922,312213836922,FBT13830
3122 138 36923,312213836923,FBT13830
3122 138 36924,312213836924,FBT13830
3122 138 36925,312213836925,FBT13830
3122 138 36926,312213836926,FBT13830
3122 138 36965,312213836965,FBT13820
3122 138 37010,312213837010,FBT13903
3122 138 37011,312213837011,FBT13903
3122 138 37012,312213837012,FBT13903
3122 138 37013,312213837013,FBT13903
3122 138 37014,312213837014,FBT13903
3122 138 37015,312213837015,FBT13903
3122 138 37050,312213837050,FBT40167
3122 138 37051,312213837051,FBT40167
3122 138 37053,312213837053,FBT40167
3122 138 37054,312213837054,FBT40167
3122 138 37055,312213837055,FBT40167
3122 138 37140,312213837140,FBT40246
3122 138 37340,312213837340,FBT13830
3122 138 37341,312213837341,FBT13830
3122 138 37342,312213837342,FBT13830
3122 138 37420,312213837420,FBT13830
3122 138 37421,312213837421,FBT13830
3122 138 37422,312213837422,FBT13830
3122 138 37423,312213837423,FBT13830
3122 138 37424,312213837424,FBT13830
3122 138 37425,312213837425,FBT13830
3122 138 37428,312213837428,FBT13830
3122 138 37590,312213837590,FBT43413
3122 138 37620,312213837620,FBT40057
3122 138 37622,312213837622,FBT40057
3122 138 37623,312213837623,FBT40057
3122 138 37624,312213837624,FBT40057
3122 138 37625,312213837625,FBT40057
3122 138 37626,312213837626,FBT40057
3122 138 37627,312213837627,FBT40057
3122 138 37628,312213837628,FBT40057
3122 138 37660,312213837660,FBT40057
3122 138 37661,312213837661,FBT40057
3122 138 37662,312213837662,FBT40057
3122 138 37663,312213837663,FBT40057
3122 138 37664,312213837664,FBT40057
3122 138 37665,312213837665,FBT40057
3122 138 37700,312213837700,FBT40171
3122 138 37701,312213837701,FBT40171
3122 138 37740,312213837740,FBT13830
3122 138 37741,312213837741,FBT13830
3122 138 37742,312213837742,FBT13830
3122 138 37743,312213837743,FBT13830
3122 138 37776,312213837776,FBT40171
3122 138 37777,312213837777,FBT40171
3122 138 37786,312213837786,FBT40096
3122 138 37830,312213837830,FBT13830
3122 138 37831,312213837831,FBT13830
3122 138 37832,312213837832,FBT13830
3122 138 37833,312213837833,FBT13830
3122 138 37835,312213837835,FBT13830
3122 138 37851,312213837851,FBT40369
3122 138 37931,312213837931,FBT40113
3122 138 37935,312213837935,FBT40113
3122 138 37936,312213837936,FBT40113
3122 138 38040,312213838040,FBT40186
3122 138 38041,312213838041,FBT40186
3122 138 38042,312213838042,FBT40186
3122 138 38043,312213838043,FBT40186
3122 138 38044,312213838044,FBT40186
3122 138 38045,312213838045,FBT40186
3122 138 38123,312213838123,FBT40179
3122 138 38124,312213838124,FBT40179
3122 138 38125,312213838125,FBT40179
3122 138 38194,312213838194,FBT13830
3122 138 38463,312213838463,FBT13830
3122 138 38493,312213838493,FBT40358
3122 138 38523,312213838523,FBT40177
3122 138 38524,312213838524,FBT40179
3122 138 38531,312213838531,FBT40462
3122 138 38532,312213838532,FBT40462
3122 138 38620,312213838620,FBT41039
3122 138 38621,312213838621,FBT41039
3122 138 38622,312213838622,FBT41039
3122 138 38691,312213838691,FBT40322
3122 198 36927,312219836927,FBT13830
3122 198 36929,312219836929,FBT13830
3122 198 37343,312219837343,FBT13830
3122 198 37344,312219837344,FBT13830
3122 198 37345,312219837345,FBT13830
3122 198 37835,312219837835,FBT13830
3122 258 30101,312225830101,FBT40392
3122 258 31762,312225831762,FBT41045
3122 265 31501,312226531501,FBT40870
3122 268 30771,312226830771,FBT40465
3122 268 30773,312226830773,FBT40465
3122 268 30900,312226830900,FBT40385
3122 268 30901,312226830901,FBT40385
3122 268 30902,312226830902,FBT40385
3122 268 30903,312226830903,FBT40385
3122 268 30911,312226830911,FBT40386
3122 268 30912,312226830912,FBT40386
3122 268 30913,312226830913,FBT40386
3122 268 31001,312226831001,FBT40186
3122 268 31072,312226831072,FBT40989
3122 268 31073,312226831073,FBT40989
3122 268 31190,312226831190,FBT40754
3122 268 31193,312226831193,FBT40754
3122 268 31500,312226831500,FBT40870
3122 268 31832,312226831832,FBT41354
3122 268 31833,312226831833,FBT41354
3122 268 31972,312226831972,FBT40747
3128 138 20020,312813820020,FBT40263
3128 138 20021,312813820021,FBT40263
3128 138 20022,312813820022,FBT40263
3128 138 20023,312813820023,FBT40263
3128 138 20034,312813820034,FBT40112
3128 138 20133,312813820133,FBT40057
3128 138 20162,312813820162,FBT40186
3128 138 20181,312813820181,FBT40532
3128 138 20200,312813820200,FBT40322
3128 138 20201,312813820201,FBT40322
3128 138 20202,312813820202,FBT40322
3128 138 20291,312813820291,FBT40179
3128 138 20311,312813820311,FBT40666
3128 138 20352,312813820352,FBT40322
3128 138 20362,312813820362,FBT40186
3128 138 20410,312813820410,FBT40762
3128 138 20411,312813820411,FBT40762
3128 138 20692,312813820692,FBT40707
3128 138 20732,312813820732,FBT40707
3128 138 20882,312813820882,FBT41316
3128 138 20890,312813820890,FBT41310
3128 138 20891,312813820891,FBT41310
3128 138 21121,312813821121,FBT40948
3128 138 21131,312813821131,FBT40859
3128 138 21341,312813821341,FBT41097
3128 138 21342,312813821342,FBT41097
3128 138 21351,312813821351,FBT41098
3128 138 21362,312813821362,FBT41177
3128 138 21411,312813821411,FBT41178
3128 138 21531,312813821531,FBT40852
3128 138 21620,312813821620,FBT41310
3128 138 21621,312813821621,FBT41310
3128 138 21622,312813821622,FBT41310
3128 138 21651,312813821651,FBT40853
3128 138 21721,312813821721,FBT40854
3128 138 21761,312813821761,FBT40861
3128 138 21921,312813821921,FBT41177
3128 138 22101,312813822101,FBT40987
3128 138 22151,312813822151,FBT41059
3128 138 22262,312813822262,FBT40894
3128 138 22671,312813822671,FBT40725
3128 138 22791,312813822791,FBT41001
3128 138 31084,312813831084,FBT40179
3128 138 31354,312813831354,FBT40227
3128 138 38040,312813838040,FBT40186
3128 268 21211,312826821211,FBT40782
3128 268 21212,312826821212,FBT40782
3128 268 21213,312826821213,FBT40782
3128 268 31971,312826831971,FBT40747
3130 108 30380,313010830380,FBT40361
3130 108 30450,313010830450,FBT40398
3130 108 30451,313010830451,FBT40398
3130 108 30457,313010830457,FBT40398
3130 108 30460,313010830460,FBT40398
3130 108 30461,313010830461,FBT40398
3130 108 30462,313010830462,FBT40398
3130 108 30470,313010830470,FBT40398
3130 108 30471,313010830471,FBT40398
3130 108 30472,313010830472,FBT40398
3130 108 30900,313010830900,FBT40704
3130 108 30940,313010830940,FBT40762
3130 108 30950,313010830950,FBT40762
3130 108 30970,313010830970,FBT40762
3130 108 30971,313010830971,FBT40762
3130 108 30972,313010830972,FBT40762
3130 108 30991,313010830991,FBT40762
3130 108 31011,313010831011,FBT40762
3130 108 31050,313010831050,FBT41020
3130 108 31051,313010831051,FBT41059
3130 108 31082,313010831082,FBT41020
3130 108 31083,313010831083,FBT41020
3130 108 63100,313010863100,FBT40398
3130 108 63110,313010863110,FBT40398
3138 108 30100,313810830100,FBT43410
3138 108 30101,313810830101,FBT43410
3138 108 30102,313810830102,FBT43410
3138 108 30103,313810830103,FBT43410
3139 128 30400,313912830400,FBT40057
313A 108 30991,313A10830991,FBT40762
313A 108 30992,313A10830992,FBT40762
313A 108 31050,313A10831050,FBT41020
313A 108 31051,313A10831051,FBT41059
313C 108 30991,313C10830991,FBT40762
313L 108 31200,313L10831200,FBT41376
313T 108 31200,313T10831200,FBT41376
313T 108 31210,313T10831210,FBT41375
3144 138 37593,314413837593,FBT43413
31500,31500,FBT40870
31501,31501,FBT40870
31501153,31501153,FBT40045
31502,31502,FBT40870
31623,31623,FBT41137
3169200,3169200,FBT13849
31751,31751,FBT40634
31752,31752,FBT40602
31760,31760,FBT41045
31761,31761,FBT41045
31762,31762,FBT41045
31763,31763,FBT41045
31830,31830,FBT41354
31832,31832,FBT41354
31833,31833,FBT41354
31972,31972,FBT40747
32002.02,3200202,FBT13823
32002.03,3200203,FBT13823
32008,32008,FBT13472
32008.00,3200800,FBT13472
32008.01,3200801,FBT13472
32009.00,3200900,FBT41050
32009.01,3200901,FBT41050
32015.00,3201500,FBT40470
3210 878 79011,321087879011,FBT41251
3210 908 15017,321090815017,FBT41251
3210 E22 37014,3210E2237014,FBT41251
3210 G09 40018,3210G0940018,FBT41251
3213005,3213005,FBT40523
3213008,3213008,FBT40523
3213009,3213009,FBT40523
3221008,3221008,FBT40469
32302.00,3230200,FBT13823
32308.00,3230800,FBT13472
32308.01,3230801,FBT13472
32309.00,3230900,FBT41050
32309.01,3230901,FBT41050
32309.02,3230902,FBT41050
32315.00,3231500,FBT40470
32315.01,3231501,FBT40470
32315.02,3231502,FBT40470
32320,32320,FBT40361
32330.00,3233000,FBT40368
32331.00,3233100,FBT40115
32334.00,3233400,FBT13505
32335.00,3233500,FBT13729
32336.00,3233600,FBT13729
32337.00,3233700,FBT40115
32337.02,3233702,FBT40115
32339.00,3233900,FBT13729
3243-31692,324331692,FBT13849
3243-31692.50,32433169250,FBT13849
3243-38329,324338329,FBT40411
3243-38913,324338913,FBT40094
3243-3891350,32433891350,FBT40094
32859-135-00,3285913500,FBT40080
32859-135-010,32859135010,FBT40080
32859-136-010,32859136010,FBT40081
32859-136-101,32859136101,FBT40081
32859-151-410,32859151410,FBT40081
32859-152-170,32859152170,FBT40102
32859-154-059,32859154059,FBT40088
32859-200-000,32859200000,FBT40553
32859-200-004,32859200004,FBT40188
32859-200-013,32859200013,FBT40554
32859-200-025,32859200025,FBT40655
33303.71,3330371,FBT13830
334 B 08105,334B08105,FBT40219
334 B 081050,334B081050,FBT40219
334 B 08106,334B08106,FBT40595
334 B 081060,334B081060,FBT40595
334 B 08109,334B08109,FBT40219
334 B 081090,334B081090,FBT40219
334 P 18505,334P18505,FBT40219
334 P 185050,334P185050,FBT40219
334 P 18506,334P18506,FBT40350
334 P 185060,334P185060,FBT40350
334 P 232010,334P232010,FBT40624
334 P 232-1,334P2321,FBT40624
334 P 243020,334P243020,FBT40806
334 P 243 A 20,334P243A20,FBT40806
34000832,34000832,FBT13782
34000863,34000863,FBT13782
34000887,34000887,FBT40019
34000887,34000887,FBT40043
34000911,34000911,FBT40251
34000928,34000928,FBT40372
341077,341077,FBT13830
3454/0004,34540004,FBT40154
350 777 30,35077730,FBT40811
351 757 40,35175740,FBT40832
3525009,3525009,FBT40381
352966018,352966018,FBT41033
352966020,352966020,FBT40227
358 382 20,35838220,FBT41072
358 383 90,35838390,FBT40715
3594,3594,FBT13661
3594.03,359403,FBT13661
3605.01,360501,FBT13664
3606.,3606,FBT13827
36061,36061,FBT13827
36070,36070,FBT13818
36071,36071,FBT13818
36072,36072,FBT13818
36073,36073,FBT13818
36074,36074,FBT13818
36075,36075,FBT13818
361 323 10,36132310,FBT41165
36212,36212,FBT13827
36252-1000046,362521000046,FBT13830
36701,36701,FBT13827
36702,36702,FBT13827
36704,36704,FBT13827
36761,36761,FBT13831
36762,36762,FBT13831
36764,36764,FBT13831
36832,36832,FBT13829
36833,36833,FBT13829
36834,36834,FBT13829
36835,36835,FBT13829
36920,36920,FBT13830
36921,36921,FBT13830
36922,36922,FBT13830
36923,36923,FBT13830
36924,36924,FBT13830
36926,36926,FBT13830
36961,36961,FBT13820
36962,36962,FBT13820
36963,36963,FBT13820
36964,36964,FBT13820
36965,36965,FBT13820
37-001541-38L,3700154138L,FBT40257
37004,37004,FBT13661
37004.01,3700401,FBT13661
37004.02,3700402,FBT13661
37005,37005,FBT13664
37005.02,3700502,FBT13664
37005.90,3700590,FBT13664
37005.92,3700592,FBT13664
37005.93,3700593,FBT13664
37007.02,3700702,FBT13782
37007.03,3700703,FBT13782
37010,37010,FBT13903
37010.00,3701000,FBT13661
37010.01,3701001,FBT13661
37010.50,3701050,FBT13661
37010.51,3701051,FBT13661
37010.90,3701090,FBT13661
37010.91,3701091,FBT13661
37011,37011,FBT13903
37012,37012,FBT13903
37015.00,3701500,FBT13664
37015.90,3701590,FBT13664
37028.01,3702801,FBT13775
37029.00,3702900,FBT13664
37029.01,3702901,FBT13664
37034.00,3703400,FBT13661
37035.00,3703500,FBT13664
37-050119-09 A,3705011909A,FBT41219
37-050119-09 BOX,3705011909BOX,FBT41219
37-050119-09 COX,3705011909COX,FBT41219
37-050119-10503,3705011910503,FBT41323
37-050119-1400 X,370501191400X,FBT41335
37-050119-163 AX,37050119163AX,FBT41235
37-050119-272RX,37050119272RX,FBT41238
37-050119-2760 X,370501192760X,FBT41240
37-050119-276 RX,37050119276RX,FBT41240
37-050119-8570 X,370501198570X,FBT41241
37-050119-8580 X,370501198580X,FBT41242
37051,37051,FBT40167
37052,37052,FBT40167
37053,37053,FBT40167
37054,37054,FBT40167
37055,37055,FBT40167
37102.00,3710200,FBT13646
37102.01,3710201,FBT13646
37140,37140,FBT40246
3714002,3714002,FBT40006
37141,37141,FBT40246
37304.00,3730400,FBT13661
37305.00,3730500,FBT13664
37310.00,3731000,FBT13661
37310.01,3731001,FBT13661
37339.00,3733900,FBT13664
37340,37340,FBT13830
37341,37341,FBT13830
37341.00,3734100,FBT13646
37342,37342,FBT13830
37344.00,3734400,FBT40367
37344.01,3734401,FBT40367
37365.00,3736500,FBT40961
37365.01,3736501,FBT40961
37365.02,3736502,FBT40961
37372.00,3737200,FBT40363
37373.00,3737300,FBT40367
37373.01,3737301,FBT40367
373760,373760,FBT13661
373770,373770,FBT13661
373780,373780,FBT13664
37379.00,3737900,FBT13664
37379.50,3737950,FBT13664
37380.00,3738000,FBT13664
37380.50,3738050,FBT13664
37384.00,3738400,FBT40366
37422,37422,FBT13830
37423,37423,FBT13830
37424,37424,FBT13830
37425,37425,FBT13830
37427,37427,FBT13830
37-501192-55R0 X,3750119255R0X,FBT41200
37-501192-76R0 X,3750119276R0X,FBT41205
37531.00,3753100,FBT13700
3753100-3243,37531003243,FBT13700
37532,37532,FBT13820
37533,37533,FBT13820
37591 TY,37591TY,FBT43413
37593,37593,FBT43413
37620,37620,FBT40057
37621,37621,FBT40057
37622,37622,FBT40057
37623,37623,FBT40057
37624,37624,FBT40057
37625,37625,FBT40057
37626,37626,FBT40057
37627,37627,FBT40057
37628,37628,FBT40057
37629,37629,FBT40057
37651,37651,FBT40167
37654,37654,FBT40167
37740,37740,FBT13830
37741,37741,FBT13830
37742,37742,FBT13830
37743,37743,FBT13830
37745,37745,FBT13830
37831,37831,FBT13830
37833,37833,FBT13830
37850,37850,FBT40369
37851,37851,FBT40369
37854,37854,FBT40369
37931,37931,FBT40113
37-BSC290-1650 X,37BSC2901650X,FBT41174
37-F05012-1400 X,37F050121400X,FBT41174
37F-B21201-9S2,37FB212019S2,FBT41058
37-FBA002-CAA0 C,37FBA002CAA0C,FBT41175
37-FCA001-EAAOC,37FCA001EAAOC,FBT41406
37-JF0101-002,37JF0101002,FBT41194
37-JF0101-0020 X,37JF01010020X,FBT41194
37-JF0501-A02,37JF0501A02,FBT41196
37-SC2502-79Q0 X,37SC250279Q0X,FBT41175
37-SC2901-01S0G,37SC290101S0G,FBT40717
38042,38042,FBT40186
38043,38043,FBT40186
38044,38044,FBT40186
3832900,3832900,FBT40411
38460,38460,FBT13830
38461,38461,FBT13830
38462,38462,FBT13830
38463,38463,FBT13830
38464,38464,FBT13830
38601,38601,FBT13830
38620,38620,FBT41039
38621,38621,FBT41039
38622,38622,FBT41039
38691,38691,FBT40322
38 913 00,3891300,FBT40094
38920,38920,FBT40057
38921,38921,FBT40057
38922,38922,FBT40057
38923,38923,FBT40057
38924,38924,FBT40057
4-001-003,4001003,FBT40119
400112.00,40011200,FBT13729
400112.01,40011201,FBT13729
401416 00,40141600,FBT13504
401483.00,40148300,FBT13729
401532.00,40153200,FBT40025
401532.01,40153201,FBT40025
401532AO,401532AO,FBT40025
401533.00,40153300,FBT40024
401533.01,40153301,FBT40024
401548.00,40154800,FBT40103
401548.00 C,40154800C,FBT40103
402031.00,40203100,FBT40072
402031.A0 C,402031A0C,FBT40072
4030001901,4030001901,FBT40424
4030001902,4030001902,FBT40424
4030001903,4030001903,FBT40424
4030001904,4030001904,FBT40424
4030001906,4030001906,FBT40580
4030001907,4030001907,FBT40499
4030001908,4030001908,FBT40601
4030001909,4030001909,FBT40601
4030001911,4030001911,FBT40601
4030001911,4030001911,FBT40782
4030001915,4030001915,FBT40782
4030001917,4030001917,FBT40681
4030001918,4030001918,FBT40711
4030001922,4030001922,FBT40711
4030002064,4030002064,FBT40681
403000211,403000211,FBT40342
4030002111,4030002111,FBT40342
4030002113,4030002113,FBT40342
403002111,403002111,FBT40342
403002113,403002113,FBT40342
40301907,40301907,FBT40499
40301910,40301910,FBT40499
40308-11,4030811,FBT40025
40308-12,4030812,FBT40024
40308-25,4030825,FBT40349
40308-28,4030828,FBT40530
40308-29,4030829,FBT40613
40308-30,4030830,FBT40094
40308-36,4030836,FBT40529
40308-40,4030840,FBT40632
40308-46,4030846,FBT40650
40308-47,4030847,FBT40650
40309-10,4030910,FBT40139
40309-10 C,4030910C,FBT40113
40309-10 C,4030910C,FBT40139
40309-10 NC,4030910NC,FBT40113
40309-10 NC,4030910NC,FBT40139
40309-11,4030911,FBT40112
40309-17,4030917,FBT40387
40309-17 NC,4030917NC,FBT40387
40309-19,4030919,FBT40384
40309-21,4030921,FBT40139
40309-24,4030924,FBT40420
40309-26 NC,4030926NC,FBT40387
4031001905,4031001905,FBT40424
4031001906,4031001906,FBT40580
40315-10,4031510,FBT13504
40315-17,4031517,FBT40174
4031705110,4031705110,FBT40787
4031705111,4031705111,FBT40786
40317-14,4031714,FBT40074
4031800111,4031800111,FBT40681
4031800113,4031800113,FBT40681
40325-39,4032539,FBT40739
40325-46,4032546,FBT40734
40325-53,4032553,FBT40735
40325-57,4032557,FBT40734
40325-58,4032558,FBT40735
40327-10,4032710,FBT40620
40327-11,4032711,FBT40621
40327-12,4032712,FBT40622
40327.13,4032713,FBT40654
40327-15,4032715,FBT40623
40327-19,4032719,FBT41403
40327-20,4032720,FBT40806
40327-22,4032722,FBT40768
40327-23,4032723,FBT40770
40327-26,4032726,FBT40768
40330-10,4033010,FBT40528
40330-11,4033011,FBT40528
40330-12,4033012,FBT40667
40330-14,4033014,FBT40234
40330-16,4033016,FBT40564
40330-19,4033019,FBT40405
40330-22,4033022,FBT40955
40330-26,4033026,FBT40528
40330-27,4033027,FBT40528
40330-28,4033028,FBT40482
40330-35,4033035,FBT40956
40330-39,4033039,FBT40992
40330-40,4033040,FBT40342
40330-42,4033042,FBT40731
40330-43,4033043,FBT41132
40330-44,4033044,FBT40667
40330-46,4033046,FBT40839
40330-46 C,4033046C,FBT40839
40330-47,4033047,FBT40811
40330-51,4033051,FBT40811
40330-53,4033053,FBT40811
40330-54,4033054,FBT40951
40330-55,4033055,FBT40832
40330-56,4033056,FBT40832
40330-56,4033056,FBT40951
40330-60,4033060,FBT40992
40330-66,4033066,FBT41180
40330-71,4033071,FBT41315
40331-01,4033101,FBT40395
40331-03,4033103,FBT40395
40331-06,4033106,FBT40395
40331-10,4033110,FBT40504
40331-11,4033111,FBT40504
40331-13,4033113,FBT40387
40331-14,4033114,FBT40387
40331-23,4033123,FBT40522
40331-25,4033125,FBT40113
40331-29,4033129,FBT40438
40331-30,4033130,FBT40380
40331-39,4033139,FBT40580
40331-39 C,4033139C,FBT40580
40331-40,4033140,FBT40395
40331-41,4033141,FBT40362
40331-45,4033145,FBT40395
40331-46,4033146,FBT40395
40331-47,4033147,FBT40499
40331-53,4033153,FBT40982
40331-53 C,4033153C,FBT40982
40332-06,4033206,FBT40437
40332-08,4033208,FBT40437
40332-10,4033210,FBT40555
40332-15,4033215,FBT40504
40332-16,4033216,FBT40660
40332-20,4033220,FBT40963
40332-20 C,4033220C,FBT40963
40332-22,4033222,FBT40342
40332-25,4033225,FBT40437
40332-26,4033226,FBT40555
40332-32,4033232,FBT40730
40332-34,4033234,FBT40555
40332-34 NC,4033234NC,FBT40555
40332-35,4033235,FBT40437
40332-35 NC,4033235NC,FBT40437
40332-37,4033237,FBT40437
40332-42,4033242,FBT41100
40332-43,4033243,FBT40135
40332-45,4033245,FBT40733
40332-47,4033247,FBT40426
40332-50,4033250,FBT13729
40332-51,4033251,FBT40103
40333-22,4033322,FBT40876
40337-02,4033702,FBT40738
40337-10,4033710,FBT40321
40337-11,4033711,FBT40183
40337-14,4033714,FBT40813
40337-16,4033716,FBT40601
40337-17,4033717,FBT40738
40337-19,4033719,FBT40601
40337-20,4033720,FBT40738
40337-21,4033721,FBT40813
40337-22,4033722,FBT40704
40337-26,4033726,FBT40762
40337-28,4033728,FBT40732
40337-30,4033730,FBT40762
40337-38,4033738,FBT41102
40337-43,4033743,FBT40736
40337-48,4033748,FBT40762
40337-49,4033749,FBT40784
40337-50,4033750,FBT40814
40337-53,4033753,FBT40762
40337-54,4033754,FBT40762
40337-55,4033755,FBT40753
40337-57,4033757,FBT40736
40337-60,4033760,FBT41020
40337-61,4033761,FBT40784
40337-61 C,4033761C,FBT40784
40337-62,4033762,FBT41020
40337-62 NC,4033762NC,FBT41020
40337-63,4033763,FBT40601
40337-63 C,4033763C,FBT40601
40337-65,4033765,FBT41059
40337-65 NC,4033765NC,FBT41059
40337-66,4033766,FBT41309
40337-67,4033767,FBT41020
40337-68,4033768,FBT40784
40337-69,4033769,FBT40753
40337-70,4033770,FBT41059
40337-70 NC,4033770NC,FBT41059
40337-74,4033774,FBT40753
40337-74 C,4033774C,FBT40753
40337-77,4033777,FBT40987
40337-80,4033780,FBT41092
40337-80 C,4033780C,FBT41092
40337-81,4033781,FBT40784
40337-81 C,4033781C,FBT40784
40337-82,4033782,FBT40753
40337-82 C,4033782C,FBT40753
40341-10,4034110,FBT40472
40342-10,4034210,FBT40487
40342-12,4034212,FBT40960
40347A-14,40347A14,FBT40832
40347A-15,40347A15,FBT40832
40347A-16,40347A16,FBT40951
40348-01,4034801,FBT40680
40348-02,4034802,FBT40681
40348-03,4034803,FBT40564
40348-05,4034805,FBT40810
40348-06,4034806,FBT40718
40348-17,4034817,FBT40861
40348A-01,40348A01,FBT40680
40348A-02,40348A02,FBT40681
40348A-03,40348A03,FBT40564
40348A-05,40348A05,FBT40810
40348A-06,40348A06,FBT40718
40348A-08,40348A08,FBT40818
40348A-09,40348A09,FBT40725
40348A-09 C,40348A09C,FBT40725
40348A-11,40348A11,FBT41083
40348A-12,40348A12,FBT40725
40348A-12 C,40348A12C,FBT40725
40348A-14,40348A14,FBT40797
40348A-14 C,40348A14C,FBT40797
40348A-20,40348A20,FBT41025
40348A-21,40348A21,FBT40905
40348A-22,40348A22,FBT41179
40348A-25,40348A25,FBT40894
40348A-25 C,40348A25C,FBT40894
40348A-37,40348A37,FBT41375
40348A-37 NC,40348A37NC,FBT41375
40348A-38,40348A38,FBT41376
40348A-38 NC,40348A38NC,FBT41376
40351A-1,40351A1,FBT41009
40351A-11,40351A11,FBT40932
40351A-11 NC,40351A11NC,FBT40932
40351A-12,40351A12,FBT41166
40351A-13,40351A13,FBT41001
40351A-4,40351A4,FBT41165
40351A-5,40351A5,FBT40950
40351A-9,40351A9,FBT41082
404045.61,40404561,FBT40091
413 799,413799,FBT40380
416 958,416958,FBT40436
4199.02,419902,FBT40043
420116,420116,FBT13780
420388,420388,FBT40435
422731,422731,FBT40436
423700,423700,FBT13758
423972,423972,FBT40985
425765,425765,FBT40759
425766,425766,FBT40748
427975,427975,FBT40862
429 019,429019,FBT40862
4298-03,429803,FBT40633
430368,430368,FBT40057
430572,430572,FBT40515
4324111,4324111,FBT41063
435042,435042,FBT40669
435 220,435220,FBT40794
435 877,435877,FBT40759
437 721,437721,FBT41127
439161,439161,FBT40759
439 188,439188,FBT40862
440760.00,44076000,FBT13729
440761.00,44076100,FBT13505
444 50 0058,444500058,FBT40526
444 50 0058.A2,444500058A2,FBT40526
444 50 0066,444500066,FBT40558
444 50 0074,444500074,FBT40560
444 50 0074.A2,444500074A2,FBT40560
444 50 0090,444500090,FBT40558
444 50 0090.A2,444500090A2,FBT40558
444 50 0101,444500101,FBT40526
444 50 0136,444500136,FBT40560
444 50 0144,444500144,FBT40513
444 50 0144.A2,444500144A2,FBT40513
444 50 0152,444500152,FBT40512
444 50 0160,444500160,FBT40785
444 50 0179,444500179,FBT40512
444 50 0179.A2,444500179A2,FBT40512
444 50 0206,444500206,FBT40557
444 50 0206.A1,444500206A1,FBT40557
444 50 0214,444500214,FBT40561
444 50 0214.A2,444500214A2,FBT40561
444 50 0222,444500222,FBT41385
444 50 0257,444500257,FBT41118
444 50 0257.A1,444500257A1,FBT41118
444 500 265,444500265,FBT41119
444 50 0265.A1,444500265A1,FBT41119
444 50 0335,444500335,FBT41120
444 50 0335.A1,444500335A1,FBT41120
444 50 0386,444500386,FBT41386
444 50 0386.A1,444500386A1,FBT41386
444 50 1004,444501004,FBT41387
444 50 1004.A1,444501004A1,FBT41387
444 50 1012,444501012,FBT41388
444 50 1012.A1,444501012A1,FBT41388
444 50 1211,444501211,FBT41390
444 50 1211.A1,444501211A1,FBT41390
444 50 1238,444501238,FBT41389
444 50 1238.A1,444501238A1,FBT41389
444 50 1410,444501410,FBT41392
444 50 1410.A1,444501410A1,FBT41392
444 50 1515,444501515,FBT41391
444 50 1515.A1,444501515A1,FBT41391
445615,445615,FBT40748
446 830,446830,FBT41085
4470034,4470034,FBT40264
447 054,447054,FBT41154
447 F 001,447F001,FBT13661
4515 0302,45150302,FBT13630
4515 0305,45150305,FBT13630
4515 0306,45150306,FBT13732
4515 0308,45150308,FBT13733
4515 0310,45150310,FBT13732
4515 0313,45150313,FBT13809
4515 0315,45150315,FBT13733
4515 0318,45150318,FBT13545
4515 0319,45150319,FBT13809
4515 0320,45150320,FBT13551
4515 0321,45150321,FBT13493
4515 0324,45150324,FBT13805
4515 0325,45150325,FBT13733
4515 0326,45150326,FBT13804
4515 0328,45150328,FBT13806
4515 0329,45150329,FBT13808
4515 0330,45150330,FBT13807
4515 0334,45150334,FBT13665
4515 0335,45150335,FBT13808
4515 0338,45150338,FBT13806
4515 0340,45150340,FBT13727
4515 0341,45150341,FBT13665
4515 0342,45150342,FBT40007
4515 0344,45150344,FBT13665
4515 0345,45150345,FBT13790
4515 0346,45150346,FBT13844
4515 0348,45150348,FBT13843
4515 0350,45150350,FBT13806
4515 0351,45150351,FBT13806
4515 0375,45150375,FBT13665
4515 0378,45150378,FBT13790
4515 0379,45150379,FBT40032
4515 0380,45150380,FBT40033
4515 0504,45150504,FBT40015
4515 0506,45150506,FBT40072
4515 0507,45150507,FBT40091
4515 0508,45150508,FBT40056
4515 0509,45150509,FBT40016
4515 0510,45150510,FBT40084
4515 0513,45150513,FBT40264
4515 0514,45150514,FBT40137
4515 0520,45150520,FBT40078
4515 0521,45150521,FBT40015
4515 0522,45150522,FBT40016
4515 0523,45150523,FBT40056
4515 0524,45150524,FBT40137
4515 0525,45150525,FBT40139
4515 0526,45150526,FBT40195
4515 0527,45150527,FBT40254
4515 0528,45150528,FBT40233
4515 0785,45150785,FBT40148
4515 0800,45150800,FBT40019
4515 8815,45158815,FBT40197
4515 8830,45158830,FBT40372
452001003,452001003,FBT13756
4523 1631,45231631,FBT40043
4532 0001,45320001,FBT40229
4536 0003,45360003,FBT40233
4536 0007,45360007,FBT41291
4536 0009,45360009,FBT40508
4536 0010,45360010,FBT40139
4536 0013,45360013,FBT40400
4536 0014,45360014,FBT40399
4536 0016,45360016,FBT41181
4536 0017,45360017,FBT40254
4536 0018,45360018,FBT40376
4536.0020,45360020,FBT40229
4536 0027,45360027,FBT40804
4536 0028,45360028,FBT40805
4536 0030,45360030,FBT41181
4536 0031,45360031,FBT40254
4536 0032,45360032,FBT40376
4536 0033,45360033,FBT40720
4536 0034,45360034,FBT40229
4536 0035,45360035,FBT41135
4536 0036,45360036,FBT40802
4536 0038,45360038,FBT40195
4536 0039,45360039,FBT40895
4536 0040,45360040,FBT40793
4536 0041,45360041,FBT40884
4536 0044,45360044,FBT40781
4536 0045,45360045,FBT40139
4536 0048,45360048,FBT40885
4536 0061,45360061,FBT40895
4536 0062,45360062,FBT40793
4536 0063,45360063,FBT41188
4536 0064,45360064,FBT40896
4536 0081,45360081,FBT40947
4536 0082,45360082,FBT40921
4536 0083,45360083,FBT40924
4536 0084,45360084,FBT40886
4536 0086,45360086,FBT40999
4536 0087,45360087,FBT41076
4536 0089,45360089,FBT41078
4536 0093,45360093,FBT41158
4536 0094,45360094,FBT41153
4536 0096,45360096,FBT41156
460001003,460001003,FBT41040
460001004,460001004,FBT13782
46090311,46090311,FBT13830
4609166569,4609166569,FBT13897
461550016,461550016,FBT41086
462001007,462001007,FBT13662
462001008,462001008,FBT13814
462001010,462001010,FBT13775
462001025,462001025,FBT13721
462001026,462001026,FBT13792
462001027,462001027,FBT13775
462001030,462001030,FBT13794
462001031,462001031,FBT41040
462001032,462001032,FBT13782
462001036,462001036,FBT13786
462001038,462001038,FBT13786
463003009,463003009,FBT13756
463003109,463003109,FBT13756
463003110,463003110,FBT13637
463003117,463003117,FBT13794
463003123,463003123,FBT13775
46310056,46310056,FBT40620
468 TX 807 CS,468TX807CS,FBT41083
470012.00,47001200,FBT13661
470014.00,47001400,FBT13664
470014.01,47001401,FBT13664
470034.81,47003481,FBT13503
470034.83,47003483,FBT40043
470035.64,47003564,FBT13729
470036.60,47003660,FBT40023
470036.62,47003662,FBT40740
47005481,47005481,FBT13503
470662.00,47066200,FBT13823
470943.00,47094300,FBT13664
470943.01,47094301,FBT13664
470943.02,47094302,FBT13664
47105189,47105189,FBT40133
47105289,47105289,FBT40133
471073.00,47107300,FBT13661
471077.01,47107701,FBT13775
471160.02,47116002,FBT13816
471160.03,47116003,FBT13816
471160.04,47116004,FBT13816
471320.02,47132002,FBT13817
472-20002-09,4722000209,FBT40045
472249.00,47224900,FBT13782
472352.00,47235200,FBT13823
472359.00,47235900,FBT13816
472359.01,47235901,FBT13816
472360.00,47236000,FBT13817
472360.01,47236001,FBT13817
472421.00,47242100,FBT13828
472421.01,47242101,FBT13828
472502.00,47250200,FBT13775
472623.00,47262300,FBT40019
472623.01,47262301,FBT40019
472623.02,47262302,FBT40019
472623.02 C,47262302C,FBT40019
472692.01,47269201,FBT40019
472692.02,47269202,FBT40019
472692.03,47269203,FBT40019
472725.00,47272500,FBT40162
472725.01,47272501,FBT40162
472725.02,47272502,FBT40162
472740.01,47274001,FBT40237
472741.00,47274100,FBT40019
472742.00,47274200,FBT40026
472745.00,47274500,FBT40162
472745.01,47274501,FBT40162
472745.02,47274502,FBT40162
472914.00,47291400,FBT40043
472914.01,47291401,FBT40043
472941.00,47294100,FBT13849
472941.01,47294101,FBT13849
472941.02,47294102,FBT13849
472949.00,47294900,FBT40026
473017.00,47301700,FBT13646
473026.00,47302600,FBT40073
473028.00,47302800,FBT40074
47303700,47303700,FBT13826
473056.00,47305600,FBT40129
473056.01,47305601,FBT40129
47305602,47305602,FBT40129
473058/00C,47305800C,FBT40633
473058.01,47305801,FBT40633
473063.00,47306300,FBT40198
473100.45,47310045,FBT40094
47310049,47310049,FBT40082
473100.50,47310050,FBT40531
473100.88,47310088,FBT13729
473 100 91,47310091,FBT40520
473100.96,47310096,FBT13729
473156.00,47315600,FBT40098
473175.44,47317544,FBT40094
473175.53,47317553,FBT40019
473175.54,47317554,FBT40251
473175.56,47317556,FBT40103
473175.56 C,47317556C,FBT40103
47317558,47317558,FBT40084
473175.66,47317566,FBT13505
473175.72,47317572,FBT13729
47317578,47317578,FBT40024
473175.99,47317599,FBT40098
473175F8,473175F8,FBT40084
473197.00,47319700,FBT40174
473200.00,47320000,FBT13505
473200.12,47320012,FBT40612
473 200 41,47320041,FBT40531
473200.48,47320048,FBT40538
473 200 65,47320065,FBT40538
47320082,47320082,FBT13729
473200.99,47320099,FBT40098
47320099C,47320099C,FBT40098
473201.00,47320100,FBT13503
473201.01,47320101,FBT13503
473201.02,47320102,FBT13503
473201.03,47320103,FBT13503
473201.04,47320104,FBT13503
473201.12,47320112,FBT40373
473202.03,47320203,FBT13503
47320224,47320224,FBT41030
473220112,473220112,FBT40119
473244.00,47324400,FBT40198
473261.00,47326100,FBT13786
473284.00,47328400,FBT13846
473284.01,47328401,FBT13846
473356.00,47335600,FBT40098
473356.01,47335601,FBT40098
478023.00,47802300,FBT40082
478045.00,47804500,FBT40411
479201-04,47920104,FBT13503
4806 140 17023,480614017023,FBT40246
4806 140 17067,480614017067,FBT40747
4806 140 17068,480614017068,FBT40666
4806 140 17077,480614017077,FBT41000
4806 140 17084,480614017084,FBT40801
4806 140 17089,480614017089,FBT41178
4812 140 10246,481214010246,FBT13818
4812 140 10247,481214010247,FBT13827
4812 140 10269,481214010269,FBT13831
4812 140 10271,481214010271,FBT13827
4812 140 10274,481214010274,FBT13829
4812 140 10294,481214010294,FBT13820
4812 140 10306,481214010306,FBT13830
4812 140 10325,481214010325,FBT40167
4812 140 10349,481214010349,FBT43410
4812 140 10353,481214010353,FBT13830
4812 140 10369,481214010369,FBT40057
4812 140 10421,481214010421,FBT40057
4822 140 10194,482214010194,FBT13827
4822 140 10246,482214010246,FBT13818
4822 140 10247,482214010247,FBT13827
4822 140 10269,482214010269,FBT13831
4822 140 10271,482214010271,FBT13827
4822 140 10274,482214010274,FBT13829
4822 140 10294,482214010294,FBT13820
4822 140 10294,482214010294,FBT13830
4822 140 10306,482214010306,FBT13830
4822 140 10325,482214010325,FBT40167
4822 140 10349,482214010349,FBT43410
4822 140 10353,482214010353,FBT13830
4822 140 10356,482214010356,FBT13830
4822 140 10367,482214010367,FBT13830
4822 140 10369,482214010369,FBT40057
4822 140 10375,482214010375,FBT43410
4822 140 10379,482214010379,FBT40057
4822 140 10381,482214010381,FBT43413
4822 140 10406,482214010406,FBT40186
4822 140 10421,482214010421,FBT40057
4822 140 10422,482214010422,FBT40057
4822 140 10441,482214010441,FBT40358
4822 140 10442,482214010442,FBT40462
4822 140 10474,482214010474,FBT40192
4822 140 10483,482214010483,FBT40193
4822 140 10501,482214010501,FBT40385
4822 140 10503,482214010503,FBT40465
4822 140 10505,482214010505,FBT40398
4822 140 10515,482214010515,FBT40386
4822 140 10525,482214010525,FBT40382
4822 140 10526,482214010526,FBT40602
4822 140 10527,482214010527,FBT40989
4822 140 10528,482214010528,FBT40483
4822 140 10543,482214010543,FBT40381
4822 140 10544,482214010544,FBT40322
4822 140 10545,482214010545,FBT40385
4822 140 10551,482214010551,FBT40392
4822 140 10552,482214010552,FBT40635
4822 140 10557,482214010557,FBT41055
4822 140 10559,482214010559,FBT40754
4822 140 10561,482214010561,FBT40492
4822 140 10562,482214010562,FBT40472
4822 140 10563,482214010563,FBT40487
4822 140 10564,482214010564,FBT40322
4822 140 10566,482214010566,FBT40186
4822 140 10567,482214010567,FBT40186
4822 140 10568,482214010568,FBT40870
4822 140 10569,482214010569,FBT40815
4822 140 10583,482214010583,FBT41094
4822 140 10586,482214010586,FBT40487
4822 140 10588,482214010588,FBT41354
4822 140 10595,482214010595,FBT40602
4822 140 10609,482214010609,FBT40186
4822 140 10611,482214010611,FBT40322
4822 140 10612,482214010612,FBT40747
4822 140 10615,482214010615,FBT41045
4822 140 10618,482214010618,FBT40754
4822 140 10621,482214010621,FBT40989
4822 140 10623,482214010623,FBT40486
4822 140 10629,482214010629,FBT41088
4822 140 10635,482214010635,FBT40498
4822 140 10637,482214010637,FBT40666
4822 140 10638,482214010638,FBT40747
4822 140 10639,482214010639,FBT40765
4822 140 10643,482214010643,FBT40563
4822 140 10647,482214010647,FBT40760
4822 140 10649,482214010649,FBT41000
4822 140 10651,482214010651,FBT40816
4822 140 10653,482214010653,FBT40925
4822 140 10664,482214010664,FBT40817
4822 140 10665,482214010665,FBT40810
4822 140 10666,482214010666,FBT40707
4822 140 10669,482214010669,FBT40749
4822 148 60321,482214860321,FBT40186
4822 148 81397,482214881397,FBT40354
4830 140 17017,483014017017,FBT40361
4830 140 17029,483014017029,FBT40762
4835 140 67116,483514067116,FBT40854
4848000,4848000,FBT13830
48632109000,48632109000,FBT40949
48632115000,48632115000,FBT40871
4863211600,4863211600,FBT40828
48632116000,48632116000,FBT40828
48632120000,48632120000,FBT40828
4900 020 073,4900020073,FBT13661
4900 039 661,4900039661,FBT13780
4900 063 776,4900063776,FBT13845
4900 067 861,4900067861,FBT13505
4900 068 298,4900068298,FBT13729
4900 069 299,4900069299,FBT13503
4900 071 471,4900071471,FBT40418
4900 071 821,4900071821,FBT13503
4900 075 983,4900075983,FBT40025
4900 076 153,4900076153,FBT13503
4900 076 983,4900076983,FBT40025
4900 078 302,4900078302,FBT13505
4900 078 458,4900078458,FBT40418
4900 078 955,4900078955,FBT40218
4900 078 955 S,4900078955S,FBT40218
4900 079 601,4900079601,FBT40024
4900 080 866,4900080866,FBT40631
49900 071 821,49900071821,FBT13503
500 878 90,50087890,FBT41334
50270126,50270126,FBT40052
5062690228,5062690228,FBT40960
5062690600,5062690600,FBT40684
50 BN 0093,50BN0093,FBT41086
50 BN 0100,50BN0100,FBT43305
50H0000075,50H0000075,FBT40010
50H0000088,50H0000088,FBT40155
50H0000119,50H0000119,FBT40226
50H0000120,50H0000120,FBT40265
50H0000121,50H0000121,FBT40539
50H0000124,50H0000124,FBT40265
50H0000134,50H0000134,FBT40393
50H0000142,50H0000142,FBT40393
50H0000152,50H0000152,FBT40491
50H0000155,50H0000155,FBT40393
50H0000164,50H0000164,FBT40902
50H0000167,50H0000167,FBT40902
50H0000174,50H0000174,FBT40393
50H0000177,50H0000177,FBT40473
50H0000181,50H0000181,FBT40708
50H0000200,50H0000200,FBT40931
50H0000202,50H0000202,FBT40741
50H0000204,50H0000204,FBT40752
50H0000205,50H0000205,FBT40758
50H0000206,50H0000206,FBT40756
50H0000211,50H0000211,FBT40722
50H0000214,50H0000214,FBT40741
50H0000215,50H0000215,FBT40795
50H0000216,50H0000216,FBT40822
50H0000225,50H0000225,FBT40891
50H0000229,50H0000229,FBT40903
50H0000233,50H0000233,FBT40908
50H0000234,50H0000234,FBT40909
50H0000235,50H0000235,FBT40904
50H0000238,50H0000238,FBT40934
50H0000240,50H0000240,FBT40978
50H0000242,50H0000242,FBT40930
50H0000250,50H0000250,FBT41171
50H0000252,50H0000252,FBT41170
50H0000260,50H0000260,FBT41343
50H0000262,50H0000262,FBT41284
50H0000273,50H0000273,FBT41359
50H0000277,50H0000277,FBT41280
50H0000278,50H0000278,FBT41282
50H0000279,50H0000279,FBT41278
50H0000301,50H0000301,FBT41281
50H0000312,50H0000312,FBT41319
5100-050014-00,510005001400,FBT41197
5100-050029-00,510005002900,FBT41192
5100-051100-00,510005110000,FBT41134
5100-051100-20,510005110020,FBT41134
5100-051101-00,510005110100,FBT41052
5101-051029-01,510105102901,FBT41192
5101-051305-00,510105130500,FBT41288
5101-051309-01,510105130901,FBT41328
51-13914-1,51139141,FBT40257
51-14145-1,51141451,FBT40257
51297300,51297300,FBT13596
513 24800,51324800,FBT40112
51F4-05001A-00,51F405001A00,FBT40256
51JE-051100-00,51JE05110000,FBT41134
51LC-051100-00,51LC05110000,FBT40256
51LC-05110U-00,51LC05110U00,FBT40256
523990732,523990732,FBT41398
525.567,525567,FBT13646
525.575,525575,FBT13646
525.577,525577,FBT13723
525.582,525582,FBT13661
525.583,525583,FBT13661
525.584,525584,FBT13664
525.585,525585,FBT13664
525.589,525589,FBT13661
525.590,525590,FBT13664
525.592,525592,FBT13664
525.593,525593,FBT13823
525.595,525595,FBT13664
525.596,525596,FBT13823
525.597,525597,FBT13816
525.598,525598,FBT13817
525.599,525599,FBT13816
525.620,525620,FBT13817
531 02166,53102166,FBT40815
531 02171,53102171,FBT40492
531 02177,53102177,FBT40186
531 02179,53102179,FBT41094
531 02201,53102201,FBT40487
531 02205,53102205,FBT40487
531 02208,53102208,FBT40976
531 02229,53102229,FBT40747
531 02231,53102231,FBT41088
531 02232,53102232,FBT40186
531 02234,53102234,FBT40322
531 02279,53102279,FBT40801
531 02282,53102282,FBT41000
531 02323,53102323,FBT40749
531 02324,53102324,FBT40810
531 02325,53102325,FBT40817
531 02326,53102326,FBT40707
531 02327,53102327,FBT40707
531 02365,53102365,FBT40709
531 02388,53102388,FBT41006
531 02397,53102397,FBT40855
531 02417,53102417,FBT40966
531 02429,53102429,FBT40859
531 02452,53102452,FBT40991
531 02464,53102464,FBT40990
531 02506,53102506,FBT40845
531 02529,53102529,FBT40948
531 02532,53102532,FBT40852
531 02557,53102557,FBT41053
531 02598,53102598,FBT41199
531100050,531100050,FBT40495
531 98025,53198025,FBT40799
531 98026,53198026,FBT40823
5322 140 10333,532214010333,FBT40232
534 TX 0103,534TX0103,FBT13661
534 TX 0120,534TX0120,FBT13664
534 TX 0122,534TX0122,FBT13661
534 TX 0133,534TX0133,FBT13780
534 TX 0142,534TX0142,FBT13823
534 TX 0152,534TX0152,FBT13664
534 TX 0173,534TX0173,FBT13816
534 TX 0178,534TX0178,FBT13816
534 TX 0182,534TX0182,FBT13817
534 TX 0189,534TX0189,FBT13817
534 TX 0208,534TX0208,FBT13828
534 TX 0214,534TX0214,FBT13823
534 TX 0219,534TX0219,FBT13826
534 TX 0222,534TX0222,FBT13826
534 TX 0249,534TX0249,FBT13505
534 TX 0257,534TX0257,FBT13729
534 TX 0258,534TX0258,FBT13729
534 TX 0261,534TX0261,FBT13504
534 TX 0262,534TX0262,FBT13503
534 TX 0263,534TX0263,FBT40074
534 TX 0267,534TX0267,FBT13503
534 TX 0269,534TX0269,FBT40418
534 TX 0271,534TX0271,FBT40025
534 TX 0272,534TX0272,FBT13729
534 TX 0273,534TX0273,FBT13503
534 TX 0274,534TX0274,FBT40024
534 TX 0279,534TX0279,FBT13505
534 TX 0280,534TX0280,FBT13729
534 TX 0281,534TX0281,FBT13504
534 TX 0285,534TX0285,FBT40418
534 TX 0286,534TX0286,FBT40025
534 TX 0291,534TX0291,FBT40218
534 TX 0298,534TX0298,FBT40395
534 TX 0303,534TX0303,FBT40613
534 TX 0304,534TX0304,FBT40349
534 TX 0306,534TX0306,FBT40521
534 TX 0318,534TX0318,FBT40530
534 TX 0339,534TX0339,FBT40538
534 TX 0349,534TX0349,FBT40538
534 TX 0350,534TX0350,FBT40531
534 TX 0406,534TX0406,FBT40437
534 TX 0407,534TX0407,FBT40395
534 TX 0408,534TX0408,FBT40395
534 TX 0410,534TX0410,FBT40437
534 TX 0411,534TX0411,FBT40528
534 TX 0422,534TX0422,FBT13503
534 TX 0424,534TX0424,FBT40650
534 TX 0426,534TX0426,FBT40528
534 TX 0435,534TX0435,FBT40437
546 61 037 0K,546610370K,FBT40766
546 62 013 0K,546620130K,FBT40724
546 62 021 0K,546620210K,FBT40726
546 62 025 0K,546620250K,FBT40728
546 62 036 0K,546620360K,FBT40550
546 62 037 0K,546620370K,FBT40727
546 62 039 0K,546620390K,FBT40701
560 290 70,56029070,FBT41292
560 290 7A,5602907A,FBT41292
5730001 A,5730001A,FBT40002
580.671,580671,FBT13756
580.671/4,5806714,FBT13756
58 10106-01,581010601,FBT13662
58 10106-02,581010602,FBT13662
58 10110-01,581011001,FBT13814
58 10110-02,581011002,FBT13814
581.120,581120,FBT13756
581.210,581210,FBT40019
581.210/5,5812105,FBT40019
581.327,581327,FBT40103
581.327/6,5813276,FBT40019
581.369,581369,FBT13995
58-61342-01,586134201,FBT13830
58-63748-01,586374801,FBT40250
58 65164-01,586516401,FBT40045
5908-05008A-AA,590805008AAA,FBT13964
5908-05009A-AA,590805009AAA,FBT13604
5908-05010A-AA,590805010AAA,FBT40176
5911-05012A-AA,591105012AAA,FBT13604
5911-05018A-AA,591105018AAA,FBT13964
5 TH 1000069,5TH1000069,FBT40010
5 TH 1000072,5TH1000072,FBT40044
5 TH 1000075,5TH1000075,FBT40010
5 THU 000063,5THU000063,FBT40044
5 THU 000069,5THU000069,FBT40010
602420001551,602420001551,FBT40784
60400000421,60400000421,FBT41093
604100000571,604100000571,FBT40749
6041 000 00601,604100000601,FBT41172
60412893,60412893,FBT13504
604200000210,604200000210,FBT40425
604200000240,604200000240,FBT40705
604200000261,604200000261,FBT13729
604200000271,604200000271,FBT40705
604200000280,604200000280,FBT40426
604200000291,604200000291,FBT40426
604200000330,604200000330,FBT40426
604200000341,604200000341,FBT40784
604200000361,604200000361,FBT40753
604200000371,604200000371,FBT40753
604200000381,604200000381,FBT41031
604200000421,604200000421,FBT41093
604200000431,604200000431,FBT41290
604200000541,604200000541,FBT41373
604200000551,604200000551,FBT40725
604200000561,604200000561,FBT40784
604200000581,604200000581,FBT40905
604200000721,604200000721,FBT40044
604200001551,604200001551,FBT40784
604200001571,604200001571,FBT40912
604200001591,604200001591,FBT40784
604200001611,604200001611,FBT41311
604200001631,604200001631,FBT41321
604200001651,604200001651,FBT41092
604200001661,604200001661,FBT40784
604200230,604200230,FBT40426
604200243270,604200243270,FBT13503
604200370110,604200370110,FBT13661
604200900001,604200900001,FBT40797
604200900011,604200900011,FBT40753
604200900021,604200900021,FBT40907
604200900051,604200900051,FBT41279
604290320011,604290320011,FBT40910
6045500,6045500,FBT40200
610 017 8564,6100178564,FBT13957
610 017 9974,6100179974,FBT40197
610 018 6811,6100186811,FBT13952
610 233 6078,6102336078,FBT41032
6161200,6161200,FBT40094
6164600,6164600,FBT40612
61646-3243,616463243,FBT40612
6174B-8001 A,6174B8001A,FBT40630
6174V-6002 A,6174V6002A,FBT41314
6174V-6002 B,6174V6002B,FBT41314
6174V-6002 F,6174V6002F,FBT41130
6174V-6002 K,6174V6002K,FBT41178
6174V-6002 T,6174V6002T,FBT41368
6174V-6003 E,6174V6003E,FBT41365
6174V-6003 Q,6174V6003Q,FBT41402
6174V-6003 X,6174V6003X,FBT41399
6174V-6006 E,6174V6006E,FBT41370
6174V-7002 B,6174V7002B,FBT40152
6174V-7002 C,6174V7002C,FBT40152
6174Z-1010 B,6174Z1010B,FBT41016
6174Z-1020 B,6174Z1020B,FBT41016
6174Z-6005 U,6174Z6005U,FBT41366
6174Z-6012 A,6174Z6012A,FBT41369
6174Z-8001 A,6174Z8001A,FBT40630
6174Z-8002 A,6174Z8002A,FBT40551
6174Z-8004 A,6174Z8004A,FBT41367
6174Z-8005 A,6174Z8005A,FBT41314
6174Z-8005 E,6174Z8005E,FBT41314
6174Z-8005 G,6174Z8005G,FBT41130
6174Z-8006 A,6174Z8006A,FBT40738
6174Z-8006 B,6174Z8006B,FBT40738
618371Q,618371Q,FBT43073
63-0196,630196,FBT40044
632039000,632039000,FBT13775
632041000,632041000,FBT13786
632043000,632043000,FBT13775
632044000,632044000,FBT40113
632045000,632045000,FBT13775
632047000,632047000,FBT40019
632047000,632047000,FBT40026
632048.00,63204800,FBT40162
632048000,632048000,FBT40162
632054000,632054000,FBT40113
632054100,632054100,FBT40113
632055000,632055000,FBT40026
632058000,632058000,FBT13786
632059000,632059000,FBT40026
632063000,632063000,FBT40023
632071000,632071000,FBT40454
632076000,632076000,FBT40341
632077000,632077000,FBT40360
632089000,632089000,FBT40409
632090000,632090000,FBT40706
632091000,632091000,FBT40429
632094000,632094000,FBT40742
632096000,632096000,FBT40405
63209800,63209800,FBT40408
632098000,632098000,FBT40408
632099000,632099000,FBT40706
632106000,632106000,FBT40977
632107000,632107000,FBT40745
632109000,632109000,FBT40949
63 60008-01,636000801,FBT13814
63 60008-02,636000802,FBT13814
64797.00,6479700,FBT40084
653.01,65301,FBT40532
6539702-02,653970202,FBT40744
65 692 00,6569200,FBT13503
695 99 0052,695990052,FBT40560
700402044,700402044,FBT13756
700402053,700402053,FBT13756
700402060,700402060,FBT40019
700402073,700402073,FBT40019
700402074,700402074,FBT40019
700402075,700402075,FBT40103
700402079,700402079,FBT40019
700402080,700402080,FBT40103
700402082,700402082,FBT40019
700402084,700402084,FBT40019
700402086,700402086,FBT40019
700402086,700402086,FBT40103
700402088,700402088,FBT40967
700402092,700402092,FBT40103
700402097,700402097,FBT40019
700402098,700402098,FBT40103
700402108,700402108,FBT40504
700402109,700402109,FBT40504
700402112,700402112,FBT40481
700402113,700402113,FBT40373
700402122,700402122,FBT40953
700402127,700402127,FBT40481
700402140,700402140,FBT40504
700402153,700402153,FBT40490
700402164,700402164,FBT40537
700402165,700402165,FBT40704
700402165,700402165,FBT40762
700402178,700402178,FBT40780
700402181,700402181,FBT40780
700402187,700402187,FBT40704
700402195,700402195,FBT40877
700402198,700402198,FBT40871
700402203,700402203,FBT40911
700402205,700402205,FBT40704
700402207,700402207,FBT40828
700402208,700402208,FBT40751
700402215,700402215,FBT40750
70 523 00,7052300,FBT40153
707955301,707955301,FBT43073
707956201,707956201,FBT40952
72002-000.0700,720020000700,FBT40331
72002-000.0800,720020000800,FBT40766
720203,720203,FBT40504
72 3164,723164,FBT13611
724 678 8,7246788,FBT43410
725 021 0,7250210,FBT13782
725 552 4,7255524,FBT13923
725 736 3,7257363,FBT13782
725 813 0,7258130,FBT13721
725 888 2,7258882,FBT13743
726 015 1,7260151,FBT13654
726 074 8,7260748,FBT13925
726 112 6,7261126,FBT13922
726 279 3,7262793,FBT13809
726 387 4,7263874,FBT13700
726 419 5,7264195,FBT13700
726 537 4,7265374,FBT40063
726 579 6,7265796,FBT13925
726 757 6,7267576,FBT40043
726 757 8,7267578,FBT40043
726 893 1,7268931,FBT13793
726 932 7,7269327,FBT13794
726 970 7,7269707,FBT13665
727 173 7,7271737,FBT13793
727 265 1,7272651,FBT40102
727 362 6,7273626,FBT13849
727 479 8,7274798,FBT40089
727 563 9,7275639,FBT40344
727 646 2,7276462,FBT40396
727 689 2,7276892,FBT13806
727 864 1,7278641,FBT13727
727 907 8,7279078,FBT13665
727 944 1,7279441,FBT40064
728 253 6,7282536,FBT40633
728 400 3,7284003,FBT13700
728 500 0,7285000,FBT40179
728 519 0,7285190,FBT40200
728 548 9,7285489,FBT40200
728 600 8,7286008,FBT40171
728 634 7,7286347,FBT40043
728 675 0,7286750,FBT13481
728 804 6,7288046,FBT40176
728 844 2,7288442,FBT13604
728 892 1,7288921,FBT40173
728 930 9,7289309,FBT40199
729 044 8,7290448,FBT13700
729 095 0,7290950,FBT40389
729 117 2,7291172,FBT13700
729 188 3,7291883,FBT40044
729 194 1,7291941,FBT40010
729 208 9,7292089,FBT40179
729 234 5,7292345,FBT40183
729 293 1,7292931,FBT40022
729 324 4,7293244,FBT40173
729 348 3,7293483,FBT13964
729 415 0,7294150,FBT40677
729 458 0,7294580,FBT40006
729 491 1,7294911,FBT40424
729 588 4,7295884,FBT40200
729 642 9,7296429,FBT40081
729 748 4,7297484,FBT40023
729 883 9,7298839,FBT40089
7445520,7445520,FBT40447
75 0025,750025,FBT13573
75 0816,750816,FBT13611
75 1427,751427,FBT13616
75 1593,751593,FBT13618
75 1596,751596,FBT13617
75 1972,751972,FBT13620
75 4368,754368,FBT13743
75 4549,754549,FBT40063
75 4795,754795,FBT13743
75 5036,755036,FBT40064
75 5057,755057,FBT40063
75 5513,755513,FBT40064
75 6172,756172,FBT40061
75 6353,756353,FBT40058
75 6570,756570,FBT40067
75 6598,756598,FBT40065
75 6947,756947,FBT40068
75 7184,757184,FBT40058
75 8266,758266,FBT40097
75 8485,758485,FBT40326
75 8503,758503,FBT40326
75 8871,758871,FBT40241
75 8914,758914,FBT40329
75955-045.08,7595504508,FBT40669
75955-045.0800,759550450800,FBT40669
75955-045.09,7595504509,FBT41106
75955-045.0900,759550450900,FBT41106
75955-058.02,7595505802,FBT41106
75955-058.0200,759550580200,FBT41106
75955-058.03,7595505803,FBT40662
75955-058.0300,759550580300,FBT40662
75955-058.04,7595505804,FBT40669
75955-058.0400,759550580400,FBT40669
75955-058.13,7595505813,FBT41106
75955-058.1300,759550581300,FBT41106
75955-093.0900,759550930900,FBT41382
75955-094.43,7595509443,FBT40809
75955-094.4300,759550944300,FBT40809
75955-095.00,7595509500,FBT41047
75955-095.0000,759550950000,FBT41047
75955-097.53,7595509753,FBT41108
75955-097.5300,759550975300,FBT41108
75955-097.7800,759550977800,FBT41264
75955-098.82,7595509882,FBT40669
75955-098.8200,759550988200,FBT40669
75955-098.8900,759550988900,FBT41345
75955-098.97,7595509897,FBT41071
75955-098.9700,759550989700,FBT41071
75955-099.54,7595509954,FBT40669
75955-099.5400,759550995400,FBT40669
75955-099.61,7595509961,FBT40906
75955-099.6100,759550996100,FBT40906
75955-105.84,7595510584,FBT41126
75955-105.8400,759551058400,FBT41126
75955-106.30,7595510630,FBT40939
75955-106.3000,759551063000,FBT40939
75955-107.6600,759551076600,FBT41186
75955-107.7500,759551077500,FBT41111
75955-107.8500,759551078500,FBT41273
75955-109.4900,759551094900,FBT41272
75955-109.58,7595510958,FBT41222
75955-109.5800,759551095800,FBT41222
75955-110.06,7595511006,FBT41313
75955-110.0600,759551100600,FBT41313
75955-110.81,7595511081,FBT41123
75955-110.8100,759551108100,FBT41123
75955-111.66,7595511166,FBT41312
75955-111.6600,759551116600,FBT41312
75955-112.20,7595511220,FBT41185
75955-112.2000,759551122000,FBT41185
75955-112.34,7595511234,FBT41189
75955-112.3400,759551123400,FBT41189
75955-112.59,7595511259,FBT41189
75955-112.5900,759551125900,FBT41189
75955-113.18,7595511318,FBT41185
75955-113.1800,759551131800,FBT41185
75955-113.31,7595511331,FBT41223
75955-113.3100,759551133100,FBT41223
75955-113.8500,759551138500,FBT41346
75955-115.5100,759551155100,FBT41229
75955-115.64,7595511564,FBT41184
75955-115.6400,759551156400,FBT41184
75955-116.30,7595511630,FBT41221
75955-116.3000,759551163000,FBT41221
75955-116.96,7595511696,FBT41274
75955-116.9600,759551169600,FBT41274
75955-116.98,7595511698,FBT41333
75955-116.9800,759551169800,FBT41333
75955-117.00,7595511700,FBT41361
75955-117.0000,759551170000,FBT41361
75955-121.02,7595512102,FBT40719
75955-121.0200,759551210200,FBT40719
75955-121.27,7595512127,FBT41360
75955-121.2700,759551212700,FBT41360
75955-121.6300,759551216300,FBT41272
75955-125.8400,759551258400,FBT41108
75955-126.9800,759551269800,FBT41342
75988-017.30,7598801730,FBT40354
75988-021.17,7598802117,FBT40186
75988-025.18,7598802518,FBT40322
75988-025.20,7598802520,FBT40870
75988-026.44,7598802644,FBT40322
75990-200.48,7599020048,FBT40387
75990-200.48,7599020048,FBT40438
75990-300.17,7599030017,FBT40438
75990-300.18,7599030018,FBT40387
75990-300.33,7599030033,FBT40522
766 654 8,7666548,FBT43413
775 084 7,7750847,FBT40251
775 248 8,7752488,FBT40190
775 531 7,7755317,FBT40380
775 597 8,7755978,FBT40200
775 765 1,7757651,FBT40058
775 788 3,7757883,FBT40067
775 914 5,7759145,FBT40148
776 054 9,7760549,FBT40424
776 091 1,7760911,FBT40099
776 127 3,7761273,FBT40190
776 144 8,7761448,FBT40173
776 145 5,7761455,FBT40551
776 155 4,7761554,FBT40097
776 189 3,7761893,FBT40113
776 424 4,7764244,FBT40089
776 816 1,7768161,FBT13786
776 975 5,7769755,FBT40421
777 094 4,7770944,FBT40139
777 181 9,7771819,FBT40240
777 183 5,7771835,FBT40242
777 186 8,7771868,FBT40241
777 283 3,7772833,FBT40372
781966,781966,FBT40425
8000000327,8000000327,FBT40798
8000000349,8000000349,FBT40602
8014080,8014080,FBT13664
8014084,8014084,FBT40237
8014196,8014196,FBT40938
8014212,8014212,FBT41002
8014213,8014213,FBT41011
80292700,80292700,FBT13503
80448460,80448460,FBT40025
8066 1900,80661900,FBT13503
8100 020 070,8100020070,FBT13661
8100 020 071,8100020071,FBT13661
8100 020 073,8100020073,FBT13661
8100 020 080,8100020080,FBT13661
8100 020 082,8100020082,FBT13661
8114 024 100,8114024100,FBT13664
8115 020 085,8115020085,FBT13664
8115 021 300,8115021300,FBT13664
8115 024 000,8115024000,FBT13664
8115 024 001,8115024001,FBT13664
8115 024 100,8115024100,FBT13664
8115 024 200,8115024200,FBT13664
8115 024 400,8115024400,FBT13664
8115 024 401,8115024401,FBT13664
8115 024 500,8115024500,FBT13664
8115 024 502,8115024502,FBT13664
8115 024 800,8115024800,FBT13664
8115 034 500,8115034500,FBT13664
8118 524 400,8118524400,FBT13664
817119,817119,FBT40109
818801,818801,FBT40153
8204 000 70371,820400070371,FBT40709
8204 000 73081,820400073081,FBT40855
8204 000 75001,820400075001,FBT41125
8204 000 75231,820400075231,FBT41079
8204 000 75241,820400075241,FBT41014
8206 270 08570,820627008570,FBT40976
8228 001 33243,822800133243,FBT40948
8228 001 38481,822800138481,FBT41310
823006,823006,FBT40199
8230 090 07174,823009007174,FBT40398
824404,824404,FBT40256
825101,825101,FBT40051
8391 620 100,8391620100,FBT13823
8393 810 300,8393810300,FBT13828
8493 803 500,8493803500,FBT13816
8493 803 501,8493803501,FBT13816
8493 803 502,8493803502,FBT13816
8493 804 100,8493804100,FBT13817
8493 809 200,8493809200,FBT13816
8493 809 300,8493809300,FBT13817
8493 810 300,8493810300,FBT13828
8504922096,8504922096,FBT41004
8504922097,8504922097,FBT41012
8504922287,8504922287,FBT40592
8518603,8518603,FBT13903
85-9835-5,8598355,FBT40129
8-598-803-00,859880300,FBT40834
8-598-818-00,859881800,FBT40489
8-598-818-10,859881810,FBT40489
8-598-822-00,859882200,FBT41296
8-598-834-00,859883400,FBT40835
8-598-834-10,859883410,FBT40835
8-598-834-30,859883430,FBT40835
8-598-834-40,859883440,FBT40835
8-598-834-50,859883450,FBT40835
8-598-851-10,859885110,FBT41295
8-598-851-20,859885120,FBT41295
8-598-851-40,859885140,FBT41295
8-598-851-50,859885150,FBT41295
8-598-851-51,859885151,FBT41295
8-598-951-00,859895100,FBT40489
8-598-951-01,859895101,FBT40489
8-598-951-02,859895102,FBT40489
8-598-952-00,859895200,FBT40488
8-598-952-01,859895201,FBT40488
8-598-952-30,859895230,FBT40488
8-598-986-00,859898600,FBT40838
8-598-986-10,859898610,FBT40838
8-598-988-00,859898800,FBT40594
8602 141 10163,860214110163,FBT40398
8602 141 91163,860214191163,FBT40398
8602 142 21161,860214221161,FBT40398
8602 142 21164,860214221164,FBT40398
8602 142 41161,860214241161,FBT40398
8602 142 41162,860214241162,FBT40398
8602 143 11081,860214311081,FBT40398
8602 143 11161,860214311161,FBT40398
8602 143 31081,860214331081,FBT40398
8602 143 31161,860214331161,FBT40398
8604 141 11163,860414111163,FBT40398
8 619 139 229,8619139229,FBT40354
8 627 000 841,8627000841,FBT13573
8 627 000 842,8627000842,FBT13611
8 627 105 491,8627105491,FBT13616
8 627 105 492,8627105492,FBT13617
8 627 105 493,8627105493,FBT13618
8 627 105 496,8627105496,FBT13620
8 627 105 497,8627105497,FBT13802
8632109000,8632109000,FBT40949
8632116000,8632116000,FBT40828
8 667 210 311,8667210311,FBT13573
8 667 210 312,8667210312,FBT13611
8 667 210 401,8667210401,FBT13616
8 667 210 402,8667210402,FBT13617
8 667 210 403,8667210403,FBT13618
8 667 210 420,8667210420,FBT13723
8 667 210 431,8667210431,FBT13733
8 667 210 471,8667210471,FBT13620
8 667 210 472,8667210472,FBT13802
8 669 433 200,8669433200,FBT13743
8 669 433 205,8669433205,FBT40064
8 669 433 207,8669433207,FBT40063
8 669 433 208,8669433208,FBT13743
8 669 433 212,8669433212,FBT40063
8 669 433 214,8669433214,FBT13743
8 669 433 260,8669433260,FBT40069
8 669 433 274,8669433274,FBT40097
8 669 435 201,8669435201,FBT40058
8 669 435 205,8669435205,FBT40061
8 669 435 208,8669435208,FBT40064
8 669 435 211,8669435211,FBT40065
8 669 435 220,8669435220,FBT40067
8 669 435 222,8669435222,FBT40068
8 669 435 246,8669435246,FBT40058
8 669 435 260,8669435260,FBT40069
8 669 435 274,8669435274,FBT40097
8 669 435 284,8669435284,FBT40099
8 669 435 299,8669435299,FBT40626
8 669 485 028,8669485028,FBT40242
8 669 485 030,8669485030,FBT40240
8 669 485 034,8669485034,FBT40327
8 669 485 043,8669485043,FBT40329
8 669 485 049,8669485049,FBT40332
8 669 485 052,8669485052,FBT40326
8 669 485 060,8669485060,FBT40334
8 669 485 069,8669485069,FBT40724
8 669 485 073,8669485073,FBT40335
8 669 485 075,8669485075,FBT40335
8 669 485 080,8669485080,FBT40434
8 669 485 087,8669485087,FBT40728
8 669 485 092,8669485092,FBT40726
8 669 485 328,8669485328,FBT40241
8 669 485 338,8669485338,FBT40330
8 669 485 346,8669485346,FBT40532
8 669 495 049,8669495049,FBT40332
8675 222 27051,867522227051,FBT40057
8675 222 27101,867522227101,FBT40057
8680 222 21021,868022221021,FBT40057
8680 222 21031,868022221031,FBT40057
8680 222 21033,868022221033,FBT40057
8680 222 21081,868022221081,FBT40057
8680 222 21111,868022221111,FBT40057
8680 222 21161,868022221161,FBT40057
8680 222 21251,868022221251,FBT40057
8680 222 22161,868022222161,FBT40057
8680 222 23281,868022223281,FBT40057
8680 222 23361,868022223361,FBT40057
8680 222 24051,868022224051,FBT40057
8680 222 28141,868022228141,FBT40057
8700402098,8700402098,FBT40103
8700402113,8700402113,FBT40373
8700402140,8700402140,FBT40504
8700482113,8700482113,FBT40373
88700402086,88700402086,FBT40019
88700402098,88700402098,FBT40103
88700402108,88700402108,FBT40504
88700402109,88700402109,FBT40504
88700402112,88700402112,FBT40481
88700402113,88700402113,FBT40373
88700402116,88700402116,FBT41358
88700402122,88700402122,FBT40953
88700402127,88700402127,FBT40481
88700402131,88700402131,FBT40373
88700402140,88700402140,FBT40504
88700402153,88700402153,FBT40490
88700402164,88700402164,FBT40537
88700402165,88700402165,FBT40704
88700402165,88700402165,FBT40762
88700402187,88700402187,FBT40704
88700402195,88700402195,FBT40877
88700402198,88700402198,FBT40871
88700402203,88700402203,FBT40911
88700402205,88700402205,FBT40704
88700402207,88700402207,FBT40828
88700402208,88700402208,FBT40751
88700402215,88700402215,FBT40750
88700402216,88700402216,FBT40780
88700402217,88700402217,FBT40911
88700402218,88700402218,FBT40828
88700482113,88700482113,FBT40373
88707955301,88707955301,FBT43073
8871 1823,88711823,FBT13733
8871 8861,88718861,FBT40015
8871 8888,88718888,FBT40148
88718897,88718897,FBT40139
8871 9051,88719051,FBT40229
9010 1149,90101149,FBT13662
90156 C,90156C,FBT40170
90218.997,90218997,FBT40551
90338966,90338966,FBT40550
90349.924,90349924,FBT41037
90353.982,90353982,FBT40551
90364962,90364962,FBT40701
90365936,90365936,FBT40744
90373912,90373912,FBT40899
90374983,90374983,FBT40869
905263,905263,FBT40165
910831550,910831550,FBT40635
92 29201-024.01,922920102401,FBT13743
9239 121 19730,923912119730,FBT40057
925 TX 1054,925TX1054,FBT13503
930702253,930702253,FBT13775
936351136,936351136,FBT40828
94-01026/0.1,940102601,FBT40368
94-1207/0.0,94120700,FBT40363
946369,946369,FBT13995
946369,946369,FBT40037
946392,946392,FBT41364
946416A,946416A,FBT40972
946549,946549,FBT40021
946549,946549,FBT40046
94857H,94857H,FBT40184
955 365 2,9553652,FBT13573
956 966 6,9569666,FBT13611
957 360 1,9573601,FBT13952
957 365 0,9573650,FBT13952
958 111 7,9581117,FBT13617
958 743 7,9587437,FBT13616
959 262 7,9592627,FBT13957
959 584 4,9595844,FBT40006
959 896 2,9598962,FBT13923
960 801,960801,FBT40200
9965 000 13903,996500013903,FBT41160
9965 000 15706,996500015706,FBT41174
9965 000 18124,996500018124,FBT41160
9965 000 18169,996500018169,FBT41176
9965 000 22819,996500022819,FBT41175
9965 000 23751,996500023751,FBT41199
9965 000 23823,996500023823,FBT41240
9965 000 24358,996500024358,FBT41175
9965 000 25984,996500025984,FBT41200
9965 000 26032,996500026032,FBT41335
9965 000 28530,996500028530,FBT41241
9965 000 28567,996500028567,FBT41242
9965 000 29033,996500029033,FBT41324
9965 000 29175,996500029175,FBT41245
9965 000 29455,996500029455,FBT41246
9965 000 30248,996500030248,FBT41206
9965 000 32965,996500032965,FBT41326
9965 000 33117,996500033117,FBT41236
9965 000 33359,996500033359,FBT41331
9965 000 33407,996500033407,FBT41240
9965 000 34733,996500034733,FBT41332
A04200000271,A04200000271,FBT40705
A1201-0007,A12010007,FBT40656
A1201-0033,A12010033,FBT40837
A1201-0070,A12010070,FBT41150
A26-00122A,A2600122A,FBT40942
A26-00123 A,A2600123A,FBT40969
A26-00132 A,A2600132A,FBT40913
A26-00197 A,A2600197A,FBT40994
A26-30005 Y,A2630005Y,FBT40980
AA26-00004 A,AA2600004A,FBT40836
AA26-00007 A,AA2600007A,FBT41347
AA26-00007 Q,AA2600007Q,FBT40837
AA26-00008 A,AA2600008A,FBT41355
AA26-00032 A,AA2600032A,FBT41353
AA26-00057 B,AA2600057B,FBT41381
AA26-00059 A,AA2600059A,FBT41355
AA26-00065 A,AA2600065A,FBT41377
AA26-00069 A,AA2600069A,FBT40942
AA26-00075,AA2600075,FBT40969
AA26-00080 A,AA2600080A,FBT40913
AA26-00082 A,AA2600082A,FBT40942
AA26-00084 A,AA2600084A,FBT40935
AA26-00086 A,AA2600086A,FBT40943
AA26-00088 A,AA2600088A,FBT40941
AA26-00105 A,AA2600105A,FBT40914
AA26-00112 A,AA2600112A,FBT40969
AA26-00116 A,AA2600116A,FBT41095
AA26-00122 A,AA2600122A,FBT40942
AA26-00123 A,AA2600123A,FBT40969
AA26-00124 A,AA2600124A,FBT40941
AA26-00131 A,AA2600131A,FBT40943
AA26-00132 A,AA2600132A,FBT40913
AA26-00145 A,AA2600145A,FBT40914
AA26-00147 A,AA2600147A,FBT40935
AA26-00171 A,AA2600171A,FBT41096
AA26-00173 A,AA2600173A,FBT41352
AA26-00187 A,AA2600187A,FBT41164
AA26-00192 A,AA2600192A,FBT41096
AA26-00196 A,AA2600196A,FBT40997
AA26-00197 A,AA2600197A,FBT40994
AA26-00201 A,AA2600201A,FBT41397
AA26-00211 A,AA2600211A,FBT40954
AA26-00213 A,AA2600213A,FBT41095
AA26-00218 A,AA2600218A,FBT41096
AA26-00219 A,AA2600219A,FBT41161
AA26-00222 A,AA2600222A,FBT40980
AA26-00223 A,AA2600223A,FBT41162
AA26-00230 A,AA2600230A,FBT41164
AA26-00236 A,AA2600236A,FBT41155
AA26-00237 A,AA2600237A,FBT41348
AA26-00240 A,AA2600240A,FBT41396
AA26-00250 A,AA2600250A,FBT41351
AA26-30001 H,AA2630001H,FBT40553
AA26-30001 J,AA2630001J,FBT40554
AA26-30001 N,AA2630001N,FBT40655
AA26-30001 Y,AA2630001Y,FBT40837
AA26-30003 A,AA2630003A,FBT41150
AA26-30003 C,AA2630003C,FBT40081
AA26-30003 G,AA2630003G,FBT40656
AA26-30004 D,AA2630004D,FBT41151
AA26-30005 Q,AA2630005Q,FBT41350
AA26-30005 S,AA2630005S,FBT40836
AA26-30005 U,AA2630005U,FBT40994
AA26-30005 V,AA2630005V,FBT40954
AA26-30005 Y,AA2630005Y,FBT40980
AA26-30006 E,AA2630006E,FBT41349
AFS 230,AFS230,FBT40060
AFS 244,AFS244,FBT41052
AFS 246,AFS246,FBT40436
AFS 247,AFS247,FBT40380
AFS 253,AFS253,FBT40183
AFS 254,AFS254,FBT40183
AFS 261,AFS261,FBT40473
AFS 270,AFS270,FBT40439
AFS 271,AFS271,FBT40596
AFS 282,AFS282,FBT40135
AFS 283,AFS283,FBT40322
AFS 294,AFS294,FBT40956
AFS 304,AFS304,FBT40705
AFS 310,AFS310,FBT40601
AFS 314,AFS314,FBT40705
AFS 341,AFS341,FBT40667
AFS 351,AFS351,FBT40748
AFS 360,AFS360,FBT40680
AT 110/25/20,AT1102520,FBT40073
AT 110/27/24,AT1102724,FBT40110
AT2,AT2,FBT40421
AT 2076/20692,AT207620692,FBT40707
AT 2076/81,AT207681,FBT40232
AT 2077/35,AT207735,FBT40389
AT 2077/3A,AT20773A,FBT13820
AT 2077/46 R,AT207746R,FBT43425
AT 2077/88,AT207788,FBT40167
AT 2078/20311,AT207820311,FBT40666
AT 2078/20882,AT207820882,FBT41316
AT 2078/21,AT207821,FBT40179
AT 2078/21341,AT207821341,FBT41097
AT 2078/21342,AT207821342,FBT41097
AT 2078/21351,AT207821351,FBT41098
AT 2078/21761,AT207821761,FBT40861
AT 2078/21791,AT207821791,FBT40995
AT 2078/21792,AT207821792,FBT40995
AT 2078/21801,AT207821801,FBT41025
AT 2078/21802,AT207821802,FBT41025
AT 2078/22671,AT207822671,FBT40725
AT 2078/24,AT207824,FBT40358
AT 2078/25,AT207825,FBT40177
AT 2078/40,AT207840,FBT40322
AT 2078/40 TB,AT207840TB,FBT40322
AT 2078/60,AT207860,FBT40322
AT 2079/09,AT207909,FBT13903
AT 2079/09T,AT207909T,FBT41039
AT 2079/10,AT207910,FBT13830
AT 2079/10 A,AT207910A,FBT13830
AT 2079/10 B,AT207910B,FBT13830
AT 2079/10 C,AT207910C,FBT13830
AT 2079/10 D,AT207910D,FBT13830
AT 2079/11,AT207911,FBT40113
AT 2079/12,AT207912,FBT40227
AT 2079/12 ZP,AT207912ZP,FBT40227
AT 2079/13,AT207913,FBT40112
AT 2079/13 A,AT207913A,FBT40112
AT 2079/15,AT207915,FBT40184
AT 2079/17,AT207917,FBT40171
AT 2079/21,AT207921,FBT40179
AT 2079/23,AT207923,FBT40170
AT 2079/24,AT207924,FBT40321
AT 2079/26,AT207926,FBT40462
AT 2079/30101,AT207930101,FBT43410
AT 2079/30102,AT207930102,FBT43410
AT 2079/37590,AT207937590,FBT43413
AT 2079/37591,AT207937591,FBT43413
AT 2079/37591 TY,AT207937591TY,FBT43413
AT 2079/37593,AT207937593,FBT43413
AT 2079/37622,AT207937622,FBT40057
AT 2079/38461,AT207938461,FBT13830
AT 2079/40,AT207940,FBT40186
AT 2079/40 V,AT207940V,FBT40186
AT 2079/41,AT207941,FBT40057
AT 2079/45,AT207945,FBT40263
AT 2079/45 E,AT207945E,FBT40263
AT 2079/51,AT207951,FBT40057
AT 2079/52,AT207952,FBT40057
AT 2079/99,AT207999,FBT40096
AT2094/D1,AT2094D1,FBT41251
AT 90/25/10,AT902510,FBT13826
AT 90/25/20,AT902520,FBT13826
AT 90/25/21,AT902521,FBT40074
AZ363003,AZ363003,FBT40837
AZ363004,AZ363004,FBT40980
AZ363006,AZ363006,FBT40836
B323418001000,B323418001000,FBT40231
BBC 99-213,BBC99213,FBT40684
BE051.690,BE051690,FBT40031
BE058-234-TR3,BE058234TR3,FBT40979
BG 2597-643-0001,BG25976430001,FBT13814
BS 7978,BS7978,FBT40859
BSC-0371,BSC0371,FBT40050
BSC-0371 B,BSC0371B,FBT40050
BSC 0410,BSC0410,FBT40008
BSC 0425,BSC0425,FBT40038
BSC-0455 B,BSC0455B,FBT40051
BSC-0455 C,BSC0455C,FBT40051
BSC-0581 B,BSC0581B,FBT40052
BSC-20-13567,BSC2013567,FBT13504
BSC-21-2016 S,BSC212016S,FBT41160
BSC22-23683,BSC2223683,FBT40902
BSC-22-2501,BSC222501,FBT40133
BSC-22-6501,BSC226501,FBT40250
BSC-23-0107,BSC230107,FBT13983
BSC-23-2603 S,BSC232603S,FBT41160
BSC-23-2639 S,BSC232639S,FBT41176
BSC-23-N0101,BSC23N0101,FBT41178
BSC-23-N0107,BSC23N0107,FBT41370
BSC-23-N0125,BSC23N0125,FBT41058
BSC-24-0108,BSC240108,FBT13780
BSC-24-01194,BSC2401194,FBT40089
BSC-24-0175,BSC240175,FBT13823
BSC-24-02038,BSC2402038,FBT40102
BSC-2403,BSC2403,FBT40200
BSC-24-03185,BSC2403185,FBT13964
BSC-24-03663,BSC2403663,FBT40050
BSC-24-04055,BSC2404055,FBT40200
BSC-24-05181,BSC2405181,FBT13983
BSC-24-08007,BSC2408007,FBT13823
BSC-24-08164,BSC2408164,FBT13780
BSC-24-08313,BSC2408313,FBT40034
BSC-24-0903,BSC240903,FBT40156
BSC-24-09074,BSC2409074,FBT13957
BSC-24-14059,BSC2414059,FBT13918
BSC-24-15020,BSC2415020,FBT13926
BSC-24-15024,BSC2415024,FBT13926
BSC-24-16005,BSC2416005,FBT40344
BSC-24-16036,BSC2416036,FBT40102
BSC-24-19579,BSC2419579,FBT40089
BSC-25-0279 Q,BSC250279Q,FBT41175
BSC-25-02 P,BSC2502P,FBT40002
BSC-25-03189,BSC2503189,FBT13610
BSC-25-5508,BSC255508,FBT40491
BSC-25-6101,BSC256101,FBT40685
BSC-25-6102,BSC256102,FBT40684
BSC-2601 A,BSC2601A,FBT13489
BSC-26-2121,BSC262121,FBT41052
BSC-26-N2106,BSC26N2106,FBT41314
BSC-26-N2114,BSC26N2114,FBT41314
BSC-26-N2116,BSC26N2116,FBT41130
BSC-27-21708,BSC2721708,FBT40006
BSC-27-N2205 A,BSC27N2205A,FBT41341
BSC-27-N2205 A1,BSC27N2205A1,FBT41341
BSC-28-N2321,BSC28N2321,FBT41399
BSC29-0101 S,BSC290101S,FBT40717
BSC-29-0165,BSC290165,FBT41174
BSC-29-5562,BSC295562,FBT41365
BSC-29-5563,BSC295563,FBT41402
BSC-3502,BSC3502,FBT40165
BSC48C,BSC48C,FBT41285
BSC48D,BSC48D,FBT41298
BSC48G,BSC48G,FBT41299
BSC48H,BSC48H,FBT41300
BV 42-44,BV4244,FBT13756
BV 42-60,BV4260,FBT40019
C04200001551,C04200001551,FBT40784
CF 0301,CF0301,FBT40153
CF 0304,CF0304,FBT40109
CF 0341,CF0341,FBT40153
CF 0431,CF0431,FBT40153
CF 0467,CF0467,FBT40256
CF 0801,CF0801,FBT40152
CF 0801-3731,CF08013731,FBT40595
CF 65 A,CF65A,FBT13604
CF 68 A,CF68A,FBT13964
CF 82,CF82,FBT40176
CTRNF2029BMVO,CTRNF2029BMVO,FBT40420
CTRNF2031BMVO,CTRNF2031BMVO,FBT40420
CTRNF2035BMVO,CTRNF2035BMVO,FBT40482
CTRNF2038BMV0,CTRNF2038BMV0,FBT41372
CTRNF2038BMVO,CTRNF2038BMVO,FBT41372
CTRNF2039BMVO,CTRNF2039BMVO,FBT40660
CTRNF2041BMV0,CTRNF2041BMV0,FBT41030
CTRNF2041BMVO,CTRNF2041BMVO,FBT41030
CTRNF2047BMV0,CTRNF2047BMV0,FBT40959
CTRNF2048BMVO,CTRNF2048BMVO,FBT40730
CTRNF2049BMVO,CTRNF2049BMVO,FBT40731
CTRNF2074BMV0,CTRNF2074BMV0,FBT40958
CTRNF2074BMVO,CTRNF2074BMVO,FBT40958
D 002/37,D00237,FBT13630
D 003/37,D00337,FBT13732
D 004/37,D00437,FBT13733
D 016/37,D01637,FBT13545
D 023/37,D02337,FBT13493
D 026/37,D02637,FBT40007
D 030/37,D03037,FBT13665
D 036/37,D03637,FBT13804
D 041/37,D04137,FBT13809
D 046/37,D04637,FBT13809
D 047/37,D04737,FBT13551
D 049/37,D04937,FBT13805
D 050/37,D05037,FBT13806
D 052/37,D05237,FBT13807
D 056/37,D05637,FBT13665
D 059/37,D05937,FBT13727
D 063/37,D06337,FBT40032
D 064/37,D06437,FBT40033
D 066/37,D06637,FBT13808
D 069/37,D06937,FBT13665
D 070/37,D07037,FBT13790
D 071/37,D07137,FBT13790
D 076/37,D07637,FBT13843
D 081/37,D08137,FBT13844
D 108/37,D10837,FBT13793
D 118/37,D11837,FBT13793
D 202/37,D20237,FBT13646
D 208/37,D20837,FBT13723
D 218/37,D21837,FBT13637
D 237/37,D23737,FBT13662
D 240/37,D24037,FBT13898
D 241/37,D24137,FBT13894
D 244/37,D24437,FBT13896
D 246/37,D24637,FBT13814
D 272/37,D27237,FBT40011
D 275/37,D27537,FBT13726
D 280/37,D28037,FBT13721
D 307/37,D30737,FBT13596
D 313/37,D31337,FBT13814
D 331/37,D33137,FBT40019
D 335/37,D33537,FBT13793
D 339/37,D33937,FBT13726
D 341/37,D34137,FBT13897
D 344/37,D34437,FBT13899
D 348/37,D34837,FBT40196
D 372/37,D37237,FBT40011
DCF 1577,DCF1577,FBT40044
DCF 1577 A,DCF1577A,FBT40044
DCF 2077 A,DCF2077A,FBT40010
DCF 2077 B,DCF2077B,FBT40226
DCF 2077 D,DCF2077D,FBT40226
DCF 2217 J,DCF2217J,FBT40265
DCF 2217 L,DCF2217L,FBT40539
DE50H0000205,DE50H0000205,FBT40758
DFBTCA173-175CB,DFBTCA173175CB,FBT41397
DNF-FMA 0002,DNFFMA0002,FBT40711
DS 10,DS10,FBT41063
DS 11,DS11,FBT13596
DS 13,DS13,FBT13596
DS 19,DS19,FBT40982
DS 19 A,DS19A,FBT40982
DS 19 X 14,DS19X14,FBT40982
DS 2,DS2,FBT13596
DS 20,DS20,FBT40987
DS 3,DS3,FBT13995
DS 31,DS31,FBT40992
DS 32,DS32,FBT40821
DS 33,DS33,FBT40988
DS 34,DS34,FBT40796
DS 36,DS36,FBT40998
DS 4,DS4,FBT40046
DS 50,DS50,FBT41001
DS 60,DS60,FBT41001
DS 7,DS7,FBT41048
DST990,DST990,FBT40119
DU 2094/20891,DU209420891,FBT41310
DV 2076/21121,DV207621121,FBT40948
DV 2094/09,DV209409,FBT40870
DV 2094/20411,DV209420411,FBT40762
DV 2094/20891,DV209420891,FBT41310
DV 2094/50,DV209450,FBT40186
E04200000581,E04200000581,FBT40905
E4200000581,E4200000581,FBT40905
E604200001551,E604200001551,FBT40784
F 014 WJH,F014WJH,FBT41286
F01A.0001,F01A0001,FBT41325
F01A.0005,F01A0005,FBT41233
F01A.0006,F01A0006,FBT41234
F01A.0007,F01A0007,FBT41326
F01B.0001,F01B0001,FBT41285
F01B.0002,F01B0002,FBT41299
F01C.0001,F01C0001,FBT41397
F01D.0001,F01D0001,FBT41348
F01D.0002,F01D0002,FBT41349
F01D.0003,F01D0003,FBT41377
F 0230 PE-J,F0230PEJ,FBT41253
F02A.0001,F02A0001,FBT41198
F02A.0002,F02A0002,FBT41235
F02A.0003,F02A0003,FBT41236
F02A.0004,F02A0004,FBT41231
F02A.0005,F02A0005,FBT41199
F02A.0006,F02A0006,FBT41199
F02A.0007,F02A0007,FBT41237
F02A.0008,F02A0008,FBT41238
F02A.0009,F02A0009,FBT41172
F02A.0010,F02A0010,FBT41240
F02A.0011,F02A0011,FBT41240
F02A.0012,F02A0012,FBT41327
F02A.0013,F02A0013,FBT41241
F02A.0014,F02A0014,FBT41242
F02A.0016,F02A0016,FBT41203
F02A.0017,F02A0017,FBT41255
F02A.0018,F02A0018,FBT41256
F02A.0021,F02A0021,FBT41292
F02A.0022,F02A0022,FBT41303
F02A.0023,F02A0023,FBT41305
F02B.0001,F02B0001,FBT41298
F02B.0002,F02B0002,FBT41300
F02D.0001,F02D0001,FBT41350
F02D.0002,F02D0002,FBT41351
F02D.0003,F02D0003,FBT41381
F03A.0002,F03A0002,FBT41208
F03A.0003,F03A0003,FBT41306
F03A.0006,F03A0006,FBT41249
F03A.0007,F03A0007,FBT41250
F03A.0008,F03A0008,FBT41246
F03A.0009,F03A0009,FBT41340
F03A.0010,F03A0010,FBT41332
F03D.0001,F03D0001,FBT41352
F03D.0002,F03D0002,FBT41353
F03D.0003,F03D0003,FBT41396
F04A.0002,F04A0002,FBT41212
F05A.0001,F05A0001,FBT41307
F05A.0002,F05A0002,FBT41308
F05A.0003,F05A0003,FBT41337
F05A.0004,F05A0004,FBT41322
F05A.0005,F05A0005,FBT41338
F05A.0006,F05A0006,FBT41339
F06A.0001,F06A0001,FBT41293
F06A.0002,F06A0002,FBT41257
F06A.0003,F06A0003,FBT41294
F06A.0004,F06A0004,FBT41302
F07A.0001,F07A0001,FBT41301
F07A.0002,F07A0002,FBT41304
F07A.0003,F07A0003,FBT41324
F07A.0004,F07A0004,FBT41324
F07A.0005,F07A0005,FBT41245
F 1156,F1156,FBT13952
F 1158,F1158,FBT13952
F 120 H 401,F120H401,FBT40384
F 120 H 601,F120H601,FBT40384
F 12104-1,F121041,FBT40045
F14N.0001,F14N0001,FBT40437
F14N.3001,F14N3001,FBT40730
F14N.5001,F14N5001,FBT41310
F14N.5002,F14N5002,FBT41309
F14N.5002 C,F14N5002C,FBT41309
F14N.5003,F14N5003,FBT40183
F14N.5004,F14N5004,FBT40539
F14N.5005,F14N5005,FBT40551
F14N.5006,F14N5006,FBT40265
F14N.5007 A,F14N5007A,FBT41367
F 1689 CE,F1689CE,FBT40262
F 1783 BM,F1783BM,FBT13896
F18N.0002,F18N0002,FBT40011
F18N.0003,F18N0003,FBT40513
F18N.0004,F18N0004,FBT41030
F18N.0005,F18N0005,FBT40196
F18N.0467,F18N0467,FBT40019
F18N.0607,F18N0607,FBT40023
F18N.6001,F18N6001,FBT40650
F18N.6040,F18N6040,FBT40026
F 2000 BM,F2000BM,FBT13899
F 2001 BM,F2001BM,FBT13897
F 2002 BM,F2002BM,FBT40020
F 2003 BM,F2003BM,FBT40117
F 2004 BMZZ,F2004BMZZ,FBT40020
F 2005 BM,F2005BM,FBT40117
F 2006 BMZZ,F2006BMZZ,FBT40117
F 2007 BM,F2007BM,FBT40020
F 2008 BM,F2008BM,FBT40196
F 2015 BM,F2015BM,FBT40654
F 2018 BMZZ,F2018BMZZ,FBT40654
F 2019 BM,F2019BM,FBT40975
F 2024 BM,F2024BM,FBT40020
F 2024 BMZZ,F2024BMZZ,FBT40020
F 2031 BMZZ,F2031BMZZ,FBT40420
F 2033 BMZZ,F2033BMZZ,FBT40843
F 2038 BM,F2038BM,FBT41372
F2041BMZZ,F2041BMZZ,FBT41030
F 2047 BM,F2047BM,FBT40959
F 2074 BM,F2074BM,FBT40958
F 2089 BM,F2089BM,FBT41190
F36N.3001,F36N3001,FBT40667
F36N.3002,F36N3002,FBT40426
F36N.3003,F36N3003,FBT40811
F36N.3004,F36N3004,FBT40832
F36N.3005,F36N3005,FBT40832
F36N.3006,F36N3006,FBT40538
F36N.3007,F36N3007,FBT40731
F36N.3008,F36N3008,FBT40078
F36N.3009,F36N3009,FBT13823
F36N.3010,F36N3010,FBT40951
F36N.3011,F36N3011,FBT41315
F36N.3011 B,F36N3011B,FBT41315
F36N.3012,F36N3012,FBT40951
F36N.3014,F36N3014,FBT40060
F36N.3015,F36N3015,FBT40956
F36N.3016,F36N3016,FBT40082
F36N.3017,F36N3017,FBT40809
F36N.3018,F36N3018,FBT40958
F36N.3019,F36N3019,FBT40189
F36N.3021,F36N3021,FBT40811
F36N.3022,F36N3022,FBT40963
F36N.3023 A,F36N3023A,FBT41190
F36N.3024 A,F36N3024A,FBT41372
F36N.3601,F36N3601,FBT40137
F36N.3602,F36N3602,FBT40269
F36N.3603,F36N3603,FBT40320
F36N.5001,F36N5001,FBT40954
F36N.5002,F36N5002,FBT40385
F36N.5003,F36N5003,FBT40655
F36N.5006,F36N5006,FBT41316
F36N.5006 C,F36N5006C,FBT41316
F36N.5007,F36N5007,FBT41355
F36N.5007 A,F36N5007A,FBT41355
F36N.5008,F36N5008,FBT41102
F36N.5009,F36N5009,FBT40813
F36N.5012,F36N5012,FBT41354
F36N.5014,F36N5014,FBT41368
F36N.5014 A,F36N5014A,FBT41368
F36N.5015 A,F36N5015A,FBT41369
F36N.5016,F36N5016,FBT41370
F36N.5017,F36N5017,FBT41371
F36N.5017A,F36N5017A,FBT41371
F36N.5019,F36N5019,FBT41399
F36N.5020,F36N5020,FBT40630
F37N.0001,F37N0001,FBT40386
F37N.0002,F37N0002,FBT40554
F37N.7002,F37N7002,FBT41365
F37N.7003,F37N7003,FBT41366
F 650 H 701,F650H701,FBT41040
F 650 H 701/31,F650H70131,FBT41040
F 860 H 401,F860H401,FBT40425
F 960 H 701,F960H701,FBT40026
F 960 H 702,F960H702,FBT40119
F 990 H 701,F990H701,FBT40119
F 990 H 704,F990H704,FBT41080
FA 2002,FA2002,FBT13964
FA 2002 B,FA2002B,FBT13964
FA 2003,FA2003,FBT40154
FA 2003 B,FA2003B,FBT13964
FA 2037,FA2037,FBT40152
FA 2037 A,FA2037A,FBT40152
FA 2041,FA2041,FBT40155
FA 2044,FA2044,FBT40200
FA4511IT,FA4511IT,FBT41231
FARAD 1,FARAD1,FBT40060
FARAD 2,FARAD2,FBT40059
FARAD 3,FARAD3,FBT40183
FAT 210/311,FAT210311,FBT13573
FAT 30002,FAT30002,FBT40002
FAT 30003,FAT30003,FBT40003
FAT 30006,FAT30006,FBT40006
FAT 30007,FAT30007,FBT40007
FAT 30008,FAT30008,FBT40008
FAT 30010,FAT30010,FBT40010
FAT 30011,FAT30011,FBT40011
FAT 30015,FAT30015,FBT40015
FAT 30016,FAT30016,FBT40016
FAT 30019,FAT30019,FBT40019
FAT 30020,FAT30020,FBT40020
FAT 30021,FAT30021,FBT40021
FAT 30022,FAT30022,FBT40022
FAT 30023,FAT30023,FBT40023
FAT 30024,FAT30024,FBT40024
FAT 30025,FAT30025,FBT40025
FAT 30026,FAT30026,FBT40026
FAT 30031,FAT30031,FBT40031
FAT 30032,FAT30032,FBT40032
FAT 30033,FAT30033,FBT40033
FAT 30034,FAT30034,FBT40034
FAT 30037,FAT30037,FBT40037
FAT 30038,FAT30038,FBT40038
FAT 30040,FAT30040,FBT40040
FAT 30043,FAT30043,FBT40043
FAT 30044,FAT30044,FBT40044
FAT 30045,FAT30045,FBT40045
FAT 30046,FAT30046,FBT40046
FAT 30050,FAT30050,FBT40050
FAT 30051,FAT30051,FBT40051
FAT 30052,FAT30052,FBT40052
FAT 30056,FAT30056,FBT40056
FAT 30057,FAT30057,FBT40057
FAT 30058,FAT30058,FBT40058
FAT 30059,FAT30059,FBT40059
FAT 30060,FAT30060,FBT40060
FAT 30061,FAT30061,FBT40061
FAT 30063,FAT30063,FBT40063
FAT 30064,FAT30064,FBT40064
FAT 30067,FAT30067,FBT40067
FAT 30068,FAT30068,FBT40068
FAT 30069,FAT30069,FBT40069
FAT 30072,FAT30072,FBT40072
FAT 30073,FAT30073,FBT40073
FAT 30074,FAT30074,FBT40074
FAT 30078,FAT30078,FBT40078
FAT 30080,FAT30080,FBT40080
FAT 30081,FAT30081,FBT40081
FAT 30082,FAT30082,FBT40082
FAT 30088,FAT30088,FBT40088
FAT 30089,FAT30089,FBT40089
FAT 30091,FAT30091,FBT40091
FAT 30093,FAT30093,FBT40093
FAT 30094,FAT30094,FBT40094
FAT 30095,FAT30095,FBT40095
FAT 30096,FAT30096,FBT40096
FAT 30097,FAT30097,FBT40097
FAT 30098,FAT30098,FBT40098
FAT 30099,FAT30099,FBT40099
FAT 30102,FAT30102,FBT40102
FAT 30103,FAT30103,FBT40103
FAT 30104,FAT30104,FBT40104
FAT 30105,FAT30105,FBT40105
FAT 30106,FAT30106,FBT40106
FAT 30108,FAT30108,FBT40108
FAT 30109,FAT30109,FBT40109
FAT 30110,FAT30110,FBT40110
FAT 30112,FAT30112,FBT40112
FAT 30113,FAT30113,FBT40113
FAT 30115,FAT30115,FBT40115
FAT 30117,FAT30117,FBT40117
FAT 30119,FAT30119,FBT40119
FAT 30129,FAT30129,FBT40129
FAT 30133,FAT30133,FBT40133
FAT 30136,FAT30136,FBT40136
FAT 30137,FAT30137,FBT40137
FAT 30139,FAT30139,FBT40139
FAT 30152,FAT30152,FBT40152
FAT 30153,FAT30153,FBT40153
FAT 30154,FAT30154,FBT40154
FAT 30155,FAT30155,FBT40155
FAT 30156,FAT30156,FBT40156
FAT 30162,FAT30162,FBT40162
FAT 30164,FAT30164,FBT40164
FAT 30165,FAT30165,FBT40165
FAT 30167,FAT30167,FBT40167
FAT 30170,FAT30170,FBT40170
FAT 30171,FAT30171,FBT40171
FAT 30172,FAT30172,FBT40172
FAT 30173,FAT30173,FBT40173
FAT 30174,FAT30174,FBT40174
FAT 30175,FAT30175,FBT40175
FAT 30176,FAT30176,FBT40176
FAT 30177,FAT30177,FBT40177
FAT 30179,FAT30179,FBT40179
FAT 30181,FAT30181,FBT40181
FAT 30183,FAT30183,FBT40183
FAT 30184,FAT30184,FBT40184
FAT 30186,FAT30186,FBT40186
FAT 30188,FAT30188,FBT40188
FAT 30189,FAT30189,FBT40189
FAT 30190,FAT30190,FBT40190
FAT 30192,FAT30192,FBT40192
FAT 30193,FAT30193,FBT40193
FAT 30195,FAT30195,FBT40195
FAT 30196,FAT30196,FBT40196
FAT 30197,FAT30197,FBT40197
FAT 30198,FAT30198,FBT40198
FAT 30199,FAT30199,FBT40199
FAT 30200,FAT30200,FBT40200
FAT 30218,FAT30218,FBT40218
FAT 30219,FAT30219,FBT40219
FAT 30226,FAT30226,FBT40226
FAT 30227,FAT30227,FBT40227
FAT 30229,FAT30229,FBT40229
FAT 30231,FAT30231,FBT40231
FAT 30232,FAT30232,FBT40232
FAT 30233,FAT30233,FBT40233
FAT 30234,FAT30234,FBT40234
FAT 30237,FAT30237,FBT40237
FAT 30240,FAT30240,FBT40240
FAT 30241,FAT30241,FBT40241
FAT 30242,FAT30242,FBT40242
FAT 30246,FAT30246,FBT40246
FAT 30250,FAT30250,FBT40250
FAT 30251,FAT30251,FBT40251
FAT 30254,FAT30254,FBT40254
FAT 30256,FAT30256,FBT40256
FAT 30257,FAT30257,FBT40257
FAT 30262,FAT30262,FBT40262
FAT 30263,FAT30263,FBT40263
FAT 30264,FAT30264,FBT40264
FAT 30265,FAT30265,FBT40265
FAT 30269,FAT30269,FBT40269
FAT 30320,FAT30320,FBT40320
FAT 30321,FAT30321,FBT40321
FAT 30322,FAT30322,FBT40322
FAT 30326,FAT30326,FBT40326
FAT 30327,FAT30327,FBT40327
FAT 30329,FAT30329,FBT40329
FAT 30330,FAT30330,FBT40330
FAT 30331,FAT30331,FBT40331
FAT 30332,FAT30332,FBT40332
FAT 30333,FAT30333,FBT40333
FAT 30334,FAT30334,FBT40334
FAT 30335,FAT30335,FBT40335
FAT 30341,FAT30341,FBT40341
FAT 30342,FAT30342,FBT40342
FAT 30344,FAT30344,FBT40344
FAT 30346,FAT30346,FBT40346
FAT 30348,FAT30348,FBT40348
FAT 30349,FAT30349,FBT40349
FAT 30350,FAT30350,FBT40350
FAT 30354,FAT30354,FBT40354
FAT 30355,FAT30355,FBT40322
FAT 30356,FAT30356,FBT40356
FAT 30358,FAT30358,FBT40358
FAT 30359,FAT30359,FBT40359
FAT 30360,FAT30360,FBT40360
FAT 30361,FAT30361,FBT40361
FAT 30362,FAT30362,FBT40362
FAT 30363,FAT30363,FBT40363
FAT 30364,FAT30364,FBT40364
FAT 30366,FAT30366,FBT40366
FAT 30367,FAT30367,FBT40367
FAT 30368,FAT30368,FBT40368
FAT 30369,FAT30369,FBT40369
FAT 30372,FAT30372,FBT40372
FAT 30373,FAT30373,FBT40373
FAT 30376,FAT30376,FBT40376
FAT 30377,FAT30377,FBT40377
FAT 30378,FAT30378,FBT40378
FAT 30379,FAT30379,FBT40379
FAT 30380,FAT30380,FBT40380
FAT 30381,FAT30381,FBT40381
FAT 30382,FAT30382,FBT40382
FAT 30384,FAT30384,FBT40384
FAT 30385,FAT30385,FBT40385
FAT 30386,FAT30386,FBT40386
FAT 30387,FAT30387,FBT40387
FAT 30389,FAT30389,FBT40389
FAT 30391,FAT30391,FBT40391
FAT 30392,FAT30392,FBT40392
FAT 30393,FAT30393,FBT40393
FAT 30395,FAT30395,FBT40395
FAT 30396,FAT30396,FBT40396
FAT 30398,FAT30398,FBT40398
FAT 30399,FAT30399,FBT40399
FAT 30400,FAT30400,FBT40400
FAT 30405,FAT30405,FBT40405
FAT 30408,FAT30408,FBT40408
FAT 30409,FAT30409,FBT40409
FAT 30411,FAT30411,FBT40411
FAT 30412,FAT30412,FBT40412
FAT 30416,FAT30416,FBT40416
FAT 30418,FAT30418,FBT40418
FAT 30419,FAT30419,FBT40419
FAT 30420,FAT30420,FBT40420
FAT 30421,FAT30421,FBT40421
FAT 30422,FAT30422,FBT40422
FAT 30423,FAT30423,FBT40423
FAT 30424,FAT30424,FBT40424
FAT 30425,FAT30425,FBT40425
FAT 30426,FAT30426,FBT40426
FAT 30428,FAT30428,FBT40428
FAT 30434,FAT30434,FBT40434
FAT 30435,FAT30435,FBT40435
FAT 30436,FAT30436,FBT40436
FAT 30437,FAT30437,FBT40437
FAT 30438,FAT30438,FBT40438
FAT 30439,FAT30439,FBT40439
FAT 30440,FAT30440,FBT40440
FAT 30447,FAT30447,FBT40447
FAT 30451,FAT30451,FBT40451
FAT 30452,FAT30452,FBT40452
FAT 30454,FAT30454,FBT40454
FAT 30465,FAT30465,FBT40465
FAT 30466,FAT30466,FBT40466
FAT 30468,FAT30468,FBT40483
FAT 30469,FAT30469,FBT40469
FAT 30470,FAT30470,FBT40470
FAT 30472,FAT30472,FBT40472
FAT 30473,FAT30473,FBT40473
FAT 30481,FAT30481,FBT40481
FAT 30482,FAT30482,FBT40482
FAT 30483,FAT30483,FBT40483
FAT 30486,FAT30486,FBT40486
FAT 30487,FAT30487,FBT40487
FAT 30488,FAT30488,FBT40488
FAT 30489,FAT30489,FBT40489
FAT 30491,FAT30491,FBT40491
FAT 30492,FAT30492,FBT40492
FAT 30495,FAT30495,FBT40495
FAT 30498,FAT30498,FBT40498
FAT 30499,FAT30499,FBT40499
FAT 30500,FAT30500,FBT40424
FAT 30504,FAT30504,FBT40504
FAT 30508,FAT30508,FBT40508
FAT 30511,FAT30511,FBT40103
FAT 30512,FAT30512,FBT40512
FAT 30513,FAT30513,FBT40513
FAT 30514,FAT30514,FBT40514
FAT 30515,FAT30515,FBT40515
FAT 30516,FAT30516,FBT40516
FAT 30517,FAT30517,FBT40517
FAT 30518,FAT30518,FBT40518
FAT 30520,FAT30520,FBT40520
FAT 30521,FAT30521,FBT40521
FAT 30522,FAT30522,FBT40522
FAT 30523,FAT30523,FBT40523
FAT 30524,FAT30524,FBT40524
FAT 30525,FAT30525,FBT40525
FAT 30526,FAT30526,FBT40526
FAT 30528,FAT30528,FBT40528
FAT 30529,FAT30529,FBT40529
FAT 30530,FAT30530,FBT40530
FAT 30531,FAT30531,FBT40531
FAT 30532,FAT30532,FBT40532
FAT 30533,FAT30533,FBT40601
FAT 30534,FAT30534,FBT40534
FAT 30536,FAT30536,FBT40536
FAT 30537,FAT30537,FBT40537
FAT 30538,FAT30538,FBT40538
FAT 30539,FAT30539,FBT40539
FAT 30540,FAT30540,FBT40540
FAT 30541,FAT30541,FBT40541
FAT 30542,FAT30542,FBT40542
FAT 30543,FAT30543,FBT40543
FAT 30546,FAT30546,FBT40546
FAT 30547,FAT30547,FBT40547
FAT 30550,FAT30550,FBT40550
FAT 30551,FAT30551,FBT40551
FAT 30553,FAT30553,FBT40553
FAT 30554,FAT30554,FBT40554
FAT 30557,FAT30557,FBT40557
FAT 30558,FAT30558,FBT40558
FAT 30560,FAT30560,FBT40560
FAT 30561,FAT30561,FBT40561
FAT 30563,FAT30563,FBT40563
FAT 30564,FAT30564,FBT40564
FAT 30580,FAT30580,FBT40580
FAT 30592,FAT30592,FBT40592
FAT 30594,FAT30594,FBT40594
FAT 30595,FAT30595,FBT40595
FAT 30596,FAT30596,FBT40596
FAT 30598,FAT30598,FBT40393
FAT 30599,FAT30599,FBT40599
FAT 30600,FAT30600,FBT40600
FAT 30601,FAT30601,FBT40601
FAT 30602,FAT30602,FBT40602
FAT 30603,FAT30603,FBT40782
FAT 30614,FAT30614,FBT40614
FAT 30620,FAT30620,FBT40620
FAT 30621,FAT30621,FBT40621
FAT 30622,FAT30622,FBT40622
FAT 30623,FAT30623,FBT40623
FAT 30624,FAT30624,FBT40624
FAT 30625,FAT30625,FBT40186
FAT 30626,FAT30626,FBT40626
FAT 30627,FAT30627,FBT40426
FAT 30630,FAT30630,FBT40630
FAT 30631,FAT30631,FBT40631
FAT 30634,FAT30634,FBT40634
FAT 30635,FAT30635,FBT40635
FAT 30647,FAT30647,FBT40647
FAT 30648,FAT30648,FBT40648
FAT 30652,FAT30652,FBT40652
FAT 30654,FAT30654,FBT40654
FAT 30655,FAT30655,FBT40655
FAT 30656,FAT30656,FBT40656
FAT 30657,FAT30657,FBT40657
FAT 30658,FAT30658,FBT40658
FAT 30659,FAT30659,FBT40659
FAT 30660,FAT30660,FBT40660
FAT 30662,FAT30662,FBT40662
FAT 30666,FAT30666,FBT40666
FAT 30668,FAT30668,FBT40668
FAT 30669,FAT30669,FBT40669
FAT 30677,FAT30677,FBT40677
FAT 30678,FAT30678,FBT40678
FAT 30679,FAT30679,FBT40679
FAT 30680,FAT30680,FBT40680
FAT 30681,FAT30681,FBT40681
FAT 30683,FAT30683,FBT40683
FAT 30684,FAT30684,FBT40684
FAT 30685,FAT30685,FBT40685
FAT 3472,FAT3472,FBT13472
FAT 3481,FAT3481,FBT13481
FAT 3489,FAT3489,FBT13489
FAT 3493,FAT3493,FBT13493
FAT 3497,FAT3497,FBT13497
FAT 3503,FAT3503,FBT13503
FAT 3504,FAT3504,FBT13504
FAT 3505,FAT3505,FBT13505
FAT 3538,FAT3538,FBT13538
FAT 3545,FAT3545,FBT13545
FAT 3551,FAT3551,FBT13551
FAT 3573,FAT3573,FBT13573
FAT 3596,FAT3596,FBT13596
FAT 3604,FAT3604,FBT13604
FAT 3610,FAT3610,FBT13610
FAT 3611,FAT3611,FBT13611
FAT 3616,FAT3616,FBT13616
FAT 3617,FAT3617,FBT13617
FAT 3618,FAT3618,FBT13618
FAT 3620,FAT3620,FBT13620
FAT 3637,FAT3637,FBT13637
FAT 3646,FAT3646,FBT13646
FAT 3654,FAT3654,FBT13654
FAT 3661,FAT3661,FBT13661
FAT 3662,FAT3662,FBT13662
FAT 3664,FAT3664,FBT13664
FAT 3700,FAT3700,FBT13700
FAT 3721,FAT3721,FBT13721
FAT 3723,FAT3723,FBT13723
FAT 3726,FAT3726,FBT13726
FAT 3727,FAT3727,FBT13727
FAT 3729,FAT3729,FBT13729
FAT 3732,FAT3732,FBT13732
FAT 3733,FAT3733,FBT13733
FAT 3743,FAT3743,FBT13743
FAT 3756,FAT3756,FBT13756
FAT 3758,FAT3758,FBT13758
FAT 3775,FAT3775,FBT13775
FAT 3780,FAT3780,FBT13780
FAT 3781,FAT3781,FBT41040
FAT 3782,FAT3782,FBT13782
FAT 3786,FAT3786,FBT13786
FAT 3790,FAT3790,FBT13790
FAT 3792,FAT3792,FBT13792
FAT 3793,FAT3793,FBT13793
FAT 3794,FAT3794,FBT13794
FAT 3802,FAT3802,FBT13802
FAT 3804,FAT3804,FBT13804
FAT 3805,FAT3805,FBT13805
FAT 3806,FAT3806,FBT13806
FAT 3807,FAT3807,FBT13807
FAT 3808,FAT3808,FBT13808
FAT 3809,FAT3809,FBT13809
FAT 3814,FAT3814,FBT13814
FAT 3816,FAT3816,FBT13816
FAT 3817,FAT3817,FBT13817
FAT 3818,FAT3818,FBT13818
FAT 3820,FAT3820,FBT13820
FAT 3823,FAT3823,FBT13823
FAT 3826,FAT3826,FBT13826
FAT 3827,FAT3827,FBT13827
FAT 3828,FAT3828,FBT13828
FAT 3829,FAT3829,FBT13829
FAT 3830,FAT3830,FBT13830
FAT 3831,FAT3831,FBT13831
FAT 3837,FAT3837,FBT13837
FAT 3842,FAT3842,FBT13842
FAT 3843,FAT3843,FBT13843
FAT 3844,FAT3844,FBT13844
FAT 3845,FAT3845,FBT13845
FAT 3846,FAT3846,FBT13846
FAT 3849,FAT3849,FBT13849
FAT 3894,FAT3894,FBT13894
FAT 3896,FAT3896,FBT13896
FAT 3897,FAT3897,FBT13897
FAT 3898,FAT3898,FBT13898
FAT 3899,FAT3899,FBT13899
FAT 3903,FAT3903,FBT13903
FAT 3911,FAT3911,FBT13911
FAT 3913,FAT3913,FBT13913
FAT 3914,FAT3914,FBT13914
FAT 3918,FAT3918,FBT13918
FAT 3922,FAT3922,FBT13922
FAT 3923,FAT3923,FBT13923
FAT 3925,FAT3925,FBT13925
FAT 3926,FAT3926,FBT13926
FAT 3929,FAT3929,FBT13929
FAT 3933,FAT3933,FBT13933
FAT 3952,FAT3952,FBT13952
FAT 3957,FAT3957,FBT13957
FAT 3964,FAT3964,FBT13964
FAT 3972,FAT3972,FBT13972
FAT 3974,FAT3974,FBT13974
FAT 3981,FAT3981,FBT13981
FAT 3983,FAT3983,FBT13983
FAT 3995,FAT3995,FBT13995
FC 1401,FC1401,FBT13604
FC 1404B,FC1404B,FBT40199
FC 1406,FC1406,FBT40006
FC 1431,FC1431,FBT40348
FC 1431 D,FC1431D,FBT40348
FC 1434,FC1434,FBT40164
FC 1439,FC1439,FBT40257
FC 1452,FC1452,FBT13700
FCA 173 B,FCA173B,FBT41397
FCC 2015 DE,FCC2015DE,FBT40778
FCE 6174 Z 8006 A,FCE6174Z8006A,FBT40738
FCE 8174Z-8006 A,FCE8174Z8006A,FBT40738
FCG 2011 L 03,FCG2011L03,FBT40088
FCG 2045 BL,FCG2045BL,FBT40102
FCG 2245 CL,FCG2245CL,FBT40102
FCK 14 A 009,FCK14A009,FBT40199
FCK 14 A 019,FCK14A019,FBT40348
FCK 14 A 019 A,FCK14A019A,FBT40348
FCM 1411 L 01,FCM1411L01,FBT40080
FCM 1415 AL,FCM1415AL,FBT40080
FCM 14 B 007 A,FCM14B007A,FBT40523
FCM 14 B 007 B,FCM14B007B,FBT40523
FCM 14 B 007 BL,FCM14B007BL,FBT40523
FCM 2012 E 13,FCM2012E13,FBT40200
FCM 2015 AL,FCM2015AL,FBT40081
FCM 2015 AL(M),FCM2015AL(M),FBT40081
FCM 2015 KE,FCM2015KE,FBT40200
FCM 20 A 015,FCM20A015,FBT40553
FCM 20 A 016,FCM20A016,FBT40153
FCM 20 A 021,FCM20A021,FBT40200
FCM 20 B 010,FCM20B010,FBT40093
FCM 20 B 022,FCM20B022,FBT40152
FCM 20 B 025,FCM20B025,FBT40051
FCM 20 B 027,FCM20B027,FBT40152
FCM 21 A 004,FCM21A004,FBT40109
FCR 25 A 003,FCR25A003,FBT40188
FCR 25 A 005,FCR25A005,FBT40554
FCR 25 A 005 R,FCR25A005R,FBT40554
FCR 25 A 007 R,FCR25A007R,FBT40655
FCV 1410 E 03,FCV1410E03,FBT13505
FCV 1410 E 12,FCV1410E12,FBT40521
FCV 1410 E 12 A,FCV1410E12A,FBT40521
FCV 1410 E 18,FCV1410E18,FBT40395
FCV 1412 E 15,FCV1412E15,FBT40683
FCV 1412 E 15/2,FCV1412E152,FBT40683
FCV 1422 L 01,FCV1422L01,FBT40189
FCV 14 C 001,FCV14C001,FBT40113
FCV 1510 E 01,FCV1510E01,FBT40631
FCV 2010 E 04,FCV2010E04,FBT40631
FCV 2010 E 07,FCV2010E07,FBT40437
FCV 20 A 001,FCV20A001,FBT40837
FCV 20 A 002,FCV20A002,FBT40426
FCV 20 C 001 R,FCV20C001R,FBT40426
FCV 20 C 002,FCV20C002,FBT40426
FCV 20 C 002 R,FCV20C002R,FBT40426
FCV 20 C 002 RC,FCV20C002RC,FBT40426
FCV 20 V 002,FCV20V002,FBT40426
FCV 21 A 002,FCV21A002,FBT13729
FCZ 29 A 014,FCZ29A014,FBT41347
FCZ 29 A 014 (S),FCZ29A014(S),FBT41347
FCZ 29 A 014 F,FCZ29A014F,FBT41347
FD 0003,FD0003,FBT13957
FD 0003 A,FD0003A,FBT13957
FD 0007,FD0007,FBT40156
FD 0050,FD0050,FBT40156
FD 0125,FD0125,FBT40197
FD 125,FD125,FBT40197
FD 125 C,FD125C,FBT40197
FD 206 DC,FD206DC,FBT40647
FD 3,FD3,FBT13957
FD 3A,FD3A,FBT13957
FD 50,FD50,FBT40156
FD 7,FD7,FBT40156
FDA0001,FDA0001,FBT40782
FDA 014 HC,FDA014HC,FBT40648
FE 2021,FE2021,FBT40778
FED 207 HC,FED207HC,FBT40652
FM 0519,FM0519,FBT40148
FM 0533,FM0533,FBT40148
FM 0628,FM0628,FBT41044
FM 0637,FM0637,FBT40790
FM 0642,FM0642,FBT40761
FM-1080,FM1080,FBT41231
FM 519,FM519,FBT40148
FM 533,FM533,FBT40148
FMA 0001,FMA0001,FBT40681
FMA 0002,FMA0002,FBT40711
FMA 0010,FMA0010,FBT40834
FMA 0011,FMA0011,FBT40838
FMC 01,FMC01,FBT41032
FMC 01 JOAL,FMC01JOAL,FBT41032
FMC 01 JSJG,FMC01JSJG,FBT41032
FOK 14 B 001,FOK14B001,FBT41348
FSA 17013 M,FSA17013M,FBT40265
FSA 20013 M,FSA20013M,FBT40473
FSA 24008 S,FSA24008S,FBT40393
FSA 26012,FSA26012,FBT40393
FSA 26012 M,FSA26012M,FBT40393
FSA 28013 M,FSA28013M,FBT40473
FSA 36012 M,FSA36012M,FBT40491
FSA 38019 S,FSA38019S,FBT40836
FSA 38026,FSA38026,FBT40836
FSA 38026 S,FSA38026S,FBT40836
FSR 28 A 005,FSR28A005,FBT40705
FSV 14 A 004 (S),FSV14A004(S),FBT40836
FSV 14 A 004 AA2,FSV14A004AA2,FBT40836
FSV 14 A 004 C,FSV14A004C,FBT41095
FSV 14 A 004 C(S),FSV14A004C(S),FBT41377
FSV 14 A 004 C(S) / REV.,FSV14A004C(S)REV,FBT41377
FSV 14 A 004 H,FSV14A004H,FBT41095
FSV 14 A 004 H(S),FSV14A004H(S),FBT41095
FSV 20 A 001,FSV20A001,FBT40837
FSV 20 A 001 (S),FSV20A001(S),FBT40837
FSV 20 A 001 20,FSV20A00120,FBT40837
FSV 20 B 001 (S),FSV20B001(S),FBT40980
FSV 20 B 001 A,FSV20B001A,FBT40980
FSV 20 B 001 A (S),FSV20B001A(S),FBT40980
FSV 20 C 012,FSV20C012,FBT40784
FSV 21 C 101,FSV21C101,FBT41368
FTB 4117 AR,FTB4117AR,FBT40621
FTB 4117 BE,FTB4117BE,FBT40621
FTH 29 A 002,FTH29A002,FBT41150
FTH 29 A 003,FTH29A003,FBT41151
FTK 14 A 004 P,FTK14A004P,FBT40656
FTK 21 H 001,FTK21H001,FBT41096
FUH 29 A 001 (S),FUH29A001(S),FBT41350
FUH 29 A 001 F,FUH29A001F,FBT41381
FUH 29 A 001 F / REV.0,FUH29A001FREV0,FBT41381
FUH 29 A 003,FUH29A003,FBT40994
FUH 29 A 003 (S),FUH29A003(S),FBT41161
FUH 29 A 004,FUH29A004,FBT40954
FUH 29 A 004 (S),FUH29A004(S),FBT40954
FUH 29 B 001 (S),FUH29B001(S),FBT40914
FUH 29 C 001 (S),FUH29C001(S),FBT40914
FUH 29 T 002 A,FUH29T002A,FBT41351
FUH 29 T 003,FUH29T003,FBT41396
FUH 29 T 003 / REV.0,FUH29T003REV0,FBT41396
FUH 34 A 001 (S),FUH34A001(S),FBT41355
FUH 34 A 001 B(S),FUH34A001B(S),FBT41355
FUJ 29 A 003 (S),FUJ29A003(S),FBT40997
FUJ 29 B 002 (S),FUJ29B002(S),FBT40913
FUJ 29 C 002 C(S),FUJ29C002C(S),FBT40942
FUJ 29 C 002 F(S),FUJ29C002F(S),FBT40942
FUJ 29 C 005 (S),FUJ29C005(S),FBT40969
FUJ 29 C 005 F(S),FUJ29C005F(S),FBT40941
FUJ 32 D 001 (S),FUJ32D001(S),FBT40969
FUJ 34 B 001 F(S),FUJ34B001F(S),FBT40943
FUJ 34 C 001 F(S),FUJ34C001F(S),FBT40935
FUJ 34 H 001 F(S),FUJ34H001F(S),FBT41352
FUJ 34 H 003 F,FUJ34H003F,FBT41164
FUJ 34 H 003 F(S),FUJ34H003F(S),FBT41164
FUV 14 A 001,FUV14A001,FBT40422
FUV 14 A 003,FUV14A003,FBT13505
FUV 20 A 001,FUV20A001,FBT40601
FUV 20 A 001 (S),FUV20A001(S),FBT40601
FUV 20 A 002,FUV20A002,FBT40426
FUV 20 A 002 B,FUV20A002B,FBT40426
FUV 20 C 001,FUV20C001,FBT40499
FUY 20 A 001,FUY20A001,FBT40601
FUY 20 B 104,FUY20B104,FBT40753
FUY 20 C 001,FUY20C001,FBT40741
FUY 20 C 001 R,FUY20C001R,FBT40741
FVE0247,FVE0247,FBT41231
FWZ 50 A 001 B(S),FWZ50A001B(S),FBT41349
FWZ 50 A 002 (S),FWZ50A002(S),FBT41353
G 4298,G4298,FBT40633
G 4298-03,G429803,FBT40633
G 5012-01,G501201,FBT40439
GN 378 773,GN378773,FBT40378
GN 378 775,GN378775,FBT40022
GN 413 799,GN413799,FBT40380
GN 414 637,GN414637,FBT40436
GN 4160958,GN4160958,FBT40436
GN 416 958,GN416958,FBT40436
GN 420 388,GN420388,FBT40435
GN 422 731,GN422731,FBT40436
GN 423 972,GN423972,FBT40985
GN 425 765,GN425765,FBT40759
GN 425 766,GN425766,FBT40748
GN 425 766,GN425766,FBT40759
GN 427 975,GN427975,FBT40862
GN 435 220,GN435220,FBT40794
GN 439 161,GN439161,FBT40759
GT 012,GT012,FBT40536
GTA 5002,GTA5002,FBT13756
GTA 5306,GTA5306,FBT13816
H 30-02,H3002,FBT40557
H 32-01,H3201,FBT40558
H 32-01 G,H3201G,FBT40558
H 32-02,H3202,FBT40440
H 32-10,H3210,FBT40526
H 32-11,H3211,FBT40560
H 32-13,H3213,FBT40512
H 32-14,H3214,FBT41107
H 32-17,H3217,FBT40542
H 32-19,H3219,FBT40513
H 32-24,H3224,FBT40514
H 32-32 A,H3232A,FBT40561
H 32-33,H3233,FBT41385
H 32-35,H3235,FBT41024
H 32-47,H3247,FBT41026
H 32-49,H3249,FBT41110
H 32-51,H3251,FBT41056
H 32-52,H3252,FBT41131
H 32-55,H3255,FBT41054
H 32-57,H3257,FBT41114
H 32-58,H3258,FBT41382
H 32-60,H3260,FBT41131
H 32-61,H3261,FBT41108
H 32-65,H3265,FBT41383
H 32-66,H3266,FBT41111
H 32-67,H3267,FBT41123
H 32-69,H3269,FBT41115
H 32-70,H3270,FBT41248
H 32-71,H3271,FBT41112
H 32-74,H3274,FBT41116
H 32-75,H3275,FBT41333
H 32-76,H3276,FBT41113
H 32-77,H3277,FBT41247
H 32-83,H3283,FBT41117
H 32-84,H3284,FBT41344
H 32-85,H3285,FBT41109
H 32-88,H3288,FBT41264
H 32-92,H3292,FBT41345
H 32-93,H3293,FBT41313
H 32-94,H3294,FBT41336
H 33-01,H3301,FBT41118
H 33-02,H3302,FBT41119
H 33-04,H3304,FBT41120
H 33-05,H3305,FBT41386
H89G4966-01,H89G496601,FBT40613
HFT 2203,HFT2203,FBT40927
HFT 2305,HFT2305,FBT40791
HFT 3668,HFT3668,FBT41139
HG 53025,HG53025,FBT40716
HR11BPC6368-12,HR11BPC636812,FBT40346
HR 1AP1 7384,HR1AP17384,FBT40426
HR 1AP1 8181,HR1AP18181,FBT40958
HR 1BP1 6465,HR1BP16465,FBT40342
HR 1.BPC 6102,HR1BPC6102,FBT40961
HR 1BPC 6220,HR1BPC6220,FBT40364
HR 1NP 7345,HR1NP7345,FBT40959
HR 1NPC 7521-03,HR1NPC752103,FBT40020
HR 1RP 8375,HR1RP8375,FBT41190
HR 1VP2 8388,HR1VP28388,FBT41178
HR 1VP 8387,HR1VP8387,FBT40759
HR 2101,HR2101,FBT40057
HR 42048,HR42048,FBT43073
HR 46146,HR46146,FBT40953
HR 46201,HR46201,FBT41016
HR 5705,HR5705,FBT13743
HR 5706,HR5706,FBT13743
HR 5707,HR5707,FBT40063
HR 5709,HR5709,FBT13743
HR 5711,HR5711,FBT40061
HR 5715,HR5715,FBT13743
HR 5716,HR5716,FBT40064
HR 5717,HR5717,FBT40064
HR 5718,HR5718,FBT40065
HR 5739,HR5739,FBT40547
HR 5800,HR5800,FBT40148
HR 5801,HR5801,FBT40148
HR 6003,HR6003,FBT13732
HR 6005,HR6005,FBT13733
HR 6018,HR6018,FBT13756
HR 6020,HR6020,FBT13661
HR 6021,HR6021,FBT13661
HR 6022,HR6022,FBT13721
HR 6024,HR6024,FBT13664
HR 6035,HR6035,FBT40367
HR 6035-00,HR603500,FBT40367
HR 6035-1B,HR60351B,FBT40367
HR 6035-B,HR6035B,FBT40367
HR 6036,HR6036,FBT13664
HR 6040,HR6040,FBT13818
HR 6041,HR6041,FBT13637
HR 6043,HR6043,FBT13646
HR 6057,HR6057,FBT13806
HR 6058,HR6058,FBT13809
HR 6060,HR6060,FBT13807
HR 6062,HR6062,FBT13630
HR 6063,HR6063,FBT13721
HR 6067,HR6067,FBT13816
HR 6068,HR6068,FBT40019
HR 6069,HR6069,FBT40019
HR 6072,HR6072,FBT40162
HR 6074,HR6074,FBT13816
HR 6075,HR6075,FBT13817
HR 6081,HR6081,FBT40232
HR 6086,HR6086,FBT13817
HR 6088,HR6088,FBT40043
HR 6089,HR6089,FBT13804
HR 6094,HR6094,FBT13827
HR 6100,HR6100,FBT13793
HR 6102,HR6102,FBT40961
HR 6113,HR6113,FBT13809
HR 6114,HR6114,FBT13664
HR 6119,HR6119,FBT13814
HR 6120,HR6120,FBT40026
HR 6121,HR6121,FBT40019
HR 6124,HR6124,FBT40363
HR 6132,HR6132,FBT13726
HR 6137,HR6137,FBT13661
HR 6140,HR6140,FBT13820
HR 6141,HR6141,FBT13829
HR 6144,HR6144,FBT13551
HR 6145,HR6145,FBT13545
HR 6147,HR6147,FBT13782
HR 6149,HR6149,FBT13808
HR 6150,HR6150,FBT13805
HR 6152,HR6152,FBT40162
HR 6155,HR6155,FBT13723
HR 6156,HR6156,FBT13775
HR 6157,HR6157,FBT13727
HR 6158,HR6158,FBT13493
HR 6159,HR6159,FBT13844
HR 6160,HR6160,FBT13790
HR 6163,HR6163,FBT13775
HR 6165,HR6165,FBT13828
HR 6167,HR6167,FBT13896
HR 6169,HR6169,FBT13637
HR 6170,HR6170,FBT13849
HR 6173,HR6173,FBT13837
HR 6174,HR6174,FBT13662
HR 6175,HR6175,FBT13843
HR 6177,HR6177,FBT40026
HR 6178,HR6178,FBT13782
HR 6179,HR6179,FBT40007
HR 6182,HR6182,FBT13665
HR 6193,HR6193,FBT40633
HR 6195,HR6195,FBT40366
HR 6195-12,HR619512,FBT40366
HR 6196,HR6196,FBT13827
HR 6201,HR6201,FBT40022
HR 6203,HR6203,FBT13481
HR 6205,HR6205,FBT13831
HR 6214,HR6214,FBT40167
HR 6219,HR6219,FBT41063
HR 6220,HR6220,FBT40364
HR 6220-03,HR622003,FBT40364
HR 6223,HR6223,FBT13894
HR 6224,HR6224,FBT13898
HR 6228,HR6228,FBT40019
HR 6229,HR6229,FBT41129
HR 6230,HR6230,FBT13995
HR 6230,HR6230,FBT40037
HR 6237,HR6237,FBT40129
HR 6238,HR6238,FBT40346
HR 6245,HR6245,FBT13846
HR 6246,HR6246,FBT40356
HR 6248,HR6248,FBT40023
HR 6249,HR6249,FBT40356
HR 6249-03,HR624903,FBT40356
HR 6249-10,HR624910,FBT40356
HR 6249-11,HR624911,FBT40356
HR 6253,HR6253,FBT13897
HR 6256,HR6256,FBT13899
HR 6257,HR6257,FBT13596
HR 6260,HR6260,FBT13504
HR 6269,HR6269,FBT13637
HR 6271,HR6271,FBT40162
HR 6272,HR6272,FBT40025
HR 6273,HR6273,FBT40024
HR 6277,HR6277,FBT40026
HR 6278,HR6278,FBT40011
HR 6284,HR6284,FBT40033
HR 6286,HR6286,FBT40346
HR 6289,HR6289,FBT41398
HR 6292,HR6292,FBT40119
HR 6293,HR6293,FBT40032
HR 6301,HR6301,FBT13620
HR 6302,HR6302,FBT13802
HR 6303,HR6303,FBT13723
HR 6311,HR6311,FBT13573
HR 6312,HR6312,FBT13611
HR 6321,HR6321,FBT13616
HR 6322,HR6322,FBT13617
HR 6323,HR6323,FBT13618
HR 6351,HR6351,FBT40095
HR 6352,HR6352,FBT40023
HR 6354,HR6354,FBT40025
HR 6356,HR6356,FBT40237
HR 6357,HR6357,FBT40246
HR 6358,HR6358,FBT40972
HR 6360,HR6360,FBT40967
HR 6367,HR6367,FBT43425
HR 6368,HR6368,FBT40346
HR 6368-12,HR636812,FBT40346
HR 6369,HR6369,FBT40454
HR 6370,HR6370,FBT40346
HR 6370-10,HR637010,FBT40346
HR 6370-11,HR637011,FBT40346
HR 6370-12,HR637012,FBT40346
HR 6370-13,HR637013,FBT40346
HR 6371,HR6371,FBT40372
HR 6372,HR6372,FBT40094
HR 6373,HR6373,FBT40174
HR 6383,HR6383,FBT40231
HR 6386,HR6386,FBT13849
HR 6390,HR6390,FBT40098
HR 6399,HR6399,FBT40024
HR 6400,HR6400,FBT13923
HR 6401,HR6401,FBT13923
HR 6402,HR6402,FBT13925
HR 6403,HR6403,FBT13925
HR 6404,HR6404,FBT13911
HR 6407,HR6407,FBT13913
HR 6408,HR6408,FBT13918
HR 6412,HR6412,FBT13914
HR 6413,HR6413,FBT13933
HR 6418,HR6418,FBT40789
HR 6423,HR6423,FBT41108
HR 6453,HR6453,FBT41033
HR 6456,HR6456,FBT40349
HR 6459,HR6459,FBT40613
HR 6460,HR6460,FBT40530
HR 6462,HR6462,FBT40632
HR 6463,HR6463,FBT40650
HR 6465,HR6465,FBT40342
HR 6468,HR6468,FBT40098
HR 6475,HR6475,FBT40196
HR 6487,HR6487,FBT40026
HR 6488,HR6488,FBT40190
HR 6489,HR6489,FBT43410
HR 6496,HR6496,FBT40098
HR 6497,HR6497,FBT41030
HR 6498,HR6498,FBT40612
HR 6500,HR6500,FBT40067
HR 6501,HR6501,FBT40058
HR 6502,HR6502,FBT40068
HR 6503,HR6503,FBT40069
HR 6504,HR6504,FBT40097
HR 6505,HR6505,FBT40241
HR 6506,HR6506,FBT40240
HR 6509,HR6509,FBT40326
HR 6510,HR6510,FBT40626
HR 6512,HR6512,FBT40242
HR 6513,HR6513,FBT40329
HR 6514,HR6514,FBT40327
HR 6517,HR6517,FBT40331
HR 6518,HR6518,FBT40332
HR 6519,HR6519,FBT40726
HR 6521,HR6521,FBT40679
HR 6522,HR6522,FBT40724
HR 6533,HR6533,FBT40011
HR 6543,HR6543,FBT40251
HR 6554,HR6554,FBT40360
HR 6555,HR6555,FBT40409
HR 6556,HR6556,FBT40341
HR 6560,HR6560,FBT40512
HR 6563,HR6563,FBT40416
HR 6564,HR6564,FBT40614
HR 6566,HR6566,FBT40399
HR 6567,HR6567,FBT40558
HR 6570,HR6570,FBT40534
HR 6572,HR6572,FBT40334
HR 6573,HR6573,FBT40335
HR 6574,HR6574,FBT40330
HR 6580,HR6580,FBT40434
HR 6586,HR6586,FBT40728
HR 6590,HR6590,FBT40440
HR 6591,HR6591,FBT40481
HR 6592,HR6592,FBT40537
HR 6593,HR6593,FBT40526
HR 6594,HR6594,FBT40560
HR 6595,HR6595,FBT40546
HR 6596,HR6596,FBT40333
HR 6597,HR6597,FBT40514
HR 6600,HR6600,FBT40518
HR 6600,HR6600,FBT41064
HR 6601,HR6601,FBT40359
HR 6603,HR6603,FBT40389
HR 6604,HR6604,FBT40550
HR 6606,HR6606,FBT41036
HR 6609,HR6609,FBT40542
HR 6616,HR6616,FBT40803
HR 6620,HR6620,FBT40513
HR 6621,HR6621,FBT40526
HR 6625,HR6625,FBT41084
HR 6632,HR6632,FBT40561
HR 6633,HR6633,FBT40541
HR 6634,HR6634,FBT40447
HR 6646,HR6646,FBT40805
HR 6647,HR6647,FBT40411
HR 6648,HR6648,FBT40734
HR 6657,HR6657,FBT40787
HR 6660,HR6660,FBT40786
HR 6661,HR6661,FBT40788
HR 6662,HR6662,FBT40875
HR 6665,HR6665,FBT40740
HR 6666,HR6666,FBT40739
HR 6668,HR6668,FBT40863
HR 6670,HR6670,FBT40735
HR 6671,HR6671,FBT40706
HR 6673,HR6673,FBT40550
HR 6675,HR6675,FBT40785
HR 6678,HR6678,FBT40779
HR 6681,HR6681,FBT40977
HR 6682,HR6682,FBT40599
HR 6683,HR6683,FBT40766
HR 6686,HR6686,FBT40701
HR 6687,HR6687,FBT40727
HR 6689,HR6689,FBT41037
HR 6692,HR6692,FBT40881
HR 6695,HR6695,FBT40882
HR 6696,HR6696,FBT40879
HR 6701,HR6701,FBT40557
HR 6702,HR6702,FBT40876
HR 6703,HR6703,FBT40857
HR 6704,HR6704,FBT40877
HR 6716,HR6716,FBT41054
HR 6717,HR6717,FBT41114
HR 6718,HR6718,FBT41080
HR 6719,HR6719,FBT40878
HR 6720,HR6720,FBT41065
HR 6721,HR6721,FBT41024
HR 6722,HR6722,FBT41026
HR 6723,HR6723,FBT41081
HR 6725,HR6725,FBT41131
HR 7004,HR7004,FBT13472
HR 7006,HR7006,FBT41050
HR 7013,HR7013,FBT13775
HR 7014,HR7014,FBT13775
HR 7015,HR7015,FBT41040
HR 7018,HR7018,FBT13786
HR 7020,HR7020,FBT13756
HR 7025,HR7025,FBT13842
HR 7026,HR7026,FBT13758
HR 7031,HR7031,FBT40019
HR 7031,HR7031,FBT40103
HR 7032,HR7032,FBT13823
HR 7035,HR7035,FBT13823
HR 7035,HR7035,FBT13845
HR 7037,HR7037,FBT13995
HR 7037,HR7037,FBT40037
HR 7039,HR7039,FBT40361
HR 7041,HR7041,FBT13780
HR 7042,HR7042,FBT13823
HR 7053,HR7053,FBT40046
HR 7054,HR7054,FBT41364
HR 7057,HR7057,FBT41177
HR 7058,HR7058,FBT40046
HR 7063,HR7063,FBT41040
HR 7068,HR7068,FBT13721
HR 7070,HR7070,FBT13775
HR 7072,HR7072,FBT13756
HR 7084,HR7084,FBT41097
HR 7088,HR7088,FBT41048
HR 7094,HR7094,FBT40189
HR 7097,HR7097,FBT40368
HR 7097-00,HR709700,FBT40368
HR 7099,HR7099,FBT40470
HR 7100,HR7100,FBT13630
HR 7105,HR7105,FBT13823
HR 7107,HR7107,FBT13981
HR 7110,HR7110,FBT40115
HR 7113,HR7113,FBT13794
HR 7114,HR7114,FBT13792
HR 7125,HR7125,FBT13538
HR 7126,HR7126,FBT13729
HR 7127,HR7127,FBT13505
HR 7128,HR7128,FBT13729
HR 7129,HR7129,FBT13505
HR 7130,HR7130,FBT13793
HR 7131,HR7131,FBT40135
HR 7132,HR7132,FBT13972
HR 7133,HR7133,FBT40115
HR 7140,HR7140,FBT13503
HR 7140,HR7140,FBT40495
HR 7141,HR7141,FBT40037
HR 7144,HR7144,FBT40046
HR 7146,HR7146,FBT40003
HR 7156,HR7156,FBT13497
HR 7157,HR7157,FBT41046
HR 7159,HR7159,FBT13729
HR 7159,HR7159,FBT13823
HR 7167,HR7167,FBT40002
HR 7172,HR7172,FBT40418
HR 7173,HR7173,FBT40002
HR 7175,HR7175,FBT40040
HR 7180,HR7180,FBT40198
HR 7181,HR7181,FBT40536
HR 7184,HR7184,FBT40034
HR 7186,HR7186,FBT40524
HR 7186-03,HR718603,FBT40524
HR 7187,HR7187,FBT40103
HR 7191,HR7191,FBT40419
HR 7196,HR7196,FBT40082
HR 7198,HR7198,FBT13729
HR 7205,HR7205,FBT41090
HR 7207,HR7207,FBT40198
HR 7214,HR7214,FBT40015
HR 7218,HR7218,FBT40031
HR 7222,HR7222,FBT41206
HR 7222,HR7222,FBT41249
HR 7223,HR7223,FBT40060
HR 7224,HR7224,FBT40056
HR 7225,HR7225,FBT40137
HR 7227,HR7227,FBT40059
HR 7228,HR7228,FBT40078
HR 7229,HR7229,FBT40139
HR 7230,HR7230,FBT40016
HR 7231,HR7231,FBT40136
HR 7233,HR7233,FBT13505
HR 7234,HR7234,FBT13729
HR 7235,HR7235,FBT41199
HR 7238,HR7238,FBT40084
HR 7239,HR7239,FBT40038
HR 7241,HR7241,FBT40525
HR 7241-11,HR724111,FBT40525
HR 7242,HR7242,FBT13816
HR 7243,HR7243,FBT40089
HR 7244,HR7244,FBT40089
HR 7245,HR7245,FBT40089
HR 7250,HR7250,FBT40373
HR 7253,HR7253,FBT40233
HR 7256,HR7256,FBT41372
HR 7257,HR7257,FBT40104
HR 7261,HR7261,FBT40521
HR 7264,HR7264,FBT40631
HR 7267,HR7267,FBT40105
HR 7268,HR7268,FBT40106
HR 7268,HR7268,FBT40108
HR 7269,HR7269,FBT40531
HR 7270,HR7270,FBT40520
HR 7271,HR7271,FBT40538
HR 7276,HR7276,FBT43305
HR 7279,HR7279,FBT40192
HR 7285,HR7285,FBT40091
HR 7287,HR7287,FBT40264
HR 7289,HR7289,FBT40883
HR 7290,HR7290,FBT40504
HR 7291,HR7291,FBT40428
HR 7292,HR7292,FBT40532
HR 7294,HR7294,FBT40677
HR 7296,HR7296,FBT40103
HR 7299,HR7299,FBT40193
HR 7310,HR7310,FBT13826
HR 7316,HR7316,FBT13826
HR 7322,HR7322,FBT40110
HR 7323,HR7323,FBT40074
HR 7325,HR7325,FBT40073
HR 7335,HR7335,FBT40103
HR 7336,HR7336,FBT40218
HR 7337,HR7337,FBT40594
HR 7338,HR7338,FBT40992
HR 7339,HR7339,FBT40356
HR 7340,HR7340,FBT40482
HR 7344,HR7344,FBT40234
HR 7345,HR7345,FBT40959
HR 7346,HR7346,FBT40346
HR 7351,HR7351,FBT40195
HR 7353,HR7353,FBT40254
HR 7355,HR7355,FBT40072
HR 7360,HR7360,FBT40528
HR 7364,HR7364,FBT40594
HR 7376,HR7376,FBT40408
HR 7377,HR7377,FBT40378
HR 7378,HR7378,FBT40379
HR 7378,HR7378,FBT40451
HR 7384,HR7384,FBT40426
HR 7386,HR7386,FBT40705
HR 7388,HR7388,FBT40376
HR 7394,HR7394,FBT40405
HR 7397,HR7397,FBT40413
HR 7398,HR7398,FBT40436
HR 7401,HR7401,FBT13922
HR 7403,HR7403,FBT13929
HR 7408,HR7408,FBT13926
HR 7411,HR7411,FBT40396
HR 7421,HR7421,FBT41194
HR 7424,HR7424,FBT41192
HR 7427,HR7427,FBT40979
HR 7428,HR7428,FBT41020
HR 7432,HR7432,FBT40152
HR 7434,HR7434,FBT40051
HR 7437,HR7437,FBT40050
HR 7438,HR7438,FBT40152
HR 7439,HR7439,FBT40052
HR 7442,HR7442,FBT40398
HR 7443,HR7443,FBT40153
HR 7444,HR7444,FBT40154
HR 7451,HR7451,FBT13610
HR 7452,HR7452,FBT13604
HR 7452,HR7452,FBT40176
HR 7453,HR7453,FBT40181
HR 7455,HR7455,FBT40010
HR 7456,HR7456,FBT40044
HR 7457,HR7457,FBT40164
HR 7460,HR7460,FBT40006
HR 7462,HR7462,FBT40257
HR 7463,HR7463,FBT13604
HR 7469,HR7469,FBT40080
HR 7470,HR7470,FBT40350
HR 7470,HR7470,FBT40595
HR 7471,HR7471,FBT40553
HR 7472,HR7472,FBT13654
HR 7472,HR7472,FBT13700
HR 7474,HR7474,FBT40045
HR 7477,HR7477,FBT40081
HR 7478,HR7478,FBT40096
HR 7483,HR7483,FBT13964
HR 7484,HR7484,FBT40173
HR 7485,HR7485,FBT40173
HR 7488,HR7488,FBT40186
HR 7491,HR7491,FBT40109
HR 7493,HR7493,FBT40265
HR 7494,HR7494,FBT40044
HR 7494,HR7494,FBT40412
HR 7495,HR7495,FBT43410
HR 7497,HR7497,FBT40654
HR 7501,HR7501,FBT41049
HR 7502,HR7502,FBT40115
HR 7503,HR7503,FBT13830
HR 7503,HR7503,FBT40424
HR 7504,HR7504,FBT41019
HR 7506,HR7506,FBT43410
HR 7507,HR7507,FBT40380
HR 7511,HR7511,FBT40387
HR 7511,HR7511,FBT40438
HR 7513,HR7513,FBT40387
HR 7519,HR7519,FBT13903
HR 7520,HR7520,FBT40113
HR 7521,HR7521,FBT40020
HR 7522,HR7522,FBT13830
HR 7523,HR7523,FBT13830
HR 7524,HR7524,FBT13830
HR 7527,HR7527,FBT40057
HR 7529,HR7529,FBT40115
HR 7529-01,HR752901,FBT40115
HR 7530,HR7530,FBT40021
HR 7531,HR7531,FBT40117
HR 7533,HR7533,FBT43413
HR 7534,HR7534,FBT40369
HR 7534-02,HR753402,FBT40369
HR 7535,HR7535,FBT40437
HR 7535,HR7535,FBT40555
HR 7537,HR7537,FBT40425
HR 7543,HR7543,FBT40362
HR 7543-01,HR754301,FBT40362
HR 7545,HR7545,FBT13830
HR 7549,HR7549,FBT13830
HR 7550,HR7550,FBT40112
HR 7554,HR7554,FBT40425
HR 7559,HR7559,FBT40020
HR 7562,HR7562,FBT40580
HR 7563,HR7563,FBT40391
HR 7565,HR7565,FBT40380
HR 7566,HR7566,FBT40421
HR 7570,HR7570,FBT40263
HR 7571,HR7571,FBT40424
HR 7572,HR7572,FBT40424
HR 7574,HR7574,FBT40420
HR 7577,HR7577,FBT40426
HR 7578,HR7578,FBT40040
HR 7578,HR7578,FBT40421
HR 7580,HR7580,FBT41039
HR 7583,HR7583,FBT40422
HR 7586,HR7586,FBT40227
HR 7588,HR7588,FBT40504
HR 7589,HR7589,FBT41039
HR 7590,HR7590,FBT40362
HR 7591,HR7591,FBT40384
HR 7592,HR7592,FBT40354
HR 7594,HR7594,FBT40423
HR 7600,HR7600,FBT40184
HR 7601,HR7601,FBT40171
HR 7604,HR7604,FBT40170
HR 7609,HR7609,FBT13964
HR 7612,HR7612,FBT40093
HR 7618,HR7618,FBT40080
HR 7620,HR7620,FBT13604
HR 7623,HR7623,FBT40188
HR 7624,HR7624,FBT13957
HR 7634,HR7634,FBT40321
HR 7639,HR7639,FBT40257
HR 7643,HR7643,FBT40172
HR 7644,HR7644,FBT40265
HR 7656,HR7656,FBT40746
HR 7666,HR7666,FBT40183
HR 7668,HR7668,FBT13700
HR 7668,HR7668,FBT40344
HR 7669,HR7669,FBT40179
HR 7671,HR7671,FBT40175
HR 7679,HR7679,FBT40153
HR 7680,HR7680,FBT40554
HR 7682,HR7682,FBT40386
HR 7683,HR7683,FBT40385
HR 7684,HR7684,FBT40465
HR 7685,HR7685,FBT40219
HR 7688,HR7688,FBT13806
HR 7694,HR7694,FBT40177
HR 7713,HR7713,FBT40197
HR 7716,HR7716,FBT40102
HR 7728,HR7728,FBT40199
HR 7730,HR7730,FBT40678
HR 7731,HR7731,FBT40200
HR 7736,HR7736,FBT40155
HR 7748,HR7748,FBT40262
HR 7754,HR7754,FBT40469
HR 7762,HR7762,FBT40488
HR 7768,HR7768,FBT13974
HR 7770,HR7770,FBT40393
HR 7772,HR7772,FBT40186
HR 7774,HR7774,FBT40472
HR 7781,HR7781,FBT40462
HR 7789,HR7789,FBT40382
HR 7796,HR7796,FBT40219
HR 7797,HR7797,FBT40539
HR 7800,HR7800,FBT40008
HR 7803,HR7803,FBT40843
HR 7806,HR7806,FBT40466
HR 7808,HR7808,FBT40358
HR 7811,HR7811,FBT40870
HR 7813,HR7813,FBT40487
HR 7814,HR7814,FBT40492
HR 7815,HR7815,FBT41055
HR 7816,HR7816,FBT40635
HR 7817,HR7817,FBT40186
HR 7818,HR7818,FBT40483
HR 7820,HR7820,FBT40602
HR 7830,HR7830,FBT40051
HR 7834,HR7834,FBT40348
HR 7839,HR7839,FBT40322
HR 7840,HR7840,FBT40200
HR 7852,HR7852,FBT40656
HR 7856,HR7856,FBT40490
HR 7862,HR7862,FBT40381
HR 7865,HR7865,FBT40133
HR 7867,HR7867,FBT40648
HR 7871,HR7871,FBT40424
HR 7877,HR7877,FBT40429
HR 7880,HR7880,FBT40473
HR 7880,HR7880,FBT40491
HR 7884,HR7884,FBT40762
HR 7896,HR7896,FBT40630
HR 7898,HR7898,FBT40837
HR 7906,HR7906,FBT40551
HR 7916,HR7916,FBT40226
HR 7918,HR7918,FBT40256
HR 7919,HR7919,FBT40522
HR 7922,HR7922,FBT40748
HR 7924,HR7924,FBT40759
HR 7927,HR7927,FBT40708
HR 7927,HR7927,FBT40929
HR 7934,HR7934,FBT40985
HR 7938,HR7938,FBT40088
HR 7944,HR7944,FBT40623
HR 7950,HR7950,FBT40601
HR 7950,HR7950,FBT40782
HR 7951,HR7951,FBT40392
HR 7959,HR7959,FBT40655
HR 7963,HR7963,FBT40747
HR 7965,HR7965,FBT40385
HR 7969,HR7969,FBT41371
HR 7970,HR7970,FBT40902
HR 7971,HR7971,FBT40250
HR 7973,HR7973,FBT40489
HR 7974,HR7974,FBT41150
HR 7977,HR7977,FBT40486
HR 80001,HR80001,FBT40950
HR 80005,HR80005,FBT41166
HR 80007,HR80007,FBT40917
HR 80010,HR80010,FBT41076
HR 80016,HR80016,FBT41231
HR 8002,HR8002,FBT40963
HR 80021,HR80021,FBT41133
HR 80022,HR80022,FBT41038
HR 80024,HR80024,FBT41126
HR 80028,HR80028,FBT41097
HR 80033,HR80033,FBT41370
HR 80035,HR80035,FBT41149
HR 80037,HR80037,FBT41075
HR 80038,HR80038,FBT41099
HR 80039,HR80039,FBT41098
HR 80040,HR80040,FBT41173
HR 80044,HR80044,FBT41377
HR 8005,HR8005,FBT40956
HR 80056,HR80056,FBT41130
HR 80059,HR80059,FBT41399
HR 8006,HR8006,FBT40592
HR 80060,HR80060,FBT41176
HR 80061,HR80061,FBT41185
HR 80062,HR80062,FBT41186
HR 80063,HR80063,FBT41189
HR 80064,HR80064,FBT41153
HR 80065,HR80065,FBT41156
HR 80066,HR80066,FBT41180
HR 80067,HR80067,FBT41221
HR 80068,HR80068,FBT41222
HR 80069,HR80069,FBT41223
HR 8007,HR8007,FBT40515
HR 80070,HR80070,FBT41224
HR 80071,HR80071,FBT41225
HR 80072,HR80072,FBT40771
HR 80074,HR80074,FBT41137
HR 80076,HR80076,FBT41020
HR 80077,HR80077,FBT41285
HR 8008,HR8008,FBT40668
HR 80090,HR80090,FBT41183
HR 80091,HR80091,FBT41184
HR 80092,HR80092,FBT41155
HR 80096,HR80096,FBT41142
HR 80098,HR80098,FBT41152
HR 80099,HR80099,FBT41159
HR 8010,HR8010,FBT40657
HR 8011,HR8011,FBT40495
HR 80114,HR80114,FBT41172
HR 80117,HR80117,FBT41212
HR 80119,HR80119,FBT41198
HR 80120,HR80120,FBT40830
HR 80124,HR80124,FBT41098
HR 80134,HR80134,FBT41402
HR 80136,HR80136,FBT41338
HR 80137,HR80137,FBT41226
HR 80139,HR80139,FBT41365
HR 8019,HR8019,FBT40982
HR 8020,HR8020,FBT41100
HR 8021,HR8021,FBT41090
HR 80214,HR80214,FBT41013
HR 8022,HR8022,FBT40660
HR 80220,HR80220,FBT41252
HR 8025,HR8025,FBT40762
HR 8026,HR8026,FBT40762
HR 8027,HR8027,FBT41291
HR 8028,HR8028,FBT40483
HR 8029,HR8029,FBT40681
HR 8030,HR8030,FBT40669
HR 8030,HR8030,FBT40807
HR 8030,HR8030,FBT40856
HR 8031,HR8031,FBT41230
HR 8032,HR8032,FBT40731
HR 8033,HR8033,FBT40730
HR 8035,HR8035,FBT40580
HR 8036,HR8036,FBT40499
HR 8039,HR8039,FBT13830
HR 8041,HR8041,FBT40516
HR 8045,HR8045,FBT40778
HR 8046,HR8046,FBT40452
HR 8047,HR8047,FBT40504
HR 8048,HR8048,FBT40395
HR 8051,HR8051,FBT40662
HR 8055,HR8055,FBT40342
HR 8057,HR8057,FBT40395
HR 8066,HR8066,FBT40269
HR 8069,HR8069,FBT41132
HR 8071,HR8071,FBT40811
HR 8074,HR8074,FBT40320
HR 8077,HR8077,FBT40377
HR 8084,HR8084,FBT40165
HR 8089,HR8089,FBT40435
HR 8092,HR8092,FBT40631
HR 8095,HR8095,FBT40683
HR 8096,HR8096,FBT40152
HR 8100,HR8100,FBT40540
HR 8116,HR8116,FBT41045
HR 8117,HR8117,FBT40811
HR 8118,HR8118,FBT40601
HR 8119,HR8119,FBT40487
HR 8122,HR8122,FBT13903
HR 8122,HR8122,FBT40517
HR 8123,HR8123,FBT41314
HR 8124,HR8124,FBT40666
HR 8125,HR8125,FBT40602
HR 8125,HR8125,FBT40634
HR 8126,HR8126,FBT40186
HR 8157,HR8157,FBT40439
HR 8161,HR8161,FBT40743
HR 8162,HR8162,FBT40765
HR 8163,HR8163,FBT41367
HR 8169,HR8169,FBT40523
HR 8170,HR8170,FBT40980
HR 8173,HR8173,FBT40821
HR 8181,HR8181,FBT40958
HR 8183,HR8183,FBT41193
HR 8186,HR8186,FBT40762
HR 8188,HR8188,FBT40498
HR 8194,HR8194,FBT40620
HR 8194,HR8194,FBT40764
HR 8196,HR8196,FBT40716
HR 8201,HR8201,FBT40832
HR 8212,HR8212,FBT41350
HR 8216,HR8216,FBT40563
HR 8218,HR8218,FBT40229
HR 8221,HR8221,FBT41403
HR 8225,HR8225,FBT40754
HR 8226,HR8226,FBT40580
HR 8228,HR8228,FBT40667
HR 8230,HR8230,FBT40794
HR 8232,HR8232,FBT40806
HR 8236,HR8236,FBT40891
HR 8237,HR8237,FBT41316
HR 8238,HR8238,FBT40781
HR 8242,HR8242,FBT40989
HR 8260,HR8260,FBT40952
HR 8273,HR8273,FBT40738
HR 8275,HR8275,FBT40621
HR 8279,HR8279,FBT40796
HR 8304,HR8304,FBT40815
HR 8304,HR8304,FBT41055
HR 8312,HR8312,FBT41354
HR 8314,HR8314,FBT40813
HR 8316,HR8316,FBT40832
HR 8317,HR8317,FBT40951
HR 8320,HR8320,FBT40680
HR 8321,HR8321,FBT40704
HR 8323,HR8323,FBT40801
HR 8325,HR8325,FBT40780
HR 8333,HR8333,FBT41000
HR 8336,HR8336,FBT40718
HR 8338,HR8338,FBT40820
HR 8339,HR8339,FBT40711
HR 8340,HR8340,FBT40600
HR 8341,HR8341,FBT40744
HR 8342,HR8342,FBT40749
HR 8345,HR8345,FBT40732
HR 8358,HR8358,FBT41052
HR 8360,HR8360,FBT40647
HR 8366,HR8366,FBT40827
HR 8368,HR8368,FBT40719
HR 8370,HR8370,FBT41094
HR 8371,HR8371,FBT41310
HR 8372,HR8372,FBT40834
HR 8373,HR8373,FBT40799
HR 8375,HR8375,FBT41190
HR 8378,HR8378,FBT40322
HR 8379,HR8379,FBT40954
HR 8380,HR8380,FBT40707
HR 8381,HR8381,FBT40991
HR 8387,HR8387,FBT40759
HR 8388,HR8388,FBT41178
HR 8389,HR8389,FBT41127
HR 8402,HR8402,FBT40711
HR 8404,HR8404,FBT40814
HR 8405,HR8405,FBT40832
HR 8407,HR8407,FBT40792
HR 8409,HR8409,FBT40715
HR 8411,HR8411,FBT41139
HR 8415,HR8415,FBT40791
HR 8416,HR8416,FBT40564
HR 8417,HR8417,FBT40873
HR 8419,HR8419,FBT40810
HR 8421,HR8421,FBT40713
HR 8428,HR8428,FBT40684
HR 8430,HR8430,FBT40817
HR 8431,HR8431,FBT40840
HR 8434,HR8434,FBT40884
HR 8441,HR8441,FBT40733
HR 8444,HR8444,FBT40818
HR 8445,HR8445,FBT40736
HR 8449,HR8449,FBT40855
HR 8450,HR8450,FBT40757
HR 8452,HR8452,FBT41196
HR 8457,HR8457,FBT40859
HR 8468,HR8468,FBT41251
HR 8469,HR8469,FBT40832
HR 8470,HR8470,FBT40714
HR 8471,HR8471,FBT40833
HR 8474,HR8474,FBT40816
HR 8477,HR8477,FBT41161
HR 8482,HR8482,FBT40770
HR 8484,HR8484,FBT41106
HR 8490,HR8490,FBT13983
HR 8491,HR8491,FBT40836
HR 8519,HR8519,FBT40797
HR 8520,HR8520,FBT41296
HR 8522,HR8522,FBT40908
HR 8523,HR8523,FBT40903
HR 8526,HR8526,FBT40910
HR 8528,HR8528,FBT40782
HR 8529,HR8529,FBT40862
HR 8532,HR8532,FBT40758
HR 8535,HR8535,FBT40802
HR 8536,HR8536,FBT40152
HR 8537,HR8537,FBT40752
HR 8538,HR8538,FBT40152
HR 8539,HR8539,FBT40822
HR 8540,HR8540,FBT40751
HR 8541,HR8541,FBT40976
HR 8542,HR8542,FBT40861
HR 8545,HR8545,FBT40784
HR 8546,HR8546,FBT40892
HR 8549,HR8549,FBT40951
HR 8550,HR8550,FBT40704
HR 8552,HR8552,FBT40818
HR 8553,HR8553,FBT40725
HR 8554,HR8554,FBT40741
HR 8559,HR8559,FBT40596
HR 8560,HR8560,FBT40987
HR 8561,HR8561,FBT40720
HR 8563,HR8563,FBT40709
HR 8566,HR8566,FBT40838
HR 8570,HR8570,FBT40975
HR 8571,HR8571,FBT40933
HR 8571,HR8571,FBT41003
HR 8572,HR8572,FBT40902
HR 8579,HR8579,FBT40835
HR 8583,HR8583,FBT40826
HR 8584,HR8584,FBT40905
HR 8585,HR8585,FBT41355
HR 8586,HR8586,FBT40750
HR 8589,HR8589,FBT13830
HR 8598,HR8598,FBT40825
HR 8601,HR8601,FBT40782
HR 8602,HR8602,FBT40913
HR 8604,HR8604,FBT40839
HR 8605,HR8605,FBT40152
HR 8610,HR8610,FBT40986
HR 8614,HR8614,FBT41151
HR 8619,HR8619,FBT40819
HR 8620,HR8620,FBT40717
HR 8623,HR8623,FBT40900
HR 8624,HR8624,FBT40824
HR 8625,HR8625,FBT41102
HR 8627,HR8627,FBT40950
HR 8628,HR8628,FBT41095
HR 8629,HR8629,FBT41083
HR 8633,HR8633,FBT40931
HR 8637,HR8637,FBT40768
HR 8638,HR8638,FBT41295
HR 8644,HR8644,FBT40869
HR 8646,HR8646,FBT40888
HR 8648,HR8648,FBT40887
HR 8649,HR8649,FBT41134
HR 8650,HR8650,FBT40906
HR 8652,HR8652,FBT40890
HR 8653,HR8653,FBT40893
HR 8656,HR8656,FBT41368
HR 8659,HR8659,FBT40911
HR 8661,HR8661,FBT40899
HR 8664,HR8664,FBT40901
HR 8665,HR8665,FBT40846
HR 8667,HR8667,FBT40871
HR 8674,HR8674,FBT40896
HR 8678,HR8678,FBT41347
HR 8684,HR8684,FBT41089
HR 8685,HR8685,FBT40898
HR 8687,HR8687,FBT40897
HR 8689,HR8689,FBT40681
HR 8691,HR8691,FBT40760
HR 8694,HR8694,FBT40895
HR 8695,HR8695,FBT41006
HR 8696,HR8696,FBT40622
HR 8697,HR8697,FBT40854
HR 8698,HR8698,FBT40811
HR 8699,HR8699,FBT40925
HR 8700,HR8700,FBT40809
HR 8701,HR8701,FBT40872
HR 8702,HR8702,FBT40853
HR 8703,HR8703,FBT40845
HR 8704,HR8704,FBT40768
HR 8705,HR8705,FBT40885
HR 8707,HR8707,FBT41088
HR 8709,HR8709,FBT40755
HR 8710,HR8710,FBT40745
HR 8711,HR8711,FBT40970
HR 8714,HR8714,FBT40795
HR 8716,HR8716,FBT40904
HR 8717,HR8717,FBT40909
HR 8718,HR8718,FBT40923
HR 8720,HR8720,FBT40942
HR 8723,HR8723,FBT40927
HR 8724,HR8724,FBT40928
HR 8725,HR8725,FBT40930
HR 8726,HR8726,FBT40932
HR 8727,HR8727,FBT40934
HR 8728,HR8728,FBT40935
HR 8729,HR8729,FBT40936
HR 8730,HR8730,FBT40937
HR 8731,HR8731,FBT40938
HR 8732,HR8732,FBT40939
HR 8733,HR8733,FBT40940
HR 8734,HR8734,FBT40941
HR 8735,HR8735,FBT40943
HR 8736,HR8736,FBT40944
HR 8737,HR8737,FBT40945
HR 8738,HR8738,FBT40946
HR 8739,HR8739,FBT40947
HR 8740,HR8740,FBT40948
HR 8741,HR8741,FBT40966
HR 8742,HR8742,FBT40968
HR 8743,HR8743,FBT40971
HR 8744,HR8744,FBT40978
HR 8760,HR8760,FBT40659
HR 8768,HR8768,FBT40753
HR 8770,HR8770,FBT40828
HR 8771,HR8771,FBT40564
HR 8772,HR8772,FBT40624
HR 8775,HR8775,FBT41022
HR 8785,HR8785,FBT40685
HR 8786,HR8786,FBT40974
HR 8787,HR8787,FBT40969
HR 8788,HR8788,FBT40912
HR 8789,HR8789,FBT40907
HR 8790,HR8790,FBT40894
HR 8791,HR8791,FBT40889
HR 8792,HR8792,FBT40710
HR 8793,HR8793,FBT41125
HR 8794,HR8794,FBT40990
HR 8798,HR8798,FBT41086
HR 8800,HR8800,FBT40847
HR 8812,HR8812,FBT40964
HR 8821,HR8821,FBT40916
HR 8824,HR8824,FBT41085
HR 8826,HR8826,FBT40849
HR 8827,HR8827,FBT40808
HR 8828,HR8828,FBT40756
HR 8830,HR8830,FBT41286
HR 8835,HR8835,FBT41236
HR 8840,HR8840,FBT41001
HR 8849,HR8849,FBT41001
HR 8850,HR8850,FBT40793
HR 8851,HR8851,FBT41051
HR 8852,HR8852,FBT40914
HR 8857,HR8857,FBT40995
HR 8859,HR8859,FBT40994
HR 8861,HR8861,FBT41004
HR 8862,HR8862,FBT40922
HR 8864,HR8864,FBT41018
HR 8866,HR8866,FBT41015
HR 8867,HR8867,FBT41014
HR 8868,HR8868,FBT41009
HR 8869,HR8869,FBT41008
HR 8870,HR8870,FBT41007
HR 8873,HR8873,FBT41002
HR 8874,HR8874,FBT40999
HR 8875,HR8875,FBT40997
HR 8876,HR8876,FBT40996
HR 8878,HR8878,FBT40993
HR 8879,HR8879,FBT40988
HR 8880,HR8880,FBT40984
HR 8881,HR8881,FBT40983
HR 8882,HR8882,FBT40915
HR 8883,HR8883,FBT40860
HR 8884,HR8884,FBT40914
HR 8885,HR8885,FBT40852
HR 8886,HR8886,FBT40850
HR 8887,HR8887,FBT40848
HR 8888,HR8888,FBT40844
HR 8889,HR8889,FBT40949
HR 8890,HR8890,FBT40864
HR 8891,HR8891,FBT40924
HR 8899,HR8899,FBT41160
HR 8902,HR8902,FBT40753
HR 8904,HR8904,FBT41020
HR 8905,HR8905,FBT41366
HR 8912,HR8912,FBT41010
HR 8914,HR8914,FBT41012
HR 8915,HR8915,FBT41197
HR 8917,HR8917,FBT41369
HR 8919,HR8919,FBT41082
HR 8921,HR8921,FBT41191
HR 8931,HR8931,FBT41179
HR 8936,HR8936,FBT41181
HR 8937,HR8937,FBT41174
HR 8938,HR8938,FBT40798
HR 8940,HR8940,FBT40841
HR 8950,HR8950,FBT40998
HR 8953,HR8953,FBT41057
HR 8954,HR8954,FBT41047
HR 8955,HR8955,FBT41023
HR 8956,HR8956,FBT41058
HR 8957,HR8957,FBT41060
HR 8958,HR8958,FBT41059
HR 8959,HR8959,FBT41061
HR 8960,HR8960,FBT41071
HR 8961,HR8961,FBT41124
HR 8962,HR8962,FBT41028
HR 8963,HR8963,FBT41130
HR 8964,HR8964,FBT41066
HR 8965,HR8965,FBT41032
HR 8966,HR8966,FBT41072
HR 8967,HR8967,FBT40769
HR 8968,HR8968,FBT41025
HR 8970,HR8970,FBT41068
HR 8972,HR8972,FBT41078
HR 8988,HR8988,FBT41062
HR 8989,HR8989,FBT41073
HR 8990,HR8990,FBT40860
HR 8991,HR8991,FBT41031
HR 8993,HR8993,FBT41067
HR 8994,HR8994,FBT41074
HR 8995,HR8995,FBT41037
HR 8996,HR8996,FBT41093
HR 8999,HR8999,FBT41009
I 09-0502 A-00,I090502A00,FBT13964
I 09-0503 A-00,I090503A00,FBT13604
I 12-0501 A-00,I120501A00,FBT13604
I 12-0502 A-00,I120502A00,FBT13964
JF0101-0101,JF01010101,FBT41191
JF0101-01120,JF010101120,FBT40385
JF0101-01122,JF010101122,FBT40386
JF0101-01123,JF010101123,FBT40392
JF0101-01131,JF010101131,FBT40654
JF0101-01132,JF010101132,FBT40655
JF0101-01133,JF010101133,FBT40620
JF0101-01134,JF010101134,FBT40621
JF0101-01135,JF010101135,FBT40622
JF0101-01136,JF010101136,FBT40623
JF0101-0134 A,JF01010134A,FBT41269
JF0101-0166,JF01010166,FBT41192
JF0101-0166 A,JF01010166A,FBT41192
JF0101-0167,JF01010167,FBT41287
JF0101-0701,JF01010701,FBT41193
JF0101-0716,JF01010716,FBT40250
JF0101-0722,JF01010722,FBT41194
JF0101-27308 B,JF010127308B,FBT41226
JF0101-27308 B B,JF010127308BB,FBT41226
JF0101-27309 B,JF010127309B,FBT41224
JF0101-85002,JF010185002,FBT41325
JF0101-85020,JF010185020,FBT41233
JF0101-85021,JF010185021,FBT41234
JF0101-85032,JF010185032,FBT41326
JF0208-0210 C,JF02080210C,FBT40152
JF0208-0218,JF02080218,FBT40250
JF0208-0218 A,JF02080218A,FBT40250
JF0208-0218 C,JF02080218C,FBT40250
JF0208-0230,JF02080230,FBT40250
JF0501-0301,JF05010301,FBT41052
JF0501-0301 A,JF05010301A,FBT41052
JF0501-0500,JF05010500,FBT41134
JF0501-0500 A,JF05010500A,FBT41134
JF0501-0500 B,JF05010500B,FBT41134
JF0501-0501,JF05010501,FBT40659
JF0501-0501R,JF05010501R,FBT40659
JF0501-0502,JF05010502,FBT40152
JF0501-1212,JF05011212,FBT41052
JF0501-1214 A,JF05011214A,FBT41196
JF0501-1215,JF05011215,FBT41134
JF0501-1293,JF05011293,FBT40322
JF0501-1901,JF05011901,FBT41197
JF0501-1903,JF05011903,FBT40152
JF0501-1909 A,JF05011909A,FBT41219
JF0501-1909 B,JF05011909B,FBT41219
JF0501-1909 C,JF05011909C,FBT41219
JF0501-19105,JF050119105,FBT41323
JF0501-19131,JF050119131,FBT41198
JF0501-1914,JF05011914,FBT41335
JF0501-19163 A,JF050119163A,FBT41235
JF0501-19166,JF050119166,FBT41253
JF0501-1916 A,JF05011916A,FBT41134
JF0501-19192 A,JF050119192A,FBT41251
JF0501-19196,JF050119196,FBT41236
JF0501-19197,JF050119197,FBT41254
JF0501-19198 A,JF050119198A,FBT41176
JF0501-19223,JF050119223,FBT40782
JF0501-19238,JF050119238,FBT41231
JF0501-19255,JF050119255,FBT41199
JF0501-19255 R,JF050119255R,FBT41199
JF0501-19272,JF050119272,FBT41237
JF0501-19272 R,JF050119272R,FBT41238
JF0501-19274,JF050119274,FBT41172
JF0501-19276,JF050119276,FBT41240
JF0501-19276 R,JF050119276R,FBT41240
JF0501-19280,JF050119280,FBT41175
JF0501-19304,JF050119304,FBT41200
JF0501-19504,JF050119504,FBT41201
JF0501-19516,JF050119516,FBT41207
JF0501-19521,JF050119521,FBT41202
JF0501-19522,JF050119522,FBT41203
JF0501-19535,JF050119535,FBT41204
JF0501-19538,JF050119538,FBT41255
JF0501-19538 A,JF050119538A,FBT41255
JF0501-19544,JF050119544,FBT41256
JF0501-19544 A,JF050119544A,FBT41256
JF0501-19565,JF050119565,FBT41292
JF0501-19566,JF050119566,FBT41303
JF0501-19573,JF050119573,FBT41305
JF0501-19576,JF050119576,FBT41152
JF0501-19800,JF050119800,FBT41205
JF0501-19816,JF050119816,FBT41327
JF0501-19857,JF050119857,FBT41241
JF0501-19858,JF050119858,FBT41242
JF0501-1990,JF05011990,FBT40186
JF0501-1993 A,JF05011993A,FBT40382
JF0501-1996,JF05011996,FBT40219
JF0501-21119 A,JF050121119A,FBT41328
JF0501-21123,JF050121123,FBT41306
JF0501-21130,JF050121130,FBT41406
JF0501-21154 A,JF050121154A,FBT41225
JF0501-2132,JF05012132,FBT41329
JF0501-2133,JF05012133,FBT41243
JF0501-2134,JF05012134,FBT41330
JF0501-2135,JF05012135,FBT41206
JF0501-2140,JF05012140,FBT41174
JF0501-2167,JF05012167,FBT41246
JF0501-21835,JF050121835,FBT41249
JF0501-21836,JF050121836,FBT41250
JF0501-2186 A,JF05012186A,FBT41288
JF0501-2189,JF05012189,FBT41340
JF0501-2197,JF05012197,FBT41208
JF0501-2417,JF05012417,FBT41210
JF0501-2418,JF05012418,FBT41160
JF0501-2509,JF05012509,FBT41211
JF0501-2514,JF05012514,FBT40681
JF0501-2520,JF05012520,FBT41212
JF0501-2536,JF05012536,FBT40768
JF0501-2538,JF05012538,FBT40754
JF0501-2601,JF05012601,FBT41331
JF0501-3101 B,JF05013101B,FBT41245
JF0501-3104,JF05013104,FBT41213
JF0501-3201,JF05013201,FBT41324
JF0501-3201 A,JF05013201A,FBT41324
JF0501-3201 L,JF05013201L,FBT41324
JF0501-3203 A,JF05013203A,FBT41214
JF0501-3205,JF05013205,FBT41215
JF0501-3213,JF05013213,FBT41216
JF0501-3223,JF05013223,FBT41217
JF0501-3254,JF05013254,FBT41301
JF0501-3257,JF05013257,FBT41304
JF0501-3301,JF05013301,FBT41332
JF0501-3301-G,JF05013301G,FBT41332
JF0501-3523,JF05013523,FBT41293
JF0501-3529,JF05013529,FBT41257
JF0501-3529 A,JF05013529A,FBT41257
JF0501-3540,JF05013540,FBT41218
JF0501-3546,JF05013546,FBT41294
JF0501-3551,JF05013551,FBT41302
JF0501-8601,JF05018601,FBT41337
JF0501-8602,JF05018602,FBT41307
JF0501-8603,JF05018603,FBT41322
JF0501.8604,JF05018604,FBT41308
JF0501-8605,JF05018605,FBT41338
JF0501-8608,JF05018608,FBT41339
JT/159,JT159,FBT40393
KFS-60226,KFS60226,FBT40010
KFS-60226 B,KFS60226B,FBT40044
KFS-60226 B,KFS60226B,FBT40412
KFS-60266,KFS60266,FBT40010
KFS-60288,KFS60288,FBT40045
KFS-60348 B,KFS60348B,FBT40164
KFS-60371,KFS60371,FBT40050
KFS-60371 B,KFS60371B,FBT40050
KFS-60371 D,KFS60371D,FBT40050
KFS-60455 C,KFS60455C,FBT40051
KFS-60455 E,KFS60455E,FBT40051
KFS-60505,KFS60505,FBT13604
KFS-60506,KFS60506,FBT13964
KFS-60506 A,KFS60506A,FBT40154
KFS-60581 B,KFS60581B,FBT40052
KFS-60581 C,KFS60581C,FBT40052
KFS-60676,KFS60676,FBT40155
KWO 3000 T,KWO3000T,FBT13780
L30002051,L30002051,FBT40782
L 380067,L380067,FBT13972
L 380076,L380076,FBT40002
L40B04600,L40B04600,FBT41215
LTF00CPS2040,LTF00CPS2040,FBT41160
LTF00CPS2058,LTF00CPS2058,FBT41176
LTF00CPXB026,LTF00CPXB026,FBT41160
LTF00CPXB029,LTF00CPXB029,FBT41254
LTF00CPXB030,LTF00CPXB030,FBT41246
LTF00CPXB038,LTF00CPXB038,FBT41340
LTF00CPXB039,LTF00CPXB039,FBT41245
LTF00CPXB040,LTF00CPXB040,FBT41324
LTF00CPXB043,LTF00CPXB043,FBT41176
LTF00CPXB044,LTF00CPXB044,FBT41324
LTF00CPXB046,LTF00CPXB046,FBT41332
LTF00CPXB051,LTF00CPXB051,FBT41332
LTFD 125 U,LTFD125U,FBT40197
LV 276-27003,LV27627003,FBT40600
LV 276-31440,LV27631440,FBT41122
LV 276-32446,LV27632446,FBT41395
LV 276-32447,LV27632447,FBT41394
M 10-01,M1001,FBT40015
M 10-02,M1002,FBT40016
M 10-03,M1003,FBT40136
M 10-04,M1004,FBT40056
M 10-05,M1005,FBT40137
M 10-07,M1007,FBT40269
M 10-08,M1008,FBT40320
M 10-09,M1009,FBT40254
M 10-10,M1010,FBT40233
M10-15,M1015,FBT40233
M 10-20,M1020,FBT40016
M 10-40,M1040,FBT40056
M 10-50,M1050,FBT40137
M 12-02,M1202,FBT13505
M 12-04,M1204,FBT13503
M 12-05,M1205,FBT40451
M 12-06,M1206,FBT40379
M 12-105,M12105,FBT40592
M 12-109,M12109,FBT40435
M 12-11,M1211,FBT40078
M 12-110,M12110,FBT40657
M 12-111,M12111,FBT40405
M 12-113,M12113,FBT40963
M 12-115,M12115,FBT40346
M 12-116,M12116,FBT40524
M 12-117,M12117,FBT40525
M 12-118,M12118,FBT41100
M 12-120,M12120,FBT41101
M 12-121,M12121,FBT40658
M 12-123,M12123,FBT40718
M 12-126,M12126,FBT40421
M 12-128,M12128,FBT40528
M 12-129,M12129,FBT40808
M 12-130,M12130,FBT40809
M 12-131,M12131,FBT40979
M 12-137,M12137,FBT40719
M 12-138,M12138,FBT40809
M 12-143,M12143,FBT41091
M 12-144,M12144,FBT40667
M 12-145,M12145,FBT41263
M 12-146,M12146,FBT40819
M 12-147,M12147,FBT40846
M 12-148,M12148,FBT40897
M 12-149,M12149,FBT41022
M 12-150,M12150,FBT40964
M 12-151,M12151,FBT41023
M 12-153,M12153,FBT40839
M 12-154,M12154,FBT41103
M 12-156,M12156,FBT40979
M 12-157,M12157,FBT40809
M 12-159,M12159,FBT40811
M 12-16,M1216,FBT40596
M 12-160,M12160,FBT41068
M 12-163,M12163,FBT40951
M 12-164,M12164,FBT40832
M 12-165,M12165,FBT40956
M 12-166,M12166,FBT40955
M 12-167,M12167,FBT40958
M 12-169,M12169,FBT41069
M 12-170,M12170,FBT40731
M 12-18,M1218,FBT40031
M 12-19,M1219,FBT40264
M 12-24,M1224,FBT40060
M 12-26,M1226,FBT40059
M 12-28,M1228,FBT40135
M 12-39,M1239,FBT40439
M 12-45,M1245,FBT40139
M 12-46,M1246,FBT40195
M 12-72,M1272,FBT40413
M 12-75,M1275,FBT40377
M 12-85,M1285,FBT40234
M 12-92,M1292,FBT40705
M 12-94,M1294,FBT40031
M 12-96,M1296,FBT40515
M 12-97,M1297,FBT40342
M 12-99,M1299,FBT13729
M29201-025.17,M2920102517,FBT40547
M29201-029.01,M2920102901,FBT40067
M29201-029.59,M2920102959,FBT40331
M29201-033.01,M2920103301,FBT40679
M29221-029.51 A,M2922102951A,FBT40329
M29221-029.52 A,M2922102952A,FBT40330
M29221-029.60,M2922102960,FBT40726
M29221-029.65,M2922102965,FBT40543
M 29221-029.66,M2922102966,FBT40727
M29221-031.68,M2922103168,FBT41037
MAT 33410,MAT33410,FBT43410
MAT 33413,MAT33413,FBT43413
ME 5931,ME5931,FBT13756
ME 5931-00,ME593100,FBT13756
ME 636900,ME636900,FBT40011
MR 260,MR260,FBT13503
MR 670,MR670,FBT40025
MSH1FBS06,MSH1FBS06,FBT13830
MSH1FCF04,MSH1FCF04,FBT13654
MSH1FPL38,MSH1FPL38,FBT40133
NC-4522//M3B4,NC4522M3B4,FBT41295
NF 2002 BM,NF2002BM,FBT40020
NF 2029 BM,NF2029BM,FBT40420
NF 2038 BM,NF2038BM,FBT41372
NF 2047 BM,NF2047BM,FBT40959
NX-1670//U2B4,NX1670U2B4,FBT40594
NX-1680/00,NX168000,FBT40834
NX-1680//U2B4,NX1680U2B4,FBT40834
NX-1681//U2B4,NX1681U2B4,FBT41296
NX-1741//U2B,NX1741U2B,FBT40488
NX-4003/U2B4,NX4003U2B4,FBT40838
NX-4521,NX4521,FBT40835
NX-4521//Z,NX4521Z,FBT40835
NX-4521//Z2B14,NX4521Z2B14,FBT40835
NX-4521//Z2B4,NX4521Z2B4,FBT40835
NX-4521//Z2I4,NX4521Z2I4,FBT40835
NX-4522//U,NX4522U,FBT41295
NX-4522//Z,NX4522Z,FBT41295
NX-4522//Z2B4,NX4522Z2B4,FBT41295
OR-35300,OR35300,FBT13816
OV 2076/20692,OV207620692,FBT40707
OV 2076/21121,OV207621121,FBT40948
OV 2076/21131,OV207621131,FBT40859
OV 2076/21362,OV207621362,FBT41177
OV 2076/21411,OV207621411,FBT41178
OV 2076/21921,OV207621921,FBT41177
OV 2076/22111,OV207622111,FBT41082
OV 2076M/21121,OV2076M21121,FBT40948
OV 2076M/21131,OV2076M21131,FBT40859
OV 2094/09,OV209409,FBT40870
OV 2094/10 A,OV209410A,FBT13830
OV 2094/20090,OV209420090,FBT40362
OV 2094/20091,OV209420091,FBT40362
OV 2094/20092,OV209420092,FBT40362
OV 2094/20093,OV209420093,FBT40362
OV 2094/20133,OV209420133,FBT40057
OV 2094/20410,OV209420410,FBT40762
OV 2094/20411,OV209420411,FBT40762
OV 2094/20890,OV209420890,FBT41310
OV 2094/20891,OV209420891,FBT41310
OV 2094/21211,OV209421211,FBT40782
OV 2094/21212,OV209421212,FBT40782
OV 2094/21213,OV209421213,FBT40782
OV 2094/21214,OV209421214,FBT40782
OV 2094/21620,OV209421620,FBT41310
OV 2094/21621,OV209421621,FBT41310
OV 2094/21622,OV209421622,FBT41310
OV 2094/22151,OV209422151,FBT41020
OV 2094/22152,OV209422152,FBT41020
OV 2094/37427,OV209437427,FBT13830
OV 2094/37745,OV209437745,FBT13830
OV 2094/37833,OV209437833,FBT13830
OV 2094/40,OV209440,FBT40186
OV 2094/41,OV209441,FBT40747
OV 2094/41 A,OV209441A,FBT40747
OV 2094/50,OV209450,FBT40186
PET-19-00,PET1900,FBT40380
PET-19-01,PET1901,FBT41039
PET-19-03,PET1903,FBT40135
PET-19-13,PET1913,FBT40113
PET-19-18,PET1918,FBT40426
PET-19-18 B,PET1918B,FBT40426
PET-19-21,PET1921,FBT13830
PET-19-21 L,PET1921L,FBT13830
PET-19-22,PET1922,FBT40423
PET-19-23,PET1923,FBT40422
PET-19-24,PET1924,FBT41019
PET-19-29,PET1929,FBT40424
PET-19-33 B,PET1933B,FBT40592
PET-19-34,PET1934,FBT40743
PET-19-35 B,PET1935B,FBT40592
PET-19-A2 B,PET19A2B,FBT40057
PET-19-B2 B,PET19B2B,FBT40362
PET-19-B9 B,PET19B9B,FBT40439
PET-19-C1B,PET19C1B,FBT40384
PET-19-C2,PET19C2,FBT40040
PET-19-C2 B,PET19C2B,FBT40040
PET-19-C3,PET19C3,FBT13830
PET-19-C4,PET19C4,FBT40425
PET-19-C5 B,PET19C5B,FBT40082
PET-19-C6,PET19C6,FBT40020
PET-19-C7,PET19C7,FBT40424
PET-19-C9,PET19C9,FBT40426
PET-19-D2,PET19D2,FBT40369
PET-19-D3,PET19D3,FBT40387
PET-19-D4,PET19D4,FBT40418
PET-19-D5,PET19D5,FBT13903
PET-19-D6,PET19D6,FBT40117
PET-19-D9,PET19D9,FBT40263
PET-19-E5 B,PET19E5B,FBT40667
PET-20-01,PET2001,FBT40601
PET-20-02 B,PET2002B,FBT40784
PET-20-04,PET2004,FBT41059
PET-20-05,PET2005,FBT41020
PET-21-02,PET2102,FBT41058
PET-22-01,PET2201,FBT40551
PET-22-08,PET2208,FBT40684
PET-22-11,PET2211,FBT40685
PET-22-21,PET2221,FBT40784
PET-22-21 B,PET2221B,FBT40784
PET-22-28 B,PET2228B,FBT40473
PET-22-A3,PET22A3,FBT40171
PET-22-A5,PET22A5,FBT40170
PET-22-A6,PET22A6,FBT40635
PET-22-A7,PET22A7,FBT40184
PET-22-B6,PET22B6,FBT40183
PET-22-B9,PET22B9,FBT40051
PET-22-C1,PET22C1,FBT40050
PET-22-C3,PET22C3,FBT40154
PET-22-C4,PET22C4,FBT40226
PET-22-C5,PET22C5,FBT40179
PET-22-C6,PET22C6,FBT40177
PET-22-C7,PET22C7,FBT40321
PET-22-C9,PET22C9,FBT40630
PET-22-E1,PET22E1,FBT40634
PET-22-E2,PET22E2,FBT40322
PET-22-E3,PET22E3,FBT40322
PET-22-E4,PET22E4,FBT41052
PET-22-E6,PET22E6,FBT40666
PET-23-D1,PET23D1,FBT40173
PET-31-A6,PET31A6,FBT40381
PET-32-02,PET3202,FBT40705
PET-32-A2,PET32A2,FBT13729
PET-32-A5,PET32A5,FBT40139
PET-32-A6,PET32A6,FBT40060
PET-32-A7,PET32A7,FBT40059
PET-32-A8,PET32A8,FBT40596
PET-32-A9,PET32A9,FBT13503
PET-32-B1,PET32B1,FBT13505
PET-32-B2,PET32B2,FBT40031
PET-32-B3,PET32B3,FBT40495
PET-32-B4,PET32B4,FBT40103
PET-32-B5,PET32B5,FBT40078
PET-32-B6,PET32B6,FBT40192
PET-32-B7,PET32B7,FBT40193
PET-32-B8,PET32B8,FBT40346
PET-32-B9,PET32B9,FBT40436
PET-32-C1,PET32C1,FBT40368
PET-32-C2,PET32C2,FBT40195
PET-32-C3,PET32C3,FBT40435
PET-32-C4,PET32C4,FBT40264
PET-32-C6,PET32C6,FBT40440
PET-32-C7,PET32C7,FBT40440
PET-32-C8,PET32C8,FBT40956
PET-32M-B3,PET32MB3,FBT40495
PET-40-01 B,PET4001B,FBT40680
PET-40-04 B,PET4004B,FBT41060
PET-40-07 BH,PET4007BH,FBT41061
PET-40-10 B,PET4010B,FBT41265
PPE0068,PPE0068,FBT40771
PPE0069,PPE0069,FBT41089
PPE0082,PPE0082,FBT41159
PPE0112,PPE0112,FBT41181
PPE0246,PPE0246,FBT40792
QQH0168-001,QQH0168001,FBT41213
QQH0170-001,QQH0170001,FBT41216
RN 115,RN115,FBT13743
RNF 2047 BM,RNF2047BM,FBT40959
RO-001,RO001,FBT13661
RO-002,RO002,FBT13664
RO-004,RO004,FBT40040
RO-015,RO015,FBT13758
RO-017,RO017,FBT13630
RO-018,RO018,FBT13804
RO-020,RO020,FBT40026
RO-022,RO022,FBT13721
RO-026,RO026,FBT13806
RO-028,RO028,FBT40038
RO-034,RO034,FBT13823
RO-035,RO035,FBT13610
RO-04,RO04,FBT40040
RO-041,RO041,FBT13807
RO-043,RO043,FBT13849
RO-045,RO045,FBT13733
RO-051,RO051,FBT13806
RO-063,RO063,FBT40058
RO-068,RO068,FBT40425
RO-073,RO073,FBT40424
RO-076,RO076,FBT13610
RO-081,RO081,FBT13826
RO-103,RO103,FBT13806
RO-108,RO108,FBT13661
RO-109,RO109,FBT13816
RO-112,RO112,FBT13727
RO-116,RO116,FBT40040
RO-118,RO118,FBT13664
RO-123,RO123,FBT13830
RO-125,RO125,FBT40424
RO-127,RO127,FBT13729
RO-129,RO129,FBT13505
RO-130,RO130,FBT13830
RO-138,RO138,FBT40058
RO-139,RO139,FBT40424
RO-146,RO146,FBT13818
RO 148,RO148,FBT40498
RO-149,RO149,FBT40031
RO 149,RO149,FBT40322
RO-152,RO152,FBT13503
RO-158,RO158,FBT40425
RO-162,RO162,FBT40044
RO-163,RO163,FBT40010
RO-164,RO164,FBT13729
RO-165,RO165,FBT40426
RO-166,RO166,FBT40705
RO-167,RO167,FBT40424
RO-174,RO174,FBT13743
RO-175,RO175,FBT40173
RO-178,RO178,FBT40175
RO-181,RO181,FBT13826
RO-186,RO186,FBT40424
RO-187,RO187,FBT40040
RO-188,RO188,FBT40183
RO-190,RO190,FBT13604
RO-196,RO196,FBT13503
RO-210,RO210,FBT13914
RO-211,RO211,FBT43413
RO-212,RO212,FBT13933
RO-217,RO217,FBT40424
RO-219,RO219,FBT13620
RO-220,RO220,FBT13802
RO-224,RO224,FBT13616
RO-225,RO225,FBT13617
RO-226,RO226,FBT13618
RO-229,RO229,FBT13922
RO-230,RO230,FBT13925
RO-231,RO231,FBT40081
RO-232,RO232,FBT40153
RO-233,RO233,FBT40080
RO-235,RO235,FBT40256
RO-236,RO236,FBT40052
RO-241,RO241,FBT40155
RO-245,RO245,FBT13911
RO-254,RO254,FBT40553
RO-257,RO257,FBT40422
RO-261,RO261,FBT40057
RO-262,RO262,FBT40057
RO-263,RO263,FBT40057
RO-268,RO268,FBT13700
RO-270,RO270,FBT40082
RO-274,RO274,FBT13964
RO-278,RO278,FBT13923
RO-283,RO283,FBT13637
RO-287,RO287,FBT40010
RO-291,RO291,FBT13794
RO-294,RO294,FBT13929
RO-296,RO296,FBT13481
RO-306,RO306,FBT40179
RO-308,RO308,FBT40342
RO-320,RO320,FBT40189
RO-34,RO34,FBT13823
RO-341,RO341,FBT40152
RO-342,RO342,FBT40052
RO-343,RO343,FBT40050
RO-345,RO345,FBT40109
RO-346,RO346,FBT13630
RO-348,RO348,FBT13964
RO-35,RO35,FBT13610
RO-353,RO353,FBT40078
RO-355,RO355,FBT40060
RO-356,RO356,FBT40135
RO-358,RO358,FBT40139
RO-364,RO364,FBT40186
RO-368,RO368,FBT40173
RO-369,RO369,FBT40551
RO-37,RO37,FBT40237
RO-399,RO399,FBT40518
RO-401,RO401,FBT40558
RO-402,RO402,FBT40440
RO-406,RO406,FBT40560
RO-408,RO408,FBT41107
RO-414,RO414,FBT40513
RO-420,RO420,FBT40059
RO-423,RO423,FBT40515
RO-445,RO445,FBT40426
RO-447,RO447,FBT40384
RO-453,RO453,FBT40657
RO-458,RO458,FBT40658
RO-472,RO472,FBT41055
RO-474,RO474,FBT40666
RO 475,RO475,FBT40492
RO 477,RO477,FBT40486
RO-480,RO480,FBT40152
RO-49,RO49,FBT13664
RO-513,RO513,FBT13820
RO-604,RO604,FBT40040
RO-609,RO609,FBT13816
RO-630,RO630,FBT13830
RO-631,RO631,FBT13830
RO-633,RO633,FBT40592
RO-649,RO649,FBT40031
RO-654,RO654,FBT43410
RO-667,RO667,FBT40424
RO-671,RO671,FBT40601
RO-672,RO672,FBT40601
RO-675,RO675,FBT40173
RO-677,RO677,FBT40601
RO-678,RO678,FBT40175
RO-679,RO679,FBT40721
RO-680 B,RO680B,FBT40718
RO-680 K,RO680K,FBT40718
RO-681,RO681,FBT40808
RO-682,RO682,FBT40809
RO-683,RO683,FBT40979
RO-684,RO684,FBT40681
RO-685 B,RO685B,FBT40906
RO-685 K,RO685K,FBT40809
RO-686,RO686,FBT40719
RO-686 B,RO686B,FBT40719
RO 686 K,RO686K,FBT40719
RO-687,RO687,FBT40040
RO-688,RO688,FBT40183
RO-690,RO690,FBT40725
RO-695,RO695,FBT41023
RO-696,RO696,FBT41091
RO-698,RO698,FBT41022
RO-699,RO699,FBT41263
RO-700,RO700,FBT40964
RO 701,RO701,FBT41103
RO-702,RO702,FBT41114
RO-704,RO704,FBT41054
RO-706,RO706,FBT41131
RO-707,RO707,FBT41056
RO-709,RO709,FBT41026
RO-710,RO710,FBT41110
RO-712,RO712,FBT40839
RO-715,RO715,FBT41106
RO-719,RO719,FBT40979
RO-73,RO73,FBT40424
RO-757,RO757,FBT40422
RO-804,RO804,FBT40423
RO-808,RO808,FBT40342
RO-821,RO821,FBT40177
RO-823,RO823,FBT40422
RO-836,RO836,FBT13903
RO-840,RO840,FBT41024
RO-846,RO846,FBT41131
RO-858,RO858,FBT41028
RO-861,RO861,FBT41108
RO-871,RO871,FBT41187
RO-872,RO872,FBT41379
RO-873,RO873,FBT41271
RO-874,RO874,FBT41268
RO-875,RO875,FBT41273
RO 876,RO876,FBT41272
RO-883,RO883,FBT41264
RO-894,RO894,FBT41123
RO-896,RO896,FBT41383
RO-908,RO908,FBT41345
RO-909,RO909,FBT41336
RO-930,RO930,FBT41185
RO-931,RO931,FBT41186
RO-932,RO932,FBT41305
RO-936,RO936,FBT41380
RO-941,RO941,FBT41057
RO-946,RO946,FBT41378
RO-949,RO949,FBT41382
RO-951,RO951,FBT41111
RO-952,RO952,FBT41115
RO 954,RO954,FBT41112
RO-957,RO957,FBT41116
RO-958,RO958,FBT41333
RO 959,RO959,FBT41113
RO-961,RO961,FBT41117
RO-962,RO962,FBT41109
RO-965,RO965,FBT41313
RO-967,RO967,FBT41384
RO-968,RO968,FBT40561
RO-969,RO969,FBT41385
RTRNF0230PEZZ,RTRNF0230PEZZ,FBT41253
RTRNF1689CE,RTRNF1689CE,FBT40262
RTRNF1689CEZZ,RTRNF1689CEZZ,FBT40262
RTRNF1768BMZZ,RTRNF1768BMZZ,FBT13898
RTRNF1783BMZZ,RTRNF1783BMZZ,FBT13896
RTRNF1783CEZZ,RTRNF1783CEZZ,FBT13896
RTRNF1786BMZZ,RTRNF1786BMZZ,FBT13894
RTRNF2000BMZZ,RTRNF2000BMZZ,FBT13899
RTRNF2001BMZZ,RTRNF2001BMZZ,FBT13897
RTRNF2002BMZZ,RTRNF2002BMZZ,FBT40020
RTRNF2003BMZZ,RTRNF2003BMZZ,FBT40117
RTRNF2004BMZZ,RTRNF2004BMZZ,FBT40020
RTRNF2005BMZZ,RTRNF2005BMZZ,FBT40117
RTRNF2006BMZZ,RTRNF2006BMZZ,FBT40117
RTRNF2007BMZZ,RTRNF2007BMZZ,FBT40020
RTRNF2008BMZZ,RTRNF2008BMZZ,FBT40196
RTRNF2015BMZZ,RTRNF2015BMZZ,FBT40654
RTRNF2018BMZZ,RTRNF2018BMZZ,FBT40654
RTRNF2019BMZZ,RTRNF2019BMZZ,FBT40975
RTRNF2024BMZZ,RTRNF2024BMZZ,FBT40020
RTRNF2029BMZZ,RTRNF2029BMZZ,FBT40420
RTRNF2031BMZZ,RTRNF2031BMZZ,FBT40420
RTRNF2033BMZZ,RTRNF2033BMZZ,FBT40843
RTRNF2035BMZZ,RTRNF2035BMZZ,FBT40482
RTRNF2038BMZZ,RTRNF2038BMZZ,FBT41372
RTRNF2039BMZZ,RTRNF2039BMZZ,FBT40660
RTRNF2041BMZZ,RTRNF2041BMZZ,FBT41030
RTRNF2042BMZZ,RTRNF2042BMZZ,FBT40482
RTRNF2047BMZZ,RTRNF2047BMZZ,FBT40959
RTRNF2048BMZZ,RTRNF2048BMZZ,FBT40730
RTRNF2049BMVO,RTRNF2049BMVO,FBT40731
RTRNF2049BMZZ,RTRNF2049BMZZ,FBT40731
RTRNF2074BMVO,RTRNF2074BMVO,FBT40958
RTRNF2074BMZZ,RTRNF2074BMZZ,FBT40958
RTRNF2089BMZZ,RTRNF2089BMZZ,FBT41190
RTRNFA014WJZZ,RTRNFA014WJZZ,FBT41286
S 031010000,S031010000,FBT40995
S 031010010,S031010010,FBT41075
S 031010020,S031010020,FBT40824
S 031010030,S031010030,FBT41025
S 031010050,S031010050,FBT41082
S 05620900,S05620900,FBT40112
S 065620000,S065620000,FBT40098
S 065620900,S065620900,FBT40112
S 065620909,S065620909,FBT40112
S 065620950,S065620950,FBT40112
S 065621000,S065621000,FBT40098
S 065621009,S065621009,FBT40098
S 065621100,S065621100,FBT40098
S 065621109,S065621109,FBT40098
S 065621300,S065621300,FBT40098
S 065621310,S065621310,FBT41081
S 065621350,S065621350,FBT40824
S 065621400,S065621400,FBT40564
S 065621409,S065621409,FBT40564
S 065621419,S065621419,FBT40564
S 065624000,S065624000,FBT40910
S 065624009,S065624009,FBT40910
S 067071000,S067071000,FBT40098
S 2002 TF 01,S2002TF01,FBT40704
S 31100000,S31100000,FBT13503
S 31100050,S31100050,FBT40495
S4-321-300-9F0,S43213009F0,FBT40523
T5062690228,T5062690228,FBT40960
T 6031 L,T6031L,FBT13497
T 6045 L,T6045L,FBT13837
T90.1,T901,FBT40596
T90.2,T902,FBT40060
T90.3,T903,FBT40439
T95.1,T951,FBT40183
TA 294/I,TA294I,FBT41049
TA 800,TA800,FBT40667
TA 821L,TA821L,FBT40183
TA 901,TA901,FBT40596
TA 902,TA902,FBT40060
TA 903,TA903,FBT40439
TA 905,TA905,FBT41039
TA 915,TA915,FBT40380
TA 919,TA919,FBT40380
TA 921,TA921,FBT40183
TA 946,TA946,FBT40684
TA 949,TA949,FBT40171
TA 950,TA950,FBT40425
TA 983,TA983,FBT40322
TAA 901 L,TAA901L,FBT40596
TAA 902 L,TAA902L,FBT40060
TAA 903 L,TAA903L,FBT40439
TAA 904 L,TAA904L,FBT40059
TBF 4124 AP,TBF4124AP,FBT40321
TCC0100170,TCC0100170,FBT40715
TCC0111377,TCC0111377,FBT41072
TCV-50B39,TCV50B39,FBT40521
TCV-50B55B,TCV50B55B,FBT40426
TDS 134,TDS134,FBT13786
TFB 0379 AR,TFB0379AR,FBT40770
TFB 3064 B,TFB3064B,FBT13489
TFB 3064 D,TFB3064D,FBT13489
TFB 307820,TFB307820,FBT41089
TFB 3078 AD,TFB3078AD,FBT41089
TFB 3078 BD,TFB3078BD,FBT41089
TFB 3078 ZD,TFB3078ZD,FBT41089
TFB 3079,TFB3079,FBT40770
TFB 3079 AR,TFB3079AR,FBT40770
TFB 3079 BE,TFB3079BE,FBT40770
TFB 3087,TFB3087,FBT40771
TFB 3087 BE,TFB3087BE,FBT40771
TFB 4048 AD,TFB4048AD,FBT13610
TFB 4048 BD,TFB4048BD,FBT13610
TFB 4090 AD,TFB4090AD,FBT40179
TFB 4104 AD,TFB4104AD,FBT40170
TFB 4110 BD,TFB4110BD,FBT40170
TFB 4115 AR,TFB4115AR,FBT40620
TFB 4115 BE,TFB4115BE,FBT40764
TFB 4115 CE,TFB4115CE,FBT40764
TFB 4116 AR,TFB4116AR,FBT40622
TFB 4117 AR,TFB4117AR,FBT40621
TFB 4117 BE,TFB4117BE,FBT40621
TFB 4120 AH,TFB4120AH,FBT40620
TFB 4123 AR,TFB4123AR,FBT40623
TFB 4123 BE,TFB4123BE,FBT40623
TFB 4123 BEUE 2604,TFB4123BEUE2604,FBT40623
TFB 4124 AE,TFB4124AE,FBT40321
TFB 4124 AP,TFB4124AP,FBT40321
TFB 4124 AR,TFB4124AR,FBT40321
TFB 4134 AE,TFB4134AE,FBT40746
TFB 4137 AD,TFB4137AD,FBT40768
TFB 4137 AR,TFB4137AR,FBT40768
TFB 4137 BE,TFB4137BE,FBT40768
TFB 4141 AR,TFB4141AR,FBT40768
TFB 4141 BE,TFB4141BE,FBT40768
TFB 4142 AR,TFB4142AR,FBT40769
TFB 4142 BE,TFB4142BE,FBT40769
TFB 4151 BE,TFB4151BE,FBT40844
TFB 4203 AJ,TFB4203AJ,FBT41210
TL 1410 E 12,TL1410E12,FBT40418
TLF 14520 F,TLF14520F,FBT40105
TLF 14521 F,TLF14521F,FBT40104
TLF 14567 F,TLF14567F,FBT40104
TLF 14568 F,TLF14568F,FBT40105
TLF 14584 F,TLF14584F,FBT40106
TLF 14586 F,TLF14586F,FBT40108
TLF 14612 A1,TLF14612A1,FBT13983
TLF 14612 B,TLF14612B,FBT13983
TLF 14612 B1,TLF14612B1,FBT13983
TLF 14612 F,TLF14612F,FBT13983
TLF 14612 F1,TLF14612F1,FBT13983
TLF 14653 F,TLF14653F,FBT40165
TLF 15548 F,TLF15548F,FBT40677
TLF 1601,TLF1601,FBT40050
TLF 16945,TLF16945,FBT40050
TLF 70012,TLF70012,FBT40081
TLF 70012 A,TLF70012A,FBT40081
TLF 70018,TLF70018,FBT40080
TLF 70161,TLF70161,FBT40109
TLF 70162,TLF70162,FBT40153
TLF 70162 A,TLF70162A,FBT40153
TLF 70162 B,TLF70162B,FBT40153
TLF 70162 G,TLF70162G,FBT40153
TR 020,TR020,FBT40026
TR 022,TR022,FBT13721
TR 031,TR031,FBT40422
TR 035,TR035,FBT40422
TR 039,TR039,FBT40423
TR 078,TR078,FBT40050
TR 079,TR079,FBT13805
TR 080,TR080,FBT13665
TR 1010,TR1010,FBT40063
TR 1011,TR1011,FBT13743
TR 1012,TR1012,FBT13820
TR 1013,TR1013,FBT40186
TR 1014,TR1014,FBT40044
TR 1015,TR1015,FBT40010
TR 1016,TR1016,FBT13661
TR 1018,TR1018,FBT40073
TR 1019,TR1019,FBT40110
TR 1021,TR1021,FBT13925
TR 1022,TR1022,FBT13964
TR 1023,TR1023,FBT40022
TR 1024,TR1024,FBT13829
TR 1025,TR1025,FBT13807
TR 1026,TR1026,FBT40015
TR 1027,TR1027,FBT13616
TR 1029,TR1029,FBT13729
TR 1031,TR1031,FBT13806
TR 1032,TR1032,FBT40057
TR 1033,TR1033,FBT13733
TR 1034,TR1034,FBT13816
TR 1035,TR1035,FBT13665
TR 1037,TR1037,FBT13793
TR 1038,TR1038,FBT40033
TR 1039,TR1039,FBT13814
TR 1040,TR1040,FBT13826
TR 1041,TR1041,FBT40074
TR 1042,TR1042,FBT13503
TR 1043,TR1043,FBT13830
TR 1045,TR1045,FBT13790
TR 1046,TR1046,FBT13823
TR 1048,TR1048,FBT13809
TR 1049,TR1049,FBT13664
TR 1050,TR1050,FBT40082
TR 1051,TR1051,FBT40026
TR 1052,TR1052,FBT40025
TR 1053,TR1053,FBT13775
TR 1054,TR1054,FBT13596
TR 1056,TR1056,FBT13786
TR 1058,TR1058,FBT40089
TR 1060,TR1060,FBT13604
TR 1061,TR1061,FBT13630
TR 1062,TR1062,FBT13489
TR 1063,TR1063,FBT13918
TR 1064,TR1064,FBT13610
TR 1065,TR1065,FBT13700
TR 1066,TR1066,FBT40152
TR 1067,TR1067,FBT40189
TR 1068,TR1068,FBT40153
TR 1069,TR1069,FBT40050
TR 1070,TR1070,FBT13732
TR 1072,TR1072,FBT40081
TR 1073,TR1073,FBT40200
TR 1074,TR1074,FBT13780
TR 1075,TR1075,FBT40262
TR 1076,TR1076,FBT40102
TR 1077,TR1077,FBT40045
TR 1078,TR1078,FBT13933
TR 1080,TR1080,FBT40173
TR 1081,TR1081,FBT13983
TR 1082,TR1082,FBT40219
TR 1083,TR1083,FBT40093
TR 1084,TR1084,FBT40344
TR 1085,TR1085,FBT13472
TR 1086,TR1086,FBT13493
TR 1087,TR1087,FBT13504
TR 1095,TR1095,FBT13727
TR 1096,TR1096,FBT13758
TR 1097,TR1097,FBT13782
TR 1098,TR1098,FBT13794
TR 1100,TR1100,FBT13804
TR 1101,TR1101,FBT13805
TR 1104,TR1104,FBT13842
TR 1105,TR1105,FBT13843
TR 1115,TR1115,FBT13903
TR 1116,TR1116,FBT13922
TR 1118,TR1118,FBT13926
TR 1119,TR1119,FBT13929
TR 1125,TR1125,FBT40008
TR 1127,TR1127,FBT40019
TR 1128,TR1128,FBT40020
TR 1129,TR1129,FBT40031
TR 1132,TR1132,FBT40040
TR 1133,TR1133,FBT40051
TR 1135,TR1135,FBT40060
TR 1140,TR1140,FBT40078
TR 1141,TR1141,FBT40080
TR 1143,TR1143,FBT40091
TR 1146,TR1146,FBT40103
TR 1147,TR1147,FBT40104
TR 1148,TR1148,FBT40105
TR 1149,TR1149,FBT40106
TR 1150,TR1150,FBT40108
TR 1152,TR1152,FBT40113
TR 1153,TR1153,FBT40119
TR 1156,TR1156,FBT40139
TR 1157,TR1157,FBT40154
TR 1158,TR1158,FBT40155
TR 1162,TR1162,FBT40165
TR 1163,TR1163,FBT40170
TR 1164,TR1164,FBT40171
TR 1165,TR1165,FBT40177
TR 1166,TR1166,FBT40179
TR 1167,TR1167,FBT40183
TR 1169,TR1169,FBT40192
TR 1173,TR1173,FBT40198
TR 1177,TR1177,FBT40250
TR 1185,TR1185,FBT40322
TR 1188,TR1188,FBT40346
TR 1189,TR1189,FBT40362
TR 1191,TR1191,FBT40366
TR 1193,TR1193,FBT40368
TR 1194,TR1194,FBT40369
TR 1195,TR1195,FBT40380
TR 1197,TR1197,FBT40387
TR 1199,TR1199,FBT40424
TR 1200,TR1200,FBT40425
TR 1201,TR1201,FBT40435
TR 1203,TR1203,FBT40437
TR 1204,TR1204,FBT40488
TR 129,TR129,FBT13505
TR 136,TR136,FBT40067
TR 137,TR137,FBT40068
TR 138,TR138,FBT40058
TR 146,TR146,FBT13818
TR 148,TR148,FBT40498
TR 149,TR149,FBT40322
TR 152,TR152,FBT13503
TR 164,TR164,FBT13729
TR 165,TR165,FBT40426
TR 166,TR166,FBT40705
TR 174,TR174,FBT13743
TR 178,TR178,FBT40342
TR 179,TR179,FBT40342
TR 181,TR181,FBT40179
TR 192,TR192,FBT13964
TR 194,TR194,FBT40117
TR 196,TR196,FBT13503
TR 201,TR201,FBT13922
TR 202,TR202,FBT13925
TR 209,TR209,FBT41341
TR 231,TR231,FBT40081
TR 235,TR235,FBT40256
TR 261,TR261,FBT40057
TR 270,TR270,FBT40082
TR 271,TR271,FBT40063
TR 274,TR274,FBT13964
TR 289,TR289,FBT40219
TR 328,TR328,FBT40173
TR 329,TR329,FBT40551
TR 351,TR351,FBT40451
TR 352,TR352,FBT40379
TR 353,TR353,FBT40078
TR 355,TR355,FBT40060
TR 356,TR356,FBT40135
TR 358,TR358,FBT40139
TR 373,TR373,FBT41039
TR 392,TR392,FBT40531
TR 401,TR401,FBT40558
TR 402,TR402,FBT40440
TR 404,TR404,FBT40518
TR 406,TR406,FBT40560
TR 408,TR408,FBT41107
TR 414,TR414,FBT40513
TR 4181,TR4181,FBT13538
TR 420,TR420,FBT40059
TR 423,TR423,FBT40515
TR 4290,TR4290,FBT40418
TR 445,TR445,FBT40426
TR 447,TR447,FBT40384
TR 453,TR453,FBT40657
TR 458,TR458,FBT40658
TR 4662,TR4662,FBT40174
TR 4670,TR4670,FBT13816
TR 4676,TR4676,FBT13504
TR 4712,TR4712,FBT40057
TR 472,TR472,FBT41055
TR 474,TR474,FBT40666
TR 475,TR475,FBT40492
TR 477,TR477,FBT40486
TR 483,TR483,FBT40753
TR 571,TR571,FBT40425
TR 630,TR630,FBT13830
TR 631,TR631,FBT13830
TR 632,TR632,FBT40553
TR 633,TR633,FBT40592
TR 649,TR649,FBT40031
TR 671,TR671,FBT40601
TR 672,TR672,FBT40601
TR 677,TR677,FBT40601
TR 679,TR679,FBT40721
TR 680 B,TR680B,FBT40718
TR 680 K,TR680K,FBT40718
TR 681,TR681,FBT40808
TR 682,TR682,FBT40809
TR 683,TR683,FBT40979
TR 684,TR684,FBT40681
TR 685 B,TR685B,FBT40906
TR 685 K,TR685K,FBT40809
TR 686 B,TR686B,FBT40719
TR 686 K,TR686K,FBT40719
TR 688,TR688,FBT40183
TR 690,TR690,FBT40725
TR 691,TR691,FBT40784
TR 693,TR693,FBT40797
TR 695,TR695,FBT41023
TR 696,TR696,FBT41091
TR 698,TR698,FBT41022
TR 699,TR699,FBT41263
TR 700,TR700,FBT40964
TR 701,TR701,FBT41103
TR 702,TR702,FBT41114
TR 704,TR704,FBT41054
TR 706,TR706,FBT41131
TR 707,TR707,FBT41056
TR 709,TR709,FBT41026
TR 710,TR710,FBT41110
TR 712,TR712,FBT40839
TR 714,TR714,FBT40827
TR 715,TR715,FBT41106
TR 719,TR719,FBT40979
TR 821,TR821,FBT40177
TR 828,TR828,FBT41134
TR 836,TR836,FBT13903
TR 840,TR840,FBT41024
TR 842,TR842,FBT40847
TR 844,TR844,FBT40749
TR 846,TR846,FBT41131
TR 849,TR849,FBT40711
TR 850,TR850,FBT40894
TR 852,TR852,FBT40905
TR 858,TR858,FBT41028
TR 861,TR861,FBT41108
TR 871,TR871,FBT41187
TR 872,TR872,FBT41379
TR 873,TR873,FBT41271
TR 874,TR874,FBT41268
TR 875,TR875,FBT41273
TR 876,TR876,FBT41272
TR 880,TR880,FBT40949
TR 883,TR883,FBT41264
TR-886,TR886,FBT40910
TR 894,TR894,FBT41123
TR 896,TR896,FBT41383
TR 902,TR902,FBT41152
TR 908,TR908,FBT41345
TR 909,TR909,FBT41336
TR 930,TR930,FBT41185
TR 931,TR931,FBT41186
TR 932,TR932,FBT41305
TR 936,TR936,FBT41380
TR 941,TR941,FBT41057
TR 946,TR946,FBT41378
TR 949,TR949,FBT41382
TR 951,TR951,FBT41111
TR 952,TR952,FBT41115
TR 954,TR954,FBT41112
TR 957,TR957,FBT41116
TR 958,TR958,FBT41333
TR 959,TR959,FBT41113
TR 961,TR961,FBT41117
TR 962,TR962,FBT41109
TR 965,TR965,FBT41313
TR 967,TR967,FBT41384
TR 968,TR968,FBT40561
TR 969,TR969,FBT41385
TREEL11051168A,TREEL11051168A,FBT13823
TRR 306,TRR306,FBT13830
TRR 325,TRR325,FBT40167
TRR 349,TRR349,FBT43410
TRR 353,TRR353,FBT13830
TRR 369,TRR369,FBT40057
TRR 406,TRR406,FBT40186
TVL 115,TVL115,FBT40380
TVL 115/2,TVL1152,FBT40380
TVL 1201,TVL1201,FBT40059
TVL 130,TVL130,FBT40439
TVL 202/03,TVL20203,FBT40060
TVL 402,TVL402,FBT40183
TZS 9 E K038,TZS9EK038,FBT41280
TZS 9 E K05A,TZS9EK05A,FBT41280
UX-1605/Q8,UX1605Q8,FBT40594
UX-1651//N5,UX1651N5,FBT40089
V30017788,V30017788,FBT41231
V30018809,V30018809,FBT41208
VE013330371,VE013330371,FBT40424
VE30002054,VE30002054,FBT40681
VE30017521,VE30017521,FBT41285
VE30017788,VE30017788,FBT41231
VE30018809,VE30018809,FBT41208
VE30021290,VE30021290,FBT41212
VE30037592,VE30037592,FBT41299
VS30002054,VS30002054,FBT40681
VS30002826,VS30002826,FBT40782
VS30017788,VS30017788,FBT41231
VS30021290,VS30021290,FBT41212
W0B60420001551,W0B60420001551,FBT40784
WT-2-06-1,WT2061,FBT41289
X45601581,X45601581,FBT40835
XOF91001/A,XOF91001A,FBT43073
Y 260482,Y260482,FBT13837
Y 261141,Y261141,FBT13806
Y 261273 G,Y261273G,FBT40181
ZTFN65013A,ZTFN65013A,FBT41280
