code,code_norm,pin,function,volts,src
154-064P,154064P,1,COL,,datapin_a
154-064P,154064P,2,180V,180.0,datapin_a
154-064P,154064P,3,B+,,datapin_a
154-064P,154064P,4,GND,,datapin_a
154-064P,154064P,5,16V,16.0,datapin_a
154-064P,154064P,6,24V,24.0,datapin_a
154-064P,154064P,7,40V,40.0,datapin_a
154-064P,154064P,8,ABL,,datapin_a
154-064P,154064P,9,HTR,,datapin_a
154-064P,154064P,10,AFC,,datapin_a
154-177B,154177B,1,COL,,datapin_a
154-177B,154177B,2,180V,180.0,datapin_a
154-177B,154177B,3,B+,,datapin_a
154-177B,154177B,4,GND,,datapin_a
154-177B,154177B,5,16V,16.0,datapin_a
154-177B,154177B,6,24V,24.0,datapin_a
154-177B,154177B,7,40V,40.0,datapin_a
154-177B,154177B,8,ABL,,datapin_a
154-177B,154177B,9,HTR,,datapin_a
154-177B,154177B,10,AFC,,datapin_a
FCK-14B047,FCK14B047,1,COL,,datapin_a
FCK-14B047,FCK14B047,2,180V,180.0,datapin_a
FCK-14B047,FCK14B047,3,B+,,datapin_a
FCK-14B047,FCK14B047,4,GND,,datapin_a
FCK-14B047,FCK14B047,5,16V,16.0,datapin_a
FCK-14B047,FCK14B047,6,24V,24.0,datapin_a
FCK-14B047,FCK14B047,7,40V,40.0,datapin_a
FCK-14B047,FCK14B047,8,ABL,,datapin_a
FCK-14B047,FCK14B047,9,HTR,,datapin_a
FCK-14B047,FCK14B047,10,AFC,,datapin_a
6174Z-8005C,6174Z8005C,1,COL,,datapin_a
6174Z-8005C,6174Z8005C,2,180,180.0,datapin_a
6174Z-8005C,6174Z8005C,3,B+,,datapin_a
6174Z-8005C,6174Z8005C,4,GND,,datapin_a
6174Z-8005C,6174Z8005C,5,NC,,datapin_a
6174Z-8005C,6174Z8005C,6,24,24.0,datapin_a
6174Z-8005C,6174Z8005C,7,GND,,datapin_a
6174Z-8005C,6174Z8005C,8,ABL,,datapin_a
6174Z-8005C,6174Z8005C,9,HT -AFC,,datapin_a
154-064G,154064G,1,COL,,datapin_a
154-064G,154064G,2,180V,180.0,datapin_a
154-064G,154064G,3,B+,92.0,datapin_a
154-064G,154064G,4,BOOST UP,,datapin_a
154-064G,154064G,5,24V,24.0,datapin_a
154-064G,154064G,6,12V,12.0,datapin_a
154-064G,154064G,7,GND,,datapin_a
154-064G,154064G,8,ABL,,datapin_a
154-064G,154064G,9,HTR,,datapin_a
154-064G,154064G,10,AFC,,datapin_a
154-177E untk,154177EUNTK,1,COL,,datapin_a
154-177E untk,154177EUNTK,2,180V,180.0,datapin_a
154-177E untk,154177EUNTK,3,B+,92.0,datapin_a
154-177E untk,154177EUNTK,4,BOOST UP,,datapin_a
154-177E untk,154177EUNTK,5,24V,24.0,datapin_a
154-177E untk,154177EUNTK,6,12V,12.0,datapin_a
154-177E untk,154177EUNTK,7,GND,,datapin_a
154-177E untk,154177EUNTK,8,ABL,,datapin_a
154-177E untk,154177EUNTK,9,HTR,,datapin_a
154-177E untk,154177EUNTK,10,AFC,,datapin_a
154 - 132A,154132A,1,COL,,datapin_a
154 - 132A,154132A,2,40V,40.0,datapin_a
154 - 132A,154132A,3,16.5,16.5,datapin_a
154 - 132A,154132A,4,HTR,,datapin_a
154 - 132A,154132A,5,GND,,datapin_a
154 - 132A,154132A,6,B+,,datapin_a
154 - 132A,154132A,7,180V,180.0,datapin_a
154 - 132A,154132A,8,GND,,datapin_a
154 - 132A,154132A,9,ABL,,datapin_a
154 - 132A,154132A,10,40V,40.0,datapin_a
154 - 132C,154132C,1,COL,,datapin_a
154 - 132C,154132C,2,40V,40.0,datapin_a
154 - 132C,154132C,3,16.5,16.5,datapin_a
154 - 132C,154132C,4,HTR,,datapin_a
154 - 132C,154132C,5,GND,,datapin_a
154 - 132C,154132C,6,B+,,datapin_a
154 - 132C,154132C,7,180V,180.0,datapin_a
154 - 132C,154132C,8,GND,,datapin_a
154 - 132C,154132C,9,ABL,,datapin_a
154 - 132C,154132C,10,40V,40.0,datapin_a
6174V - 600H,6174V600H,1,COL,,datapin_a
6174V - 600H,6174V600H,2,40V,40.0,datapin_a
6174V - 600H,6174V600H,3,16.5,16.5,datapin_a
6174V - 600H,6174V600H,4,HTR,,datapin_a
6174V - 600H,6174V600H,5,GND,,datapin_a
6174V - 600H,6174V600H,6,B+,,datapin_a
6174V - 600H,6174V600H,7,180V,180.0,datapin_a
6174V - 600H,6174V600H,8,GND,,datapin_a
6174V - 600H,6174V600H,9,ABL,,datapin_a
6174V - 600H,6174V600H,10,40V,40.0,datapin_a
6174Z - 6040C,6174Z6040C,1,COL,,datapin_a
6174Z - 6040C,6174Z6040C,2,40V,40.0,datapin_a
6174Z - 6040C,6174Z6040C,3,16.5,16.5,datapin_a
6174Z - 6040C,6174Z6040C,4,HTR,,datapin_a
6174Z - 6040C,6174Z6040C,5,GND,,datapin_a
6174Z - 6040C,6174Z6040C,6,B+,,datapin_a
6174Z - 6040C,6174Z6040C,7,180V,180.0,datapin_a
6174Z - 6040C,6174Z6040C,8,GND,,datapin_a
6174Z - 6040C,6174Z6040C,9,ABL,,datapin_a
6174Z - 6040C,6174Z6040C,10,40V,40.0,datapin_a
BSC 23 - N0107,BSC23N0107,1,COL,,datapin_a
BSC 23 - N0107,BSC23N0107,2,40V,40.0,datapin_a
BSC 23 - N0107,BSC23N0107,3,16.5,16.5,datapin_a
BSC 23 - N0107,BSC23N0107,4,HTR,,datapin_a
BSC 23 - N0107,BSC23N0107,5,GND,,datapin_a
BSC 23 - N0107,BSC23N0107,6,B+,,datapin_a
BSC 23 - N0107,BSC23N0107,7,180V,180.0,datapin_a
BSC 23 - N0107,BSC23N0107,8,GND,,datapin_a
BSC 23 - N0107,BSC23N0107,9,ABL,,datapin_a
BSC 23 - N0107,BSC23N0107,10,40V,40.0,datapin_a
154 189 C,154189C,1,COL,,datapin_a
154 189 C,154189C,2,B+,,datapin_a
154 189 C,154189C,3,180V,180.0,datapin_a
154 189 C,154189C,4,16V,16.0,datapin_a
154 189 C,154189C,5,24V,24.0,datapin_a
154 189 C,154189C,6,HTR,,datapin_a
154 189 C,154189C,7,GND,,datapin_a
154 189 C,154189C,8,ABL,,datapin_a
154 189 C,154189C,9,AFC,,datapin_a
154 189 C,154189C,10,NC,,datapin_a
154 189 H,154189H,1,COL,,datapin_a
154 189 H,154189H,2,B+,,datapin_a
154 189 H,154189H,3,180V,180.0,datapin_a
154 189 H,154189H,4,16V,16.0,datapin_a
154 189 H,154189H,5,24V,24.0,datapin_a
154 189 H,154189H,6,HTR,,datapin_a
154 189 H,154189H,7,GND,,datapin_a
154 189 H,154189H,8,ABL,,datapin_a
154 189 H,154189H,9,AFC,,datapin_a
154 189 H,154189H,10,NC,,datapin_a
154 277 C,154277C,1,COL,,datapin_a
154 277 C,154277C,2,B+,,datapin_a
154 277 C,154277C,3,180V,180.0,datapin_a
154 277 C,154277C,4,16V,16.0,datapin_a
154 277 C,154277C,5,24V,24.0,datapin_a
154 277 C,154277C,6,HTR,,datapin_a
154 277 C,154277C,7,GND,,datapin_a
154 277 C,154277C,8,ABL,,datapin_a
154 277 C,154277C,9,AFC,,datapin_a
154 277 C,154277C,10,NC,,datapin_a
BSC 22-2314 H,BSC222314H,1,COL,,datapin_a
BSC 22-2314 H,BSC222314H,2,B+,,datapin_a
BSC 22-2314 H,BSC222314H,3,180V,180.0,datapin_a
BSC 22-2314 H,BSC222314H,4,16V,16.0,datapin_a
BSC 22-2314 H,BSC222314H,5,24V,24.0,datapin_a
BSC 22-2314 H,BSC222314H,6,HTR,,datapin_a
BSC 22-2314 H,BSC222314H,7,GND,,datapin_a
BSC 22-2314 H,BSC222314H,8,ABL,,datapin_a
BSC 22-2314 H,BSC222314H,9,AFC,,datapin_a
BSC 22-2314 H,BSC222314H,10,NC,,datapin_a
CF 0801-3701,CF08013701,1,COL,,datapin_a
CF 0801-3701,CF08013701,2,B+,,datapin_a
CF 0801-3701,CF08013701,3,180V,180.0,datapin_a
CF 0801-3701,CF08013701,4,16V,16.0,datapin_a
CF 0801-3701,CF08013701,5,24V,24.0,datapin_a
CF 0801-3701,CF08013701,6,HTR,,datapin_a
CF 0801-3701,CF08013701,7,GND,,datapin_a
CF 0801-3701,CF08013701,8,ABL,,datapin_a
CF 0801-3701,CF08013701,9,AFC,,datapin_a
CF 0801-3701,CF08013701,10,NC,,datapin_a
FCM 20B027,FCM20B027,1,COL,,datapin_a
FCM 20B027,FCM20B027,2,B+,,datapin_a
FCM 20B027,FCM20B027,3,180V,180.0,datapin_a
FCM 20B027,FCM20B027,4,16V,16.0,datapin_a
FCM 20B027,FCM20B027,5,24V,24.0,datapin_a
FCM 20B027,FCM20B027,6,HTR,,datapin_a
FCM 20B027,FCM20B027,7,GND,,datapin_a
FCM 20B027,FCM20B027,8,ABL,,datapin_a
FCM 20B027,FCM20B027,9,AFC,,datapin_a
FCM 20B027,FCM20B027,10,NC,,datapin_a
6174V-6002U,6174V6002U,1,COL,,datapin_a
6174V-6002U,6174V6002U,2,180V,180.0,datapin_a
6174V-6002U,6174V6002U,3,B+,,datapin_a
6174V-6002U,6174V6002U,4,GND,,datapin_a
6174V-6002U,6174V6002U,5,12V,12.0,datapin_a
6174V-6002U,6174V6002U,6,26V,26.0,datapin_a
6174V-6002U,6174V6002U,7,NC,,datapin_a
6174V-6002U,6174V6002U,8,ABL,,datapin_a
6174V-6002U,6174V6002U,9,HTR,,datapin_a
6174V-6002U,6174V6002U,10,AFC,,datapin_a
BSC 26-N2121,BSC26N2121,1,COL,,datapin_a
BSC 26-N2121,BSC26N2121,2,180V,180.0,datapin_a
BSC 26-N2121,BSC26N2121,3,B+,,datapin_a
BSC 26-N2121,BSC26N2121,4,GND,,datapin_a
BSC 26-N2121,BSC26N2121,5,12V,12.0,datapin_a
BSC 26-N2121,BSC26N2121,6,26V,26.0,datapin_a
BSC 26-N2121,BSC26N2121,7,NC,,datapin_a
BSC 26-N2121,BSC26N2121,8,ABL,,datapin_a
BSC 26-N2121,BSC26N2121,9,HTR,,datapin_a
BSC 26-N2121,BSC26N2121,10,AFC,,datapin_a
BSC 65 A,BSC65A,1,COL,,datapin_a
BSC 65 A,BSC65A,2,B+,,datapin_a
BSC 65 A,BSC65A,3,190V,190.0,datapin_a
BSC 65 A,BSC65A,4,GND,,datapin_a
BSC 65 A,BSC65A,5,NC,,datapin_a
BSC 65 A,BSC65A,6,NC,,datapin_a
BSC 65 A,BSC65A,7,14.5V,14.5,datapin_a
BSC 65 A,BSC65A,8,ABL,,datapin_a
BSC 65 A,BSC65A,9,HTR,,datapin_a
BSC 65 A,BSC65A,10,AFC,,datapin_a
BSC 22-01N401,BSC2201N401,1,COL,,datapin_a
BSC 22-01N401,BSC2201N401,2,B+,,datapin_a
BSC 22-01N401,BSC2201N401,3,NC,,datapin_a
BSC 22-01N401,BSC2201N401,4,AFC,,datapin_a
BSC 22-01N401,BSC2201N401,5,GND,,datapin_a
BSC 22-01N401,BSC2201N401,6,HTR,,datapin_a
BSC 22-01N401,BSC2201N401,7,ABL,,datapin_a
BSC 22-01N401,BSC2201N401,8,NC,,datapin_a
BSC 22-01N402,BSC2201N402,1,COL,,datapin_a
BSC 22-01N402,BSC2201N402,2,B+,,datapin_a
BSC 22-01N402,BSC2201N402,3,NC,,datapin_a
BSC 22-01N402,BSC2201N402,4,AFC,,datapin_a
BSC 22-01N402,BSC2201N402,5,GND,,datapin_a
BSC 22-01N402,BSC2201N402,6,HTR,,datapin_a
BSC 22-01N402,BSC2201N402,7,ABL,,datapin_a
BSC 22-01N402,BSC2201N402,8,NC,,datapin_a
BSC 22-01-06,BSC220106,1,COL,,datapin_a
BSC 22-01-06,BSC220106,2,B+,,datapin_a
BSC 22-01-06,BSC220106,3,NC,,datapin_a
BSC 22-01-06,BSC220106,4,AFC,,datapin_a
BSC 22-01-06,BSC220106,5,GND,,datapin_a
BSC 22-01-06,BSC220106,6,HTR,,datapin_a
BSC 22-01-06,BSC220106,7,ABL,,datapin_a
BSC 22-01-06,BSC220106,8,NC,,datapin_a
BSC 22-0201,BSC220201,1,COL,,datapin_a
BSC 22-0201,BSC220201,2,B+,,datapin_a
BSC 22-0201,BSC220201,3,NC,,datapin_a
BSC 22-0201,BSC220201,4,AFC,,datapin_a
BSC 22-0201,BSC220201,5,GND,,datapin_a
BSC 22-0201,BSC220201,6,HTR,,datapin_a
BSC 22-0201,BSC220201,7,ABL,,datapin_a
BSC 22-0201,BSC220201,8,NC,,datapin_a
BSC 22-2314B,BSC222314B,1,COL,,datapin_a
BSC 22-2314B,BSC222314B,2,B+,,datapin_a
BSC 22-2314B,BSC222314B,3,NC,,datapin_a
BSC 22-2314B,BSC222314B,4,AFC,,datapin_a
BSC 22-2314B,BSC222314B,5,GND,,datapin_a
BSC 22-2314B,BSC222314B,6,HTR,,datapin_a
BSC 22-2314B,BSC222314B,7,ABL,,datapin_a
BSC 22-2314B,BSC222314B,8,NC,,datapin_a
BSC 23-4404A,BSC234404A,1,COL,,datapin_a
BSC 23-4404A,BSC234404A,2,B+,,datapin_a
BSC 23-4404A,BSC234404A,3,NC,,datapin_a
BSC 23-4404A,BSC234404A,4,AFC,,datapin_a
BSC 23-4404A,BSC234404A,5,GND,,datapin_a
BSC 23-4404A,BSC234404A,6,HTR,,datapin_a
BSC 23-4404A,BSC234404A,7,ABL,,datapin_a
BSC 23-4404A,BSC234404A,8,NC,,datapin_a
BSC 23-14H,BSC2314H,1,COL,,datapin_a
BSC 23-14H,BSC2314H,2,B+,,datapin_a
BSC 23-14H,BSC2314H,3,NC,,datapin_a
BSC 23-14H,BSC2314H,4,AFC,,datapin_a
BSC 23-14H,BSC2314H,5,GND,,datapin_a
BSC 23-14H,BSC2314H,6,HTR,,datapin_a
BSC 23-14H,BSC2314H,7,ABL,,datapin_a
BSC 23-14H,BSC2314H,8,NC,,datapin_a
BSC 24-14L,BSC2414L,1,COL,,datapin_a
BSC 24-14L,BSC2414L,2,B+,,datapin_a
BSC 24-14L,BSC2414L,3,NC,,datapin_a
BSC 24-14L,BSC2414L,4,AFC,,datapin_a
BSC 24-14L,BSC2414L,5,GND,,datapin_a
BSC 24-14L,BSC2414L,6,HTR,,datapin_a
BSC 24-14L,BSC2414L,7,ABL,,datapin_a
BSC 24-14L,BSC2414L,8,NC,,datapin_a
BSC 24-01N36,BSC2401N36,1,COL,,datapin_a
BSC 24-01N36,BSC2401N36,2,B+,,datapin_a
BSC 24-01N36,BSC2401N36,3,NC,,datapin_a
BSC 24-01N36,BSC2401N36,4,AFC,,datapin_a
BSC 24-01N36,BSC2401N36,5,GND,,datapin_a
BSC 24-01N36,BSC2401N36,6,HTR,,datapin_a
BSC 24-01N36,BSC2401N36,7,ABL,,datapin_a
BSC 24-01N36,BSC2401N36,8,NC,,datapin_a
BSC 24-01N362,BSC2401N362,1,COL,,datapin_a
BSC 24-01N362,BSC2401N362,2,B+,,datapin_a
BSC 24-01N362,BSC2401N362,3,NC,,datapin_a
BSC 24-01N362,BSC2401N362,4,AFC,,datapin_a
BSC 24-01N362,BSC2401N362,5,GND,,datapin_a
BSC 24-01N362,BSC2401N362,6,HTR,,datapin_a
BSC 24-01N362,BSC2401N362,7,ABL,,datapin_a
BSC 24-01N362,BSC2401N362,8,NC,,datapin_a
BSC 24-01N362B,BSC2401N362B,1,COL,,datapin_a
BSC 24-01N362B,BSC2401N362B,2,B+,,datapin_a
BSC 24-01N362B,BSC2401N362B,3,NC,,datapin_a
BSC 24-01N362B,BSC2401N362B,4,AFC,,datapin_a
BSC 24-01N362B,BSC2401N362B,5,GND,,datapin_a
BSC 24-01N362B,BSC2401N362B,6,HTR,,datapin_a
BSC 24-01N362B,BSC2401N362B,7,ABL,,datapin_a
BSC 24-01N362B,BSC2401N362B,8,NC,,datapin_a
BSC 24-08A,BSC2408A,1,COL,,datapin_a
BSC 24-08A,BSC2408A,2,B+,,datapin_a
BSC 24-08A,BSC2408A,3,NC,,datapin_a
BSC 24-08A,BSC2408A,4,AFC,,datapin_a
BSC 24-08A,BSC2408A,5,GND,,datapin_a
BSC 24-08A,BSC2408A,6,HTR,,datapin_a
BSC 24-08A,BSC2408A,7,ABL,,datapin_a
BSC 24-08A,BSC2408A,8,NC,,datapin_a
BSC 24-09G,BSC2409G,1,COL,,datapin_a
BSC 24-09G,BSC2409G,2,B+,,datapin_a
BSC 24-09G,BSC2409G,3,NC,,datapin_a
BSC 24-09G,BSC2409G,4,AFC,,datapin_a
BSC 24-09G,BSC2409G,5,GND,,datapin_a
BSC 24-09G,BSC2409G,6,HTR,,datapin_a
BSC 24-09G,BSC2409G,7,ABL,,datapin_a
BSC 24-09G,BSC2409G,8,NC,,datapin_a
BSC 25-48,BSC2548,1,COL,,datapin_a
BSC 25-48,BSC2548,2,B+,,datapin_a
BSC 25-48,BSC2548,3,NC,,datapin_a
BSC 25-48,BSC2548,4,AFC,,datapin_a
BSC 25-48,BSC2548,5,GND,,datapin_a
BSC 25-48,BSC2548,6,HTR,,datapin_a
BSC 25-48,BSC2548,7,ABL,,datapin_a
BSC 25-48,BSC2548,8,NC,,datapin_a
BSC 25-4803,BSC254803,1,COL,,datapin_a
BSC 25-4803,BSC254803,2,B+,,datapin_a
BSC 25-4803,BSC254803,3,NC,,datapin_a
BSC 25-4803,BSC254803,4,AFC,,datapin_a
BSC 25-4803,BSC254803,5,GND,,datapin_a
BSC 25-4803,BSC254803,6,HTR,,datapin_a
BSC 25-4803,BSC254803,7,ABL,,datapin_a
BSC 25-4803,BSC254803,8,NC,,datapin_a
BSC 25-4803F,BSC254803F,1,COL,,datapin_a
BSC 25-4803F,BSC254803F,2,B+,,datapin_a
BSC 25-4803F,BSC254803F,3,NC,,datapin_a
BSC 25-4803F,BSC254803F,4,AFC,,datapin_a
BSC 25-4803F,BSC254803F,5,GND,,datapin_a
BSC 25-4803F,BSC254803F,6,HTR,,datapin_a
BSC 25-4803F,BSC254803F,7,ABL,,datapin_a
BSC 25-4803F,BSC254803F,8,NC,,datapin_a
BSC 25-4803T,BSC254803T,1,COL,,datapin_a
BSC 25-4803T,BSC254803T,2,B+,,datapin_a
BSC 25-4803T,BSC254803T,3,NC,,datapin_a
BSC 25-4803T,BSC254803T,4,AFC,,datapin_a
BSC 25-4803T,BSC254803T,5,GND,,datapin_a
BSC 25-4803T,BSC254803T,6,HTR,,datapin_a
BSC 25-4803T,BSC254803T,7,ABL,,datapin_a
BSC 25-4803T,BSC254803T,8,NC,,datapin_a
BSC 25-N0803A,BSC25N0803A,1,COL,,datapin_a
BSC 25-N0803A,BSC25N0803A,2,B+,,datapin_a
BSC 25-N0803A,BSC25N0803A,3,NC,,datapin_a
BSC 25-N0803A,BSC25N0803A,4,AFC,,datapin_a
BSC 25-N0803A,BSC25N0803A,5,GND,,datapin_a
BSC 25-N0803A,BSC25N0803A,6,HTR,,datapin_a
BSC 25-N0803A,BSC25N0803A,7,ABL,,datapin_a
BSC 25-N0803A,BSC25N0803A,8,NC,,datapin_a
BSC 25-Z601A,BSC25Z601A,1,COL,,datapin_a
BSC 25-Z601A,BSC25Z601A,2,B+,,datapin_a
BSC 25-Z601A,BSC25Z601A,3,NC,,datapin_a
BSC 25-Z601A,BSC25Z601A,4,AFC,,datapin_a
BSC 25-Z601A,BSC25Z601A,5,GND,,datapin_a
BSC 25-Z601A,BSC25Z601A,6,HTR,,datapin_a
BSC 25-Z601A,BSC25Z601A,7,ABL,,datapin_a
BSC 25-Z601A,BSC25Z601A,8,NC,,datapin_a
BSC 25-2678S,BSC252678S,1,COL,,datapin_a
BSC 25-2678S,BSC252678S,2,200V,200.0,datapin_a
BSC 25-2678S,BSC252678S,3,B+,,datapin_a
BSC 25-2678S,BSC252678S,4,GND,,datapin_a
BSC 25-2678S,BSC252678S,5,AFC,,datapin_a
BSC 25-2678S,BSC252678S,6,16V,16.0,datapin_a
BSC 25-2678S,BSC252678S,7,ABL,,datapin_a
BSC 25-2678S,BSC252678S,8,HTR,,datapin_a
BSC 25-2678S,BSC252678S,9,NC,,datapin_a
BSC 25-2678S,BSC252678S,10,NC,,datapin_a
BSC 24-01N4014K,BSC2401N4014K,1,TEP,,datapin_a
BSC 24-01N4014K,BSC2401N4014K,2,COL,,datapin_a
BSC 24-01N4014K,BSC2401N4014K,3,TEP,,datapin_a
BSC 24-01N4014K,BSC2401N4014K,4,B+,,datapin_a
BSC 24-01N4014K,BSC2401N4014K,5,TEP,,datapin_a
BSC 24-01N4014K,BSC2401N4014K,6,TEP,,datapin_a
BSC 24-01N4014K,BSC2401N4014K,7,GND,,datapin_a
BSC 24-01N4014K,BSC2401N4014K,8,HTR,,datapin_a
BSC 24-01N4014K,BSC2401N4014K,9,ABL,,datapin_a
BSC 24-01N4014K,BSC2401N4014K,10,180V,180.0,datapin_a
BSC 25-01N4010GA,BSC2501N4010GA,1,TEP,,datapin_a
BSC 25-01N4010GA,BSC2501N4010GA,2,COL,,datapin_a
BSC 25-01N4010GA,BSC2501N4010GA,3,TEP,,datapin_a
BSC 25-01N4010GA,BSC2501N4010GA,4,B+,,datapin_a
BSC 25-01N4010GA,BSC2501N4010GA,5,TEP,,datapin_a
BSC 25-01N4010GA,BSC2501N4010GA,6,TEP,,datapin_a
BSC 25-01N4010GA,BSC2501N4010GA,7,GND,,datapin_a
BSC 25-01N4010GA,BSC2501N4010GA,8,HTR,,datapin_a
BSC 25-01N4010GA,BSC2501N4010GA,9,ABL,,datapin_a
BSC 25-01N4010GA,BSC2501N4010GA,10,180V,180.0,datapin_a
BSC 25-05N2110A,BSC2505N2110A,1,TEP,,datapin_a
BSC 25-05N2110A,BSC2505N2110A,2,COL,,datapin_a
BSC 25-05N2110A,BSC2505N2110A,3,TEP,,datapin_a
BSC 25-05N2110A,BSC2505N2110A,4,B+,,datapin_a
BSC 25-05N2110A,BSC2505N2110A,5,TEP,,datapin_a
BSC 25-05N2110A,BSC2505N2110A,6,TEP,,datapin_a
BSC 25-05N2110A,BSC2505N2110A,7,GND,,datapin_a
BSC 25-05N2110A,BSC2505N2110A,8,HTR,,datapin_a
BSC 25-05N2110A,BSC2505N2110A,9,ABL,,datapin_a
BSC 25-05N2110A,BSC2505N2110A,10,180V,180.0,datapin_a
BSC 25-0909,BSC250909,1,TEP,,datapin_a
BSC 25-0909,BSC250909,2,COL,,datapin_a
BSC 25-0909,BSC250909,3,TEP,,datapin_a
BSC 25-0909,BSC250909,4,B+,,datapin_a
BSC 25-0909,BSC250909,5,TEP,,datapin_a
BSC 25-0909,BSC250909,6,TEP,,datapin_a
BSC 25-0909,BSC250909,7,GND,,datapin_a
BSC 25-0909,BSC250909,8,HTR,,datapin_a
BSC 25-0909,BSC250909,9,ABL,,datapin_a
BSC 25-0909,BSC250909,10,180V,180.0,datapin_a
BSC 25-09N20E,BSC2509N20E,1,TEP,,datapin_a
BSC 25-09N20E,BSC2509N20E,2,COL,,datapin_a
BSC 25-09N20E,BSC2509N20E,3,TEP,,datapin_a
BSC 25-09N20E,BSC2509N20E,4,B+,,datapin_a
BSC 25-09N20E,BSC2509N20E,5,TEP,,datapin_a
BSC 25-09N20E,BSC2509N20E,6,TEP,,datapin_a
BSC 25-09N20E,BSC2509N20E,7,GND,,datapin_a
BSC 25-09N20E,BSC2509N20E,8,HTR,,datapin_a
BSC 25-09N20E,BSC2509N20E,9,ABL,,datapin_a
BSC 25-09N20E,BSC2509N20E,10,180V,180.0,datapin_a
BSC 25-09N21A,BSC2509N21A,1,TEP,,datapin_a
BSC 25-09N21A,BSC2509N21A,2,COL,,datapin_a
BSC 25-09N21A,BSC2509N21A,3,TEP,,datapin_a
BSC 25-09N21A,BSC2509N21A,4,B+,,datapin_a
BSC 25-09N21A,BSC2509N21A,5,TEP,,datapin_a
BSC 25-09N21A,BSC2509N21A,6,TEP,,datapin_a
BSC 25-09N21A,BSC2509N21A,7,GND,,datapin_a
BSC 25-09N21A,BSC2509N21A,8,HTR,,datapin_a
BSC 25-09N21A,BSC2509N21A,9,ABL,,datapin_a
BSC 25-09N21A,BSC2509N21A,10,180V,180.0,datapin_a
BSC 25-1003A,BSC251003A,1,TEP,,datapin_a
BSC 25-1003A,BSC251003A,2,COL,,datapin_a
BSC 25-1003A,BSC251003A,3,TEP,,datapin_a
BSC 25-1003A,BSC251003A,4,B+,,datapin_a
BSC 25-1003A,BSC251003A,5,TEP,,datapin_a
BSC 25-1003A,BSC251003A,6,TEP,,datapin_a
BSC 25-1003A,BSC251003A,7,GND,,datapin_a
BSC 25-1003A,BSC251003A,8,HTR,,datapin_a
BSC 25-1003A,BSC251003A,9,ABL,,datapin_a
BSC 25-1003A,BSC251003A,10,180V,180.0,datapin_a
BSC 25-1194D024,BSC251194D024,1,TEP,,datapin_a
BSC 25-1194D024,BSC251194D024,2,COL,,datapin_a
BSC 25-1194D024,BSC251194D024,3,TEP,,datapin_a
BSC 25-1194D024,BSC251194D024,4,B+,,datapin_a
BSC 25-1194D024,BSC251194D024,5,TEP,,datapin_a
BSC 25-1194D024,BSC251194D024,6,TEP,,datapin_a
BSC 25-1194D024,BSC251194D024,7,GND,,datapin_a
BSC 25-1194D024,BSC251194D024,8,HTR,,datapin_a
BSC 25-1194D024,BSC251194D024,9,ABL,,datapin_a
BSC 25-1194D024,BSC251194D024,10,180V,180.0,datapin_a
BSC 25-2108A,BSC252108A,1,TEP,,datapin_a
BSC 25-2108A,BSC252108A,2,COL,,datapin_a
BSC 25-2108A,BSC252108A,3,TEP,,datapin_a
BSC 25-2108A,BSC252108A,4,B+,,datapin_a
BSC 25-2108A,BSC252108A,5,TEP,,datapin_a
BSC 25-2108A,BSC252108A,6,TEP,,datapin_a
BSC 25-2108A,BSC252108A,7,GND,,datapin_a
BSC 25-2108A,BSC252108A,8,HTR,,datapin_a
BSC 25-2108A,BSC252108A,9,ABL,,datapin_a
BSC 25-2108A,BSC252108A,10,180V,180.0,datapin_a
BSC 25-4813P,BSC254813P,1,TEP,,datapin_a
BSC 25-4813P,BSC254813P,2,COL,,datapin_a
BSC 25-4813P,BSC254813P,3,TEP,,datapin_a
BSC 25-4813P,BSC254813P,4,B+,,datapin_a
BSC 25-4813P,BSC254813P,5,TEP,,datapin_a
BSC 25-4813P,BSC254813P,6,TEP,,datapin_a
BSC 25-4813P,BSC254813P,7,GND,,datapin_a
BSC 25-4813P,BSC254813P,8,HTR,,datapin_a
BSC 25-4813P,BSC254813P,9,ABL,,datapin_a
BSC 25-4813P,BSC254813P,10,180V,180.0,datapin_a
BSC 25-N1003A-4-R,BSC25N1003A4R,1,TEP,,datapin_a
BSC 25-N1003A-4-R,BSC25N1003A4R,2,COL,,datapin_a
BSC 25-N1003A-4-R,BSC25N1003A4R,3,TEP,,datapin_a
BSC 25-N1003A-4-R,BSC25N1003A4R,4,B+,,datapin_a
BSC 25-N1003A-4-R,BSC25N1003A4R,5,TEP,,datapin_a
BSC 25-N1003A-4-R,BSC25N1003A4R,6,TEP,,datapin_a
BSC 25-N1003A-4-R,BSC25N1003A4R,7,GND,,datapin_a
BSC 25-N1003A-4-R,BSC25N1003A4R,8,HTR,,datapin_a
BSC 25-N1003A-4-R,BSC25N1003A4R,9,ABL,,datapin_a
BSC 25-N1003A-4-R,BSC25N1003A4R,10,180V,180.0,datapin_a
BSC 25-T1010A,BSC25T1010A,1,TEP,,datapin_a
BSC 25-T1010A,BSC25T1010A,2,COL,,datapin_a
BSC 25-T1010A,BSC25T1010A,3,TEP,,datapin_a
BSC 25-T1010A,BSC25T1010A,4,B+,,datapin_a
BSC 25-T1010A,BSC25T1010A,5,TEP,,datapin_a
BSC 25-T1010A,BSC25T1010A,6,TEP,,datapin_a
BSC 25-T1010A,BSC25T1010A,7,GND,,datapin_a
BSC 25-T1010A,BSC25T1010A,8,HTR,,datapin_a
BSC 25-T1010A,BSC25T1010A,9,ABL,,datapin_a
BSC 25-T1010A,BSC25T1010A,10,180V,180.0,datapin_a
BSC 25-Z603F,BSC25Z603F,1,TEP,,datapin_a
BSC 25-Z603F,BSC25Z603F,2,COL,,datapin_a
BSC 25-Z603F,BSC25Z603F,3,TEP,,datapin_a
BSC 25-Z603F,BSC25Z603F,4,B+,,datapin_a
BSC 25-Z603F,BSC25Z603F,5,TEP,,datapin_a
BSC 25-Z603F,BSC25Z603F,6,TEP,,datapin_a
BSC 25-Z603F,BSC25Z603F,7,GND,,datapin_a
BSC 25-Z603F,BSC25Z603F,8,HTR,,datapin_a
BSC 25-Z603F,BSC25Z603F,9,ABL,,datapin_a
BSC 25-Z603F,BSC25Z603F,10,180V,180.0,datapin_a
BSC 26-0221,BSC260221,1,TEP,,datapin_a
BSC 26-0221,BSC260221,2,COL,,datapin_a
BSC 26-0221,BSC260221,3,TEP,,datapin_a
BSC 26-0221,BSC260221,4,B+,,datapin_a
BSC 26-0221,BSC260221,5,TEP,,datapin_a
BSC 26-0221,BSC260221,6,TEP,,datapin_a
BSC 26-0221,BSC260221,7,GND,,datapin_a
BSC 26-0221,BSC260221,8,HTR,,datapin_a
BSC 26-0221,BSC260221,9,ABL,,datapin_a
BSC 26-0221,BSC260221,10,180V,180.0,datapin_a
DCF 2217 J,DCF2217J,1,COL,,datapin_a
DCF 2217 J,DCF2217J,2,B+,,datapin_a
DCF 2217 J,DCF2217J,3,AFC,,datapin_a
DCF 2217 J,DCF2217J,4,BOOST-UP,,datapin_a
DCF 2217 J,DCF2217J,5,16.5,16.5,datapin_a
DCF 2217 J,DCF2217J,6,24,24.0,datapin_a
DCF 2217 J,DCF2217J,7,ABL,,datapin_a
DCF 2217 J,DCF2217J,8,GND,,datapin_a
DCF 2217 J,DCF2217J,9,200V,200.0,datapin_a
DCF 2217 J,DCF2217J,10,HTR,,datapin_a
F 0101 KM-SA,F0101KMSA,1,COL,,datapin_a
F 0101 KM-SA,F0101KMSA,2,B+,,datapin_a
F 0101 KM-SA,F0101KMSA,3,GND,,datapin_a
F 0101 KM-SA,F0101KMSA,4,24V,24.0,datapin_a
F 0101 KM-SA,F0101KMSA,5,16V,16.0,datapin_a
F 0101 KM-SA,F0101KMSA,6,AFC,,datapin_a
F 0101 KM-SA,F0101KMSA,7,180V,180.0,datapin_a
F 0101 KM-SA,F0101KMSA,8,GND,,datapin_a
F 0101 KM-SA,F0101KMSA,9,HTR,,datapin_a
F 0101 KM-SA,F0101KMSA,10,ABL,,datapin_a
F 0102 KM-SA,F0102KMSA,1,COL,,datapin_a
F 0102 KM-SA,F0102KMSA,2,B+,,datapin_a
F 0102 KM-SA,F0102KMSA,3,GND,,datapin_a
F 0102 KM-SA,F0102KMSA,4,24V,24.0,datapin_a
F 0102 KM-SA,F0102KMSA,5,16V,16.0,datapin_a
F 0102 KM-SA,F0102KMSA,6,AFC,,datapin_a
F 0102 KM-SA,F0102KMSA,7,180V,180.0,datapin_a
F 0102 KM-SA,F0102KMSA,8,GND,,datapin_a
F 0102 KM-SA,F0102KMSA,9,HTR,,datapin_a
F 0102 KM-SA,F0102KMSA,10,ABL,,datapin_a
F 0141 PE-M,F0141PEM,1,COL,,datapin_a
F 0141 PE-M,F0141PEM,2,B+,,datapin_a
F 0141 PE-M,F0141PEM,3,GND,,datapin_a
F 0141 PE-M,F0141PEM,4,24V,24.0,datapin_a
F 0141 PE-M,F0141PEM,5,16V,16.0,datapin_a
F 0141 PE-M,F0141PEM,6,AFC,,datapin_a
F 0141 PE-M,F0141PEM,7,180V,180.0,datapin_a
F 0141 PE-M,F0141PEM,8,GND,,datapin_a
F 0141 PE-M,F0141PEM,9,HTR,,datapin_a
F 0141 PE-M,F0141PEM,10,ABL,,datapin_a
F 0147,F0147,1,COL,,datapin_a
F 0147,F0147,2,B+,,datapin_a
F 0147,F0147,3,GND,,datapin_a
F 0147,F0147,4,24V,24.0,datapin_a
F 0147,F0147,5,16V,16.0,datapin_a
F 0147,F0147,6,AFC,,datapin_a
F 0147,F0147,7,180V,180.0,datapin_a
F 0147,F0147,8,GND,,datapin_a
F 0147,F0147,9,HTR,,datapin_a
F 0147,F0147,10,ABL,,datapin_a
F 0122 PE-M,F0122PEM,1,COL,,datapin_a
F 0122 PE-M,F0122PEM,2,B+,,datapin_a
F 0122 PE-M,F0122PEM,3,24V,24.0,datapin_a
F 0122 PE-M,F0122PEM,4,16V,16.0,datapin_a
F 0122 PE-M,F0122PEM,5,NC,,datapin_a
F 0122 PE-M,F0122PEM,6,AFC,,datapin_a
F 0122 PE-M,F0122PEM,7,GND,,datapin_a
F 0122 PE-M,F0122PEM,8,HTR,,datapin_a
F 0122 PE-M,F0122PEM,9,180V,180.0,datapin_a
F 0122 PE-M,F0122PEM,10,ABL,,datapin_a
F 0193 PEN1-SA,F0193PEN1SA,1,COL,,datapin_a
F 0193 PEN1-SA,F0193PEN1SA,2,B+,115.0,datapin_a
F 0193 PEN1-SA,F0193PEN1SA,3,GND,,datapin_a
F 0193 PEN1-SA,F0193PEN1SA,4,40V,40.0,datapin_a
F 0193 PEN1-SA,F0193PEN1SA,5,12V,12.0,datapin_a
F 0193 PEN1-SA,F0193PEN1SA,6,AFC,,datapin_a
F 0193 PEN1-SA,F0193PEN1SA,7,180V,180.0,datapin_a
F 0193 PEN1-SA,F0193PEN1SA,8,GND,,datapin_a
F 0193 PEN1-SA,F0193PEN1SA,9,HTR,,datapin_a
F 0193 PEN1-SA,F0193PEN1SA,10,ABL,,datapin_a
F 0194 PEN1-SA,F0194PEN1SA,1,COL,,datapin_a
F 0194 PEN1-SA,F0194PEN1SA,2,B+,,datapin_a
F 0194 PEN1-SA,F0194PEN1SA,3,GND,,datapin_a
F 0194 PEN1-SA,F0194PEN1SA,4,40V,40.0,datapin_a
F 0194 PEN1-SA,F0194PEN1SA,5,16V,16.0,datapin_a
F 0194 PEN1-SA,F0194PEN1SA,6,AFC,,datapin_a
F 0194 PEN1-SA,F0194PEN1SA,7,180V,180.0,datapin_a
F 0194 PEN1-SA,F0194PEN1SA,8,GND,,datapin_a
F 0194 PEN1-SA,F0194PEN1SA,9,HTR,,datapin_a
F 0194 PEN1-SA,F0194PEN1SA,10,ABL,,datapin_a
F 2037 PE-B,F2037PEB,1,COL,,datapin_a
F 2037 PE-B,F2037PEB,2,B+,,datapin_a
F 2037 PE-B,F2037PEB,3,GND,,datapin_a
F 2037 PE-B,F2037PEB,4,40V,40.0,datapin_a
F 2037 PE-B,F2037PEB,5,16V,16.0,datapin_a
F 2037 PE-B,F2037PEB,6,AFC,,datapin_a
F 2037 PE-B,F2037PEB,7,180V,180.0,datapin_a
F 2037 PE-B,F2037PEB,8,GND,,datapin_a
F 2037 PE-B,F2037PEB,9,HTR,,datapin_a
F 2037 PE-B,F2037PEB,10,ABL,,datapin_a
F 094,F094,1,COL,,datapin_a
F 094,F094,2,B+,130.0,datapin_a
F 094,F094,3,GND,,datapin_a
F 094,F094,4,24V,24.0,datapin_a
F 094,F094,5,12V,12.0,datapin_a
F 094,F094,6,AFC,,datapin_a
F 094,F094,7,185V,185.0,datapin_a
F 094,F094,8,GND,,datapin_a
F 094,F094,9,HTR,,datapin_a
F 094,F094,10,ABL,,datapin_a
FA 061 WJ-SA,FA061WJSA,1,COL,,datapin_a
FA 061 WJ-SA,FA061WJSA,2,B+,130.0,datapin_a
FA 061 WJ-SA,FA061WJSA,3,GND,,datapin_a
FA 061 WJ-SA,FA061WJSA,4,24V,24.0,datapin_a
FA 061 WJ-SA,FA061WJSA,5,12V,12.0,datapin_a
FA 061 WJ-SA,FA061WJSA,6,AFC,,datapin_a
FA 061 WJ-SA,FA061WJSA,7,185V,185.0,datapin_a
FA 061 WJ-SA,FA061WJSA,8,GND,,datapin_a
FA 061 WJ-SA,FA061WJSA,9,HTR,,datapin_a
FA 061 WJ-SA,FA061WJSA,10,ABL,,datapin_a
FA 113 WJ-B,FA113WJB,1,COL,,datapin_a
FA 113 WJ-B,FA113WJB,2,B+,,datapin_a
FA 113 WJ-B,FA113WJB,3,GND,,datapin_a
FA 113 WJ-B,FA113WJB,4,24V,24.0,datapin_a
FA 113 WJ-B,FA113WJB,5,NC,,datapin_a
FA 113 WJ-B,FA113WJB,6,AFC,,datapin_a
FA 113 WJ-B,FA113WJB,7,180V,180.0,datapin_a
FA 113 WJ-B,FA113WJB,8,GND,,datapin_a
FA 113 WJ-B,FA113WJB,9,HTR,,datapin_a
FA 113 WJ-B,FA113WJB,10,ABL,,datapin_a
FA 122 WJ-B,FA122WJB,1,COL,,datapin_a
FA 122 WJ-B,FA122WJB,2,B+,130.0,datapin_a
FA 122 WJ-B,FA122WJB,3,GND,,datapin_a
FA 122 WJ-B,FA122WJB,4,24V,24.0,datapin_a
FA 122 WJ-B,FA122WJB,5,NC,,datapin_a
FA 122 WJ-B,FA122WJB,6,AFC,,datapin_a
FA 122 WJ-B,FA122WJB,7,180V,180.0,datapin_a
FA 122 WJ-B,FA122WJB,8,GND,,datapin_a
FA 122 WJ-B,FA122WJB,9,HTR,,datapin_a
FA 122 WJ-B,FA122WJB,10,ABL,,datapin_a
FA 011 WJ-B,FA011WJB,1,COL,,datapin_a
FA 011 WJ-B,FA011WJB,2,B+,,datapin_a
FA 011 WJ-B,FA011WJB,3,GND,,datapin_a
FA 011 WJ-B,FA011WJB,4,24V,24.0,datapin_a
FA 011 WJ-B,FA011WJB,5,16V,16.0,datapin_a
FA 011 WJ-B,FA011WJB,6,AFC,,datapin_a
FA 011 WJ-B,FA011WJB,7,180V,180.0,datapin_a
FA 011 WJ-B,FA011WJB,8,NC,,datapin_a
FA 011 WJ-B,FA011WJB,9,HTR,,datapin_a
FA 011 WJ-B,FA011WJB,10,ABL,,datapin_a
FA 060 WJ-SA,FA060WJSA,1,COL,,datapin_a
FA 060 WJ-SA,FA060WJSA,2,B+,,datapin_a
FA 060 WJ-SA,FA060WJSA,3,GND,,datapin_a
FA 060 WJ-SA,FA060WJSA,4,NC,,datapin_a
FA 060 WJ-SA,FA060WJSA,5,12V,12.0,datapin_a
FA 060 WJ-SA,FA060WJSA,6,AFC,12.0,datapin_a
FA 060 WJ-SA,FA060WJSA,7,180V,180.0,datapin_a
FA 060 WJ-SA,FA060WJSA,8,GND,,datapin_a
FA 060 WJ-SA,FA060WJSA,9,HTR,,datapin_a
FA 060 WJ-SA,FA060WJSA,10,ABL,,datapin_a
FCG 2045 BL,FCG2045BL,1,AFC,,datapin_a
FCG 2045 BL,FCG2045BL,2,16.5V,16.5,datapin_a
FCG 2045 BL,FCG2045BL,3,HTR,,datapin_a
FCG 2045 BL,FCG2045BL,4,BOOST-UP,,datapin_a
FCG 2045 BL,FCG2045BL,5,B+83V,83.0,datapin_a
FCG 2045 BL,FCG2045BL,6,GND,,datapin_a
FCG 2045 BL,FCG2045BL,7,NC,,datapin_a
FCG 2045 BL,FCG2045BL,8,COL,,datapin_a
FCG 2045 BL,FCG2045BL,9,ABL,,datapin_a
FCG 2045 BL,FCG2045BL,10,175V,175.0,datapin_a
FCG 2045 BL,FCG2045BL,11,24V,24.0,datapin_a
FCK 1411 L 01,FCK1411L01,1,COL,,datapin_a
FCK 1411 L 01,FCK1411L01,2,BOOST-UP,,datapin_a
FCK 1411 L 01,FCK1411L01,3,ABL,,datapin_a
FCK 1411 L 01,FCK1411L01,4,B+,,datapin_a
FCK 1411 L 01,FCK1411L01,5,GND,,datapin_a
FCK 1411 L 01,FCK1411L01,6,180V,180.0,datapin_a
FCK 1411 L 01,FCK1411L01,7,24V,24.0,datapin_a
FCK 1411 L 01,FCK1411L01,8,HTR,,datapin_a
FCK 1411 L 01,FCK1411L01,9,AFC,,datapin_a
FCK 1411 L 01,FCK1411L01,10,16.5V,16.5,datapin_a
FCM 14A025,FCM14A025,1,COL,,datapin_a
FCM 14A025,FCM14A025,2,BOOST-UP,,datapin_a
FCM 14A025,FCM14A025,3,ABL,,datapin_a
FCM 14A025,FCM14A025,4,B+,,datapin_a
FCM 14A025,FCM14A025,5,GND,,datapin_a
FCM 14A025,FCM14A025,6,180V,180.0,datapin_a
FCM 14A025,FCM14A025,7,24V,24.0,datapin_a
FCM 14A025,FCM14A025,8,HTR,,datapin_a
FCM 14A025,FCM14A025,9,AFC,,datapin_a
FCM 14A025,FCM14A025,10,16.5V,16.5,datapin_a
FCK 14A006,FCK14A006,1,NC,,datapin_a
FCK 14A006,FCK14A006,2,NC,,datapin_a
FCK 14A006,FCK14A006,3,GND,,datapin_a
FCK 14A006,FCK14A006,4,180,180.0,datapin_a
FCK 14A006,FCK14A006,5,15V,15.0,datapin_a
FCK 14A006,FCK14A006,6,HTR,,datapin_a
FCK 14A006,FCK14A006,7,24,24.0,datapin_a
FCK 14A006,FCK14A006,8,ABL,,datapin_a
FCK 14A006,FCK14A006,9,B+,,datapin_a
FCK 14A006,FCK14A006,10,COL,,datapin_a
FCM 2015HE,FCM2015HE,1,NC,,datapin_a
FCM 2015HE,FCM2015HE,2,NC,,datapin_a
FCM 2015HE,FCM2015HE,3,GND,,datapin_a
FCM 2015HE,FCM2015HE,4,180,180.0,datapin_a
FCM 2015HE,FCM2015HE,5,15V,15.0,datapin_a
FCM 2015HE,FCM2015HE,6,HTR,,datapin_a
FCM 2015HE,FCM2015HE,7,24,24.0,datapin_a
FCM 2015HE,FCM2015HE,8,ABL,,datapin_a
FCM 2015HE,FCM2015HE,9,B+,,datapin_a
FCM 2015HE,FCM2015HE,10,COL,,datapin_a
FCM 14A032,FCM14A032,1,NC,,datapin_a
FCM 14A032,FCM14A032,2,NC,,datapin_a
FCM 14A032,FCM14A032,3,GND,,datapin_a
FCM 14A032,FCM14A032,4,180,180.0,datapin_a
FCM 14A032,FCM14A032,5,15V,15.0,datapin_a
FCM 14A032,FCM14A032,6,HTR,,datapin_a
FCM 14A032,FCM14A032,7,24,24.0,datapin_a
FCM 14A032,FCM14A032,8,ABL,,datapin_a
FCM 14A032,FCM14A032,9,B+,,datapin_a
FCM 14A032,FCM14A032,10,COL,,datapin_a
FTK 21R002,FTK21R002,1,NC,,datapin_a
FTK 21R002,FTK21R002,2,NC,,datapin_a
FTK 21R002,FTK21R002,3,GND,,datapin_a
FTK 21R002,FTK21R002,4,180,180.0,datapin_a
FTK 21R002,FTK21R002,5,15V,15.0,datapin_a
FTK 21R002,FTK21R002,6,HTR,,datapin_a
FTK 21R002,FTK21R002,7,24,24.0,datapin_a
FTK 21R002,FTK21R002,8,ABL,,datapin_a
FTK 21R002,FTK21R002,9,B+,,datapin_a
FTK 21R002,FTK21R002,10,COL,,datapin_a
KFS 60844A,KFS60844A,1,NC,,datapin_a
KFS 60844A,KFS60844A,2,NC,,datapin_a
KFS 60844A,KFS60844A,3,GND,,datapin_a
KFS 60844A,KFS60844A,4,180,180.0,datapin_a
KFS 60844A,KFS60844A,5,15V,15.0,datapin_a
KFS 60844A,KFS60844A,6,HTR,,datapin_a
KFS 60844A,KFS60844A,7,24,24.0,datapin_a
KFS 60844A,KFS60844A,8,ABL,,datapin_a
KFS 60844A,KFS60844A,9,B+,,datapin_a
KFS 60844A,KFS60844A,10,COL,,datapin_a
FCM 14B014N,FCM14B014N,1,COL,,datapin_a
FCM 14B014N,FCM14B014N,2,B+,,datapin_a
FCM 14B014N,FCM14B014N,3,GND,,datapin_a
FCM 14B014N,FCM14B014N,4,185,185.0,datapin_a
FCM 14B014N,FCM14B014N,5,NC,,datapin_a
FCM 14B014N,FCM14B014N,6,HTR,,datapin_a
FCM 14B014N,FCM14B014N,7,NC,,datapin_a
FCM 14B014N,FCM14B014N,8,ABL,,datapin_a
FCM 14B014N,FCM14B014N,9,+12,12.0,datapin_a
FCM 14B014N,FCM14B014N,10,-12,12.0,datapin_a
FCM 20B061N,FCM20B061N,1,COL,,datapin_a
FCM 20B061N,FCM20B061N,2,B+,,datapin_a
FCM 20B061N,FCM20B061N,3,GND,,datapin_a
FCM 20B061N,FCM20B061N,4,185,185.0,datapin_a
FCM 20B061N,FCM20B061N,5,NC,,datapin_a
FCM 20B061N,FCM20B061N,6,HTR,,datapin_a
FCM 20B061N,FCM20B061N,7,NC,,datapin_a
FCM 20B061N,FCM20B061N,8,ABL,,datapin_a
FCM 20B061N,FCM20B061N,9,+12,12.0,datapin_a
FCM 20B061N,FCM20B061N,10,-12,12.0,datapin_a
FUH29VH02,FUH29VH02,1,COL,,datapin_a
FUH29VH02,FUH29VH02,2,B+,,datapin_a
FUH29VH02,FUH29VH02,3,GND,,datapin_a
FUH29VH02,FUH29VH02,4,185V,185.0,datapin_a
FUH29VH02,FUH29VH02,5,NC,16.0,datapin_a
FUH29VH02,FUH29VH02,6,HTR,,datapin_a
FUH29VH02,FUH29VH02,7,NC,,datapin_a
FUH29VH02,FUH29VH02,8,ABL,,datapin_a
FUH29VH02,FUH29VH02,9,12V,12.0,datapin_a
FUH29VH02,FUH29VH02,10,12V,12.0,datapin_a
FSV 20A001,FSV20A001,1,COL,,datapin_a
FSV 20A001,FSV20A001,2,B+125V,125.0,datapin_a
FSV 20A001,FSV20A001,3,ABL,,datapin_a
FSV 20A001,FSV20A001,4,NC,,datapin_a
FSV 20A001,FSV20A001,5,GND,,datapin_a
FSV 20A001,FSV20A001,6,185,185.0,datapin_a
FSV 20A001,FSV20A001,7,46,46.0,datapin_a
FSV 20A001,FSV20A001,8,HTR,,datapin_a
FSV 20A001,FSV20A001,9,NC,,datapin_a
FSV 20A001,FSV20A001,10,16.5,16.5,datapin_a
FCK 14A033,FCK14A033,1,COL,,datapin_a
FCK 14A033,FCK14A033,2,B+125V,125.0,datapin_a
FCK 14A033,FCK14A033,3,ABL,,datapin_a
FCK 14A033,FCK14A033,4,NC,,datapin_a
FCK 14A033,FCK14A033,5,GND,,datapin_a
FCK 14A033,FCK14A033,6,185,185.0,datapin_a
FCK 14A033,FCK14A033,7,46,46.0,datapin_a
FCK 14A033,FCK14A033,8,HTR,,datapin_a
FCK 14A033,FCK14A033,9,NC,,datapin_a
FCK 14A033,FCK14A033,10,16.5,16.5,datapin_a
FSV 14A001,FSV14A001,1,COL,,datapin_a
FSV 14A001,FSV14A001,2,B+125V,125.0,datapin_a
FSV 14A001,FSV14A001,3,ABL,,datapin_a
FSV 14A001,FSV14A001,4,NC,,datapin_a
FSV 14A001,FSV14A001,5,GND,,datapin_a
FSV 14A001,FSV14A001,6,185,185.0,datapin_a
FSV 14A001,FSV14A001,7,46,46.0,datapin_a
FSV 14A001,FSV14A001,8,HTR,,datapin_a
FSV 14A001,FSV14A001,9,NC,,datapin_a
FSV 14A001,FSV14A001,10,16.5,16.5,datapin_a
FTK-14A004P,FTK14A004P,1,COL,,datapin_a
FTK-14A004P,FTK14A004P,2,B+125V,125.0,datapin_a
FTK-14A004P,FTK14A004P,3,ABL,,datapin_a
FTK-14A004P,FTK14A004P,4,NC,,datapin_a
FTK-14A004P,FTK14A004P,5,GND,,datapin_a
FTK-14A004P,FTK14A004P,6,180V,180.0,datapin_a
FTK-14A004P,FTK14A004P,7,24V,24.0,datapin_a
FTK-14A004P,FTK14A004P,8,HTR,,datapin_a
FTK-14A004P,FTK14A004P,9,AFC,,datapin_a
FTK-14A004P,FTK14A004P,10,16.5,16.5,datapin_a
FUY-20C009,FUY20C009,1,COL,,datapin_a
FUY-20C009,FUY20C009,2,180,180.0,datapin_a
FUY-20C009,FUY20C009,3,B+,,datapin_a
FUY-20C009,FUY20C009,4,GND,,datapin_a
FUY-20C009,FUY20C009,5,NC,,datapin_a
FUY-20C009,FUY20C009,6,24,24.0,datapin_a
FUY-20C009,FUY20C009,7,NC,,datapin_a
FUY-20C009,FUY20C009,8,ABL,,datapin_a
FUY-20C009,FUY20C009,9,HTR,,datapin_a
FUY-20C009,FUY20C009,10,AFC,,datapin_a
HTF2904,HTF2904,1,COL,,datapin_a
HTF2904,HTF2904,2,B+,,datapin_a
HTF2904,HTF2904,3,24V,24.0,datapin_a
HTF2904,HTF2904,4,16V,16.0,datapin_a
HTF2904,HTF2904,5,GND,,datapin_a
HTF2904,HTF2904,6,HTR,,datapin_a
HTF2904,HTF2904,7,GND,,datapin_a
HTF2904,HTF2904,8,AFC,,datapin_a
HTF2904,HTF2904,9,NC,,datapin_a
HTF2904,HTF2904,10,180V,180.0,datapin_a
FSA 16012M,FSA16012M,1,COL,,datapin_a
FSA 16012M,FSA16012M,2,B+,,datapin_a
FSA 16012M,FSA16012M,3,AFC,,datapin_a
FSA 16012M,FSA16012M,4,BOOST-UP,,datapin_a
FSA 16012M,FSA16012M,5,16.5,16.5,datapin_a
FSA 16012M,FSA16012M,6,ABL,,datapin_a
FSA 16012M,FSA16012M,7,25V,25.0,datapin_a
FSA 16012M,FSA16012M,8,GND,,datapin_a
FSA 16012M,FSA16012M,9,185V,185.0,datapin_a
FSA 16012M,FSA16012M,10,HTR,,datapin_a
DCF 2077A,DCF2077A,1,COL,,datapin_a
DCF 2077A,DCF2077A,2,B+,,datapin_a
DCF 2077A,DCF2077A,3,AFC,,datapin_a
DCF 2077A,DCF2077A,4,BOOST-UP,,datapin_a
DCF 2077A,DCF2077A,5,16.5,16.5,datapin_a
DCF 2077A,DCF2077A,6,ABL,,datapin_a
DCF 2077A,DCF2077A,7,25V,25.0,datapin_a
DCF 2077A,DCF2077A,8,GND,,datapin_a
DCF 2077A,DCF2077A,9,185V,185.0,datapin_a
DCF 2077A,DCF2077A,10,HTR,,datapin_a
DCF 1577,DCF1577,1,COL,,datapin_a
DCF 1577,DCF1577,2,B+,,datapin_a
DCF 1577,DCF1577,3,AFC,,datapin_a
DCF 1577,DCF1577,4,BOOST-UP,,datapin_a
DCF 1577,DCF1577,5,16.5,16.5,datapin_a
DCF 1577,DCF1577,6,ABL,,datapin_a
DCF 1577,DCF1577,7,25V,25.0,datapin_a
DCF 1577,DCF1577,8,GND,,datapin_a
DCF 1577,DCF1577,9,185V,185.0,datapin_a
DCF 1577,DCF1577,10,HTR,,datapin_a
JF 0501-1206,JF05011206,1,COL,,datapin_a
JF 0501-1206,JF05011206,2,B+,,datapin_a
JF 0501-1206,JF05011206,3,180V,180.0,datapin_a
JF 0501-1206,JF05011206,4,16V,16.0,datapin_a
JF 0501-1206,JF05011206,5,25V,25.0,datapin_a
JF 0501-1206,JF05011206,6,HTR,,datapin_a
JF 0501-1206,JF05011206,7,GND,,datapin_a
JF 0501-1206,JF05011206,8,ABL,,datapin_a
JF 0501-1206,JF05011206,9,AFC,,datapin_a
JF 0501-1206,JF05011206,10,NC,,datapin_a
JF 0601-19577,JF060119577,1,COL,,datapin_a
JF 0601-19577,JF060119577,2,B+,,datapin_a
JF 0601-19577,JF060119577,3,GND,,datapin_a
JF 0601-19577,JF060119577,4,200V,200.0,datapin_a
JF 0601-19577,JF060119577,5,NC,,datapin_a
JF 0601-19577,JF060119577,6,HTR,,datapin_a
JF 0601-19577,JF060119577,7,NC,,datapin_a
JF 0601-19577,JF060119577,8,ABL,,datapin_a
JF 0601-19577,JF060119577,9,+12,12.0,datapin_a
JF 0601-19577,JF060119577,10,-12,12.0,datapin_a
JY 0301-0206,JY03010206,1,COL,,datapin_a
JY 0301-0206,JY03010206,2,B+,,datapin_a
JY 0301-0206,JY03010206,3,NC,,datapin_a
JY 0301-0206,JY03010206,4,AFC,,datapin_a
JY 0301-0206,JY03010206,5,GND,,datapin_a
JY 0301-0206,JY03010206,6,HTR,,datapin_a
JY 0301-0206,JY03010206,7,ABL,,datapin_a
JY 0301-0206,JY03010206,8,TEP,,datapin_a
JY 0301-0206,JY03010206,9,TEP,,datapin_a
JY 0301-0206,JY03010206,10,TEP,,datapin_a
K 148 TC,K148TC,1,COL,,datapin_a
K 148 TC,K148TC,2,180V,180.0,datapin_a
K 148 TC,K148TC,3,B+,,datapin_a
K 148 TC,K148TC,4,GND,,datapin_a
K 148 TC,K148TC,5,AFC,,datapin_a
K 148 TC,K148TC,6,16V,16.0,datapin_a
K 148 TC,K148TC,7,ABL,,datapin_a
K 148 TC,K148TC,8,HTR,,datapin_a
K 148 TC,K148TC,9,NC,,datapin_a
K 148 TC,K148TC,10,NC,,datapin_a
MC FBC-015,MCFBC015,1,COL,,datapin_a
MC FBC-015,MCFBC015,2,B+,,datapin_a
MC FBC-015,MCFBC015,3,GND,,datapin_a
MC FBC-015,MCFBC015,4,AFC,,datapin_a
MC FBC-015,MCFBC015,5,185,185.0,datapin_a
MC FBC-015,MCFBC015,6,HTR,,datapin_a
MC FBC-015,MCFBC015,7,25,25.0,datapin_a
MC FBC-015,MCFBC015,8,15,15.0,datapin_a
MC FBC-015,MCFBC015,9,GND,,datapin_a
MC FBC-015,MCFBC015,10,ABL,,datapin_a
LCE CF0854,LCECF0854,1,COL,,datapin_a
LCE CF0854,LCECF0854,2,B+,,datapin_a
LCE CF0854,LCECF0854,3,GND,,datapin_a
LCE CF0854,LCECF0854,4,AFC,,datapin_a
LCE CF0854,LCECF0854,5,185,185.0,datapin_a
LCE CF0854,LCECF0854,6,HTR,,datapin_a
LCE CF0854,LCECF0854,7,25,25.0,datapin_a
LCE CF0854,LCECF0854,8,15,15.0,datapin_a
LCE CF0854,LCECF0854,9,GND,,datapin_a
LCE CF0854,LCECF0854,10,ABL,,datapin_a
8-598-858--00,859885800,1,COL,,datapin_a
8-598-858--00,859885800,2,B+135V,135.0,datapin_a
8-598-858--00,859885800,3,200V,200.0,datapin_a
8-598-858--00,859885800,4,HTR,,datapin_a
8-598-858--00,859885800,5,GND,,datapin_a
8-598-858--00,859885800,6,-16.5,16.5,datapin_a
8-598-858--00,859885800,7,GND,,datapin_a
8-598-858--00,859885800,8,+16.5,16.5,datapin_a
8-598-858--00,859885800,9,NC,,datapin_a
8-598-858--00,859885800,10,ABL,,datapin_a
8-598-811,8598811,1,COL,,datapin_a
8-598-811,8598811,2,B+135V,135.0,datapin_a
8-598-811,8598811,3,200V,200.0,datapin_a
8-598-811,8598811,4,HTR,,datapin_a
8-598-811,8598811,5,GND,,datapin_a
8-598-811,8598811,6,-16.5,16.5,datapin_a
8-598-811,8598811,7,GND,,datapin_a
8-598-811,8598811,8,+16.5,16.5,datapin_a
8-598-811,8598811,9,NC,,datapin_a
8-598-811,8598811,10,ABL,,datapin_a
BSC25-Z305A,BSC25Z305A,1,HOT,,datapin_a
BSC25-Z305A,BSC25Z305A,2,180V,180.0,datapin_a
BSC25-Z305A,BSC25Z305A,4,GND,,datapin_a
BSC25-Z305A,BSC25Z305A,5,16V,16.0,datapin_a
BSC25-Z305A,BSC25Z305A,6,24V,24.0,datapin_a
BSC25-Z305A,BSC25Z305A,7,40V,40.0,datapin_a
BSC25-Z305A,BSC25Z305A,8,ABL,,datapin_a
BSC25-Z305A,BSC25Z305A,10,AFC,,datapin_a
BSC25-Z3201,BSC25Z3201,1,HOT,,datapin_a
BSC25-Z3201,BSC25Z3201,2,180V,180.0,datapin_a
BSC25-Z3201,BSC25Z3201,4,GND,,datapin_a
BSC25-Z3201,BSC25Z3201,5,16V,16.0,datapin_a
BSC25-Z3201,BSC25Z3201,6,24V,24.0,datapin_a
BSC25-Z3201,BSC25Z3201,7,40V,40.0,datapin_a
BSC25-Z3201,BSC25Z3201,8,ABL,,datapin_a
BSC25-Z3201,BSC25Z3201,10,AFC,,datapin_a
FCM20B058,FCM20B058,1,HOT,,datapin_a
FCM20B058,FCM20B058,2,180V,180.0,datapin_a
FCM20B058,FCM20B058,4,GND,,datapin_a
FCM20B058,FCM20B058,5,16V,16.0,datapin_a
FCM20B058,FCM20B058,6,24V,24.0,datapin_a
FCM20B058,FCM20B058,7,40V,40.0,datapin_a
FCM20B058,FCM20B058,8,ABL,,datapin_a
FCM20B058,FCM20B058,10,AFC,,datapin_a
154-064,154064,1,HOT,,datapin_a
154-064,154064,2,180V,180.0,datapin_a
154-064,154064,4,GND,,datapin_a
154-064,154064,5,16V,16.0,datapin_a
154-064,154064,6,24V,24.0,datapin_a
154-064,154064,7,40V,40.0,datapin_a
154-064,154064,8,ABL,,datapin_a
154-064,154064,10,AFC,,datapin_a
BSC 24-0406D,BSC240406D,1,HOUT,,datapin_a
BSC 24-0406D,BSC240406D,2,180V,180.0,datapin_a
BSC 24-0406D,BSC240406D,3,B+,,datapin_a
BSC 24-0406D,BSC240406D,4,GND,,datapin_a
BSC 24-0406D,BSC240406D,5,24V,24.0,datapin_a
BSC 24-0406D,BSC240406D,6,16V,16.0,datapin_a
BSC 24-0406D,BSC240406D,7,ABL,,datapin_a
BSC 24-0406D,BSC240406D,8,H/T,,datapin_a
BSC 24-0406D,BSC240406D,9,NC,,datapin_a
BSC 24-0406D,BSC240406D,10,NC,,datapin_a
154-138K,154138K,1,190V,190.0,datapin_a
154-138K,154138K,2,NC,,datapin_a
154-138K,154138K,3,HOUT,,datapin_a
154-138K,154138K,4,AFC,,datapin_a
154-138K,154138K,5,B+,,datapin_a
154-138K,154138K,6,43V,43.0,datapin_a
154-138K,154138K,7,ABL,,datapin_a
154-138K,154138K,8,GND,,datapin_a
154-138K,154138K,9,12V,12.0,datapin_a
154-138K,154138K,10,H/T,,datapin_a
BSC 24-01N4004U,BSC2401N4004U,1,HOUT,,datapin_a
BSC 24-01N4004U,BSC2401N4004U,2,B+,,datapin_a
BSC 24-01N4004U,BSC2401N4004U,3,+13V,13.0,datapin_a
BSC 24-01N4004U,BSC2401N4004U,4,-13V,13.0,datapin_a
BSC 24-01N4004U,BSC2401N4004U,5,GND,,datapin_a
BSC 24-01N4004U,BSC2401N4004U,6,H/T,,datapin_a
BSC 24-01N4004U,BSC2401N4004U,7,AFC,,datapin_a
BSC 24-01N4004U,BSC2401N4004U,8,ABL,,datapin_a
BSC 24-01N4004U,BSC2401N4004U,9,NC,,datapin_a
BSC 24-01N4004U,BSC2401N4004U,10,NC,,datapin_a
6174Z-8040C,6174Z8040C,1,HOUT,,datapin_a
6174Z-8040C,6174Z8040C,2,185V,185.0,datapin_a
6174Z-8040C,6174Z8040C,3,B+,,datapin_a
6174Z-8040C,6174Z8040C,4,GND,,datapin_a
6174Z-8040C,6174Z8040C,5,-14V,14.0,datapin_a
6174Z-8040C,6174Z8040C,6,+14V,14.0,datapin_a
6174Z-8040C,6174Z8040C,7,GND,,datapin_a
6174Z-8040C,6174Z8040C,8,ABL,,datapin_a
6174Z-8040C,6174Z8040C,9,H/T,,datapin_a
6174Z-8040C,6174Z8040C,10,AFC,,datapin_a
BSC25-4813,BSC254813,1,TP,,datapin_a
BSC25-4813,BSC254813,2,HOUT,,datapin_a
BSC25-4813,BSC254813,3,TP,,datapin_a
BSC25-4813,BSC254813,4,B+,,datapin_a
BSC25-4813,BSC254813,5,TP,,datapin_a
BSC25-4813,BSC254813,6,TP,,datapin_a
BSC25-4813,BSC254813,7,GND,,datapin_a
BSC25-4813,BSC254813,8,H/T,,datapin_a
BSC25-4813,BSC254813,9,ABL,,datapin_a
BSC25-4813,BSC254813,10,180V,180.0,datapin_a
BSC 25-N0301CY,BSC25N0301CY,1,TP,,datapin_a
BSC 25-N0301CY,BSC25N0301CY,2,HOUT,,datapin_a
BSC 25-N0301CY,BSC25N0301CY,3,TP,,datapin_a
BSC 25-N0301CY,BSC25N0301CY,4,B+,,datapin_a
BSC 25-N0301CY,BSC25N0301CY,5,TP,,datapin_a
BSC 25-N0301CY,BSC25N0301CY,6,TP,,datapin_a
BSC 25-N0301CY,BSC25N0301CY,7,GND,,datapin_a
BSC 25-N0301CY,BSC25N0301CY,8,H/T,,datapin_a
BSC 25-N0301CY,BSC25N0301CY,9,ABL,,datapin_a
BSC 25-N0301CY,BSC25N0301CY,10,180V,180.0,datapin_a
BSC 25-09N20ER,BSC2509N20ER,1,TP,,datapin_a
BSC 25-09N20ER,BSC2509N20ER,2,HOUT,,datapin_a
BSC 25-09N20ER,BSC2509N20ER,3,TP,,datapin_a
BSC 25-09N20ER,BSC2509N20ER,4,B+,,datapin_a
BSC 25-09N20ER,BSC2509N20ER,5,TP,,datapin_a
BSC 25-09N20ER,BSC2509N20ER,6,TP,,datapin_a
BSC 25-09N20ER,BSC2509N20ER,7,GND,,datapin_a
BSC 25-09N20ER,BSC2509N20ER,8,H/T,,datapin_a
BSC 25-09N20ER,BSC2509N20ER,9,ABL,,datapin_a
BSC 25-09N20ER,BSC2509N20ER,10,180V,180.0,datapin_a
BSC 25-N0312A,BSC25N0312A,1,TP,,datapin_a
BSC 25-N0312A,BSC25N0312A,2,HOUT,,datapin_a
BSC 25-N0312A,BSC25N0312A,3,TP,,datapin_a
BSC 25-N0312A,BSC25N0312A,4,B+,,datapin_a
BSC 25-N0312A,BSC25N0312A,5,TP,,datapin_a
BSC 25-N0312A,BSC25N0312A,6,TP,,datapin_a
BSC 25-N0312A,BSC25N0312A,7,GND,,datapin_a
BSC 25-N0312A,BSC25N0312A,8,H/T,,datapin_a
BSC 25-N0312A,BSC25N0312A,9,ABL,,datapin_a
BSC 25-N0312A,BSC25N0312A,10,180V,180.0,datapin_a
BSC 24-N40G1,BSC24N40G1,1,TP,,datapin_a
BSC 24-N40G1,BSC24N40G1,2,HOUT,,datapin_a
BSC 24-N40G1,BSC24N40G1,3,TP,,datapin_a
BSC 24-N40G1,BSC24N40G1,4,B+,,datapin_a
BSC 24-N40G1,BSC24N40G1,5,TP,,datapin_a
BSC 24-N40G1,BSC24N40G1,6,TP,,datapin_a
BSC 24-N40G1,BSC24N40G1,7,GND,,datapin_a
BSC 24-N40G1,BSC24N40G1,8,H/T,,datapin_a
BSC 24-N40G1,BSC24N40G1,9,ABL,,datapin_a
BSC 24-N40G1,BSC24N40G1,10,180V,180.0,datapin_a
BSC24-01N4001M,BSC2401N4001M,1,TP,,datapin_a
BSC24-01N4001M,BSC2401N4001M,2,HOUT,,datapin_a
BSC24-01N4001M,BSC2401N4001M,3,TP,,datapin_a
BSC24-01N4001M,BSC2401N4001M,4,B+,,datapin_a
BSC24-01N4001M,BSC2401N4001M,5,TP,,datapin_a
BSC24-01N4001M,BSC2401N4001M,6,TP,,datapin_a
BSC24-01N4001M,BSC2401N4001M,7,GND,,datapin_a
BSC24-01N4001M,BSC2401N4001M,8,H/T,,datapin_a
BSC24-01N4001M,BSC2401N4001M,9,ABL,,datapin_a
BSC24-01N4001M,BSC2401N4001M,10,180V,180.0,datapin_a
BSC 25-4804TC,BSC254804TC,1,COL,,datapin_a
BSC 25-4804TC,BSC254804TC,2,B+,,datapin_a
BSC 25-4804TC,BSC254804TC,3,NC,,datapin_a
BSC 25-4804TC,BSC254804TC,4,AFC,,datapin_a
BSC 25-4804TC,BSC254804TC,5,GND,,datapin_a
BSC 25-4804TC,BSC254804TC,6,H/T,,datapin_a
BSC 25-4804TC,BSC254804TC,7,ABL,,datapin_a
BSC 25-4804TC,BSC254804TC,8,TP,,datapin_a
BSC 25-03F69F,BSC2503F69F,1,COL,,datapin_a
BSC 25-03F69F,BSC2503F69F,2,B+,,datapin_a
BSC 25-03F69F,BSC2503F69F,3,NC,,datapin_a
BSC 25-03F69F,BSC2503F69F,4,AFC,,datapin_a
BSC 25-03F69F,BSC2503F69F,5,GND,,datapin_a
BSC 25-03F69F,BSC2503F69F,6,H/T,,datapin_a
BSC 25-03F69F,BSC2503F69F,7,ABL,,datapin_a
BSC 25-03F69F,BSC2503F69F,8,TP,,datapin_a
BSC 25N1616T,BSC25N1616T,1,COL,,datapin_a
BSC 25N1616T,BSC25N1616T,2,B+,,datapin_a
BSC 25N1616T,BSC25N1616T,3,NC,,datapin_a
BSC 25N1616T,BSC25N1616T,4,AFC,,datapin_a
BSC 25N1616T,BSC25N1616T,5,GND,,datapin_a
BSC 25N1616T,BSC25N1616T,6,H/T,,datapin_a
BSC 25N1616T,BSC25N1616T,7,ABL,,datapin_a
BSC 25N1616T,BSC25N1616T,8,TP,,datapin_a
BSC 25-03P79,BSC2503P79,1,COL,,datapin_a
BSC 25-03P79,BSC2503P79,2,B+,,datapin_a
BSC 25-03P79,BSC2503P79,3,NC,,datapin_a
BSC 25-03P79,BSC2503P79,4,AFC,,datapin_a
BSC 25-03P79,BSC2503P79,5,GND,,datapin_a
BSC 25-03P79,BSC2503P79,6,H/T,,datapin_a
BSC 25-03P79,BSC2503P79,7,ABL,,datapin_a
BSC 25-03P79,BSC2503P79,8,TP,,datapin_a
BSC 25-N0449,BSC25N0449,1,COL,,datapin_a
BSC 25-N0449,BSC25N0449,2,B+,,datapin_a
BSC 25-N0449,BSC25N0449,3,NC,,datapin_a
BSC 25-N0449,BSC25N0449,4,AFC,,datapin_a
BSC 25-N0449,BSC25N0449,5,GND,,datapin_a
BSC 25-N0449,BSC25N0449,6,H/T,,datapin_a
BSC 25-N0449,BSC25N0449,7,ABL,,datapin_a
BSC 25-N0449,BSC25N0449,8,TP,,datapin_a
BSC 23-N0124R,BSC23N0124R,1,COL,,datapin_a
BSC 23-N0124R,BSC23N0124R,2,B+,,datapin_a
BSC 23-N0124R,BSC23N0124R,3,NC,,datapin_a
BSC 23-N0124R,BSC23N0124R,4,AFC,,datapin_a
BSC 23-N0124R,BSC23N0124R,5,GND,,datapin_a
BSC 23-N0124R,BSC23N0124R,6,H/T,,datapin_a
BSC 23-N0124R,BSC23N0124R,7,ABL,,datapin_a
BSC 23-N0124R,BSC23N0124R,8,TP,,datapin_a
BSC 22-01016H,BSC2201016H,1,COL,,datapin_a
BSC 22-01016H,BSC2201016H,2,B+,,datapin_a
BSC 22-01016H,BSC2201016H,3,NC,,datapin_a
BSC 22-01016H,BSC2201016H,4,AFC,,datapin_a
BSC 22-01016H,BSC2201016H,5,GND,,datapin_a
BSC 22-01016H,BSC2201016H,6,H/T,,datapin_a
BSC 22-01016H,BSC2201016H,7,ABL,,datapin_a
BSC 22-01016H,BSC2201016H,8,TP,,datapin_a
BSC 25-0236,BSC250236,1,COL,,datapin_a
BSC 25-0236,BSC250236,2,B+,,datapin_a
BSC 25-0236,BSC250236,3,NC,,datapin_a
BSC 25-0236,BSC250236,4,AFC,,datapin_a
BSC 25-0236,BSC250236,5,GND,,datapin_a
BSC 25-0236,BSC250236,6,H/T,,datapin_a
BSC 25-0236,BSC250236,7,ABL,,datapin_a
BSC 25-0236,BSC250236,8,TP,,datapin_a
BSC 22-N65T,BSC22N65T,1,COL,,datapin_a
BSC 22-N65T,BSC22N65T,2,B+,,datapin_a
BSC 22-N65T,BSC22N65T,3,NC,,datapin_a
BSC 22-N65T,BSC22N65T,4,AFC,,datapin_a
BSC 22-N65T,BSC22N65T,5,GND,,datapin_a
BSC 22-N65T,BSC22N65T,6,H/T,,datapin_a
BSC 22-N65T,BSC22N65T,7,ABL,,datapin_a
BSC 22-N65T,BSC22N65T,8,TP,,datapin_a
BSC 25-0251,BSC250251,1,COL,,datapin_a
BSC 25-0251,BSC250251,2,B+,,datapin_a
BSC 25-0251,BSC250251,3,NC,,datapin_a
BSC 25-0251,BSC250251,4,AFC,,datapin_a
BSC 25-0251,BSC250251,5,GND,,datapin_a
BSC 25-0251,BSC250251,6,H/T,,datapin_a
BSC 25-0251,BSC250251,7,ABL,,datapin_a
BSC 25-0251,BSC250251,8,TP,,datapin_a
BSC 25-3604V,BSC253604V,1,COL,,datapin_a
BSC 25-3604V,BSC253604V,2,B+,,datapin_a
BSC 25-3604V,BSC253604V,3,NC,,datapin_a
BSC 25-3604V,BSC253604V,4,AFC,,datapin_a
BSC 25-3604V,BSC253604V,5,GND,,datapin_a
BSC 25-3604V,BSC253604V,6,H/T,,datapin_a
BSC 25-3604V,BSC253604V,7,ABL,,datapin_a
BSC 25-3604V,BSC253604V,8,TP,,datapin_a
L 40B10602,L40B10602,1,COL,,datapin_a
L 40B10602,L40B10602,2,B+,,datapin_a
L 40B10602,L40B10602,3,NC,,datapin_a
L 40B10602,L40B10602,4,AFC,,datapin_a
L 40B10602,L40B10602,5,GND,,datapin_a
L 40B10602,L40B10602,6,H/T,,datapin_a
L 40B10602,L40B10602,7,ABL,,datapin_a
L 40B10602,L40B10602,8,TP,,datapin_a
FA135,FA135,1,HOUT,,datapin_a
FA135,FA135,2,B+,,datapin_a
FA135,FA135,3,GND,,datapin_a
FA135,FA135,4,24VOL,,datapin_a
FA135,FA135,5,16VOL,,datapin_a
FA135,FA135,6,AFC,,datapin_a
FA135,FA135,7,180VOL,,datapin_a
FA135,FA135,8,GRN,,datapin_a
FA135,FA135,9,H/T,,datapin_a
FA135,FA135,10,ABL,,datapin_a
BSC-250216F,BSC250216F,1,HOUT,,datapin_a
BSC-250216F,BSC250216F,2,B+,,datapin_a
BSC-250216F,BSC250216F,3,GND,,datapin_a
BSC-250216F,BSC250216F,4,24VOL,,datapin_a
BSC-250216F,BSC250216F,5,16VOL,,datapin_a
BSC-250216F,BSC250216F,6,AFC,,datapin_a
BSC-250216F,BSC250216F,7,180VOL,,datapin_a
BSC-250216F,BSC250216F,8,GRN,,datapin_a
BSC-250216F,BSC250216F,9,H/T,,datapin_a
BSC-250216F,BSC250216F,10,ABL,,datapin_a
FA093WJ-SA,FA093WJSA,1,HOUT,,datapin_a
FA093WJ-SA,FA093WJSA,2,B+,,datapin_a
FA093WJ-SA,FA093WJSA,3,GND,,datapin_a
FA093WJ-SA,FA093WJSA,4,24VOL,,datapin_a
FA093WJ-SA,FA093WJSA,5,16VOL,,datapin_a
FA093WJ-SA,FA093WJSA,6,AFC,,datapin_a
FA093WJ-SA,FA093WJSA,7,180VOL,,datapin_a
FA093WJ-SA,FA093WJSA,8,GRN,,datapin_a
FA093WJ-SA,FA093WJSA,9,H/T,,datapin_a
FA093WJ-SA,FA093WJSA,10,ABL,,datapin_a
FO193PEN1-SA,FO193PEN1SA,1,HOUT,,datapin_a
FO193PEN1-SA,FO193PEN1SA,2,B+,,datapin_a
FO193PEN1-SA,FO193PEN1SA,3,GND,,datapin_a
FO193PEN1-SA,FO193PEN1SA,4,45VOL,,datapin_a
FO193PEN1-SA,FO193PEN1SA,5,16VOL,,datapin_a
FO193PEN1-SA,FO193PEN1SA,6,AFC,,datapin_a
FO193PEN1-SA,FO193PEN1SA,7,180VOL,,datapin_a
FO193PEN1-SA,FO193PEN1SA,8,GRN,,datapin_a
FO193PEN1-SA,FO193PEN1SA,9,H/T,,datapin_a
FO193PEN1-SA,FO193PEN1SA,10,ABL,,datapin_a
BSC 25-0106,BSC250106,1,COL,,datapin_a
BSC 25-0106,BSC250106,2,180VOL,,datapin_a
BSC 25-0106,BSC250106,3,B+,,datapin_a
BSC 25-0106,BSC250106,4,GND,,datapin_a
BSC 25-0106,BSC250106,5,AFC,,datapin_a
BSC 25-0106,BSC250106,6,16VOL,,datapin_a
BSC 25-0106,BSC250106,7,ABL,,datapin_a
BSC 25-0106,BSC250106,8,H/T,,datapin_a
BSC 25-0106,BSC250106,9,NC,,datapin_a
BSC 25-0106,BSC250106,10,NC,,datapin_a
JF 0501-19188,JF050119188,1,COL,,datapin_a
JF 0501-19188,JF050119188,2,180VOL,,datapin_a
JF 0501-19188,JF050119188,3,B+,,datapin_a
JF 0501-19188,JF050119188,4,GND,,datapin_a
JF 0501-19188,JF050119188,5,AFC,,datapin_a
JF 0501-19188,JF050119188,6,16VOL,,datapin_a
JF 0501-19188,JF050119188,7,ABL,,datapin_a
JF 0501-19188,JF050119188,8,H/T,,datapin_a
JF 0501-19188,JF050119188,9,NC,,datapin_a
JF 0501-19188,JF050119188,10,NC,,datapin_a
FCA173 el,FCA173EL,1,H1,,datapin_a
FCA173 el,FCA173EL,2,COL,,datapin_a
FCA173 el,FCA173EL,3,H2,,datapin_a
FCA173 el,FCA173EL,4,B+110,110.0,datapin_a
FCA173 el,FCA173EL,5,H3,,datapin_a
FCA173 el,FCA173EL,6,H4,,datapin_a
FCA173 el,FCA173EL,7,GND,,datapin_a
FCA173 el,FCA173EL,8,HTR,,datapin_a
FCA173 el,FCA173EL,9,ABL,,datapin_a
FCA173 el,FCA173EL,10,AFC,,datapin_a
FOK 14A001,FOK14A001,1,H1,,datapin_a
FOK 14A001,FOK14A001,2,COL,,datapin_a
FOK 14A001,FOK14A001,3,H2,,datapin_a
FOK 14A001,FOK14A001,4,B+110,110.0,datapin_a
FOK 14A001,FOK14A001,5,H3,,datapin_a
FOK 14A001,FOK14A001,6,H4,,datapin_a
FOK 14A001,FOK14A001,7,GND,,datapin_a
FOK 14A001,FOK14A001,8,HTR,,datapin_a
FOK 14A001,FOK14A001,9,ABL,,datapin_a
FOK 14A001,FOK14A001,10,AFC,,datapin_a
HR8628,HR8628,1,H1,,datapin_a
HR8628,HR8628,2,COL,,datapin_a
HR8628,HR8628,3,H2,,datapin_a
HR8628,HR8628,4,B+110,110.0,datapin_a
HR8628,HR8628,5,H3,,datapin_a
HR8628,HR8628,6,H4,,datapin_a
HR8628,HR8628,7,GND,,datapin_a
HR8628,HR8628,8,HTR,,datapin_a
HR8628,HR8628,9,ABL,,datapin_a
HR8628,HR8628,10,AFC,,datapin_a
FSV14A004,FSV14A004,1,H1,,datapin_a
FSV14A004,FSV14A004,2,COL,,datapin_a
FSV14A004,FSV14A004,3,H2,,datapin_a
FSV14A004,FSV14A004,4,B+110,110.0,datapin_a
FSV14A004,FSV14A004,5,H3,,datapin_a
FSV14A004,FSV14A004,6,H4,,datapin_a
FSV14A004,FSV14A004,7,GND,,datapin_a
FSV14A004,FSV14A004,8,HTR,,datapin_a
FSV14A004,FSV14A004,9,ABL,,datapin_a
FSV14A004,FSV14A004,10,AFC,,datapin_a
BSC24-014001D,BSC24014001D,1,H1,,datapin_a
BSC24-014001D,BSC24014001D,2,COL,,datapin_a
BSC24-014001D,BSC24014001D,3,H2,,datapin_a
BSC24-014001D,BSC24014001D,4,B+110,110.0,datapin_a
BSC24-014001D,BSC24014001D,5,H3,,datapin_a
BSC24-014001D,BSC24014001D,6,H4,,datapin_a
BSC24-014001D,BSC24014001D,7,GND,,datapin_a
BSC24-014001D,BSC24014001D,8,HTR,,datapin_a
BSC24-014001D,BSC24014001D,9,ABL,,datapin_a
BSC24-014001D,BSC24014001D,10,AFC,,datapin_a
BSC25-N0321,BSC25N0321,1,H1,,datapin_a
BSC25-N0321,BSC25N0321,2,COL,,datapin_a
BSC25-N0321,BSC25N0321,3,H2,,datapin_a
BSC25-N0321,BSC25N0321,4,B+110,110.0,datapin_a
BSC25-N0321,BSC25N0321,5,H3,,datapin_a
BSC25-N0321,BSC25N0321,6,H4,,datapin_a
BSC25-N0321,BSC25N0321,7,GND,,datapin_a
BSC25-N0321,BSC25N0321,8,HTR,,datapin_a
BSC25-N0321,BSC25N0321,9,ABL,,datapin_a
BSC25-N0321,BSC25N0321,10,AFC,,datapin_a
BSC25-N1534,BSC25N1534,1,H1,,datapin_a
BSC25-N1534,BSC25N1534,2,COL,,datapin_a
BSC25-N1534,BSC25N1534,3,H2,,datapin_a
BSC25-N1534,BSC25N1534,4,B+110,110.0,datapin_a
BSC25-N1534,BSC25N1534,5,H3,,datapin_a
BSC25-N1534,BSC25N1534,6,H4,,datapin_a
BSC25-N1534,BSC25N1534,7,GND,,datapin_a
BSC25-N1534,BSC25N1534,8,HTR,,datapin_a
BSC25-N1534,BSC25N1534,9,ABL,,datapin_a
BSC25-N1534,BSC25N1534,10,AFC,,datapin_a
BSC25-N1634,BSC25N1634,1,H1,,datapin_a
BSC25-N1634,BSC25N1634,2,COL,,datapin_a
BSC25-N1634,BSC25N1634,3,H2,,datapin_a
BSC25-N1634,BSC25N1634,4,B+110,110.0,datapin_a
BSC25-N1634,BSC25N1634,5,H3,,datapin_a
BSC25-N1634,BSC25N1634,6,H4,,datapin_a
BSC25-N1634,BSC25N1634,7,GND,,datapin_a
BSC25-N1634,BSC25N1634,8,HTR,,datapin_a
BSC25-N1634,BSC25N1634,9,ABL,,datapin_a
BSC25-N1634,BSC25N1634,10,AFC,,datapin_a
BSC25-Z1003,BSC25Z1003,1,H1,,datapin_a
BSC25-Z1003,BSC25Z1003,2,COL,,datapin_a
BSC25-Z1003,BSC25Z1003,3,H2,,datapin_a
BSC25-Z1003,BSC25Z1003,4,B+110,110.0,datapin_a
BSC25-Z1003,BSC25Z1003,5,H3,,datapin_a
BSC25-Z1003,BSC25Z1003,6,H4,,datapin_a
BSC25-Z1003,BSC25Z1003,7,GND,,datapin_a
BSC25-Z1003,BSC25Z1003,8,HTR,,datapin_a
BSC25-Z1003,BSC25Z1003,9,ABL,,datapin_a
BSC25-Z1003,BSC25Z1003,10,AFC,,datapin_a
BSC25-Z2705,BSC25Z2705,1,H1,,datapin_a
BSC25-Z2705,BSC25Z2705,2,COL,,datapin_a
BSC25-Z2705,BSC25Z2705,3,H2,,datapin_a
BSC25-Z2705,BSC25Z2705,4,B+110,110.0,datapin_a
BSC25-Z2705,BSC25Z2705,5,H3,,datapin_a
BSC25-Z2705,BSC25Z2705,6,H4,,datapin_a
BSC25-Z2705,BSC25Z2705,7,GND,,datapin_a
BSC25-Z2705,BSC25Z2705,8,HTR,,datapin_a
BSC25-Z2705,BSC25Z2705,9,ABL,,datapin_a
BSC25-Z2705,BSC25Z2705,10,AFC,,datapin_a
BSC25-Z2706,BSC25Z2706,1,H1,,datapin_a
BSC25-Z2706,BSC25Z2706,2,COL,,datapin_a
BSC25-Z2706,BSC25Z2706,3,H2,,datapin_a
BSC25-Z2706,BSC25Z2706,4,B+110,110.0,datapin_a
BSC25-Z2706,BSC25Z2706,5,H3,,datapin_a
BSC25-Z2706,BSC25Z2706,6,H4,,datapin_a
BSC25-Z2706,BSC25Z2706,7,GND,,datapin_a
BSC25-Z2706,BSC25Z2706,8,HTR,,datapin_a
BSC25-Z2706,BSC25Z2706,9,ABL,,datapin_a
BSC25-Z2706,BSC25Z2706,10,AFC,,datapin_a
BSC25-N0313,BSC25N0313,1,H1,,datapin_a
BSC25-N0313,BSC25N0313,2,COL,,datapin_a
BSC25-N0313,BSC25N0313,3,H2,,datapin_a
BSC25-N0313,BSC25N0313,4,B+110,110.0,datapin_a
BSC25-N0313,BSC25N0313,5,H3,,datapin_a
BSC25-N0313,BSC25N0313,6,H4,,datapin_a
BSC25-N0313,BSC25N0313,7,GND,,datapin_a
BSC25-N0313,BSC25N0313,8,HTR,,datapin_a
BSC25-N0313,BSC25N0313,9,ABL,,datapin_a
BSC25-N0313,BSC25N0313,10,AFC,,datapin_a
BSC 25=0252S,BSC25=0252S,1,COL,,datapin_a
BSC 25=0252S,BSC25=0252S,2,B+,,datapin_a
BSC 25=0252S,BSC25=0252S,3,NC,,datapin_a
BSC 25=0252S,BSC25=0252S,4,NC,,datapin_a
BSC 25=0252S,BSC25=0252S,5,NC,,datapin_a
BSC 25=0252S,BSC25=0252S,6,AFC,,datapin_a
BSC 25=0252S,BSC25=0252S,7,GND,,datapin_a
BSC 25=0252S,BSC25=0252S,8,ABL,,datapin_a
BSC 25=0252S,BSC25=0252S,9,200VOL,,datapin_a
BSC 25=0252S,BSC25=0252S,10,H/T,,datapin_a
JF0501-1619,JF05011619,1,185V,185.0,datapin_a
JF0501-1619,JF05011619,2,H+,,datapin_a
JF0501-1619,JF05011619,3,AFC,,datapin_a
JF0501-1619,JF05011619,4,B+,,datapin_a
JF0501-1619,JF05011619,5,16V,16.0,datapin_a
JF0501-1619,JF05011619,6,24V,24.0,datapin_a
JF0501-1619,JF05011619,7,ABL,,datapin_a
JF0501-1619,JF05011619,8,GND,,datapin_a
JF0501-1619,JF05011619,9,NC,,datapin_a
JF0501-1619,JF05011619,10,H/T,,datapin_a
"BSC25-0299D,","BSC250299D,",1,185V,185.0,datapin_a
"BSC25-0299D,","BSC250299D,",2,H+,,datapin_a
"BSC25-0299D,","BSC250299D,",3,AFC,,datapin_a
"BSC25-0299D,","BSC250299D,",4,B+,,datapin_a
"BSC25-0299D,","BSC250299D,",5,16V,16.0,datapin_a
"BSC25-0299D,","BSC250299D,",6,24V,24.0,datapin_a
"BSC25-0299D,","BSC250299D,",7,ABL,,datapin_a
"BSC25-0299D,","BSC250299D,",8,GND,,datapin_a
"BSC25-0299D,","BSC250299D,",9,NC,,datapin_a
"BSC25-0299D,","BSC250299D,",10,H/T,,datapin_a
JF0501-19577,JF050119577,1,16.5V,16.5,datapin_a
JF0501-19577,JF050119577,2,NC,,datapin_a
JF0501-19577,JF050119577,3,COL,,datapin_a
JF0501-19577,JF050119577,4,46V,46.0,datapin_a
JF0501-19577,JF050119577,5,185V,185.0,datapin_a
JF0501-19577,JF050119577,6,GND,,datapin_a
JF0501-19577,JF050119577,7,NC,,datapin_a
JF0501-19577,JF050119577,8,ABL,,datapin_a
JF0501-19577,JF050119577,9,B+125V,125.0,datapin_a
JF0501-19577,JF050119577,10,COL,,datapin_a
H_B+_GRND_+VID_+VID_H/T_NC_BCL_12VOL_HSINC-12VOL,HB+GRND+VID+VIDHTNCBCL12VOLHSINC12VOL,1,16.5V,16.5,datapin_a
H_B+_GRND_+VID_+VID_H/T_NC_BCL_12VOL_HSINC-12VOL,HB+GRND+VID+VIDHTNCBCL12VOLHSINC12VOL,2,NC,,datapin_a
H_B+_GRND_+VID_+VID_H/T_NC_BCL_12VOL_HSINC-12VOL,HB+GRND+VID+VIDHTNCBCL12VOLHSINC12VOL,3,COL,,datapin_a
H_B+_GRND_+VID_+VID_H/T_NC_BCL_12VOL_HSINC-12VOL,HB+GRND+VID+VIDHTNCBCL12VOLHSINC12VOL,4,46V,46.0,datapin_a
H_B+_GRND_+VID_+VID_H/T_NC_BCL_12VOL_HSINC-12VOL,HB+GRND+VID+VIDHTNCBCL12VOLHSINC12VOL,5,185V,185.0,datapin_a
H_B+_GRND_+VID_+VID_H/T_NC_BCL_12VOL_HSINC-12VOL,HB+GRND+VID+VIDHTNCBCL12VOLHSINC12VOL,6,GND,,datapin_a
H_B+_GRND_+VID_+VID_H/T_NC_BCL_12VOL_HSINC-12VOL,HB+GRND+VID+VIDHTNCBCL12VOLHSINC12VOL,7,NC,,datapin_a
H_B+_GRND_+VID_+VID_H/T_NC_BCL_12VOL_HSINC-12VOL,HB+GRND+VID+VIDHTNCBCL12VOLHSINC12VOL,8,ABL,,datapin_a
H_B+_GRND_+VID_+VID_H/T_NC_BCL_12VOL_HSINC-12VOL,HB+GRND+VID+VIDHTNCBCL12VOLHSINC12VOL,9,B+125V,125.0,datapin_a
H_B+_GRND_+VID_+VID_H/T_NC_BCL_12VOL_HSINC-12VOL,HB+GRND+VID+VIDHTNCBCL12VOLHSINC12VOL,10,COL,,datapin_a
FCV 20A001,FCV20A001,1,16.5V,16.5,datapin_a
FCV 20A001,FCV20A001,2,NC,,datapin_a
FCV 20A001,FCV20A001,3,COL,,datapin_a
FCV 20A001,FCV20A001,4,46V,46.0,datapin_a
FCV 20A001,FCV20A001,5,185V,185.0,datapin_a
FCV 20A001,FCV20A001,6,GND,,datapin_a
FCV 20A001,FCV20A001,7,NC,,datapin_a
FCV 20A001,FCV20A001,8,ABL,,datapin_a
FCV 20A001,FCV20A001,9,B+125V,125.0,datapin_a
FCV 20A001,FCV20A001,10,COL,,datapin_a
154-177E,154177E,1,COL,,datapin_a
154-177E,154177E,2,180V,180.0,datapin_a
154-177E,154177E,3,92V,92.0,datapin_a
154-177E,154177E,4,125VBOOST,,datapin_a
154-177E,154177E,5,24V,24.0,datapin_a
154-177E,154177E,6,12V,12.0,datapin_a
154-177E,154177E,7,GND,,datapin_a
154-177E,154177E,8,ABL,,datapin_a
154-177E,154177E,9,COL,,datapin_a
154-177E,154177E,10,AFC,,datapin_a
FCM 1411L01,FCM1411L01,1,16.5V,16.5,datapin_a
FCM 1411L01,FCM1411L01,2,AFC,,datapin_a
FCM 1411L01,FCM1411L01,3,COL,,datapin_a
FCM 1411L01,FCM1411L01,4,24V,24.0,datapin_a
FCM 1411L01,FCM1411L01,5,180V,180.0,datapin_a
FCM 1411L01,FCM1411L01,6,GND,,datapin_a
FCM 1411L01,FCM1411L01,7,B+90V,90.0,datapin_a
FCM 1411L01,FCM1411L01,8,ABL,,datapin_a
FCM 1411L01,FCM1411L01,9,125VBOOST,,datapin_a
FCM 1411L01,FCM1411L01,10,COL,,datapin_a
DCF 2077,DCF2077,1,COL,,datapin_a
DCF 2077,DCF2077,2,B+,,datapin_a
DCF 2077,DCF2077,3,AFC,,datapin_a
DCF 2077,DCF2077,4,125VBOOST,,datapin_a
DCF 2077,DCF2077,5,16.5V,16.5,datapin_a
DCF 2077,DCF2077,6,ABL,,datapin_a
DCF 2077,DCF2077,7,24V,24.0,datapin_a
DCF 2077,DCF2077,8,GND,,datapin_a
DCF 2077,DCF2077,9,180V,180.0,datapin_a
DCF 2077,DCF2077,10,COL,,datapin_a
FTK 14B011,FTK14B011,1,COL,,datapin_a
FTK 14B011,FTK14B011,2,B+,,datapin_a
FTK 14B011,FTK14B011,3,25V,25.0,datapin_a
FTK 14B011,FTK14B011,4,GND,,datapin_a
FTK 14B011,FTK14B011,5,180V,180.0,datapin_a
FTK 14B011,FTK14B011,6,COL,,datapin_a
FTK 14B011,FTK14B011,7,ABL,,datapin_a
FTK 14B011,FTK14B011,8,GND,,datapin_a
FTK 14B011,FTK14B011,9,AFC,,datapin_a
FTK 14B011,FTK14B011,10,15V,15.0,datapin_a
FCK 1411E10A,FCK1411E10A,1,190V,190.0,datapin_a
FCK 1411E10A,FCK1411E10A,2,COL,,datapin_a
FCK 1411E10A,FCK1411E10A,3,NC,,datapin_a
FCK 1411E10A,FCK1411E10A,4,B+,,datapin_a
FCK 1411E10A,FCK1411E10A,5,NC,,datapin_a
FCK 1411E10A,FCK1411E10A,6,24V,24.0,datapin_a
FCK 1411E10A,FCK1411E10A,7,ABL,,datapin_a
FCK 1411E10A,FCK1411E10A,8,GND,,datapin_a
FCK 1411E10A,FCK1411E10A,9,15V,15.0,datapin_a
FCK 1411E10A,FCK1411E10A,10,COL,,datapin_a
JF 0208-0208C,JF02080208C,1,COL,,datapin_a
JF 0208-0208C,JF02080208C,2,B+,,datapin_a
JF 0208-0208C,JF02080208C,3,GND,,datapin_a
JF 0208-0208C,JF02080208C,4,185V,185.0,datapin_a
JF 0208-0208C,JF02080208C,5,COL,,datapin_a
JF 0208-0208C,JF02080208C,6,ABL,,datapin_a
JF 0208-0208C,JF02080208C,7,GND,,datapin_a
JF 0208-0208C,JF02080208C,8,15V,15.0,datapin_a
JF 0208-0208C,JF02080208C,9,AFC,,datapin_a
JF 0208-0208C,JF02080208C,10,24V,24.0,datapin_a
JF 0208-0210B,JF02080210B,1,COL,,datapin_a
JF 0208-0210B,JF02080210B,2,B+,,datapin_a
JF 0208-0210B,JF02080210B,3,180V,180.0,datapin_a
JF 0208-0210B,JF02080210B,4,14V,14.0,datapin_a
JF 0208-0210B,JF02080210B,5,24V,24.0,datapin_a
JF 0208-0210B,JF02080210B,6,COL,,datapin_a
JF 0208-0210B,JF02080210B,7,GND,,datapin_a
JF 0208-0210B,JF02080210B,8,ABL,,datapin_a
JF 0208-0210B,JF02080210B,9,AFC,,datapin_a
JF 0208-0210B,JF02080210B,10,NC,,datapin_a
JF 0501-0501,JF05010501,1,COL,,datapin_a
JF 0501-0501,JF05010501,2,B+,,datapin_a
JF 0501-0501,JF05010501,3,180V,180.0,datapin_a
JF 0501-0501,JF05010501,4,14V,14.0,datapin_a
JF 0501-0501,JF05010501,5,24V,24.0,datapin_a
JF 0501-0501,JF05010501,6,COL,,datapin_a
JF 0501-0501,JF05010501,7,GND,,datapin_a
JF 0501-0501,JF05010501,8,ABL,,datapin_a
JF 0501-0501,JF05010501,9,AFC,,datapin_a
JF 0501-0501,JF05010501,10,NC,,datapin_a
L40B17100,L40B17100,1,COL,,datapin_a
L40B17100,L40B17100,2,B+,,datapin_a
L40B17100,L40B17100,3,NC,,datapin_a
L40B17100,L40B17100,4,180V,180.0,datapin_a
L40B17100,L40B17100,5,AFC,,datapin_a
L40B17100,L40B17100,6,GND,,datapin_a
L40B17100,L40B17100,7,ABL,,datapin_a
L40B17100,L40B17100,8,NC,,datapin_a
L40B17100,L40B17100,9,COL,,datapin_a
L40B17100,L40B17100,10,GND,,datapin_a
L40B09000,L40B09000,1,COL,,datapin_a
L40B09000,L40B09000,2,B+,,datapin_a
L40B09000,L40B09000,3,NC,,datapin_a
L40B09000,L40B09000,4,AFC,,datapin_a
L40B09000,L40B09000,5,GND,,datapin_a
L40B09000,L40B09000,6,COL,,datapin_a
L40B09000,L40B09000,7,ABL,,datapin_a
L40B09000,L40B09000,8,16V,16.0,datapin_a
L40B09000,L40B09000,9,NC,,datapin_a
L40B09000,L40B09000,10,180V,180.0,datapin_a
L40B05500,L40B05500,1,COL,,datapin_a
L40B05500,L40B05500,2,B+,,datapin_a
L40B05500,L40B05500,3,NC,,datapin_a
L40B05500,L40B05500,4,AFC,,datapin_a
L40B05500,L40B05500,5,GND,,datapin_a
L40B05500,L40B05500,6,COL,,datapin_a
L40B05500,L40B05500,7,GND,,datapin_a
L40B05500,L40B05500,8,NC,,datapin_a
L40B05500,L40B05500,9,NC,,datapin_a
L40B05500,L40B05500,10,ABL,,datapin_a
L40B09001,L40B09001,1,COL,,datapin_a
L40B09001,L40B09001,2,B+,,datapin_a
L40B09001,L40B09001,3,NC,,datapin_a
L40B09001,L40B09001,4,AFC,,datapin_a
L40B09001,L40B09001,5,GND,,datapin_a
L40B09001,L40B09001,6,COL,,datapin_a
L40B09001,L40B09001,7,ABL,,datapin_a
L40B09001,L40B09001,8,NC,,datapin_a
L40B09001,L40B09001,9,NC,,datapin_a
L40B09001,L40B09001,10,180V,180.0,datapin_a
BSC 24-08B,BSC2408B,1,COL,,datapin_a
BSC 24-08B,BSC2408B,2,B+,,datapin_a
BSC 24-08B,BSC2408B,3,NC,,datapin_a
BSC 24-08B,BSC2408B,4,AFC,,datapin_a
BSC 24-08B,BSC2408B,5,GND,,datapin_a
BSC 24-08B,BSC2408B,6,COL,,datapin_a
BSC 24-08B,BSC2408B,7,ABL,,datapin_a
BSC 24-08B,BSC2408B,8,NC,,datapin_a
BSC 25-N1616,BSC25N1616,1,COL,,datapin_a
BSC 25-N1616,BSC25N1616,2,B+,,datapin_a
BSC 25-N1616,BSC25N1616,3,NC,,datapin_a
BSC 25-N1616,BSC25N1616,4,AFC,,datapin_a
BSC 25-N1616,BSC25N1616,5,GND,,datapin_a
BSC 25-N1616,BSC25N1616,6,COL,,datapin_a
BSC 25-N1616,BSC25N1616,7,ABL,,datapin_a
BSC 25-N1616,BSC25N1616,8,NC,,datapin_a
BSC 60HZ,BSC60HZ,1,COL,,datapin_a
BSC 60HZ,BSC60HZ,2,B+,,datapin_a
BSC 60HZ,BSC60HZ,3,190V,190.0,datapin_a
BSC 60HZ,BSC60HZ,4,GND,,datapin_a
BSC 60HZ,BSC60HZ,5,11V,11.0,datapin_a
BSC 60HZ,BSC60HZ,6,16V,16.0,datapin_a
BSC 60HZ,BSC60HZ,7,45V,45.0,datapin_a
BSC 60HZ,BSC60HZ,8,ABL,,datapin_a
BSC 60HZ,BSC60HZ,9,COL,,datapin_a
BSC 60HZ,BSC60HZ,10,AFC,,datapin_a
BSC 24-2231HC,BSC242231HC,1,COL,,datapin_a
BSC 24-2231HC,BSC242231HC,2,B+,,datapin_a
BSC 24-2231HC,BSC242231HC,3,46V,46.0,datapin_a
BSC 24-2231HC,BSC242231HC,4,16V,16.0,datapin_a
BSC 24-2231HC,BSC242231HC,5,GND,,datapin_a
BSC 24-2231HC,BSC242231HC,6,AFC,,datapin_a
BSC 24-2231HC,BSC242231HC,7,ABL,,datapin_a
BSC 24-2231HC,BSC242231HC,8,COL,,datapin_a
BSC 24-2231HC,BSC242231HC,9,180V,180.0,datapin_a
BSC 24-2231HC,BSC242231HC,10,NC,,datapin_a
TFB 4067BD,TFB4067BD,1,COL,,datapin_a
TFB 4067BD,TFB4067BD,2,B+,,datapin_a
TFB 4067BD,TFB4067BD,3,185V,185.0,datapin_a
TFB 4067BD,TFB4067BD,4,GND,,datapin_a
TFB 4067BD,TFB4067BD,5,NC,,datapin_a
TFB 4067BD,TFB4067BD,6,24V,24.0,datapin_a
TFB 4067BD,TFB4067BD,7,12V,12.0,datapin_a
TFB 4067BD,TFB4067BD,8,ABL,,datapin_a
TFB 4067BD,TFB4067BD,9,COL,,datapin_a
TFB 4067BD,TFB4067BD,10,AFC,,datapin_a
TFB 4125CH,TFB4125CH,1,COL,,datapin_a
TFB 4125CH,TFB4125CH,2,B+,,datapin_a
TFB 4125CH,TFB4125CH,3,185V,185.0,datapin_a
TFB 4125CH,TFB4125CH,4,GND,,datapin_a
TFB 4125CH,TFB4125CH,5,NC,,datapin_a
TFB 4125CH,TFB4125CH,6,24V,24.0,datapin_a
TFB 4125CH,TFB4125CH,7,12V,12.0,datapin_a
TFB 4125CH,TFB4125CH,8,ABL,,datapin_a
TFB 4125CH,TFB4125CH,9,COL,,datapin_a
TFB 4125CH,TFB4125CH,10,AFC,,datapin_a
TFB 4122HY/ES/CS/DY,TFB4122HYESCSDY,1,COL,,datapin_a
TFB 4122HY/ES/CS/DY,TFB4122HYESCSDY,2,B+,,datapin_a
TFB 4122HY/ES/CS/DY,TFB4122HYESCSDY,3,185V,185.0,datapin_a
TFB 4122HY/ES/CS/DY,TFB4122HYESCSDY,4,GND,,datapin_a
TFB 4122HY/ES/CS/DY,TFB4122HYESCSDY,5,NC,,datapin_a
TFB 4122HY/ES/CS/DY,TFB4122HYESCSDY,6,24V,24.0,datapin_a
TFB 4122HY/ES/CS/DY,TFB4122HYESCSDY,7,12V,12.0,datapin_a
TFB 4122HY/ES/CS/DY,TFB4122HYESCSDY,8,ABL,,datapin_a
TFB 4122HY/ES/CS/DY,TFB4122HYESCSDY,9,COL,,datapin_a
TFB 4122HY/ES/CS/DY,TFB4122HYESCSDY,10,AFC,,datapin_a
BSC 23-N0102,BSC23N0102,1,COL,,datapin_a
BSC 23-N0102,BSC23N0102,2,B+,,datapin_a
BSC 23-N0102,BSC23N0102,3,185V,185.0,datapin_a
BSC 23-N0102,BSC23N0102,4,GND,,datapin_a
BSC 23-N0102,BSC23N0102,5,NC,,datapin_a
BSC 23-N0102,BSC23N0102,6,24V,24.0,datapin_a
BSC 23-N0102,BSC23N0102,7,12V,12.0,datapin_a
BSC 23-N0102,BSC23N0102,8,ABL,,datapin_a
BSC 23-N0102,BSC23N0102,9,COL,,datapin_a
BSC 23-N0102,BSC23N0102,10,AFC,,datapin_a
FCK 14A028,FCK14A028,1,NC,,datapin_a
FCK 14A028,FCK14A028,2,B+,,datapin_a
FCK 14A028,FCK14A028,3,14V,14.0,datapin_a
FCK 14A028,FCK14A028,4,24V,24.0,datapin_a
FCK 14A028,FCK14A028,5,COL,,datapin_a
FCK 14A028,FCK14A028,6,GND,,datapin_a
FCK 14A028,FCK14A028,7,ABL,,datapin_a
FCK 14A028,FCK14A028,8,180V,180.0,datapin_a
FCK 14A028,FCK14A028,9,B+,,datapin_a
FCK 14A028,FCK14A028,10,COL,,datapin_a
154-182H,154182H,1,190V,190.0,datapin_a
154-182H,154182H,2,NC,,datapin_a
154-182H,154182H,3,COL,,datapin_a
154-182H,154182H,4,AFC,,datapin_a
154-182H,154182H,5,B+,,datapin_a
154-182H,154182H,6,43V,43.0,datapin_a
154-182H,154182H,7,ABL,,datapin_a
154-182H,154182H,8,GND,,datapin_a
154-182H,154182H,9,12V,12.0,datapin_a
154-182H,154182H,10,COL,,datapin_a
CF 0801,CF0801,1,COL,,datapin_a
CF 0801,CF0801,2,B+180V,180.0,datapin_a
CF 0801,CF0801,3,15V,15.0,datapin_a
CF 0801,CF0801,4,24V,24.0,datapin_a
CF 0801,CF0801,5,COL,,datapin_a
CF 0801,CF0801,6,GND,,datapin_a
CF 0801,CF0801,7,ABL,,datapin_a
CF 0801,CF0801,8,NC,,datapin_a
CF 0801,CF0801,9,NC,,datapin_a
CF 0854,CF0854,1,COL,,datapin_a
CF 0854,CF0854,2,B+,,datapin_a
CF 0854,CF0854,3,GND,,datapin_a
CF 0854,CF0854,4,AFC,,datapin_a
CF 0854,CF0854,5,185V,185.0,datapin_a
CF 0854,CF0854,6,COL,,datapin_a
CF 0854,CF0854,7,25V,25.0,datapin_a
CF 0854,CF0854,8,15V,15.0,datapin_a
CF 0854,CF0854,9,GND,,datapin_a
CF 0854,CF0854,10,ABL,,datapin_a
CF 0582,CF0582,1,COL,,datapin_a
CF 0582,CF0582,2,B+,,datapin_a
CF 0582,CF0582,3,GND,,datapin_a
CF 0582,CF0582,4,AFC,,datapin_a
CF 0582,CF0582,5,185V,185.0,datapin_a
CF 0582,CF0582,6,COL,,datapin_a
CF 0582,CF0582,7,25V,25.0,datapin_a
CF 0582,CF0582,8,15V,15.0,datapin_a
CF 0582,CF0582,9,GND,,datapin_a
CF 0582,CF0582,10,ABL,,datapin_a
FSA 28027M,FSA28027M,1,COL,,datapin_a
FSA 28027M,FSA28027M,2,NC,,datapin_a
FSA 28027M,FSA28027M,3,NC,,datapin_a
FSA 28027M,FSA28027M,4,123V,123.0,datapin_a
FSA 28027M,FSA28027M,5,12V,12.0,datapin_a
FSA 28027M,FSA28027M,6,ABL,,datapin_a
FSA 28027M,FSA28027M,7,25V,25.0,datapin_a
FSA 28027M,FSA28027M,8,GND,,datapin_a
FSA 28027M,FSA28027M,9,185V,185.0,datapin_a
FSA 28027M,FSA28027M,10,COL,,datapin_a
BSC 24-01N4009A,BSC2401N4009A,1,COL,,datapin_a
BSC 24-01N4009A,BSC2401N4009A,2,NC,,datapin_a
BSC 24-01N4009A,BSC2401N4009A,3,B+,,datapin_a
BSC 24-01N4009A,BSC2401N4009A,4,GND,,datapin_a
BSC 24-01N4009A,BSC2401N4009A,5,NC,,datapin_a
BSC 24-01N4009A,BSC2401N4009A,6,TEP,,datapin_a
BSC 24-01N4009A,BSC2401N4009A,7,NC,,datapin_a
BSC 24-01N4009A,BSC2401N4009A,8,ABL,,datapin_a
BSC 24-01N4009A,BSC2401N4009A,9,COL,,datapin_a
BSC 24-01N4009A,BSC2401N4009A,10,AFC,,datapin_a
BSC 22-01N40J,BSC2201N40J,1,COL,,datapin_a
BSC 22-01N40J,BSC2201N40J,2,180V,180.0,datapin_a
BSC 22-01N40J,BSC2201N40J,3,115V,115.0,datapin_a
BSC 22-01N40J,BSC2201N40J,4,GND,,datapin_a
BSC 22-01N40J,BSC2201N40J,5,22V,22.0,datapin_a
BSC 22-01N40J,BSC2201N40J,6,16V,16.0,datapin_a
BSC 22-01N40J,BSC2201N40J,7,ABL,,datapin_a
BSC 22-01N40J,BSC2201N40J,8,COL,,datapin_a
BSC 22-01N40J,BSC2201N40J,9,NC,,datapin_a
BSC 22-01N40J,BSC2201N40J,10,NC,,datapin_a
F0194= 16V),F0194=16V),1,15V,15.0,datapin_a
F0194= 16V),F0194=16V),2,COL,,datapin_a
F0194= 16V),F0194=16V),3,24V,24.0,datapin_a
F0194= 16V),F0194=16V),4,B+,,datapin_a
F0194= 16V),F0194=16V),5,ABL,,datapin_a
F0194= 16V),F0194=16V),6,AFC,,datapin_a
F0194= 16V),F0194=16V),7,GND,,datapin_a
F0194= 16V),F0194=16V),8,NC,,datapin_a
F0194= 16V),F0194=16V),9,180V,180.0,datapin_a
F0194= 16V),F0194=16V),10,COL,,datapin_a
F 0042PE-M,F0042PEM,1,15V,15.0,datapin_a
F 0042PE-M,F0042PEM,2,COL,,datapin_a
F 0042PE-M,F0042PEM,3,24V,24.0,datapin_a
F 0042PE-M,F0042PEM,4,B+,,datapin_a
F 0042PE-M,F0042PEM,5,ABL,,datapin_a
F 0042PE-M,F0042PEM,6,AFC,,datapin_a
F 0042PE-M,F0042PEM,7,GND,,datapin_a
F 0042PE-M,F0042PEM,8,NC,,datapin_a
F 0042PE-M,F0042PEM,9,180V,180.0,datapin_a
F 0042PE-M,F0042PEM,10,COL,,datapin_a
F 0063PE-M,F0063PEM,1,COL,,datapin_a
F 0063PE-M,F0063PEM,2,B+,,datapin_a
F 0063PE-M,F0063PEM,3,24V,24.0,datapin_a
F 0063PE-M,F0063PEM,4,12V,12.0,datapin_a
F 0063PE-M,F0063PEM,5,NC,,datapin_a
F 0063PE-M,F0063PEM,6,AFC,,datapin_a
F 0063PE-M,F0063PEM,7,GND,,datapin_a
F 0063PE-M,F0063PEM,8,COL,,datapin_a
F 0063PE-M,F0063PEM,9,185V,185.0,datapin_a
F 0063PE-M,F0063PEM,10,ABL,,datapin_a
F 0067PE-M,F0067PEM,1,COL,,datapin_a
F 0067PE-M,F0067PEM,2,B+,,datapin_a
F 0067PE-M,F0067PEM,3,24V,24.0,datapin_a
F 0067PE-M,F0067PEM,4,12V,12.0,datapin_a
F 0067PE-M,F0067PEM,5,NC,,datapin_a
F 0067PE-M,F0067PEM,6,AFC,,datapin_a
F 0067PE-M,F0067PEM,7,GND,,datapin_a
F 0067PE-M,F0067PEM,8,COL,,datapin_a
F 0067PE-M,F0067PEM,9,185V,185.0,datapin_a
F 0067PE-M,F0067PEM,10,ABL,,datapin_a
154-279C,154279C,1,COL,,datapin_a
154-279C,154279C,2,(B+135V),135.0,datapin_a
154-279C,154279C,3,200V,200.0,datapin_a
154-279C,154279C,4,GND,,datapin_a
154-279C,154279C,5,GND,,datapin_a
154-279C,154279C,6,25V,25.0,datapin_a
154-279C,154279C,7,16V,16.0,datapin_a
154-279C,154279C,8,ABL,,datapin_a
154-279C,154279C,9,COL,,datapin_a
154-279C,154279C,10,NC,,datapin_a
BSC 25-N0363,BSC25N0363,1,COL,,datapin_a
BSC 25-N0363,BSC25N0363,2,180V,180.0,datapin_a
BSC 25-N0363,BSC25N0363,3,B+,,datapin_a
BSC 25-N0363,BSC25N0363,4,GND,,datapin_a
BSC 25-N0363,BSC25N0363,5,INNER,,datapin_a
BSC 25-N0363,BSC25N0363,6,26V,26.0,datapin_a
BSC 25-N0363,BSC25N0363,7,NC,,datapin_a
BSC 25-N0363,BSC25N0363,8,ABL,,datapin_a
BSC 25-N0363,BSC25N0363,9,COL,,datapin_a
BSC 25-N0363,BSC25N0363,10,AFC,,datapin_a
8-598-11,859811,1,COL,,datapin_a
8-598-11,859811,2,B+,,datapin_a
8-598-11,859811,3,200V,200.0,datapin_a
8-598-11,859811,4,COL,,datapin_a
8-598-11,859811,5,GND,,datapin_a
8-598-11,859811,6,-16.5V,16.5,datapin_a
8-598-11,859811,7,GND,,datapin_a
8-598-11,859811,8,+16.5V,16.5,datapin_a
8-598-11,859811,9,NC,,datapin_a
8-598-11,859811,10,ABL,,datapin_a
QQH0132-001,QQH0132001,1,COL,,datapin_a
QQH0132-001,QQH0132001,2,B+,,datapin_a
QQH0132-001,QQH0132001,3,40V,40.0,datapin_a
QQH0132-001,QQH0132001,4,NC,,datapin_a
QQH0132-001,QQH0132001,5,25V,25.0,datapin_a
QQH0132-001,QQH0132001,6,GND,,datapin_a
QQH0132-001,QQH0132001,7,COL,,datapin_a
QQH0132-001,QQH0132001,8,ABL,,datapin_a
QQH0132-001,QQH0132001,9,180V,180.0,datapin_a
QQH0132-001,QQH0132001,10,GND,,datapin_a
JF 0501-19539,JF050119539,1,COL,,datapin_a
JF 0501-19539,JF050119539,2,B+,,datapin_a
JF 0501-19539,JF050119539,3,GND,,datapin_a
JF 0501-19539,JF050119539,4,185V,185.0,datapin_a
JF 0501-19539,JF050119539,5,NC,,datapin_a
JF 0501-19539,JF050119539,6,COL,,datapin_a
JF 0501-19539,JF050119539,7,25V,25.0,datapin_a
JF 0501-19539,JF050119539,8,ABL,,datapin_a
JF 0501-19539,JF050119539,9,12V,12.0,datapin_a
JF 0501-19539,JF050119539,10,HPULSE,,datapin_a
BSC 25-1194D030,BSC251194D030,1,16.5V,16.5,datapin_a
BSC 25-1194D030,BSC251194D030,2,24V,24.0,datapin_a
BSC 25-1194D030,BSC251194D030,3,COL,,datapin_a
BSC 25-1194D030,BSC251194D030,4,46V,46.0,datapin_a
BSC 25-1194D030,BSC251194D030,5,180V,180.0,datapin_a
BSC 25-1194D030,BSC251194D030,6,GND,,datapin_a
BSC 25-1194D030,BSC251194D030,7,NC,,datapin_a
BSC 25-1194D030,BSC251194D030,8,ABL,,datapin_a
BSC 25-1194D030,BSC251194D030,9,B+125V,125.0,datapin_a
BSC 25-1194D030,BSC251194D030,10,COL,,datapin_a
FSV 20A099,FSV20A099,1,16.5V,16.5,datapin_a
FSV 20A099,FSV20A099,2,24V,24.0,datapin_a
FSV 20A099,FSV20A099,3,COL,,datapin_a
FSV 20A099,FSV20A099,4,46V,46.0,datapin_a
FSV 20A099,FSV20A099,5,180V,180.0,datapin_a
FSV 20A099,FSV20A099,6,GND,,datapin_a
FSV 20A099,FSV20A099,7,NC,,datapin_a
FSV 20A099,FSV20A099,8,ABL,,datapin_a
FSV 20A099,FSV20A099,9,B+125V,125.0,datapin_a
FSV 20A099,FSV20A099,10,COL,,datapin_a
FTK 14A004F,FTK14A004F,1,16.5V,16.5,datapin_a
FTK 14A004F,FTK14A004F,2,24V,24.0,datapin_a
FTK 14A004F,FTK14A004F,3,COL,,datapin_a
FTK 14A004F,FTK14A004F,4,-16.5V,16.5,datapin_a
FTK 14A004F,FTK14A004F,5,185V,185.0,datapin_a
FTK 14A004F,FTK14A004F,6,GND,,datapin_a
FTK 14A004F,FTK14A004F,7,NC,,datapin_a
FTK 14A004F,FTK14A004F,8,ABL,,datapin_a
FTK 14A004F,FTK14A004F,9,B+125V,125.0,datapin_a
FTK 14A004F,FTK14A004F,10,COL,,datapin_a
8-597-041-20,859704120,1,COL,,datapin_a
8-597-041-20,859704120,2,B+,,datapin_a
8-597-041-20,859704120,3,200V,200.0,datapin_a
8-597-041-20,859704120,4,COL,,datapin_a
8-597-041-20,859704120,5,GND,,datapin_a
8-597-041-20,859704120,6,(-13V),13.0,datapin_a
8-597-041-20,859704120,7,GND,,datapin_a
8-597-041-20,859704120,8,(+13V),13.0,datapin_a
8-597-041-20,859704120,9,NC,,datapin_a
8-597-041-20,859704120,10,ABL,,datapin_a
FUH 29VH04  U-SLIM,FUH29VH04USLIM,1,COL,,datapin_a
FUH 29VH04  U-SLIM,FUH29VH04USLIM,2,B+,135.0,datapin_a
FUH 29VH04  U-SLIM,FUH29VH04USLIM,3,GND,,datapin_a
FUH 29VH04  U-SLIM,FUH29VH04USLIM,4,185V,185.0,datapin_a
FUH 29VH04  U-SLIM,FUH29VH04USLIM,5,NC,,datapin_a
FUH 29VH04  U-SLIM,FUH29VH04USLIM,6,COL,,datapin_a
FUH 29VH04  U-SLIM,FUH29VH04USLIM,7,BCL,,datapin_a
FUH 29VH04  U-SLIM,FUH29VH04USLIM,8,+12V,12.0,datapin_a
FUH 29VH04  U-SLIM,FUH29VH04USLIM,9,-12V,12.0,datapin_a
JF0501-32611  FLAT,JF050132611FLAT,1,21COL,,datapin_a
JF0501-32611  FLAT,JF050132611FLAT,2,B+,125.0,datapin_a
JF0501-32611  FLAT,JF050132611FLAT,3,NC,,datapin_a
JF0501-32611  FLAT,JF050132611FLAT,4,185V,185.0,datapin_a
JF0501-32611  FLAT,JF050132611FLAT,5,AFC,,datapin_a
JF0501-32611  FLAT,JF050132611FLAT,6,ABL,,datapin_a
JF0501-32611  FLAT,JF050132611FLAT,7,ABL,,datapin_a
JF0501-32611  FLAT,JF050132611FLAT,8,NC,,datapin_a
JF0501-32611  FLAT,JF050132611FLAT,9,COL,,datapin_a
JF0501-32611  FLAT,JF050132611FLAT,10,GND,,datapin_a
FA061WJ-SA,FA061WJSA,1,COL,,datapin_b
FA061WJ-SA,FA061WJSA,2,B+130,130.0,datapin_b
FA061WJ-SA,FA061WJSA,3,GND,,datapin_b
FA061WJ-SA,FA061WJSA,4,24,24.0,datapin_b
FA061WJ-SA,FA061WJSA,5,12,12.0,datapin_b
FA061WJ-SA,FA061WJSA,6,AFC,,datapin_b
FA061WJ-SA,FA061WJSA,7,180,180.0,datapin_b
FA061WJ-SA,FA061WJSA,8,GND,,datapin_b
FA061WJ-SA,FA061WJSA,9,HTR,,datapin_b
FA061WJ-SA,FA061WJSA,10,ABL,,datapin_b
154-138L,154138L,1,180,180.0,datapin_b
154-138L,154138L,2,NC,,datapin_b
154-138L,154138L,3,COL,,datapin_b
154-138L,154138L,4,AFC,,datapin_b
154-138L,154138L,5,B+110,110.0,datapin_b
154-138L,154138L,6,45,45.0,datapin_b
154-138L,154138L,7,ABL,,datapin_b
154-138L,154138L,8,GND,,datapin_b
154-138L,154138L,9,12,12.0,datapin_b
154-138L,154138L,10,HTR,,datapin_b
BSC24-01N4019L,BSC2401N4019L,1,COL,,datapin_b
BSC24-01N4019L,BSC2401N4019L,2,B+110,110.0,datapin_b
BSC24-01N4019L,BSC2401N4019L,3,NC,,datapin_b
BSC24-01N4019L,BSC2401N4019L,4,AFC,,datapin_b
BSC24-01N4019L,BSC2401N4019L,5,GND,,datapin_b
BSC24-01N4019L,BSC2401N4019L,6,HTR,,datapin_b
BSC24-01N4019L,BSC2401N4019L,7,ABL,,datapin_b
BSC24-01N4019L,BSC2401N4019L,8,NP,,datapin_b
BSC24-01N4019L,BSC2401N4019L,9,NC,,datapin_b
JF0501-1901,JF05011901,1,COL,,datapin_b
JF0501-1901,JF05011901,2,B+110,110.0,datapin_b
JF0501-1901,JF05011901,3,GND,,datapin_b
JF0501-1901,JF05011901,4,180,180.0,datapin_b
JF0501-1901,JF05011901,5,HTR,,datapin_b
JF0501-1901,JF05011901,6,ABL,,datapin_b
JF0501-1901,JF05011901,7,GND,,datapin_b
JF0501-1901,JF05011901,8,16,16.0,datapin_b
JF0501-1901,JF05011901,9,NC,,datapin_b
JF0501-1901,JF05011901,10,26,26.0,datapin_b
BSC24-N40G1,BSC24N40G1,1,H1,,datapin_b
BSC24-N40G1,BSC24N40G1,2,COL,,datapin_b
BSC24-N40G1,BSC24N40G1,3,H2,,datapin_b
BSC24-N40G1,BSC24N40G1,4,B+110,110.0,datapin_b
BSC24-N40G1,BSC24N40G1,5,H3,,datapin_b
BSC24-N40G1,BSC24N40G1,6,H4,,datapin_b
BSC24-N40G1,BSC24N40G1,7,GND,,datapin_b
BSC24-N40G1,BSC24N40G1,8,HTR,,datapin_b
BSC24-N40G1,BSC24N40G1,9,ABL,,datapin_b
BSC24-N40G1,BSC24N40G1,10,AFC,,datapin_b
BSC25-3504V,BSC253504V,1,COL,,datapin_b
BSC25-3504V,BSC253504V,2,B+110,110.0,datapin_b
BSC25-3504V,BSC253504V,3,NC,,datapin_b
BSC25-3504V,BSC253504V,4,AFC,,datapin_b
BSC25-3504V,BSC253504V,5,GND,,datapin_b
BSC25-3504V,BSC253504V,6,HTR,,datapin_b
BSC25-3504V,BSC253504V,7,ABL,,datapin_b
BSC25-3504V,BSC253504V,8,NP,,datapin_b
BSC25-3504V,BSC253504V,9,180,180.0,datapin_b
BSC24-09G,BSC2409G,1,COL,,datapin_b
BSC24-09G,BSC2409G,2,B+110,110.0,datapin_b
BSC24-09G,BSC2409G,3,NC,,datapin_b
BSC24-09G,BSC2409G,4,AFC,,datapin_b
BSC24-09G,BSC2409G,5,GND,,datapin_b
BSC24-09G,BSC2409G,6,HTR,,datapin_b
BSC24-09G,BSC2409G,7,ABL,,datapin_b
BSC24-09G,BSC2409G,8,NP,,datapin_b
BSC24-09G,BSC2409G,9,NC,,datapin_b
BSC25-N0449,BSC25N0449,1,COL,,datapin_b
BSC25-N0449,BSC25N0449,2,B+110,110.0,datapin_b
BSC25-N0449,BSC25N0449,3,26,26.0,datapin_b
BSC25-N0449,BSC25N0449,4,AFC,,datapin_b
BSC25-N0449,BSC25N0449,5,GND,,datapin_b
BSC25-N0449,BSC25N0449,6,HTR,,datapin_b
BSC25-N0449,BSC25N0449,7,ABL,,datapin_b
BSC25-N0449,BSC25N0449,8,180,180.0,datapin_b
BSC22-68F03,BSC2268F03,1,COL,,datapin_b
BSC22-68F03,BSC2268F03,2,B+110,110.0,datapin_b
BSC22-68F03,BSC2268F03,3,26,26.0,datapin_b
BSC22-68F03,BSC2268F03,4,AFC,,datapin_b
BSC22-68F03,BSC2268F03,5,GND,,datapin_b
BSC22-68F03,BSC2268F03,6,HTR,,datapin_b
BSC22-68F03,BSC2268F03,7,ABL,,datapin_b
BSC22-68F03,BSC2268F03,8,180,180.0,datapin_b
FCM2014FL,FCM2014FL,1,16,16.0,datapin_b
FCM2014FL,FCM2014FL,2,AFC,,datapin_b
FCM2014FL,FCM2014FL,3,HTR,,datapin_b
FCM2014FL,FCM2014FL,4,24,24.0,datapin_b
FCM2014FL,FCM2014FL,5,180,180.0,datapin_b
FCM2014FL,FCM2014FL,6,GND,,datapin_b
FCM2014FL,FCM2014FL,7,BOST,,datapin_b
FCM2014FL,FCM2014FL,8,ABL,,datapin_b
FCM2014FL,FCM2014FL,9,B+110,110.0,datapin_b
FCM2014FL,FCM2014FL,10,COL,,datapin_b
FCM14A025,FCM14A025,1,16,16.0,datapin_b
FCM14A025,FCM14A025,2,AFC,,datapin_b
FCM14A025,FCM14A025,3,HTR,,datapin_b
FCM14A025,FCM14A025,4,24,24.0,datapin_b
FCM14A025,FCM14A025,5,180,180.0,datapin_b
FCM14A025,FCM14A025,6,GND,,datapin_b
FCM14A025,FCM14A025,7,BOST,,datapin_b
FCM14A025,FCM14A025,8,ABL,,datapin_b
FCM14A025,FCM14A025,9,B+110,110.0,datapin_b
FCM14A025,FCM14A025,10,COL,,datapin_b
JF0501-1914,JF05011914,1,180,180.0,datapin_b
JF0501-1914,JF05011914,2,COL,,datapin_b
JF0501-1914,JF05011914,3,AFC,,datapin_b
JF0501-1914,JF05011914,4,B+110,110.0,datapin_b
JF0501-1914,JF05011914,5,12,12.0,datapin_b
JF0501-1914,JF05011914,6,24,24.0,datapin_b
JF0501-1914,JF05011914,7,ABL,,datapin_b
JF0501-1914,JF05011914,8,GND,,datapin_b
JF0501-1914,JF05011914,9,NC,,datapin_b
JF0501-1914,JF05011914,10,HTR,,datapin_b
BSC25-0231,BSC250231,1,180,180.0,datapin_b
BSC25-0231,BSC250231,2,COL,,datapin_b
BSC25-0231,BSC250231,3,AFC,,datapin_b
BSC25-0231,BSC250231,4,B+110,110.0,datapin_b
BSC25-0231,BSC250231,5,12,12.0,datapin_b
BSC25-0231,BSC250231,6,24,24.0,datapin_b
BSC25-0231,BSC250231,7,ABL,,datapin_b
BSC25-0231,BSC250231,8,GND,,datapin_b
BSC25-0231,BSC250231,9,NC,,datapin_b
BSC25-0231,BSC250231,10,HTR,,datapin_b
BSC25-F1125A,BSC25F1125A,1,H1,,datapin_b
BSC25-F1125A,BSC25F1125A,2,COL,,datapin_b
BSC25-F1125A,BSC25F1125A,3,H2,,datapin_b
BSC25-F1125A,BSC25F1125A,4,B+110,110.0,datapin_b
BSC25-F1125A,BSC25F1125A,5,H3,,datapin_b
BSC25-F1125A,BSC25F1125A,6,H4,,datapin_b
BSC25-F1125A,BSC25F1125A,7,GND,,datapin_b
BSC25-F1125A,BSC25F1125A,8,HTR,,datapin_b
BSC25-F1125A,BSC25F1125A,9,ABL,,datapin_b
BSC25-F1125A,BSC25F1125A,10,AFC,,datapin_b
BSC25-N0313,BSC25N0313,1,H1,,datapin_b
BSC25-N0313,BSC25N0313,2,COL,,datapin_b
BSC25-N0313,BSC25N0313,3,H2,,datapin_b
BSC25-N0313,BSC25N0313,4,B+110,110.0,datapin_b
BSC25-N0313,BSC25N0313,5,H3,,datapin_b
BSC25-N0313,BSC25N0313,6,H4,,datapin_b
BSC25-N0313,BSC25N0313,7,GND,,datapin_b
BSC25-N0313,BSC25N0313,8,HTR,,datapin_b
BSC25-N0313,BSC25N0313,9,ABL,,datapin_b
BSC25-N0313,BSC25N0313,10,AFC,,datapin_b
BSC25-2678S,BSC252678S,1,COL,,datapin_b
BSC25-2678S,BSC252678S,2,180,180.0,datapin_b
BSC25-2678S,BSC252678S,3,B+110,110.0,datapin_b
BSC25-2678S,BSC252678S,4,GND,,datapin_b
BSC25-2678S,BSC252678S,5,AFC,,datapin_b
BSC25-2678S,BSC252678S,6,12,12.0,datapin_b
BSC25-2678S,BSC252678S,7,ABL,,datapin_b
BSC25-2678S,BSC252678S,8,HTR,,datapin_b
BSC25-2678S,BSC252678S,9,NC,,datapin_b
BSC25-2678S,BSC252678S,10,NC,,datapin_b
BSC25-023D,BSC25023D,1,COL,,datapin_b
BSC25-023D,BSC25023D,2,180,180.0,datapin_b
BSC25-023D,BSC25023D,3,B+110,110.0,datapin_b
BSC25-023D,BSC25023D,4,GND,,datapin_b
BSC25-023D,BSC25023D,5,AFC,,datapin_b
BSC25-023D,BSC25023D,6,12,12.0,datapin_b
BSC25-023D,BSC25023D,7,ABL,,datapin_b
BSC25-023D,BSC25023D,8,HTR,,datapin_b
BSC25-023D,BSC25023D,9,NC,,datapin_b
BSC25-023D,BSC25023D,10,NC,,datapin_b
BSC25-0113,BSC250113,1,COL,,datapin_b
BSC25-0113,BSC250113,2,180,180.0,datapin_b
BSC25-0113,BSC250113,3,B+110,110.0,datapin_b
BSC25-0113,BSC250113,4,GND,,datapin_b
BSC25-0113,BSC250113,5,AFC,,datapin_b
BSC25-0113,BSC250113,6,12,12.0,datapin_b
BSC25-0113,BSC250113,7,ABL,,datapin_b
BSC25-0113,BSC250113,8,HTR,,datapin_b
BSC25-0113,BSC250113,9,NC,,datapin_b
BSC25-0113,BSC250113,10,NC,,datapin_b
BSC25-N0211,BSC25N0211,1,COL,,datapin_b
BSC25-N0211,BSC25N0211,2,B+110,110.0,datapin_b
BSC25-N0211,BSC25N0211,3,H1,,datapin_b
BSC25-N0211,BSC25N0211,4,AFC,,datapin_b
BSC25-N0211,BSC25N0211,5,GND,,datapin_b
BSC25-N0211,BSC25N0211,6,HTR,,datapin_b
BSC25-N0211,BSC25N0211,7,ABL,,datapin_b
BSC25-N0211,BSC25N0211,8,H2,,datapin_b
BSC25-N0211,BSC25N0211,9,H3,,datapin_b
TFB4125CH,TFB4125CH,1,COL,,datapin_b
TFB4125CH,TFB4125CH,2,B+115,115.0,datapin_b
TFB4125CH,TFB4125CH,3,185,185.0,datapin_b
TFB4125CH,TFB4125CH,4,GND,,datapin_b
TFB4125CH,TFB4125CH,5,NC,,datapin_b
TFB4125CH,TFB4125CH,6,26,26.0,datapin_b
TFB4125CH,TFB4125CH,7,12,12.0,datapin_b
TFB4125CH,TFB4125CH,8,ABL,,datapin_b
TFB4125CH,TFB4125CH,9,HTR,,datapin_b
TFB4125CH,TFB4125CH,10,AFC,,datapin_b
BSC25-05N2135C,BSC2505N2135C,1,COL,,datapin_b
BSC25-05N2135C,BSC2505N2135C,2,B+115,115.0,datapin_b
BSC25-05N2135C,BSC2505N2135C,3,16,16.0,datapin_b
BSC25-05N2135C,BSC2505N2135C,4,AFC,,datapin_b
BSC25-05N2135C,BSC2505N2135C,5,GND,,datapin_b
BSC25-05N2135C,BSC2505N2135C,6,HTR,,datapin_b
BSC25-05N2135C,BSC2505N2135C,7,ABL,,datapin_b
BSC25-05N2135C,BSC2505N2135C,8,NP,,datapin_b
BSC25-05N2135C,BSC2505N2135C,9,180,180.0,datapin_b
BSC25-05N2135C,BSC2505N2135C,10,NP,,datapin_b
FCM-20B061N,FCM20B061N,1,COL,,datapin_b
FCM-20B061N,FCM20B061N,2,B+110,110.0,datapin_b
FCM-20B061N,FCM20B061N,3,GND,,datapin_b
FCM-20B061N,FCM20B061N,4,180,180.0,datapin_b
FCM-20B061N,FCM20B061N,5,NC,,datapin_b
FCM-20B061N,FCM20B061N,6,HTR,,datapin_b
FCM-20B061N,FCM20B061N,7,NC,,datapin_b
FCM-20B061N,FCM20B061N,8,ABL,,datapin_b
FCM-20B061N,FCM20B061N,9,12,12.0,datapin_b
FCM-20B061N,FCM20B061N,10,-12,12.0,datapin_b
JF0601-19577,JF060119577,1,COL,,datapin_b
JF0601-19577,JF060119577,2,B+110,110.0,datapin_b
JF0601-19577,JF060119577,3,GND,,datapin_b
JF0601-19577,JF060119577,4,180,180.0,datapin_b
JF0601-19577,JF060119577,5,NC,,datapin_b
JF0601-19577,JF060119577,6,HTR,,datapin_b
JF0601-19577,JF060119577,7,NC,,datapin_b
JF0601-19577,JF060119577,8,ABL,,datapin_b
JF0601-19577,JF060119577,9,12,12.0,datapin_b
JF0601-19577,JF060119577,10,-12,12.0,datapin_b
DST2010-D91,DST2010D91,1,COL,,datapin_b
DST2010-D91,DST2010D91,2,B+110,110.0,datapin_b
DST2010-D91,DST2010D91,3,GND,,datapin_b
DST2010-D91,DST2010D91,4,NC,,datapin_b
DST2010-D91,DST2010D91,5,180,180.0,datapin_b
DST2010-D91,DST2010D91,6,HTR,,datapin_b
DST2010-D91,DST2010D91,7,NC,,datapin_b
DST2010-D91,DST2010D91,8,ABL,,datapin_b
DST2010-D91,DST2010D91,9,12,12.0,datapin_b
DST2010-D91,DST2010D91,10,-12,12.0,datapin_b
BCS28-2198,BCS282198,1,H1,,datapin_b
BCS28-2198,BCS282198,2,COL,,datapin_b
BCS28-2198,BCS282198,3,H2,,datapin_b
BCS28-2198,BCS282198,4,B+110,110.0,datapin_b
BCS28-2198,BCS282198,5,H3,,datapin_b
BCS28-2198,BCS282198,6,H4,,datapin_b
BCS28-2198,BCS282198,7,GND,,datapin_b
BCS28-2198,BCS282198,8,HTR,,datapin_b
BCS28-2198,BCS282198,9,ABL,,datapin_b
BCS28-2198,BCS282198,10,180,180.0,datapin_b
6174Z-6238L,6174Z6238L,1,COL,,datapin_b
6174Z-6238L,6174Z6238L,2,200,200.0,datapin_b
6174Z-6238L,6174Z6238L,3,B+140,140.0,datapin_b
6174Z-6238L,6174Z6238L,4,GND,,datapin_b
6174Z-6238L,6174Z6238L,5,13,13.0,datapin_b
6174Z-6238L,6174Z6238L,6,-13,13.0,datapin_b
6174Z-6238L,6174Z6238L,7,28,28.0,datapin_b
6174Z-6238L,6174Z6238L,8,ABL,,datapin_b
6174Z-6238L,6174Z6238L,9,HTR,,datapin_b
6174Z-6238L,6174Z6238L,10,AFC,,datapin_b
6174Z-6005U,6174Z6005U,1,COL,,datapin_b
6174Z-6005U,6174Z6005U,2,B+120,120.0,datapin_b
6174Z-6005U,6174Z6005U,3,14,14.0,datapin_b
6174Z-6005U,6174Z6005U,4,-14,14.0,datapin_b
6174Z-6005U,6174Z6005U,5,204,204.0,datapin_b
6174Z-6005U,6174Z6005U,6,28,28.0,datapin_b
6174Z-6005U,6174Z6005U,7,NC,,datapin_b
6174Z-6005U,6174Z6005U,8,ABL,,datapin_b
6174Z-6005U,6174Z6005U,9,HTR,,datapin_b
6174Z-6005U,6174Z6005U,10,NC,,datapin_b
6174V-6006V,6174V6006V,1,COL,,datapin_b
6174V-6006V,6174V6006V,2,180,180.0,datapin_b
6174V-6006V,6174V6006V,3,B+110,110.0,datapin_b
6174V-6006V,6174V6006V,4,GND,,datapin_b
6174V-6006V,6174V6006V,5,NC,,datapin_b
6174V-6006V,6174V6006V,6,24,24.0,datapin_b
6174V-6006V,6174V6006V,7,NC,,datapin_b
6174V-6006V,6174V6006V,8,ABL,,datapin_b
6174V-6006V,6174V6006V,9,HTR,,datapin_b
6174V-6006V,6174V6006V,10,AFC,,datapin_b
154-374A,154374A,1,COL,,datapin_b
154-374A,154374A,2,200,200.0,datapin_b
154-374A,154374A,3,B+125,125.0,datapin_b
154-374A,154374A,4,GND,,datapin_b
154-374A,154374A,5,16,16.0,datapin_b
154-374A,154374A,6,26,26.0,datapin_b
154-374A,154374A,7,45,45.0,datapin_b
154-374A,154374A,8,ABL,,datapin_b
154-374A,154374A,9,HTR,,datapin_b
154-374A,154374A,10,AFC,,datapin_b
JF0501-91802,JF050191802,1,COL,,datapin_b
JF0501-91802,JF050191802,2,180,180.0,datapin_b
JF0501-91802,JF050191802,3,B+130,130.0,datapin_b
JF0501-91802,JF050191802,4,GND,,datapin_b
JF0501-91802,JF050191802,5,NC,,datapin_b
JF0501-91802,JF050191802,6,24,24.0,datapin_b
JF0501-91802,JF050191802,7,NC,,datapin_b
JF0501-91802,JF050191802,8,ABL,,datapin_b
JF0501-91802,JF050191802,9,HTR,,datapin_b
JF0501-91802,JF050191802,10,NC,,datapin_b
BCS25-4004U,BCS254004U,1,COL,,datapin_b
BCS25-4004U,BCS254004U,2,H1,,datapin_b
BCS25-4004U,BCS254004U,3,H2,,datapin_b
BCS25-4004U,BCS254004U,4,GND,,datapin_b
BCS25-4004U,BCS254004U,5,NC,,datapin_b
BCS25-4004U,BCS254004U,6,12.5,12.5,datapin_b
BCS25-4004U,BCS254004U,7,B+140,140.0,datapin_b
BCS25-4004U,BCS254004U,8,ABL,,datapin_b
BCS25-4004U,BCS254004U,9,HTR,,datapin_b
BCS25-4004U,BCS254004U,10,AFC,,datapin_b
BCS25-N1603,BCS25N1603,1,COL,,datapin_b
BCS25-N1603,BCS25N1603,2,180,180.0,datapin_b
BCS25-N1603,BCS25N1603,3,B+108,108.0,datapin_b
BCS25-N1603,BCS25N1603,4,GND,,datapin_b
BCS25-N1603,BCS25N1603,5,AFC,,datapin_b
BCS25-N1603,BCS25N1603,6,12.5,12.5,datapin_b
BCS25-N1603,BCS25N1603,7,ABL,,datapin_b
BCS25-N1603,BCS25N1603,8,HTR,,datapin_b
BCS25-N1603,BCS25N1603,9,NP,,datapin_b
BCS25-N1603,BCS25N1603,10,NP,,datapin_b
FCM-21A004,FCM21A004,1,COL,,datapin_b
FCM-21A004,FCM21A004,2,B+110,110.0,datapin_b
FCM-21A004,FCM21A004,3,NC,,datapin_b
FCM-21A004,FCM21A004,4,195,195.0,datapin_b
FCM-21A004,FCM21A004,5,AFC,,datapin_b
FCM-21A004,FCM21A004,6,ABL,,datapin_b
FCM-21A004,FCM21A004,7,GND,,datapin_b
FCM-21A004,FCM21A004,8,14,14.0,datapin_b
FCM-21A004,FCM21A004,9,NC,,datapin_b
FCM-21A004,FCM21A004,10,24,24.0,datapin_b
BSC23-N0121,BSC23N0121,1,COL,,datapin_b
BSC23-N0121,BSC23N0121,2,180,180.0,datapin_b
BSC23-N0121,BSC23N0121,3,B+110,110.0,datapin_b
BSC23-N0121,BSC23N0121,4,GND,,datapin_b
BSC23-N0121,BSC23N0121,5,12,12.0,datapin_b
BSC23-N0121,BSC23N0121,6,26,26.0,datapin_b
BSC23-N0121,BSC23N0121,7,NC,,datapin_b
BSC23-N0121,BSC23N0121,8,ABL,,datapin_b
BSC23-N0121,BSC23N0121,9,HTR,,datapin_b
BSC23-N0121,BSC23N0121,10,AFC,,datapin_b
6174V-6006E,6174V6006E,1,COL,,datapin_b
6174V-6006E,6174V6006E,2,180,180.0,datapin_b
6174V-6006E,6174V6006E,3,B+110,110.0,datapin_b
6174V-6006E,6174V6006E,4,GND,,datapin_b
6174V-6006E,6174V6006E,5,12,12.0,datapin_b
6174V-6006E,6174V6006E,6,26,26.0,datapin_b
6174V-6006E,6174V6006E,7,NC,,datapin_b
6174V-6006E,6174V6006E,8,ABL,,datapin_b
6174V-6006E,6174V6006E,9,HTR,,datapin_b
6174V-6006E,6174V6006E,10,AFC,,datapin_b
6174V-6006H,6174V6006H,1,COL,,datapin_b
6174V-6006H,6174V6006H,2,180,180.0,datapin_b
6174V-6006H,6174V6006H,3,B+110,110.0,datapin_b
6174V-6006H,6174V6006H,4,GND,,datapin_b
6174V-6006H,6174V6006H,5,12,12.0,datapin_b
6174V-6006H,6174V6006H,6,26,26.0,datapin_b
6174V-6006H,6174V6006H,7,NC,,datapin_b
6174V-6006H,6174V6006H,8,ABL,,datapin_b
6174V-6006H,6174V6006H,9,HTR,,datapin_b
6174V-6006H,6174V6006H,10,AFC,,datapin_b
FA137WJZZ,FA137WJZZ,1,COL,,datapin_b
FA137WJZZ,FA137WJZZ,2,B+130,130.0,datapin_b
FA137WJZZ,FA137WJZZ,3,GND,,datapin_b
FA137WJZZ,FA137WJZZ,4,24,24.0,datapin_b
FA137WJZZ,FA137WJZZ,5,NC,,datapin_b
FA137WJZZ,FA137WJZZ,6,AFC,,datapin_b
FA137WJZZ,FA137WJZZ,7,180,180.0,datapin_b
FA137WJZZ,FA137WJZZ,8,GND,,datapin_b
FA137WJZZ,FA137WJZZ,9,HTR,,datapin_b
FA137WJZZ,FA137WJZZ,10,ABL,,datapin_b
BSC25-0217B,BSC250217B,1,COL,,datapin_b
BSC25-0217B,BSC250217B,2,B+130,130.0,datapin_b
BSC25-0217B,BSC250217B,3,GND,,datapin_b
BSC25-0217B,BSC250217B,4,24,24.0,datapin_b
BSC25-0217B,BSC250217B,5,NC,,datapin_b
BSC25-0217B,BSC250217B,6,AFC,,datapin_b
BSC25-0217B,BSC250217B,7,180,180.0,datapin_b
BSC25-0217B,BSC250217B,8,GND,,datapin_b
BSC25-0217B,BSC250217B,9,HTR,,datapin_b
BSC25-0217B,BSC250217B,10,ABL,,datapin_b
L40B9001,L40B9001,1,COL,,datapin_b
L40B9001,L40B9001,2,B+130,130.0,datapin_b
L40B9001,L40B9001,3,NC,,datapin_b
L40B9001,L40B9001,4,AFC,,datapin_b
L40B9001,L40B9001,5,GND,,datapin_b
L40B9001,L40B9001,6,HTR,,datapin_b
L40B9001,L40B9001,7,GND,,datapin_b
L40B9001,L40B9001,8,ABL,,datapin_b
L40B9001,L40B9001,9,NC,,datapin_b
L40B9001,L40B9001,10,180,180.0,datapin_b
L40B05500,L40B05500,1,COL,,datapin_b
L40B05500,L40B05500,2,B+130,130.0,datapin_b
L40B05500,L40B05500,3,NC,,datapin_b
L40B05500,L40B05500,4,AFC,,datapin_b
L40B05500,L40B05500,5,GND,,datapin_b
L40B05500,L40B05500,6,HTR,,datapin_b
L40B05500,L40B05500,7,GND,,datapin_b
L40B05500,L40B05500,8,ABL,,datapin_b
L40B05500,L40B05500,9,NC,,datapin_b
L40B05500,L40B05500,10,180,180.0,datapin_b
FCM14A032,FCM14A032,1,NC,,datapin_b
FCM14A032,FCM14A032,2,NC,,datapin_b
FCM14A032,FCM14A032,3,GND,,datapin_b
FCM14A032,FCM14A032,4,180,180.0,datapin_b
FCM14A032,FCM14A032,5,15,15.0,datapin_b
FCM14A032,FCM14A032,6,HTR,,datapin_b
FCM14A032,FCM14A032,7,24,24.0,datapin_b
FCM14A032,FCM14A032,8,ABL,,datapin_b
FCM14A032,FCM14A032,9,B+110,110.0,datapin_b
FCM14A032,FCM14A032,10,COL,,datapin_b
FCM2015HE,FCM2015HE,1,NC,,datapin_b
FCM2015HE,FCM2015HE,2,NC,,datapin_b
FCM2015HE,FCM2015HE,3,GND,,datapin_b
FCM2015HE,FCM2015HE,4,180,180.0,datapin_b
FCM2015HE,FCM2015HE,5,15,15.0,datapin_b
FCM2015HE,FCM2015HE,6,HTR,,datapin_b
FCM2015HE,FCM2015HE,7,24,24.0,datapin_b
FCM2015HE,FCM2015HE,8,ABL,,datapin_b
FCM2015HE,FCM2015HE,9,B+110,110.0,datapin_b
FCM2015HE,FCM2015HE,10,COL,,datapin_b
FCK14A006,FCK14A006,1,NC,,datapin_b
FCK14A006,FCK14A006,2,NC,,datapin_b
FCK14A006,FCK14A006,3,GND,,datapin_b
FCK14A006,FCK14A006,4,180,180.0,datapin_b
FCK14A006,FCK14A006,5,15,15.0,datapin_b
FCK14A006,FCK14A006,6,HTR,,datapin_b
FCK14A006,FCK14A006,7,24,24.0,datapin_b
FCK14A006,FCK14A006,8,ABL,,datapin_b
FCK14A006,FCK14A006,9,B+110,110.0,datapin_b
FCK14A006,FCK14A006,10,COL,,datapin_b
JF0501-1206,JF05011206,1,COL,,datapin_b
JF0501-1206,JF05011206,2,B+115,115.0,datapin_b
JF0501-1206,JF05011206,3,180,180.0,datapin_b
JF0501-1206,JF05011206,4,16,16.0,datapin_b
JF0501-1206,JF05011206,5,24,24.0,datapin_b
JF0501-1206,JF05011206,6,HTR,,datapin_b
JF0501-1206,JF05011206,7,GND,,datapin_b
JF0501-1206,JF05011206,8,ABL,,datapin_b
JF0501-1206,JF05011206,9,AFC,,datapin_b
JF0501-1206,JF05011206,10,NC,,datapin_b
FSA16012M,FSA16012M,1,COL,,datapin_b
FSA16012M,FSA16012M,2,B+103,103.0,datapin_b
FSA16012M,FSA16012M,3,AFC,,datapin_b
FSA16012M,FSA16012M,4,BOST-UP,,datapin_b
FSA16012M,FSA16012M,5,16,16.0,datapin_b
FSA16012M,FSA16012M,6,24,24.0,datapin_b
FSA16012M,FSA16012M,7,ABL,,datapin_b
FSA16012M,FSA16012M,8,GND,,datapin_b
FSA16012M,FSA16012M,9,180,180.0,datapin_b
FSA16012M,FSA16012M,10,HTR,,datapin_b
DCF-1577,DCF1577,1,COL,,datapin_b
DCF-1577,DCF1577,2,B+103,103.0,datapin_b
DCF-1577,DCF1577,3,AFC,,datapin_b
DCF-1577,DCF1577,4,BOST-UP,,datapin_b
DCF-1577,DCF1577,5,16,16.0,datapin_b
DCF-1577,DCF1577,6,24,24.0,datapin_b
DCF-1577,DCF1577,7,ABL,,datapin_b
DCF-1577,DCF1577,8,GND,,datapin_b
DCF-1577,DCF1577,9,180,180.0,datapin_b
DCF-1577,DCF1577,10,HTR,,datapin_b
DCF-2077A,DCF2077A,1,COL,,datapin_b
DCF-2077A,DCF2077A,2,B+103,103.0,datapin_b
DCF-2077A,DCF2077A,3,AFC,,datapin_b
DCF-2077A,DCF2077A,4,BOST-UP,,datapin_b
DCF-2077A,DCF2077A,5,16,16.0,datapin_b
DCF-2077A,DCF2077A,6,24,24.0,datapin_b
DCF-2077A,DCF2077A,7,ABL,,datapin_b
DCF-2077A,DCF2077A,8,GND,,datapin_b
DCF-2077A,DCF2077A,9,180,180.0,datapin_b
DCF-2077A,DCF2077A,10,HTR,,datapin_b
DCF-2077D,DCF2077D,1,COL,,datapin_b
DCF-2077D,DCF2077D,2,B+103,103.0,datapin_b
DCF-2077D,DCF2077D,3,AFC,,datapin_b
DCF-2077D,DCF2077D,4,BOST-UP,,datapin_b
DCF-2077D,DCF2077D,5,16,16.0,datapin_b
DCF-2077D,DCF2077D,6,24,24.0,datapin_b
DCF-2077D,DCF2077D,7,ABL,,datapin_b
DCF-2077D,DCF2077D,8,GND,,datapin_b
DCF-2077D,DCF2077D,9,180,180.0,datapin_b
DCF-2077D,DCF2077D,10,HTR,,datapin_b
F0141PE-M,F0141PEM,1,COL,,datapin_b
F0141PE-M,F0141PEM,2,B+115,115.0,datapin_b
F0141PE-M,F0141PEM,3,GND,,datapin_b
F0141PE-M,F0141PEM,4,24,24.0,datapin_b
F0141PE-M,F0141PEM,5,12,12.0,datapin_b
F0141PE-M,F0141PEM,6,AFC,,datapin_b
F0141PE-M,F0141PEM,7,180,180.0,datapin_b
F0141PE-M,F0141PEM,8,GND,,datapin_b
F0141PE-M,F0141PEM,9,HTR,,datapin_b
F0141PE-M,F0141PEM,10,ABL,,datapin_b
FCK-14B047,FCK14B047,1,HC,,datapin_b
FCK-14B047,FCK14B047,2,180,180.0,datapin_b
FCK-14B047,FCK14B047,3,B+110,110.0,datapin_b
FCK-14B047,FCK14B047,4,GND,,datapin_b
FCK-14B047,FCK14B047,5,12,12.0,datapin_b
FCK-14B047,FCK14B047,6,24,24.0,datapin_b
FCK-14B047,FCK14B047,7,40,40.0,datapin_b
FCK-14B047,FCK14B047,8,ABL,,datapin_b
FCK-14B047,FCK14B047,9,HTR,,datapin_b
FCK-14B047,FCK14B047,10,AFC,,datapin_b
TFB4122BD,TFB4122BD,1,COL,,datapin_b
TFB4122BD,TFB4122BD,2,B+115,115.0,datapin_b
TFB4122BD,TFB4122BD,3,185,185.0,datapin_b
TFB4122BD,TFB4122BD,4,GND,,datapin_b
TFB4122BD,TFB4122BD,5,NC,,datapin_b
TFB4122BD,TFB4122BD,6,26,26.0,datapin_b
TFB4122BD,TFB4122BD,7,12,12.0,datapin_b
TFB4122BD,TFB4122BD,8,ABL,,datapin_b
TFB4122BD,TFB4122BD,9,HTR,,datapin_b
TFB4122BD,TFB4122BD,10,AFT,,datapin_b
2435521,2435521,1,COL,,datapin_b
2435521,2435521,2,GND,,datapin_b
2435521,2435521,3,25,25.0,datapin_b
2435521,2435521,4,200,200.0,datapin_b
2435521,2435521,5,B+110,110.0,datapin_b
2435521,2435521,6,HTR,,datapin_b
2435521,2435521,7,ABL,,datapin_b
2435521,2435521,8,14,14.0,datapin_b
2435521,2435521,9,NC,,datapin_b
2435521,2435521,10,NC,,datapin_b
BSC25-N3604,BSC25N3604,1,COL,,datapin_b
BSC25-N3604,BSC25N3604,2,B+110,110.0,datapin_b
BSC25-N3604,BSC25N3604,3,NC,,datapin_b
BSC25-N3604,BSC25N3604,4,AFC,,datapin_b
BSC25-N3604,BSC25N3604,5,GND,,datapin_b
BSC25-N3604,BSC25N3604,6,HTR,,datapin_b
BSC25-N3604,BSC25N3604,7,ABL,,datapin_b
BSC25-N3604,BSC25N3604,8,NP,,datapin_b
BSC25-N3604,BSC25N3604,9,H1,,datapin_b
BSC25-N3604,BSC25N3604,10,H2,,datapin_b
TLF4G503F,TLF4G503F,1,COL,,datapin_b
TLF4G503F,TLF4G503F,2,B+90,90.0,datapin_b
TLF4G503F,TLF4G503F,3,NC,,datapin_b
TLF4G503F,TLF4G503F,4,24,24.0,datapin_b
TLF4G503F,TLF4G503F,5,HTR,,datapin_b
TLF4G503F,TLF4G503F,6,185,185.0,datapin_b
TLF4G503F,TLF4G503F,7,GND,,datapin_b
TLF4G503F,TLF4G503F,8,AFC,,datapin_b
TLF4G503F,TLF4G503F,9,16,16.0,datapin_b
TLF4G503F,TLF4G503F,10,ABL,,datapin_b
TLF4N052,TLF4N052,1,COL,,datapin_b
TLF4N052,TLF4N052,2,B+90,90.0,datapin_b
TLF4N052,TLF4N052,3,NC,,datapin_b
TLF4N052,TLF4N052,4,24,24.0,datapin_b
TLF4N052,TLF4N052,5,HTR,,datapin_b
TLF4N052,TLF4N052,6,180,180.0,datapin_b
TLF4N052,TLF4N052,7,GND,,datapin_b
TLF4N052,TLF4N052,8,AFC,,datapin_b
TLF4N052,TLF4N052,9,16,16.0,datapin_b
TLF4N052,TLF4N052,10,ABL,,datapin_b
F02299PE-B,F02299PEB,1,COL,,datapin_b
F02299PE-B,F02299PEB,2,B+110,110.0,datapin_b
F02299PE-B,F02299PEB,3,GND,,datapin_b
F02299PE-B,F02299PEB,4,NC,,datapin_b
F02299PE-B,F02299PEB,5,24,24.0,datapin_b
F02299PE-B,F02299PEB,6,AFC,,datapin_b
F02299PE-B,F02299PEB,7,180,180.0,datapin_b
F02299PE-B,F02299PEB,8,GND,,datapin_b
F02299PE-B,F02299PEB,9,HTR,,datapin_b
F02299PE-B,F02299PEB,10,ABL,,datapin_b
F0102KM,F0102KM,1,COL,,datapin_b
F0102KM,F0102KM,2,B+115,115.0,datapin_b
F0102KM,F0102KM,3,GND,,datapin_b
F0102KM,F0102KM,4,24,24.0,datapin_b
F0102KM,F0102KM,5,12,12.0,datapin_b
F0102KM,F0102KM,6,AFC,,datapin_b
F0102KM,F0102KM,7,180,180.0,datapin_b
F0102KM,F0102KM,8,GND,,datapin_b
F0102KM,F0102KM,9,HTR,,datapin_b
F0102KM,F0102KM,10,ABL,,datapin_b
F0101KM-SA,F0101KMSA,1,COL,,datapin_b
F0101KM-SA,F0101KMSA,2,B+115,115.0,datapin_b
F0101KM-SA,F0101KMSA,3,GND,,datapin_b
F0101KM-SA,F0101KMSA,4,24,24.0,datapin_b
F0101KM-SA,F0101KMSA,5,12,12.0,datapin_b
F0101KM-SA,F0101KMSA,6,AFC,,datapin_b
F0101KM-SA,F0101KMSA,7,180,180.0,datapin_b
F0101KM-SA,F0101KMSA,8,GND,,datapin_b
F0101KM-SA,F0101KMSA,9,HTR,,datapin_b
F0101KM-SA,F0101KMSA,10,ABL,,datapin_b
BSC24-08B,BSC2408B,1,COL,,datapin_b
BSC24-08B,BSC2408B,2,B+110,110.0,datapin_b
BSC24-08B,BSC2408B,3,NC,,datapin_b
BSC24-08B,BSC2408B,4,AFC,,datapin_b
BSC24-08B,BSC2408B,5,GND,,datapin_b
BSC24-08B,BSC2408B,6,HTR,,datapin_b
BSC24-08B,BSC2408B,7,ABL,,datapin_b
BSC24-08B,BSC2408B,8,NP,,datapin_b
BSC24-08B,BSC2408B,9,NC,,datapin_b
BSC24-08B,BSC2408B,10,NP,,datapin_b
BSC25-Z601F,BSC25Z601F,1,COL,,datapin_b
BSC25-Z601F,BSC25Z601F,2,B+110,110.0,datapin_b
BSC25-Z601F,BSC25Z601F,3,NC,,datapin_b
BSC25-Z601F,BSC25Z601F,4,AFC,,datapin_b
BSC25-Z601F,BSC25Z601F,5,GND,,datapin_b
BSC25-Z601F,BSC25Z601F,6,HTR,,datapin_b
BSC25-Z601F,BSC25Z601F,7,ABL,,datapin_b
BSC25-Z601F,BSC25Z601F,8,NP,,datapin_b
BSC25-Z601F,BSC25Z601F,9,NC,,datapin_b
BSC25-Z601F,BSC25Z601F,10,NP,,datapin_b
BSC25-N1617,BSC25N1617,1,COL,,datapin_b
BSC25-N1617,BSC25N1617,2,B+110,110.0,datapin_b
BSC25-N1617,BSC25N1617,3,NC,,datapin_b
BSC25-N1617,BSC25N1617,4,AFC,,datapin_b
BSC25-N1617,BSC25N1617,5,GND,,datapin_b
BSC25-N1617,BSC25N1617,6,HTR,,datapin_b
BSC25-N1617,BSC25N1617,7,ABL,,datapin_b
BSC25-N1617,BSC25N1617,8,NP,,datapin_b
BSC25-N1617,BSC25N1617,9,NC,,datapin_b
BSC25-N1617,BSC25N1617,10,NP,,datapin_b
FSV-14A004C,FSV14A004C,1,16.5,16.5,datapin_b
FSV-14A004C,FSV14A004C,2,NC,,datapin_b
FSV-14A004C,FSV14A004C,3,HTR,,datapin_b
FSV-14A004C,FSV14A004C,4,-16.5,16.5,datapin_b
FSV-14A004C,FSV14A004C,5,185,185.0,datapin_b
FSV-14A004C,FSV14A004C,6,GND,,datapin_b
FSV-14A004C,FSV14A004C,7,NC,,datapin_b
FSV-14A004C,FSV14A004C,8,ABL,,datapin_b
FSV-14A004C,FSV14A004C,9,B+125,125.0,datapin_b
FSV-14A004C,FSV14A004C,10,COL,,datapin_b
FSV20A099,FSV20A099,1,15,15.0,datapin_b
FSV20A099,FSV20A099,2,24,24.0,datapin_b
FSV20A099,FSV20A099,3,HTR,,datapin_b
FSV20A099,FSV20A099,4,45,45.0,datapin_b
FSV20A099,FSV20A099,5,180,180.0,datapin_b
FSV20A099,FSV20A099,6,GND,,datapin_b
FSV20A099,FSV20A099,7,NC,,datapin_b
FSV20A099,FSV20A099,8,ABL,,datapin_b
FSV20A099,FSV20A099,9,B+125,125.0,datapin_b
FSV20A099,FSV20A099,10,COL,,datapin_b
F0147PE-M,F0147PEM,1,COL,,datapin_b
F0147PE-M,F0147PEM,2,B+115,115.0,datapin_b
F0147PE-M,F0147PEM,3,GND,,datapin_b
F0147PE-M,F0147PEM,4,24,24.0,datapin_b
F0147PE-M,F0147PEM,5,12,12.0,datapin_b
F0147PE-M,F0147PEM,6,AFC,,datapin_b
F0147PE-M,F0147PEM,7,180,180.0,datapin_b
F0147PE-M,F0147PEM,8,GND,,datapin_b
F0147PE-M,F0147PEM,9,HTR,,datapin_b
F0147PE-M,F0147PEM,10,ABL,,datapin_b
FOK14A001,FOK14A001,1,16.5,16.5,datapin_b
FOK14A001,FOK14A001,2,NC,,datapin_b
FOK14A001,FOK14A001,3,HTR,,datapin_b
FOK14A001,FOK14A001,4,-16.5,16.5,datapin_b
FOK14A001,FOK14A001,5,200,200.0,datapin_b
FOK14A001,FOK14A001,6,GND,,datapin_b
FOK14A001,FOK14A001,7,NC,,datapin_b
FOK14A001,FOK14A001,8,ABL,,datapin_b
FOK14A001,FOK14A001,9,B+130,130.0,datapin_b
FOK14A001,FOK14A001,10,COL,,datapin_b
154-177B,154177B,1,COL,,datapin_b
154-177B,154177B,2,180,180.0,datapin_b
154-177B,154177B,3,B+110,110.0,datapin_b
154-177B,154177B,4,GND,,datapin_b
154-177B,154177B,5,12,12.0,datapin_b
154-177B,154177B,6,24,24.0,datapin_b
154-177B,154177B,7,40,40.0,datapin_b
154-177B,154177B,8,ABL,,datapin_b
154-177B,154177B,9,HTR,,datapin_b
154-177B,154177B,10,AFC,,datapin_b
TLF15644F1,TLF15644F1,1,COL,,datapin_b
TLF15644F1,TLF15644F1,2,B+90,90.0,datapin_b
TLF15644F1,TLF15644F1,3,NC,,datapin_b
TLF15644F1,TLF15644F1,4,24,24.0,datapin_b
TLF15644F1,TLF15644F1,5,HTR,,datapin_b
TLF15644F1,TLF15644F1,6,185,185.0,datapin_b
TLF15644F1,TLF15644F1,7,GND,,datapin_b
TLF15644F1,TLF15644F1,8,GND,,datapin_b
TLF15644F1,TLF15644F1,9,16,16.0,datapin_b
TLF15644F1,TLF15644F1,10,ABL,,datapin_b
