oem,hr,fk,offset
0-2223-074,HR 7325,43267,899245
0-2223-075,HR 7322,42755,899284
0-2223-076,HR 7323,43267,899323
0-2223-077,HR 7324,43779,899362
0-2223-078,HR 7326,44547,899401
0-2223-081,HR 7327,43267,899440
0-2223-083,HR 7323,42755,899479
0-2223-091,HR 8066,43779,899518
0.001,HR 2460,42242,889362
0.002,HR 2169,44034,889396
0.003,HR 5163,43522,889430
0.004,HR 2450,42754,889464
0.005,HR 2461,43522,889498
0.007,HR 1621,43266,889532
0.009,HR 2053,43778,889566
0.01,HR 6024,29954,889600
0.010,HR 1177,43266,889633
0.0105,HR 6004,55298,889667
0.0107,HR 7097,59138,889702
0.012,HR 2440,42242,889737
0.013,HR 2080/15,15107,889771
0.014,HR 1153,42754,889808
0.016,HR 3509,45058,890929
0.017,HR 2151,43266,890963
0.018,HR 2080/10,15107,890997
0.019,HR 2041,43266,891034
0.020,HR 2114,41474,891068
0.022,HR 1120,40962,891102
0.023,HR 2045,43010,891136
0.024,HR 2121,41986,891170
0.026,HR 2063/00,14851,891204
0.027,HR 3601,43778,891241
0.029,HR 3583,46594,891275
0.031,HR 3504,43010,891309
0.032,HR 1123,41986,891343
0.034,HR 3120,42242,891377
0.036,HR 3507,45058,891411
0.037,HR 3520,44034,891445
0.039,HR 3612,45058,891479
0.040,HR 51/01,53762,891513
0.042,HR 2063/03,15107,891548
0.048,HR 3511,44546,891585
0.052,HR 2141,42754,891619
0.057,HR 2080/20,16131,891653
0.059,HR 5505,46338,891690
0.060,HR 2080/00,14083,891724
0.062,HR 1160,43010,891761
0.063,HR 3578,47106,891795
0.064,HR 5126,45058,891829
0.067,HR 3602,45058,891863
0.071,HR 2161,43522,894008
0.073,HR 1165,44802,894042
0.074,HR 2013,43266,894076
0.075,HR 1117,44546,894110
0.076,HR 2031/22,15875,894144
0.077,HR 3505,45826,894181
0.079,HR 3604,46338,894215
0.081,HR 2051,43266,894249
0.082,HR 2082,44546,894283
0.083,HR 1161,44034,894317
0.085,HR 3503,45058,894351
0.087,HR 3690,47362,894385
0.088,HR 1197,47618,894419
0.090,HR 2063/02,15619,894453
0.091,HR 2050,43266,894490
0.093,HR 3501,44290,894524
0.094,HR 3611,45058,894558
0.097,HR 3610,45570,894592
0.101,HR 2011,40450,894626
0.102,HR 2014,41474,894660
0.106,HR 2017,43266,894694
0.109,HR 1100,41986,894728
0.110,HR 2080/06,14595,894762
0.116,HR 3505,44290,894799
0.122,HR 2115,42498,894833
0.125,HR 2143,43522,894867
0.127,HR 5525,45826,894901
0.132,HR 2171,43266,894935
0.134,HR 2110,41986,897080
0.137,HR 2445,45570,897114
0.138,HR 3202,43778,897148
0.139,HR 3682,47106,897182
0.140,HR 2181,43266,897216
0.141,HR 3508,44546,897250
0.144,HR 3519,45826,897284
0.145,HR 3534,45314,897318
0.146,HR 2152,44290,897352
0.148,HR 3530,45058,897386
0.149,HR 3512,45314,897420
0.151,HR 2458,45570,897454
0.155,HR 3515,45314,897488
0.159,HR 2070,45058,897522
0.160,HR 1121,41986,897556
0.162,HR 3502,43778,897590
0.164,HR 2175,45570,897624
0.165,HR 1152,44290,897658
0.166,HR 3658,47874,897692
0.169,HR 1101,43778,897726
0.172,HR 1150,43266,897760
0.173,HR 3613,45058,897794
0.174,HR 1162,44546,897828
0.175,HR 1122,43778,897862
0.183,HR 3518,46338,897896
0.184,HR 6018,46082,897930
0.186,HR 7020,45058,897964
0.192,HR 3516,45826,897998
0.202,HR 3535,44034,899109
0.205,HR 1629,45314,899143
0.216,HR 6310,43778,899177
0.277,HR 3652,47106,899211
00 218,HR 2110,51458,905403
00 619 6,HR 7344,12803,905438
00 D-3-508-001,HR 7453,26884,899557
00 D-3-508-002,HR 7453,27140,899600
00 D-3-508-003,HR 7478,29188,899643
00 D-3-515-001 PL1,HR 7478,23301,899686
00 D-4-198-001,HR 6276,28932,899733
00 D-4-198-003,HR 6071,27652,899776
00 D-4-208-001,HR 6128,25860,899819
00 D-4-208-002,HR 6128,26116,899862
00 D-4-235-002,HR 7082,26116,899905
00 D-4-235-002 01G,HR 7165,12293,899995
00 D-4-235-002 01G1,HR 7165,24837,900042
00 D-4-235-002 HT1,HR 7165,21765,899948
00 D-4-247-001 HT1,HR 7151,20997,903234
00 D-4-260-004 HT1,HR 7453,21765,903281
00 H 07012400,HR 6067,13060,903328
00 H 07012500,HR 7361,12804,903370
00 H 07013100,HR 6032,10500,903412
00 H 07013500,HR 6159,14084,903454
00 H 07013600,HR 6175,13828,903496
00 H 07014500,HR 5805,13572,903538
00 H 07014600,HR 5807,14340,903580
00 H 07015000,HR 5803,12036,903622
00 H 07015600,HR 2064,12548,903664
00 H 07015700,HR 5804,14084,903706
00 H 07015800,HR 5802,13828,903748
00 H 07017200,HR 7713,13572,903790
00 H 07018100,HR 7208,13316,903832
00 H 07018300,HR 7359,15620,903874
00 H 07018900,HR 7228,15876,903916
00 H-0-701-2400,HR 6067,39428,903958
00 H-0-701-3100,HR 6032,36868,904002
00 H-0-701-3500,HR 6159,40452,904046
00 H-0-701-3600,HR 6175,40196,904090
00 H-0-701-5600,HR 2064,38916,904134
00 J 02051900,HRT 209,21508,905275
00 J-2-051-900,HRT 209,35588,905317
00 X-6-714-001,HR 7453,32516,905360
000 003 013,HR 3013,43011,908475
000 003 016,HR 3016,44547,908515
000 003 044,HR 3044,45059,908555
000 003 054,HR 3054,45571,908595
000 003 085,HR 3085,47619,908635
000 003 125,HR 3125,45059,908675
000 697 789,HR 6132,54275,908715
000 697 801,HR 6115,50691,908755
000 TX 3125,HR 3125,64515,908435
0000.0100,HR 6024,25859,908795
0000.0101,HR 6035,26627,908833
0000.0103,HR 6036,27395,908871
0000.0105,HR 6004,26627,908909
0000.0106,HR 6020,26371,908947
0000.0107,HR 7097,30467,908985
0000.0108,HR 7006,28163,909023
0000.0109,HR 6195,30467,909061
0000.0123,HR 6024,27139,909099
00002971000,HR 6657,58627,909137
0000872,HR 7442,7171,909177
001 150 09,HRT 227 BP,23300,909213
001 280 7,HR 6468,25603,909255
001 899 4,HR 7398,29699,911397
001-214001-04,HR 7457,14340,911435
001-214002-05,HR 7457,14852,911477
001-214190-10,HR 8605,14852,911519
001-214192-10,HR 8517,15876,911561
001-214211-10,HR 8538,14596,911603
001-220002-04,HR 7900,12036,911645
001-220004-03,HR 7900,12292,911687
001-220027-07,HR 7438,16132,911729
001-330003-94,HR 7503,14852,911771
0010087,HR 7839,9475,911813
00162331,HR 9828,21763,911849
0018994,HR 7398,13315,911886
002 241 8,HR 7452,23811,911922
002 651 0146,HR 6396,64259,911960
002 651 0185,HR 7050,61955,912001
002 651 0264,HR 6376,64003,912042
002 651 0314,HR 6610,60675,912083
002 651 0325,HR 6377,63747,912124
002 651 0337,HR 8050,61955,912165
002 651 0367,HR 7812,64003,912206
002 651 0389,HR 7847,1540,912247
002 651 0395,HR 7753,65283,912288
002 651 0401,HR 7761,61955,912329
002 651 0449,HR 7846,516,913464
002 651 0456,HR 7760,64259,913505
002 651 0461,HR 7626,63491,913546
002 651 0481,HR 7851,64003,913587
002 651 0484,HR 7759,1028,913628
002 651 0498,HR 7861,772,913669
002 651 0500,HR 7855,62979,913710
002 651 0501,HR 7807,62467,913751
002 651 0523,HR 7748,64515,913792
002 651 0526,HR 7773,64771,913833
002 651 0533,HR 7763,64003,913874
002 651 0571,HR 7675,65027,913915
002 651 0599,HR 7732,516,913956
002 651 0647,HR 8217,64259,913997
002 651 10571,HR 7675,12036,914038
002 775 5,HR 7520,25091,914080
002010210,HR 9663,30723,914118
002010221,HR 9616,30723,914156
002020401,HR 9543,30723,914194
002050101,HR 9543,30723,914232
00218,HR 2110,43266,914270
002190103,HR 9555,33283,914304
002190105,HR 9555,33795,914342
002190111,HR 9566,33539,914380
002190118,HR 9828,35587,917557
002190130,HR 9828,34051,917595
002220101,HR 9104,28675,917633
003 039 5,HR 7353,24579,917671
003 101 102,HR 7647,1796,917709
003 169 2,HR 6170,23811,917750
003006006,HR 6060,29955,917788
003011101,HR 6300,27139,917826
003011102,HR 6302,27907,917864
003011110,HR 6304,28163,917902
003011111,HR 6301,27651,917940
003011112,HR 6301,27907,917978
003011113,HR 6303,28675,918016
003021001,HR 7787,32259,918054
003021002,HR 8078,30979,918092
003021003,HR 6385,30979,918130
003021004,HR 7004,28419,918168
003021005,HR 7140,28931,918206
003021101,HR 7239,30467,918244
003021103,HR 6178,31235,918282
003021106,HR 6310,28931,918320
003021108,HR 7218,31491,918358
003021109,HR 7140,30211,918396
003021111,HR 7263,29955,918434
003021112,HR 7018,29699,918472
003021115,HR 7386,32515,921649
003031001,HR 7065,29699,921687
003031002,HR 7032,28419,921725
003031003,HR 7126,29699,921763
003031004,HR 7127,30211,921801
003031005,HR 7242,29955,921839
003031006,HR 7217,30723,921877
003031008,HR 7094,32003,921915
003031009,HR 7105,30467,921953
003031010,HR 8080,29187,921991
003031011,HR 7175,30467,922029
003031012,HR 7135,29699,922067
003031013,HR 7112,28675,922105
003031101,HR 7026,29187,922143
003031102,HR 7047,30211,922181
003031103,HR 7668,32771,922219
003031104,HR 8185,31747,922257
003031105,HR 7040,29187,922295
003031106,HR 7127,30979,922333
003031107,HR 7128,31491,922371
003031108,HR 7145,31491,922409
003031109,HR 7500,30467,922447
003031110,HR 7203,28419,922485
003031111,HR 7114,28931,922523
003031112,HR 7113,28931,922561
003031120,HR 7196,31491,923685
003040001,HR 6009,28931,923723
003040102,HR 6170,29187,923761
003040104,HR 6120,28419,923799
003040106,HR 6067,31491,923837
003041001,HR 6465,30723,923875
003041002,HR 6119,29955,923913
003041003,HR 6200,27907,923951
003041004,HR 6169,31747,923989
003041005,HR 6043,29699,924027
003041101,HR 6250,28931,924065
003041102,HR 6656,31747,924103
003041103,HR 6021,28419,924141
003041104,HR 6036,30211,924179
003041107,HR 6203,29955,924217
003041108,HR 6100,29187,924255
003041109,HR 7063,31747,924293
003041110,HR 6063,29443,924331
003041120,HR 7068,31235,924369
003050101,HR 6321,28675,924407
003050102,HR 6320,28675,924445
003050103,HR 6323,29699,924483
003050104,HR 6324,30211,924521
003050105,HR 6322,29955,924559
003050106,HR 6310,29443,924597
003050107,HR 6312,30211,924635
003060001,HR 6062,29187,926750
003060002,HR 6009,29699,926788
003060003,HR 6003,28419,926826
003060004,HR 6089,32259,926864
003060005,HR 6149,31747,926902
003060006,HR 6060,29955,926940
003060007,HR 6032,29955,926978
003060101,HR 6005,28675,927016
003060102,HR 6057,30723,927054
003060103,HR 6157,31235,927092
003060104,HR 6113,29443,927130
003060105,HR 6284,32003,927168
003060106,HR 6182,31491,927206
003060108,HR 6160,30979,927244
003060109,HR 6150,30979,927282
003061002,HR 6009,29955,927320
003071001,HR 7545,31491,927358
003071002,HR 7522,30467,927396
003071003,HR 7522,30723,927434
003071004,HR 7505,31235,927472
003071005,HR 7522,31235,927510
003071006,HR 8352,32003,927548
003071007,HR 7522,31747,927586
003071008,HR 7537,33539,927624
003071009,HR 7589,35587,927662
003071010,HR 7566,32259,927700
003071019,HR 7578,35331,929853
003071020,HR 7503,30211,929891
003071021,HR 7871,32515,929929
003071023,HR 7527,32515,929967
003071024,HR 7583,33283,930005
003071026,HR 7533,52227,930043
003071027,HR 7537,33795,930082
003071028,HR 7254,33027,930120
003071029,HR 7506,52995,930158
003071030,HR 7577,33283,930197
003071032,HR 7594,33539,930235
003071033,HR 7471,32259,930273
003071036,HR 7583,34051,930311
003071040,HR 7559,33539,930349
003071041,HR 7531,31235,930387
003071042,HR 7591,33027,930425
003071043,HR 8041,30979,930463
003071044,HR 8035,32003,930501
003071045,HR 8226,32771,930539
003071046,HR 7384,34051,930577
003071049,HR 7574,35075,930615
003071050,HR 7589,34563,930653
003071051,HR 7877,34819,930691
003071052,HR 7877,35075,930729
003071053,HR 7291,32771,930767
003071056,HR 8600,32259,932920
003071057,HR 7511,32515,932958
003071058,HR 7919,35843,932996
003071059,HR 8122,32771,933034
003071066,HR 8041,32259,933072
003071068,HR 8122,32771,933110
003071069,HR 8597,37123,933148
003071075,HR 6573,34307,933186
003071076,HR 8122,32515,933224
003071078,HR 8030,32515,933262
003071082,HR 8008,32515,933300
003071083,HR 8051,32259,933338
003071084,HR 8030,31747,933376
003072001,HR 7522,30467,933414
003080005,HR 5705,31491,933452
003081001,HR 7451,30723,933490
003081002,HR 6057,31235,933528
003081006,HR 7452,32259,933566
003081009,HR 8349,34563,933604
003081010,HR 7455,31747,933642
003081011,HR 7457,32515,933680
003081013,HR 8350,31235,933718
003081014,HR 7433,31747,933756
003081015,HR 7782,33795,933794
003081018,HR 7604,32771,933832
003081028,HR 7488,35587,935985
003081032,HR 7601,30979,936023
003081033,HR 7671,33027,936061
003081044,HR 7608,33539,936099
003081046,HR 7608,34051,936137
003090101,HR 42019,62723,936175
003101102,HR 7647,50947,936215
003101113,HR 46145,62723,936254
003130001,HR 5705,29443,936294
003130002,HR 5711,28931,936332
003130003,HR 5707,30467,936370
003130004,HR 5719,31491,936408
003130005,HR 5705,30467,936446
003141003,HR 7484,32003,936484
003141004,HR 7666,32771,936522
003141005,HR 7483,32259,936560
003141006,HR 7439,32771,936598
003141007,HR 7459,33539,936636
003141008,HR 8190,32003,936674
003141010,HR 7777,32771,936712
003141012,HR 7432,30211,936750
003141013,HR 7644,31747,936788
003141014,HR 8351,30979,936826
003141015,HR 7437,32259,936864
003141016,HR 7483,32771,936902
003141017,HR 7434,32003,939045
003141018,HR 7473,33027,939083
003141019,HR 8087,33795,939121
003141021,HR 7669,33283,939159
003141022,HR 7796,33795,939197
003141023,HR 7434,31235,939235
003141027,HR 7918,34051,939273
003141032,HR 7971,32771,939311
003141034,HR 7971,33283,939349
003141037,HR 7971,34051,939387
003141038,HR 8397,35075,939425
003141042,HR 7694,33539,939463
003141049,HR 8397,35587,939501
003141051,HR 8466,33027,939539
003141063,HR 8600,31235,939577
003141064,HR 8124,31747,939615
003141067,HR 7484,34563,939653
003141068,HR 7906,34563,939691
003141070,HR 7762,32771,939729
003150001,HR 6018,29443,939767
003150101,HR 6097,31491,939805
003151101,HR 6018,29955,939843
003160101,HR 6501,29187,939881
003160102,HR 6500,29187,939919
003160103,HR 6502,29955,939957
003169200,HR 6170,32003,939995
003171102,HR 46045,63747,941086
003171103,HR 46056,64515,941126
003181001,HR 7751,31747,941166
003181104,HR 7495,53763,941204
003191001,HR 7716,32259,941243
003191002,HR 7719,33283,941281
003201001,HR 7605,29443,941319
003201002,HR 7618,30723,941357
003201004,HR 7477,32003,941395
003201005,HR 7443,30467,941433
003201006,HR 7491,31491,941471
003201007,HR 7929,33283,941509
003201008,HR 7728,32771,941547
003201009,HR 7840,31747,941585
003201011,HR 7731,29699,941623
003201012,HR 7728,31491,941661
003201013,HR 7471,30467,941699
003201014,HR 7737,32003,941737
003201016,HR 7630,30467,941775
003201017,HR 8207,30979,941813
003201018,HR 7898,35075,941851
00320106,HR 7630,17923,941889
003211001,HR 7239,30467,941926
003220101,HR 6305,28931,941964
003220102,HR 6307,29699,942002
003220104,HR 6309,30723,942040
003220105,HR 6316,7168,945179
003220107,HR 6319,31747,945217
003220108,HR 6306,30979,945255
003220109,HR 6349,52739,945293
003220110,HR 6328,49923,945332
003251001,HR 7468,32515,945371
003251002,HR 7736,32259,945409
003251003,HR 7456,32259,945447
003251007,HR 7627,33283,945485
003261001,HR 7460,30723,945523
003261002,HR 8357,32515,945561
003261003,HR 7462,31747,945599
003281001,HR 8356,32515,945637
003281002,HR 7679,34563,945675
003281009,HR 8205,32771,945713
003301001,HR 7004,27907,945751
003301002,HR 7026,29187,945789
003301003,HR 7156,30467,945827
003301004,HR 7035,29699,945865
003301005,HR 7041,29187,945903
003301015,HR 7472,31491,945941
003301016,HR 7032,29699,945979
003301019,HR 7668,34307,946017
003301021,HR 7094,30723,946055
003301023,HR 7299,33027,946093
003301024,HR 7787,33795,946131
003310101,HR 7214,28931,947260
003310102,HR 7230,28675,947298
003310103,HR 7253,30211,947336
003310104,HR 7253,30467,947374
003310105,HR 7225,30467,947412
003310106,HR 7353,31235,947450
003310107,HR 8074,31747,947488
003310108,HR 7253,31491,947526
003310109,HR 7230,30467,947564
003310110,HR 7231,28675,947602
003310111,HR 7224,29443,947640
003310112,HR 8066,30979,947678
003310113,HR 7224,29955,947716
003311001,HR 7229,30467,947754
003311002,HR 7228,30467,947792
003311003,HR 7127,30211,947830
003311004,HR 7195,31747,947868
003311005,HR 7269,32515,947906
003311007,HR 7578,33795,947944
003311008,HR 7566,33283,947982
003311101,HR 7128,30211,948020
003311102,HR 7344,30467,948058
003311103,HR 8077,31747,948096
003311104,HR 7140,29443,948134
003311106,HR 7131,29955,948172
003311108,HR 7223,30979,950325
003311110,HR 7218,30211,950363
003311114,HR 7397,33283,950401
003311115,HR 7378,33283,950439
003311116,HR 7378,33539,950477
003311117,HR 8157,32771,950515
003311118,HR 7227,32259,950553
003311119,HR 7218,32515,950591
003311122,HR 7287,32515,950629
003311124,HR 8007,30723,950667
003311125,HR 7351,31235,950705
003311126,HR 8055,32003,950743
003311127,HR 8165,32771,950781
003311128,HR 8376,34051,950819
003311129,HR 7376,34051,950857
003311130,HR 7394,32003,950895
003311134,HR 8006,30723,950933
003311136,HR 7295,33539,950971
003311139,HR 8010,30723,951009
003311151,HR 8010,29187,951047
003311153,HR 8336,32515,951085
003311166,HR 8368,34819,951123
003311182,HR 8604,32515,951161
003320001,HR 6177,30723,951199
003321002,HR 6572,30979,951237
003321003,HR 6573,31491,953381
003321004,HR 6595,32771,953419
003321101,HR 6567,32003,953457
003321102,HR 6593,32003,953495
003321104,HR 6594,32771,953533
003321107,HR 6590,32515,953571
003321111,HR 6609,31491,953609
003321113,HR 6585,32771,953647
003321114,HR 6560,31235,953685
003321116,HR 6620,30979,953723
003321117,HR 6569,34307,953761
003321120,HR 6597,33027,953799
003321127,HR 6450,31747,953837
003321128,HR 6632,32515,953875
003321136,HR 6021,30211,953913
003321137,HR 6036,32003,953951
003321138,HR 6200,30467,953989
003330001,HR 6062,29187,954027
003330002,HR 6009,29699,954065
003330003,HR 6003,28419,954103
003330004,HR 6089,32259,954141
003330005,HR 6149,31747,954179
003330006,HR 6060,29955,954217
003330007,HR 6032,29955,954255
003330008,HR 6045,31235,954293
003330009,HR 6159,33027,954331
003330010,HR 6158,30723,955422
003330011,HR 6145,29955,955460
003330012,HR 6154,30211,955498
003330101,HR 6005,28675,955536
003330102,HR 6057,30723,955574
003330103,HR 6157,31235,955612
003330104,HR 6113,29443,955650
003330105,HR 6284,32003,955688
003330106,HR 6182,31491,955726
003330107,HR 6160,30723,955764
003330108,HR 6160,30979,955802
003330109,HR 6150,30979,955840
003330110,HR 6175,30723,955878
003330111,HR 6144,29955,955916
003330112,HR 6388,52483,955954
003330113,HR 6293,31747,955993
003330115,HR 6179,33027,956031
003330116,HR 6181,31491,956069
003330117,HR 6182,32003,956107
003331001,HR 6174,30467,956145
003331002,HR 6004,28675,956183
003331003,HR 6295,32003,956221
003331004,HR 6224,30211,956259
003331101,HR 6256,30979,956297
003331102,HR 6100,28163,956335
003331103,HR 6119,30979,956373
003331105,HR 6063,30979,958526
003331106,HR 6169,33027,958564
003331107,HR 6257,32771,958602
003331108,HR 6475,33539,958640
003331109,HR 6223,31491,958678
003331110,HR 6278,32003,958716
003331111,HR 6288,32515,958754
003331112,HR 6255,31235,958792
003331113,HR 6134,30467,958830
003331114,HR 6155,31491,958868
003331115,HR 6389,34051,958906
003331116,HR 6252,31491,958944
003331118,HR 6253,32259,958982
003331119,HR 6132,31491,959020
003331120,HR 6294,31747,959058
003331121,HR 6387,32771,959096
003331122,HR 6008,30467,959134
003331123,HR 6254,31491,959172
003331124,HR 6268,33027,959210
003331125,HR 6053,31235,959248
003331126,HR 7128,32515,959286
003341001,HR 6021,28419,959324
003341004,HR 7950,32259,959362
003341005,HR 6200,29187,959400
003341101,HR 6036,30211,959438
003341110,HR 6021,28675,961591
003341112,HR 6450,30723,961629
003341113,HR 6169,32771,961667
003341114,HR 6203,30211,961705
003350001,HR 7302,29187,961743
003350002,HR 7301,29187,961781
003350003,HR 7317,31235,961819
003350004,HR 7305,30723,961857
003350005,HR 7306,31235,961895
003350101,HR 7325,30723,961933
003350102,HR 7309,31491,961971
003350103,HR 7322,30467,962009
003350104,HR 7317,31747,962047
003350105,HR 7308,32003,962085
003350106,HR 7323,31491,962123
003350107,HR 7310,30723,962161
003350108,HR 7315,32259,962199
003361101,HR 7384,32515,962237
003370001,HR 6062,30211,962275
003370102,HR 6260,30723,962313
003370104,HR 6120,29955,962351
003370105,HR 6272,32259,962389
003370106,HR 6067,33027,962427
003370107,HR 6170,32003,962465
003370109,HR 6075,33539,962503
003381002,HR 7566,33539,964645
003381005,HR 7127,32515,964683
003381006,HR 7578,35331,964721
003381102,HR 7296,33795,964759
003390002,HR 6141,30467,964797
003390003,HR 6040,30211,964835
003390004,HR 6133,31235,964873
003390005,HR 6140,30979,964911
003390008,HR 6205,32259,964949
003400001,HR 6412,28419,964987
003400002,HR 6400,27907,965025
003400003,HR 7400,28419,965063
003400004,HR 6409,30723,965101
003400005,HR 6404,29699,965139
003400006,HR 6413,29955,965177
003400007,HR 6403,29955,965215
003410001,HR 7400,28163,965253
003410002,HR 7401,28675,965291
003410004,HR 7403,29699,965329
003411110,HR 6063,29699,965367
003441001,HR 7814,31491,965405
003441003,HR 7950,32259,965443
003441004,HR 7950,32515,965481
003441005,HR 8118,32003,965519
003441006,HR 7815,33027,965557
003441009,HR 8417,33539,965595
003441010,HR 8600,29955,967710
003441011,HR 7774,33027,967748
003441012,HR 7950,32259,967786
003441013,HR 7451,31491,967824
003441015,HR 7971,33795,967862
003441017,HR 8124,32003,967900
003441020,HR 8545,32259,967938
003471102,HR 7833,33027,967976
003491001,HR 8029,32515,968014
003491002,HR 7977,35587,968052
003491004,HR 8188,34819,968090
003491101,HR 8368,34307,968128
003491102,HR 8553,33539,968166
003491107,HR 7839,36355,968204
0036 1846 0004,HR 6261,22788,968242
0036 1916 0001,HR 6262,21764,968285
0036 1969 0001,HR 6263,24068,968328
0036 2003 0006,HR 6541,19972,968371
0036 2003 0007,HR 6542,20484,968414
0036 2123 0002,HR 7702,19716,968457
0036 2135 0001,HR 6480,20740,968500
0036 2135 0002,HR 6481,21252,968543
0036 2140 0001,HR 6493,20740,968586
0036 4085 0003,HR 6474,23556,968629
0036 4087 0001,HR 7282,23044,968672
0036 4088 0001,HR 7347,23812,970789
0036 4093 0002,HR 6472,22532,970832
00362003-0007,HR 6542,15620,970875
00362123-0002,HR 7702,14852,970917
00362135-0001,HR 6480,15876,970959
00362135-0002,HR 6481,16388,971001
00364085-0003,HR 6474,18692,971043
00364087-0001,HR 7282,18180,971085
00364088-0001,HR 7347,18948,971127
00364093-0002,HR 6472,17668,971169
004 595 5,HR 5729,27907,971211
004 721 7,HR 6514,24323,971249
0040 141 600,HR 6260,59395,971287
0040 148 300,HR 7128,61443,971328
0047 328 400,HR 6245,63235,971369
0047 328 700,HR 6239,64771,971410
005 954 3,HR 7571,26627,971451
005848,HR 6250,61442,971489
0059543,HR 7571,10243,971524
006 191 6,HR 7344,25347,971560
006 353 7,HR 6518,26115,971598
0061646,HR 6498,11267,971636
0065277,HR 46131,41219,971672
007 072 5,HR 7834,25859,972837
007 A 02-LT-K,HR 7448,52484,971710
0076758,HR 185,63746,972875
009-00048/0.5,HR 1270 T2 S,20741,973112
009-00205/0.6,HR 1574,15108,973159
009-01137/0.5,HR 1918,16644,973201
009-01140/0.0,HR 1927,13828,973243
009-02002/0.5,HR 1301,11012,973285
009-02003/0.4,HR 1577,14852,973327
009-02005/0.2,HR 1357,13828,973369
009-02054/0.2,HR 1306,13316,973411
009-02057/0.9,HR 13030,27396,973453
009-02059/0.7,HR 1571,16900,973496
009-02533/0.3,HR 1548,16132,973538
009-02534/0.2,HR 1574,15876,973580
009-02535/0.1,HR 1360,14084,973622
009-02536/0.0,HR 1557,16132,973664
009-03077/0.3,HR 1564,16644,973706
009-03077/1.1,HR 1564,16388,973748
009-03078/0.2,HR 1565,16900,973790
009-03096/1.8,HR 1570,17668,976933
009-03104/0.0,HR 1565,13828,976975
009-03104/1.8,HR 1565,16132,977017
009-03108/0.6,HR 1599,18180,977059
009-04118/1.0,HR 19043,27908,977101
009-04118/3.6,HR 19043,29956,977144
009-05013/0.5,HR 1548,15620,977187
009-05017/0.1,HR 1388,16132,977229
009-05018/0.0,HR 1573,15108,977271
009-05024/1.0,HR 1566,15108,977313
009-05027/0.9,HR 1595,18436,977355
009-05028/0.8,HR 1596,18692,977397
009.193682,HR 320,33539,972910
009.193690,HR 2280 T3S,45828,972948
009.193691,HR 2280 T3S,46084,972991
009.620075,HR 6024,45315,973034
009.620084,HR 7538,48131,973073
00D3508001,HR 7453,49667,905475
00D3508002,HR 7453,49923,905514
00D3508003,HR 7478,51971,905553
00D3515001PL1,HR 7478,37892,905592
00D4198001,HR 6276,51715,905634
00D4198003,HR 6071,50435,905673
00D4208001,HR 6128,48643,905712
00D4208002,HR 6128,48899,905751
00D4235002,HR 7082,48899,905790
00D423500201G,HR 7165,26884,905871
00D423500201G1,HR 7165,39428,905913
00D4235002HT1,HR 7165,36356,905829
00D4247001,HR 7151,48643,905956
00D4247001HT1,HR 7151,35588,905995
00D4260004HT1,HR 7453,36356,906037
00H07012400,HR 6067,62211,906079
00H07013100,HR 6032,59651,906119
00H07013500,HR 6159,63235,906159
00H07013600,HR 6175,62979,906199
00H07015600,HR 2064,61727,908316
00H07017200,HR 7713,62723,908356
00J2051900,HRT 209,58371,908396
01 168,HRT 216 A,22531,977515
01 212,HR 2141,51202,977552
01 859,HR 2141,55554,977587
01 AV 059,HR 7368,38915,977439
01 AV 115,HR 8042,34563,977477
01-0018-8,HR 8095,31747,977622
010 317 8,HR 7344,24579,977660
01001254,HR 46171,50947,977698
0100166,HR 6663,7427,977737
0100170,HR 8409,6147,977773
0100402,HR 6662,5379,977809
0100620,HR 8431,4867,977845
0100688,HR 6668,11011,977881
0100767,HR 8031,6915,979006
0100887,HR 8320,7939,979042
0100901,HR 6668,7939,979078
0100911,HR 8620,5635,979114
0100915,HR 8196,8707,979150
0100945,HR 6668,9987,979186
0102305,HR 7871,7171,979222
0102486,HR 7713,8451,979258
0102489,HR 7867,11779,979294
0102615,HR 8360,6659,979330
0103178,HR 7344,8195,979366
01168,HRT 507,55810,979402
013 544 2,HR 8218,24579,979436
013314801,HR 7026,32259,979474
013330351,HR 7047,32515,979512
013330471,HR 6465,34051,979550
015 338 7,HR 5800,25091,979588
0155762,HR 7673,30723,979626
016 747 8,HR 6596,29955,979663
016650401,HR 8623,33795,979701
01800034875,HR 7514,61187,979739
02 110,HRT 208,60418,979817
02 415,HR 2141,52738,979852
02 514,HR 2121,52226,979887
02 AV 114,HR 8054,35331,979779
020 964 3,HR 6574,26627,979922
0202000410,HR 7455,43011,982074
0202000412,HR 7217,42499,982113
02110,HRT 507,52738,982152
022 651 0401,HR 7761,62467,982186
02223076,HR 7323,20227,982227
023 240 1,HR 9566,24579,982264
02392-80015,HR 42052,24324,982302
026 037 2,HR 7471,24835,982344
02603692,HR 46171,54787,982382
027 230 2,HR 7871,24835,982421
027 577 6,HR 7503,27395,982459
0278650,HR 7079,11523,982497
0282050,HR 7085,7939,982533
0282060,HR 7086,8451,982569
02859 132 010,HR 7708,31748,982605
030010055,HR 8107,30723,982648
030160002,HR 7679,33539,982686
030240003,HR 7474,31747,982724
030240055,HR 8107,32003,982762
030240056,HR 7810,32259,982800
032 496 2,HR 7253,25859,982838
03214002,HR 7742,18947,982876
03214021 Q,HR 8140,46339,982913
0327200,HR 2280 T8S,4868,982952
0328263,HR 6078,9987,982992
036 577 5,HR 8218,28163,985145
036-01907/0.6,HRT 233 BP,4613,985183
036-01908/0.5,HRT 228 BP,5637,985228
036948,HR 7007,62978,985273
037024,HR 6552,60418,985308
03738400,HR 6195,22531,985343
037478,HR 7016,62722,985380
037518,HR 7027,61954,985415
037568,HR 7072,63234,985450
037818,HR 7063,62722,985485
037838,HR 7065,63746,985520
037858,HR 7069,65282,985555
037868,HR 7018,64002,985590
037888,HR 7071,64258,985625
037918,HR 7062,62722,985660
037948,HR 7113,62722,985695
038428,HR 7114,61442,985730
038888,HR 7028,65026,985765
038908,HR 7067,64002,985800
03965 B,HR 7059,10243,985835
039658,HR 7059,65026,985871
039818,HR 7107,62978,985906
039958,HR 7037,64770,985941
04090002078,HR 8435,60419,985976
04090002087,HR 8432,59651,986016
042 048 9,HR 6573,27139,986056
042 145 3,HR 8275,25347,988209
042 439 0,HR 8055,25091,988247
043 T 220021,HR 6283,3844,988285
043001,HRT 507,515,988326
04311-0014,HR 7471,43011,988361
04312-0014,HR 7471,43267,988400
04312-0022,HR 7503,41987,988439
043213005,HR 8169,33795,988478
043213005 P,HR 8169,62467,988516
043213008,HR 8169,34563,988556
043213008 F,HR 8169,60675,988594
043213009,HR 8169,34819,988634
043213009 F,HR 8169,60931,988672
043214002,HR 7742,32259,988712
0432140021,HR 7742,44803,988750
043214003,HR 7743,32771,988789
0432140031,HR 7743,45315,988827
043214008,HR 7913,33795,988866
0432140081,HR 7913,46339,988904
043214009,HR 7171,52739,988943
043214009 Q,HR 7171,16132,988982
043214013,HR 8498,35075,989023
0432140131,HR 8498,47619,989061
043214021 Q,HR 8140,59651,989100
0432140210,HR 8140,43011,989140
043219003 A,HR 8464,59139,992318
0432200101,HR 7989,47107,992358
043220011,HR 7636,32003,992397
043220011 W,HR 7636,62467,992435
0432200111,HR 7636,44547,992475
0432200121,HR 7989,47619,992514
043220013,HR 7636,32515,992553
043220013 W,HR 7636,62979,992591
0432200131,HR 7636,45059,992631
043220015,HR 7636,33027,992670
0432200161,HR 7829,46851,992708
0432200162,HR 7829,47107,992747
043220018,HR 7696,35331,992786
043220018 W,HR 7696,260,992824
0432200181,HR 7696,47875,992864
043220019,HR 7676,35075,992903
043220019 W,HR 7676,4,992941
0432200191,HR 7676,47619,992981
043220025,HR 7697,35075,993020
043220025 W,HR 7697,4,993058
0432200251,HR 7697,47619,993098
043220026,HR 7905,33283,993137
043220030,HR 8463,32003,993175
0432200301,HR 8463,44547,993213
043221008,HR 7754,34051,993252
043221008 P,HR 7754,62723,995365
0432214009 Q,HR 7171,9220,995405
043225002,HR 8355,33027,995446
043227001,HR 8131,31235,995484
0432270012,HR 8131,44035,995522
043227002,HR 8133,32003,995561
0432270022,HR 8133,44803,995599
0432270042,HR 8131,44803,995638
0432320012,HR 8557,46083,995677
04324,HR 2274 T37S,13316,995716
0433227001,HR 8131,44291,995756
043714002,HR 7460,32771,995795
043714002 J,HR 7460,59907,995833
0437140021,HR 7460,45315,995912
043714002J,HR 7460,51715,995873
04374013 W,HR 7226,5380,995951
043740131,HR 7226,52995,995991
04377140021,HR 7460,59395,996030
044 115 4,HR 7497,26627,996070
044 224 4,HR 6566,25859,996108
044 984 3,HR 7388,29699,996146
044040-002,HR 46099,11780,996184
044042-00,HR 2287 T28,41732,996225
044042-000,HR 2287 T28,54020,996268
045 787 9,HR 7292,30211,996312
047 105 125,HR 6495,7680,997403
047 105 177,HR 8357,53507,997443
047 105 178,HR 8357,53763,997483
047 105 180,HR 7651,50947,997523
047 105 189,HR 7865,55043,997563
047 105 198,HR 7678,55555,997603
047 105 200,HR 7750,49155,997643
047 105 220,HR 7745,50691,997683
047 105 230,HR 7638,51203,997723
047 105 266,HR 8231,50947,997763
047 105 283,HR 7637,52995,997803
047 105 289,HR 7865,55299,997843
047 105 648,HR 7766,9220,997883
047 105 649,HR 7798,10756,997924
047 105 651,HR 7798,8964,997965
047 105 660,HR 7798,8964,998006
047 105 673,HR 46138,19972,998047
047-10-5125,HR 6495,58627,1000478
047-10-5177,HR 8357,60163,1000518
047-10-5178,HR 8357,60419,1000558
047-10-5180,HR 7651,57603,1000598
047-10-5189,HR 7865,61699,1000638
047-10-5198,HR 7678,62211,1000678
047-10-5200,HR 7750,55811,1000718
047-10-5220,HR 7745,57347,1000758
047-10-5230,HR 7638,57859,1000798
047-10-5266,HR 8231,57603,1000838
047-10-5283,HR 7637,59651,1000878
047-10-5289,HR 7865,61955,1000918
047-10-5648,HR 7766,15876,1000958
047-10-5649,HR 7798,17412,1000999
047-10-5651,HR 7798,15620,1001040
047-10-5660,HR 7798,15620,1001081
047-10-5673,HR 46138,26628,1001122
047.810028,HR 7324,46595,998089
047.951054,HR 9643,49411,998128
047.951925,HR 9530,49923,998167
047.952270,HR 9609,50179,998206
047.953697,HR 9814,53251,998245
047.969564,HR 9652,53251,998284
047.978288,HR 9813,53763,998323
047.991401,HR 6024,46851,998362
048 214 1,HR 7871,25859,1001164
05 F 13423 A 1,HR 7705,41988,1001202
050 212 0,HR 7594,23811,1001246
050 954 7,HR 6600,25603,1001284
0501-051104-00,HR 8466,27908,1001322
051.102,HR 7451,4611,1001365
051.258,HR 7239,8707,1001401
051.259,HR 7145,7939,1001437
051.319,HR 6021,5123,1002526
051.333,HR 6036,5635,1002562
051.346,HR 7040,5635,1002598
051.358,HR 7032,6659,1002634
051.551,HR 7503,6147,1002670
051.577,HR 7126,8451,1002706
051.581,HR 7242,6915,1002742
051.592,HR 7218,8195,1002778
051.593,HR 9555,9987,1002814
051.597,HR 7578,11779,1002850
051.624,HR 7583,8451,1002886
051.632,HR 9555,8451,1002922
051.644,HR 9555,9219,1002958
051.645,HR 7578,10243,1002994
051.650,HR 9555,8451,1003030
051.653,HR 9555,9219,1003066
051.656,HR 7218,8451,1003102
051.657,HR 7242,7939,1003138
051.658,HR 7578,11267,1003174
051.659,HR 7218,9219,1003210
051.660,HR 7242,6403,1003246
051.663,HR 7566,9475,1003282
051.664,HR 7242,7427,1003318
051.665,HR 7218,8451,1003354
051.666,HR 7578,11011,1003390
051.672,HR 7594,9731,1003426
051.674,HR 7594,10243,1003462
051.681,HR 7583,9219,1005605
051.682,HR 9104,7171,1005641
051.684,HR 7583,9987,1005677
051.688,HR 9104,8707,1005713
051.690,HR 7218,7939,1005749
051.697,HR 8007,8963,1005785
051.698,HR 8041,8707,1005821
051.698-01,HR 8041,45059,1005857
051.698-11.1,HR 8041,4100,1005896
051.713,HR 8122,5635,1005937
051.716,HR 8041,6403,1005973
051.716-02,HR 8041,43011,1006009
051.716-02 S,HR 8041,6916,1006048
051.726,HR 8122,6659,1006089
051.726-01,HR 8122,43011,1006125
051.739,HR 8010,6659,1006164
051.748,HR 8030,7171,1006200
051.753,HR 8030,6147,1006236
051.756,HR 8051,7683,1006272
051.759,HR 8008,8963,1006308
051.760,HR 8008,6915,1006344
051.764,HR 8043,7683,1006380
051259,HR 7145,61698,1006416
0517539014,HR 8122,47619,1006451
053 095 6,HR 6513,25859,1007719
053 X 0528-001,HR 7717,51716,1006490
053 X 0617-001,HR 8367,51972,1006534
053 X 0642-001,HR 8599,53252,1007675
054 499 9,HR 6580,29955,1007757
055 564 9,HR 8194,29187,1007795
056 659 6,HR 7848,50947,1007833
056.013 TR 1,HR 8051,11268,1007872
057.034,HR 8417,7939,1007913
057.034 EL 1,HR 8417,8452,1007949
057.034 TR 1,HR 8417,13828,1007990
057.334,HR 8366,9475,1008031
057.334 EL 1,HR 8366,9988,1008067
057.534,HR 8336,9219,1008108
057.534 EL 1,HR 8336,9732,1008144
057.534 EL 2,HR 8368,11268,1008185
057.534 OG 1,HR 8336,11012,1008226
057.534 TR 1,HR 8368,16388,1008267
057.834 EL 2,HR 8650,10500,1008308
057034,HR 8417,61698,1008349
057334,HR 8366,63234,1008384
057534,HR 8336,62978,1008419
057534 EL 2,HR 8368,65027,1008454
057534 TR 1,HR 8336,3332,1008494
058.013,HR 8030,5123,1008534
058.013 EL 3,HR 8030,6148,1008570
058.013 TR 1,HR 8051,11780,1010725
058.013 TR 4,HR 8030,11780,1010766
058.141,HR 8041,6147,1010807
058.141 TR 1,HR 8041,12036,1010843
058.341,HR 8010,5635,1010884
058.341 TR 1,HR 8010,11524,1010920
058.341 TR 2,HR 8010,11780,1010961
058.413,HR 8030,6147,1011002
058.413 EL 1,HR 8030,6660,1011038
058.413 TR 1,HR 8030,12036,1011079
058.421 TR 1,HR 8122,12292,1011120
058.423,HR 8008,7683,1011161
058.423 TR 1,HR 8008,13572,1011197
058.534 EL 1,HR 8336,9988,1011238
058.534 EL 2,HR 8368,11524,1011279
058.534 TR 1,HR 8336,15364,1011320
058.534 TR 2,HR 8368,16900,1011361
058.541,HR 8007,7683,1011402
058.541 TR 1,HR 8007,13572,1011438
058013,HR 8030,58882,1011479
058413,HR 8030,59906,1011514
059.544,HR 9104,8451,1011549
05927493,HR 1514,23555,1011585
06 D-3-083-001,HR 7156,27908,1011622
06 D-3-083-002,HR 7156,28164,1011665
06 D-3-087-001,HR 7026,27908,1014852
06 D-3-088-001,HR 7125,28164,1014895
06 D-3-093-001,HR 6173,27652,1014938
06 D-3-095-001,HR 7538,29700,1014981
06 D-3-095-002,HR 7538,29956,1015024
06 D-3-095-003,HR 7538,30212,1015067
06 D-3-304-002,HR 2280 T12S,36101,1015110
06 D-3-512-001,HR 6173,26628,1015158
061 740 7,HR 7973,27907,1015635
061 981 7,HR 7839,29955,1015673
061576,HR 6467,64002,1015711
061690,HR 6265,16387,1015746
062 566 5,HR 5725,27395,1017893
064 007 9,HRT 202,31747,1017931
064 018 1,HRT 202,30211,1017969
064 019 7,HRT 505,33539,1018007
064 080 1,HRT 207,31235,1018045
064 080 2,HRT 242 BP,11268,1018083
0640 079,HRT 202,23555,1018124
0640 181,HRT 202,22019,1018161
0640 197,HRT 505,25347,1018198
0640 801,HRT 207,23043,1018235
0640 802,HRT 242 BP,3076,1018272
0693,HR 1910,34562,1018312
06D3083001,HR 7156,50691,1015201
06D3083002,HR 7156,50947,1015240
06D3084001,HR 7026,49923,1015279
06D3087001,HR 7026,50691,1015318
06D3088001,HR 7125,50947,1015357
06D3093001,HR 6173,50435,1015396
06D3095001,HR 7538,52483,1015435
06D3095002,HR 7538,52739,1015474
06D3095003,HR 7538,52995,1015513
06D3304002,HR 2280 T12S,58884,1015552
06D3512001,HR 6173,49411,1015596
0702022,HR 6052,5123,1018345
0702722,HR 6052,6915,1018381
07090048626,HR 8642,63491,1018417
07170,HR 7662,48642,1018457
07171,HR 7662,48898,1018491
07172,HR 7662,49154,1018525
07173,HR 7662,49410,1018559
07180,HR 7650,48130,1018593
07181,HR 7650,48386,1018627
07182,HR 7650,48642,1018661
07183,HR 7650,48898,1018695
07184,HR 7650,49154,1018729
072591,HR 3658,63490,1018763
072592,HR 3657,63490,1018798
0731003,HR 7470,6659,1018833
075377,HR 2269 T10S,8708,1020984
075379,HR 502,49154,1021024
075516,HR 185,49154,1021058
075518,HR 185,49666,1021092
075532,HR 5126,60930,1021126
076475,HR 0068 T3S,61187,1021161
076758,HR 185,51458,1021200
077118,HR 1622,60674,1021234
079-06099/0.3,HR 1664,20484,1021269
079120,HR 2115,58882,1021311
079129,HR 2115,61186,1021346
079129.000,HR 2115,44291,1021381
079987,HR 2274 T28S,12804,1021420
08010,HR 7656,47874,1021460
08011,HR 7656,48130,1021494
08020,HR 8332,46082,1021528
08021,HR 8332,46338,1021562
08022,HR 8332,46594,1021596
08023,HR 8332,46850,1021630
08024,HR 8332,47106,1021664
08030,HR 7662,47618,1021698
08031,HR 7662,47874,1021732
08032,HR 7662,48130,1021766
08033,HR 7662,48386,1021800
08034,HR 7662,48642,1021834
08050,HR 7659,49666,1021868
08051,HR 7659,49922,1021902
08052,HR 7659,50178,1024037
08053,HR 7659,50434,1024071
08054,HR 7659,50690,1024105
08060,HR 7660,47874,1024139
08061,HR 7660,48130,1024173
08062,HR 7660,48386,1024207
08063,HR 7660,48642,1024241
08064,HR 7660,48898,1024275
08070,HR 7661,48386,1024309
08071,HR 7661,48642,1024343
08072,HR 7661,48898,1024377
08073,HR 7661,49154,1024411
08074,HR 7661,49410,1024445
08080,HR 7650,48130,1024479
08081,HR 7650,48386,1024513
08082,HR 7650,48642,1024547
08083,HR 7650,48898,1024581
08084,HR 7650,49154,1024615
08110,HR 8272,46850,1024649
08111,HR 8272,47106,1024683
08112,HR 8272,47362,1024717
08113,HR 8272,47618,1024751
08130,HR 7650,47106,1024785
08131,HR 7650,47362,1024819
08132,HR 7650,47618,1024853
08133,HR 7650,47874,1024887
08134,HR 7650,48130,1024921
08140,HR 7662,48130,1024955
08141,HR 7662,48386,1024989
08142,HR 7662,48665,1026076
08150,HR 8252,47362,1026110
08151,HR 8252,47618,1026144
08152,HR 8252,47874,1026178
08153,HR 8252,48130,1026212
08154,HR 8252,48386,1026246
08160,HR 8255,48386,1026280
08161,HR 8255,48642,1026314
08162,HR 8255,48898,1026348
08163,HR 8255,49154,1026382
08164,HR 8255,49410,1026416
08170,HR 8257,49154,1026450
08171,HR 8257,49410,1026484
08172,HR 8257,49666,1026518
08173,HR 8257,49922,1026552
08174,HR 8257,50178,1026586
08190,HR 8254,48898,1026620
08191,HR 8254,49154,1026654
08192,HR 8254,49410,1026688
08193,HR 8254,49666,1026722
08194,HR 8254,49922,1026756
08200,HR 8256,47362,1026790
08201,HR 8256,47618,1026824
08202,HR 8256,47874,1026858
08203,HR 8256,48130,1026892
08204,HR 8256,48386,1026926
08210,HR 8290,47106,1026960
08211,HR 8290,47362,1026994
08212,HR 8290,47618,1027028
08214,HR 8290,48130,1030197
0905-030003-00,HR 7444,27396,1030231
09246.836.01,HR 1836,7940,1030274
09246.838.01,HR 1538,8196,1030315
09246.846.21,HR 1546,8196,1030356
093-00057/0.7,HR 9505,17924,1030397
093-01001/0.2,HR 9305,13572,1030439
093-01003/0.0,HR 9314,13572,1030481
093-01004/0.9,HR 9637,18180,1030523
093-01006/0.7,HR 9314,16132,1030565
093-01009/0.4,HR 9305,16132,1030607
093-01010/0.1,HR 9649,16132,1030649
093-01012/0.9,HR 9802,16388,1030691
093-01012/1.7,HR 9802,16132,1030733
093-01013/0.8,HR 9507,16900,1030775
093-01014/0.7,HR 9505,16388,1030817
093-01015/1.4,HR 9417,16644,1030859
093-01016/0.5,HR 9418,17156,1030901
093-01019/0.2,HR 9801,16132,1030943
093-01019/1.0,HR 9801,15876,1030985
093-01020/0.9,HR 9526,16900,1031027
093-01021/0.8,HR 9801,15876,1031069
093-01022/0.7,HR 9527,17156,1031111
093-01025/0.4,HR 9425,16388,1033272
093-01025/2.0,HR 9425,15876,1033314
093-01026/3.7,HR 9527,18948,1033356
093-01028/0.1,HR 9424,16132,1033398
093-01029/0.0,HR 9431,15620,1033440
093-01036/0.1,HR 9436,16644,1033482
093-01037/0.0,HR 9432,15620,1033524
093-01038/0.9,HR 9436,19204,1033566
093-01040/0.5,HR 9442,15620,1033608
093-01041/0.1,HR 9527,15876,1033650
093-01042/0.3,HR 9467,17412,1033692
093-01043/0.2,HR 9436,16388,1033734
093-01048/1.5,HR 9443,18180,1033776
093-01049/0.6,HR 9444,18692,1033818
093-01050/0.2,HR 9450,14852,1033860
093-01052/0.0,HR 9452,15364,1033902
093-01052/1.8,HR 9452,17668,1033944
093-01053/0.9,HR 9454,18436,1033986
093-01053/1.7,HR 9454,18180,1034028
093-01055/0.7,HR 9442,17668,1034070
093-01056/0.6,HR 9464,18692,1034112
093-01057/0.5,HR 9462,18180,1034154
093-01059/0.3,HR 9442,17668,1034196
093-01060/0.0,HR 9483,8192,1035291
093-01061/0.9,HR 9469,19716,1035333
093-01061/1.7,HR 9469,19460,1035375
093-01062/0.8,HR 9868,20484,1035417
093-01064/0.6,HR 9476,19204,1035459
093-01065/0.5,HR 9436,18180,1035501
093-01067/0.3,HR 9482,18436,1035543
093-01069/0.1,HR 9491,18436,1035585
0930005707,HR 9505,48131,1035627
0930100102,HR 9305,43779,1035666
0930100300,HR 9314,43779,1035705
0930100409,HR 9637,48387,1035744
0930100607,HR 9314,46339,1035783
0930100904,HR 9305,46339,1035822
0930101001,HR 9649,46339,1035861
0930101209,HR 9802,46595,1035900
0930101217,HR 9802,46339,1035939
0930101308,HR 9507,47107,1035978
0930101407,HR 9505,46595,1036017
0930101514,HR 9417,46851,1036056
0930101605,HR 9418,47363,1036095
0930101902,HR 9801,46339,1036134
0930101910,HR 9801,46083,1036173
0930102009,HR 9526,47107,1036212
0930102108,HR 9801,46083,1036251
0930102207,HR 9527,47363,1039391
0930102405,HR 9802,46339,1039430
0930102504,HR 9425,46595,1039469
0930102520,HR 9425,46083,1039508
0930102637,HR 9527,49155,1039547
0930102801,HR 9424,46339,1039586
0930102900,HR 9431,45827,1039625
0930103601,HR 9436,46851,1039664
0930103700,HR 9432,45827,1039703
0930103809,HR 9436,49411,1039742
0930104005,HR 9442,45827,1039781
0930104101,HR 9527,46083,1039820
0930104302,HR 9436,46595,1039859
0930104815,HR 9443,48387,1039898
0930104906,HR 9444,48899,1039937
0930105002,HR 9450,45059,1039976
0930105200,HR 9452,45571,1040015
0930105218,HR 9452,47875,1040054
0930105309,HR 9454,48643,1040093
0930105317,HR 9454,48387,1040132
0930105606,HR 9464,48899,1040171
0930105705,HR 9462,48387,1040210
0930105903,HR 9442,47875,1040249
0930106000,HR 9483,46339,1040288
0930106109,HR 9469,49923,1040327
0930106208,HR 9868,50691,1042482
0930106406,HR 9476,49411,1042521
0930106505,HR 9436,48387,1042560
0930106703,HR 9482,48643,1042599
0930106901,HR 9491,48643,1042638
094-00005/0.8,HR 2267,16132,1042677
094-00007/0.6,HR 2266 R,45060,1042719
094-00014/0.7,HR 2277 TS,1541,1042763
094-00020/0.9,HR 2080/10,50692,1042808
094-00021/0.8,HR 3606,15108,1042853
094-00028/0.1,HR 1810,13828,1042895
094-00030/0.7,HR 1808,15364,1042937
094-00031/0.6,HR 5568,17156,1042979
094-00033/0.4,HR 1816,15108,1043021
094-00035/0.2,HR 5565,16388,1043063
094-00037/0.0,HR 1811,13828,1043105
094-00040/0.5,HR 2279 T5SR,35845,1043147
094-01001/0.0,HR 2279 T6SR,34309,1043194
094-01002/0.9,HR 5611,14852,1043241
094-01005/0.6,HR 1868,17412,1043283
094-01006/0.5,HR 6102,13828,1043325
094-01006/2.1,HR 6102,13316,1043367
094-01008/0.3,HR 5649,17668,1043409
094-01010/0.9,HR 5650,15364,1044546
094-01012/0.7,HR 1811,14084,1044588
094-01013/0.6,HR 5612,14852,1044630
094-01014/0.5,HR 7038,15876,1044672
094-01016/0.3,HR 5650,15364,1044714
094-01017/0.2,HR 6031,13828,1044756
094-01018/1.9,HR 6031,16132,1044798
094-01019/0.0,HR 18001,26116,1044840
094-01020/0.7,HR 7004,13828,1044883
094-01021/0.6,HR 7004,13828,1044925
094-01022/0.5,HR 6035,14596,1044967
094-01023/0.4,HR 6035,14596,1045009
094-01024/0.3,HR 7004,13828,1045051
094-01025/0.2,HR 6125,14596,1045093
094-01026/0.1,HR 7097,16900,1045135
094-01027/0.0,HR 6124,14340,1045177
094-01027/0.2,HR 6124,14852,1045219
094-01028/0.9,HR 7713,18180,1045261
094-01029/0.8,HR 7110,15876,1045303
094-01030/0.5,HR 6035,14340,1045345
094-01031/0.4,HR 18001,25604,1045387
094-01032/0.3,HR 7712,15108,1045430
094-01036/0.9,HR 6195,18692,1045472
094-01037/0.8,HR 7529,19204,1047589
094-01038/0.7,HR 7133,16900,1047631
094-01040/0.3,HR 7502,14084,1047673
094-01041/0.2,HR 7528,16132,1047715
094-01042/0.1,HR 7529,16388,1047757
094-01046/0.7,HR 6220,15620,1047799
094-01046/1.5,HR 6220,15364,1047841
094-01046/2.3,HR 6220,15108,1047883
094-01047/0.6,HR 6231,16132,1047925
094-01047/1.4,HR 6231,15876,1047967
094-01047/2.2,HR 6231,15620,1048009
094-01048/0.5,HR 7153,17156,1048051
094-01048/1.3,HR 7153,16900,1048093
094-01049/0.4,HR 6220,15620,1048135
094-01052/0.8,HR 6124,15876,1048177
094-01053/0.7,HR 18003,27908,1048219
094-01054/0.6,HR 7157,17668,1048262
094-01055/2.1,HR 6249,17412,1048304
094-01055/4.7,HR 6249,19460,1048346
094-01055/5.4,HR 6249,18948,1048388
094-01057/1.1,HR 7543,17156,1048430
094-01057/2.9,HR 7543,19460,1048472
094-01058/0.2,HR 6238,17412,1048514
094-01059/0.1,HR 6246,17156,1051699
094-01060/0.8,HR 7177,17924,1051741
094-01061/0.7,HR 6246,16900,1051783
094-01062/0.6,HR 7186,17924,1051825
094-01062/1.4,HR 7186,17668,1051867
094-01062/2.2,HR 7186,17412,1051909
094-01063/0.5,HR 7590,17668,1051951
094-01064/0.4,HR 6286,17924,1051993
094-01064/1.2,HR 6286,17668,1052035
094-01065/0.3,HR 7590,17668,1052077
094-01068/0.0,HR 6299,18948,1052119
094-01068/1.8,HR 6299,21252,1052161
094-01069/0.9,HR 7205,18436,1052203
094-01070/0.6,HR 7543,16900,1052245
094-01070/1.4,HR 7543,16644,1052287
094-01070/2.2,HR 7543,16388,1052329
094-01071/0.5,HR 6368,17924,1052371
094-01072/0.4,HR 7213,15364,1052413
094-01072/1.2,HR 7213,15108,1052455
094-01073/0.3,HR 6370,16132,1052497
094-01074/1.0,HR 6368,17668,1052539
094-01074/2.8,HR 6368,19972,1052581
094-01075/0.1,HR 6370,16132,1052623
094-01075/2.7,HR 6370,18180,1053760
094-01075/3.5,HR 6370,17924,1053802
094-01077/0.9,HR 7241,18180,1053844
094-01077/1.7,HR 7241,17924,1053886
094-01077/2.5,HR 7241,17668,1053928
094-01078/0.8,HR 7346,19716,1053970
094-01078/0.9,HR 7346,19972,1054012
094-01079/0.7,HR 7186,20228,1054054
094-01081/0.3,HR 7339,17412,1054096
094-01082/0.2,HR 8222,15364,1054138
094-01083/0.1,HR 7399,18948,1054180
094-01084/0.0,HR 8046,16388,1054222
094-01085/0.9,HR 8021,17156,1054264
094-01086/0.8,HR 7543,19204,1054306
094-01087/0.7,HR 8407,19204,1054348
094-01090/0.2,HR 8415,16132,1054390
094-01091/0.1,HR 8408,16644,1054432
094-01092/0.0,HR 8404,15620,1054474
094-01094/0.8,HR 8411,17668,1054516
094-02011/0.6,HR 18037,28164,1054558
0940000508,HR 2267,46339,1054601
0940000706,HR 2266 R,9732,1054640
0940001407,HR 2277 TS,31748,1054681
0940002009,HR 2080/10,15364,1056805
0940002108,HR 3606,45315,1056847
0940002801,HR 1810,44035,1056886
0940003007,HR 1808,45571,1056925
0940003106,HR 5568,47363,1056964
0940003304,HR 1816,45315,1057003
0940003502,HR 5565,46595,1057042
0940003700,HR 1811,44035,1057081
0940004005,HR 2279 T5SR,517,1057120
0940100100,HR 2279 T6SR,64516,1057164
0940100209,HR 5611,45059,1057208
0940100506,HR 1868,47619,1057247
0940100605,HR 6102,44035,1057286
0940100621,HR 6102,43523,1057325
0940100803,HR 5649,47875,1057364
0940100902,HR 5612,45315,1057403
0940101009,HR 5650,45571,1057442
0940101207,HR 1811,44291,1057481
0940101306,HR 5612,45059,1057520
0940101405,HR 7038,46083,1057559
0940101603,HR 5650,45571,1057598
0940101702,HR 6031,44035,1057637
0940101819,HR 6031,46339,1057676
0940101900,HR 18001,56323,1057715
0940102007,HR 7004,44035,1057755
0940102106,HR 7004,44035,1058847
0940102205,HR 6035,44803,1058886
0940102304,HR 6035,44803,1058925
0940102403,HR 7004,44035,1058964
0940102502,HR 6125,44803,1059003
0940102601,HR 7097,47107,1059042
0940102700,HR 6124,44547,1059081
0940102702,HR 6124,45059,1059120
0940102809,HR 7713,48387,1059159
0940102908,HR 7110,46083,1059198
0940103005,HR 6035,44547,1059237
0940103104,HR 18001,55811,1059276
0940103203,HR 7712,45315,1059316
0940103609,HR 6195,48899,1059355
0940103708,HR 7529,49411,1059394
0940103807,HR 7133,47107,1059433
0940104003,HR 7502,44291,1059472
0940104102,HR 7528,46339,1059511
0940104201,HR 7529,46595,1059550
0940104607,HR 6220,45827,1059589
0940104615,HR 6220,45571,1059628
0940104623,HR 6220,45315,1059667
0940104706,HR 6231,46339,1059706
0940104714,HR 6231,46083,1059745
0940104722,HR 6231,45827,1059784
0940104813,HR 7153,47107,1062963
0940104904,HR 6220,45827,1063002
0940105208,HR 6124,46083,1063041
0940105307,HR 18003,58115,1063080
0940105406,HR 7157,47875,1063120
0940105521,HR 6249,47619,1063159
0940105547,HR 6249,49667,1063198
0940105554,HR 6249,49155,1063237
0940105711,HR 7543,47363,1063276
0940105729,HR 7543,49667,1063315
0940105802,HR 6238,47619,1063354
0940105810,HR 6238,47363,1063393
0940105901,HR 6246,47363,1063432
0940106008,HR 7177,48131,1063471
0940106107,HR 6246,47107,1063510
0940106206,HR 7186,48131,1063549
0940106214,HR 7186,47875,1063588
0940106222,HR 7186,47619,1063627
0940106305,HR 7590,47875,1063666
0940106404,HR 6286,48131,1063705
0940106412,HR 6286,47875,1063744
0940106503,HR 7590,47875,1063783
0940106800,HR 6299,49155,1063822
0940106818,HR 6299,51459,1063861
0940106909,HR 7205,48643,1063900
0940107006,HR 7543,47107,1067045
0940107014,HR 7543,46851,1067084
0940107022,HR 7543,46595,1067123
0940107105,HR 6368,48131,1067162
0940107204,HR 7213,45571,1067201
0940107212,HR 7213,45315,1067240
0940107303,HR 6370,46339,1067279
0940107410,HR 6368,47875,1067318
0940107428,HR 6368,50179,1067357
0940107501,HR 6370,46339,1067396
0940107519,HR 6370,48643,1067435
0940107527,HR 6370,48387,1067474
0940107535,HR 6370,48131,1067513
0940107709,HR 7241,48387,1067552
0940107717,HR 7241,48131,1067591
0940107725,HR 7241,47875,1067630
0940107808,HR 7346,49923,1067669
0940107809,HR 7346,50179,1067708
0940107907,HR 7186,50435,1067747
0940108103,HR 7339,47619,1067786
0940108202,HR 8222,45571,1067825
0940108301,HR 7399,49155,1067864
0940108400,HR 8046,46595,1067903
0940108509,HR 8021,47363,1067942
0940108608,HR 7543,49411,1067981
0940109002,HR 8415,46339,1069112
0940109101,HR 8408,46851,1069151
0940109200,HR 8404,45827,1069190
0940109408,HR 8411,47875,1069229
0940201106,HR 18037,58371,1069268
095-00907/0.4,HR 1843/87,58372,1069308
095-04134-01,HR 6642,4356,1069353
095-04134-19,HR 6642,6660,1069394
095-4134-15,HR 6642,58883,1069435
095-4134-21,HR 6645,58883,1069475
0950090704,HR 1843/87,23044,1069515
096.011203,HR 7078,46083,1069557
096.201008,HR 2269 T10S,56580,1069596
1 AV 059,HR 7368,46339,1069640
1 AV 4 L 40 A 00101,HR 7619,24581,1069678
1 H 08 A 1,HR 2080/10,5892,1069726
1-001-060,HR 9214,27651,1072366
1-4143 SP,HR 2279 T18,54532,1072404
1-421-632-12,HR 9556,4100,1072447
1-421-652-11,HR 9556,4356,1072488
1-421-652-31,HR 9556,4868,1072529
1-421-733-11,HR 9556,4356,1072570
1-421-733-22,HR 9556,4868,1072611
1-421-733-31,HR 9556,4868,1072652
1-423-279-11,HR 46106,16388,1072693
1-428-039-01,HR 2287 T11,13061,1072735
1-429-218-11,HR 9551,4612,1072781
1-429-219-11,HR 9552,5124,1072822
1-429-219-21,HR 9554,5892,1072863
1-433-495-11,HR 9106,4100,1072904
1-436-363-11,HR 7403,2820,1072945
1-439-118-11,HR 46106,16132,1072986
1-439-142-21,HR 7416,3588,1073028
1-439-171-00,HR 46106,15364,1073069
1-439-171-11,HR 46106,15876,1073111
1-439-235-00,HR 6406,3076,1074206
1-439-235-11,HR 6406,3588,1074247
1-439-235-12,HR 6406,3844,1074288
1-439-235-21,HR 6406,3844,1074329
1-439-235-22,HR 6406,4100,1074370
1-439-235-31,HR 6406,4100,1074411
1-439-237-00,HR 6406,3588,1074452
1-439-243-00,HR 6410,1540,1074493
1-439-243-11,HR 6410,2052,1074534
1-439-243-12,HR 6410,2308,1074575
1-439-243-21,HR 6411,2564,1074616
1-439-243-31,HR 6411,2820,1074657
1-439-243-32,HR 6411,3076,1074698
1-439-243-41,HR 6411,3076,1074739
1-439-244-00,HR 6409,3844,1074780
1-439-244-11,HR 6409,4356,1074821
1-439-244-12,HR 6409,4612,1074862
1-439-244-13,HR 6409,4868,1074903
1-439-244-21,HR 6409,4612,1074944
1-439-244-31,HR 6409,4868,1074985
1-439-248-21,HR 8569,7940,1075026
1-439-248-22,HR 8569,8196,1075067
1-439-250-00,HR 7410,1284,1075108
1-439-250-11,HR 7410,1796,1075149
1-439-250-13,HR 7410,2308,1077308
1-439-250-21,HR 7410,2052,1077349
1-439-250-22,HR 7410,2308,1077390
1-439-252-00,HR 7409,3844,1077431
1-439-252-11,HR 7409,4356,1077472
1-439-254-00,HR 7409,4356,1077513
1-439-254-11,HR 7409,4868,1077554
1-439-254-12,HR 7409,5124,1077595
1-439-254-13,HR 7409,5380,1077636
1-439-254-21,HR 7409,5124,1077677
1-439-256-00,HR 6404,3332,1077718
1-439-256-11,HR 6404,3844,1077759
1-439-256-21,HR 6404,4100,1077800
1-439-256-22,HR 6404,4356,1077841
1-439-273-00,HR 6416,3844,1077882
1-439-273-11,HR 6416,4356,1077923
1-439-273-12,HR 6416,4612,1077964
1-439-276-00,HR 6414,4100,1078005
1-439-276-11,HR 6414,4612,1078046
1-439-276-12,HR 6414,4868,1078087
1-439-276-21,HR 6414,4868,1078128
1-439-280-00,HR 6407,3332,1078169
1-439-280-11,HR 6407,3844,1078210
1-439-280-13,HR 6407,4356,1080369
1-439-280-21,HR 6407,4100,1080410
1-439-280-22,HR 6407,4356,1080451
1-439-280-31,HR 6407,4356,1080492
1-439-286-00,HR 6412,3844,1080533
1-439-286-11,HR 6412,4356,1080574
1-439-286-12,HR 6412,4612,1080615
1-439-286-13,HR 6412,4868,1080656
1-439-286-21,HR 6412,4612,1080697
1-439-288-00,HR 6405,4868,1080738
1-439-288-11,HR 6405,5380,1080779
1-439-288-12,HR 6405,5636,1080820
1-439-288-21,HR 6405,5636,1080861
1-439-288-32,HR 6405,6148,1080902
1-439-289-00,HR 6413,4868,1080943
1-439-289-11,HR 6413,5380,1080984
1-439-289-12,HR 6413,5636,1081025
1-439-289-21,HR 6413,5636,1081066
1-439-289-22,HR 6413,5892,1081107
1-439-289-31,HR 6413,5892,1081148
1-439-294-00,HR 7404,4100,1081189
1-439-294-11,HR 7404,4612,1081230
1-439-294-21,HR 7405,5124,1081271
1-439-299-00,HR 7405,5636,1081312
1-439-299-11,HR 7405,6148,1083429
1-439-303-00,HR 6408,2564,1083470
1-439-303-11,HR 6408,3076,1083511
1-439-303-12,HR 6408,3332,1083552
1-439-303-31,HR 6408,3588,1083593
1-439-303-32,HR 6408,3844,1083634
1-439-303-41,HR 6408,3844,1083675
1-439-311-00,HR 7407,2308,1083716
1-439-311-11,HR 7407,2820,1083757
1-439-311-12,HR 7407,3076,1083798
1-439-311-13,HR 7407,3332,1083839
1-439-311-21,HR 7406,2820,1083880
1-439-311-22,HR 7406,3076,1083921
1-439-311-23,HR 7406,3332,1083962
1-439-311-31,HR 7407,3332,1084003
1-439-311-32,HR 7407,3588,1084044
1-439-313-11,HR 7407,3332,1084085
1-439-331-00,HR 7400,1028,1084126
1-439-331-11,HR 7400,1540,1084167
1-439-331-12,HR 7400,1796,1084208
1-439-331-21,HR 7400,1796,1084249
1-439-331-22,HR 7400,2052,1084290
1-439-331-31,HR 7400,2052,1084331
1-439-331-32,HR 7400,2308,1084372
1-439-331-52,HR 7401,3076,1086531
1-439-332-00,HR 6400,1028,1086572
1-439-332-11,HR 6400,1540,1086613
1-439-332-21,HR 6400,1796,1086654
1-439-332-31,HR 6401,2308,1086695
1-439-332-32,HR 6403,3076,1086736
1-439-332-41,HR 6402,2820,1086777
1-439-332-42,HR 6403,3332,1086818
1-439-332-49,HR 6403,5124,1086859
1-439-332-52,HR 6403,3588,1086900
1-439-333-00,HR 7408,3588,1086941
1-439-333-11,HR 7408,4100,1086982
1-439-333-12,HR 7408,4356,1087023
1-439-333-13,HR 7408,4612,1087064
1-439-333-14,HR 7408,4868,1087105
1-439-333-21,HR 7408,4356,1087146
1-439-333-22,HR 7408,4612,1087187
1-439-334-00,HR 7412,2564,1087228
1-439-334-11,HR 7412,3076,1087269
1-439-334-12,HR 7412,3332,1087310
1-439-334-13,HR 7412,3588,1087351
1-439-334-21,HR 7412,3332,1087392
1-439-339-00,HR 6677,6916,1087433
1-439-339-12,HR 6677,7684,1089592
1-439-339-13,HR 6677,7940,1089633
1-439-339-14,HR 6677,8196,1089674
1-439-351-00,HR 7414,2820,1089715
1-439-351-11,HR 7414,3332,1089756
1-439-351-12,HR 7415,3844,1089797
1-439-351-13,HR 7414,3844,1089838
1-439-351-21,HR 7414,3588,1089879
1-439-351-22,HR 7415,4100,1089920
1-439-357-00,HR 7413,4100,1089961
1-439-357-11,HR 7413,4612,1090002
1-439-357-12,HR 7413,4868,1090043
1-439-363-00,HR 7403,3076,1090084
1-439-363-05,HR 7403,4356,1090125
1-439-363-11,HR 7403,3588,1090166
1-439-363-12,HR 7403,3844,1090207
1-439-363-13,HR 7403,4100,1090248
1-439-363-21,HR 7403,3844,1090289
1-439-363-31,HR 7403,4100,1090330
1-439-363-32,HR 7403,4356,1090371
1-439-372-00,HR 6415,3588,1090412
1-439-372-05,HR 6415,4868,1090453
1-439-372-11,HR 6415,4100,1090494
1-439-372-12,HR 6415,4356,1091621
1-439-372-13,HR 6415,4612,1091662
1-439-372-21,HR 6415,4356,1091703
1-439-372-22,HR 6415,4612,1091744
1-439-372-32,HR 6415,4868,1091785
1-439-387-11,HR 7402,4868,1091826
1-439-387-13,HR 7402,5380,1091867
1-439-387-21,HR 7402,5124,1091908
1-439-416-11,HR 7244,4100,1091949
1-439-416-12,HR 7244,4356,1091990
1-439-416-21,HR 7244,4356,1092031
1-439-416-22,HR 7244,4612,1092072
1-439-416-23,HR 7244,4868,1092113
1-439-416-26,HR 7244,5636,1092154
1-439-416-31,HR 7244,4612,1092195
1-439-416-41,HR 7244,4868,1092236
1-439-416-51,HR 7243,4868,1092277
1-439-416-52,HR 7243,5124,1092318
1-439-416-61,HR 7244,5380,1092359
1-439-416-71,HR 7244,5636,1092400
1-439-421-00,HR 7416,2820,1092441
1-439-421-11,HR 7416,3332,1092482
1-439-421-12,HR 7416,3588,1092523
1-439-421-21,HR 7416,3588,1092564
1-439-421-51,HR 7416,4356,1094723
1-439-421-61,HR 7416,4612,1094764
1-439-423-11,HR 7245,3844,1094805
1-439-423-12,HR 7245,4100,1094846
1-439-423-21,HR 7245,4100,1094887
1-439-423-22,HR 7245,4356,1094928
1-439-423-31,HR 7245,4356,1094969
1-439-423-32,HR 7245,4612,1095010
1-439-423-33,HR 7245,4868,1095051
1-439-423-41,HR 7245,4612,1095092
1-439-423-51,HR 7337,5380,1095133
1-439-423-61,HR 7337,5636,1095174
1-439-423-62,HR 7337,5892,1095215
1-439-424-11,HR 7416,4100,1095256
1-439-424-21,HR 7416,4356,1095297
1-439-424-31,HR 7416,4612,1095338
1-439-426-11,HR 7245,4612,1095379
1-439-426-21,HR 7245,4868,1095420
1-439-430-11,HR 7411,2052,1095461
1-439-430-21,HR 7411,2308,1095502
1-439-432-00,HR 7411,2052,1095543
1-439-432-11,HR 7411,2564,1095584
1-439-432-21,HR 7411,2820,1095625
1-439-482-00,HR 8518,5636,1097784
1-439-482-11,HR 8518,6148,1097825
1-439-482-12,HR 8518,6404,1097866
1-439-483-11,HR 8518,6404,1097907
1-439-493-00,HR 7243,4612,1097948
1-439-493-11,HR 7243,5124,1097989
1-439-493-12,HR 7243,5380,1098030
1-439-498-00,HR 8195,7684,1098071
1-439-498-11,HR 8195,8196,1098112
1-439-498-12,HR 8195,8452,1098153
1-439-498-21,HR 8195,8452,1098194
1-439-498-22,HR 8195,8708,1098235
1-439-498-31,HR 8195,8708,1098276
1-439-498-41,HR 8195,8964,1098317
1-439-498-51,HR 8195,9220,1098358
1-439-498-57,HR 8195,10756,1098399
1-439-498-71,HR 8195,9732,1098440
1-439-498-72,HR 8195,9988,1098481
1-439-502-00,HR 8215,2308,1098522
1-439-502-11,HR 8215,2820,1098563
1-439-502-31,HR 8215,3332,1098604
1-439-530-00,HR 7777,5636,1098645
1-439-530-11,HR 7777,6148,1098686
1-439-530-13,HR 7777,6660,1101861
1-439-530-21,HR 7777,6404,1101902
1-439-530-51,HR 7777,7172,1101943
1-439-543-11,HR 46106,16644,1101984
1-439-543-13,HR 46106,17156,1102026
1-439-543-21,HR 46106,16900,1102068
1-439-543-31,HR 46106,17156,1102110
1-439-543-41,HR 46106,17412,1102152
1-439-543-51,HR 46106,17668,1102194
1-439-793-11,HR 7243,5892,1102236
1-449-275-12,HR 9559,8196,1102277
1-449-275-21,HR 9559,8196,1102318
1-449-275-22,HR 9559,8452,1102359
1-450-038-11,HR 9807,4100,1102400
1-450-217-11,HR 9560,2820,1102441
1-450-217-21,HR 9560,3076,1102482
1-450-217-22,HR 9560,3332,1102523
1-453-118-11,HR 46106,15108,1102564
1-453-123-11,HR 46106,14084,1102606
1-453-123-12,HR 46106,14340,1102648
1-453-134-11,HR 46106,14596,1102690
1-453-134-12,HR 46106,14852,1102732
1-453-142-11,HR 7416,2308,1102774
1-453-142-21,HR 7416,2564,1102815
1-453-146-11,HR 8195,4612,1104933
1-453-146-12,HR 8195,4868,1104974
1-453-146-13,HR 8195,5124,1105015
1-453-146-21,HR 8195,4868,1105056
1-453-146-22,HR 8195,5124,1105097
1-453-153-11,HR 46106,14852,1105138
1-453-153-12,HR 46106,15108,1105180
1-453-170-11,HR 46106,14596,1105222
1-453-171-11,HR 46106,14852,1105264
1-453-171-21,HR 46106,15108,1105306
1-453-173-00,HR 7243,2308,1105348
1-453-173-11,HR 7243,2820,1105389
1-453-179-11,HR 7337,5380,1105430
1-453-179-12,HR 7337,5636,1105471
1-453-186-11,HR 7973,6404,1105512
1-453-188-11,HR 7391,5380,1105553
1-453-188-21,HR 7391,5636,1105594
1-453-189-11,HR 8293,6148,1105635
1-453-189-12,HR 8293,6404,1105676
1-453-191-11,HR 8172,3332,1105717
1-453-199-11,HR 7762,6404,1105758
1-453-200-11,HR 7762,2052,1105799
1-453-207-00,HR 8193,3076,1105840
1-453-207-11,HR 8193,3588,1105881
1-453-208-11,HR 8394,4612,1106975
1-453-209-11,HR 8254,3588,1107016
1-453-210-00,HR 8209,1028,1107057
1-453-210-11,HR 8209,1540,1107098
1-453-211-00,HR 8208,1028,1107139
1-453-211-10,HR 8208,1284,1107180
1-453-211-11,HR 8208,1540,1107221
1-453-212-11,HR 7777,4356,1107262
1-453-216-11,HR 8254,3076,1107303
1-453-217-11,HR 8256,3844,1107344
1-453-219-11,HR 8578,6148,1107385
1-453-220-11,HR 7364,2052,1107426
1-453-220-12,HR 7364,2308,1107467
1-453-221-11,HR 8172,1796,1107508
1-453-221-12,HR 8172,2052,1107549
1-453-222-11,HR 8566,3844,1107590
1-453-222-21,HR 8566,4100,1107631
1-453-229-11,HR 8211,2308,1107672
1-453-238-11,HR 8569,6404,1107713
1-453-238-12,HR 8569,6660,1107754
1-453-238-21,HR 8569,6660,1107795
1-453-240-11,HR 46128,34820,1107836
1-453-240-21,HR 46128,35076,1107879
1-453-248-11,HR 8569,6660,1107922
1-453-254-11,HR 8211,1796,1110081
1-453-263-11,HR 7337,3844,1110122
1-453-264-11,HR 8372,4100,1110163
1-453-265-00,HR 8372,3844,1110204
1-453-265-11,HR 8372,4356,1110245
1-453-266-11,HR 8187,5636,1110286
1-453-268-11,HR 8220,3076,1110327
1-453-268-21,HR 8220,3332,1110368
1-453-279-11,HR 8592,6660,1110409
1-453-283-11,HR 8208,3844,1110450
1-453-283-21,HR 8208,4100,1110491
1-453-286-11,HR 8534,5124,1110532
1-453-286-21,HR 8534,5380,1110573
1-453-298-11,HR 8577,7684,1110614
1-453-299-11,HR 7405,5124,1110655
1-453-307-11,HR 8569,5636,1110696
1-453-308-11,HR 8579,6148,1110737
1-453-308-21,HR 8579,6404,1110778
1-453-308-31,HR 8579,6660,1110819
1-453-314-11,HR 7946,4612,1110860
1-453-314-21,HR 8579,5636,1110901
1-453-316-11,HR 7946,5124,1110942
1-453-316-21,HR 7946,5380,1110983
1-453-325-11,HR 8638,4868,1113142
1-453-326-11,HR 8580,4100,1113183
1-453-331-11,HR 8567,4356,1113224
1-453-331-21,HR 8567,4612,1113265
1-453-340-11,HR 8638,4100,1113306
1-453-340-21,HR 8638,4356,1113347
1-453-340-31,HR 8638,4612,1113388
1-453-344-11,HR 7979,6916,1113429
1-453-344-21,HR 7979,7172,1113470
1-453-345-11,HR 7946,5636,1113511
1-453-347-11,HR 8592,5636,1113552
1-453-354-11,HR 8635,4612,1113593
1-453-361-11,HR 8182,3332,1113634
1-453-372-11,HR 8579,6404,1113675
1-453-498-11,HR 8195,7172,1113716
1-453-498-21,HR 8195,7428,1113757
1-453-498-71,HR 8195,8708,1113798
1-453-543-11,HR 46106,15620,1113839
1-453-543-31,HR 46106,16132,1113881
1-456-498-21,HR 8195,8196,1113923
1-456-498-71,HR 8195,9476,1113964
1-482-008,HR 42087,64771,1114005
1-482-008-00,HR 42087,35332,1114045
1-482-008-01,HR 42087,35588,1116197
1-482-024,HR 42000,60419,1116240
1-482-024-01,HR 42000,31236,1116280
1-482-035,HR 42040,61955,1116323
1-482-035-00,HR 42040,32516,1116363
1-482-035-01,HR 42040,32772,1116406
1-482-039,HR 2287 T11,42244,1116449
1-482-039-00,HR 2287 T11,12805,1116492
1-482-039-01,HR 2287 T11,13061,1116538
1-482-046,HR 42061,63235,1116584
1-482-046-00,HR 42061,33796,1116624
1-482-046-01,HR 42061,34052,1116667
1-482-049,HR 42081,64515,1116710
1-482-049-00,HR 42081,35076,1116750
1-482-049-01,HR 42081,35332,1116793
1-482-049-02,HR 42081,35588,1116836
1-482-049-03,HR 42081,35844,1116879
1-482-049-10,HR 42081,35332,1116922
1-482-049-20,HR 42081,35588,1116965
1-482-050,HR 46021,61955,1117008
1-482-050-02,HR 46021,33028,1117048
1-482-052,HR 42034,62467,1117091
1-482-052-01,HR 42034,33284,1117131
1-482-052-20,HR 42034,33540,1119294
1-482-058,HR 42112,63235,1119337
1-482-058-00,HR 42112,33796,1119377
1-482-058-01,HR 42112,34052,1119420
1-482-058-02,HR 42112,34308,1119463
1-482-058-03,HR 42112,34564,1119506
1-482-061,HR 42061,62467,1119549
1-482-061-01,HR 42061,33284,1119589
1.13.3228,HR 2287 T9,30468,1069768
1.13.3237.00,HR 2287 T30,57860,1069810
1.13.3237.01,HR 2287 T30,58116,1069855
1.13.3254.00,HR 2287 T22,12037,1069900
1.33.021670,HR 5665,58115,1069946
1.33.021670.0,HR 5665,16644,1069986
1.33.021670.0/00,HR 5665,53252,1070028
1.33.021670.00/00,HR 5665,5,1072195
1.33.021855,HR 9709,60163,1072241
1.33.023450,HR 5662,56835,1072281
1.33.023450.4/00,HR 5662,52996,1072321
10.0006,HR 2272 R,32259,1119674
10.0017,HR 2270 V2,46083,1119712
10.0019,HR 2270 V4,47107,1119751
10.0021,HR 2268 TRSI,28676,1119790
10.0028,HR 002,54530,1119831
10.0030,HR 2270 V1,44547,1119866
10.0036,HR 2274 T20S,14852,1119905
10.0046,HR 046,56578,1119946
10.0057,HR 631,57090,1119981
10.0071,HR 2269 T11S,15620,1120016
10.0073,HR 2280 T8S,3588,1120057
10.0086,HR 502,56834,1120097
10.0090,HR 090,56066,1120132
10.0095,HR 2268 TRSI,31492,1120167
10.0109,HR 2274 T35S,16644,1120208
10.0114,HR 236,55810,1121343
10.0115,HR 0068 T3S,2052,1121378
10.0128,HR 2268 RSI,9220,1121418
10.0129,HR 2274 T29S,17924,1121458
10.0130,HR 2274 T22S,14084,1121499
10.0135,HR 2274 T23S,15620,1121540
10.0136,HR 2280 T8S,3588,1121581
10.0138,HR 2268 TRSI,30980,1121621
10.0142,HR 2269 T12S,15620,1121662
10.0150,HR 2274 T22S,14596,1121703
10.0159,HR 2274 T29S,18692,1121744
10.0160,HR 185,56834,1121785
10.0165,HR 2274 T19RS,38660,1121820
10.0170,HR 2274 T30S,14852,1121862
10.0171,HR 0083 S,32771,1121903
10.0174,HR 2269 T11S,16644,1121941
10.0175,HR 2280 T3S,3076,1121982
10.0176,HR 2274 T32S,16900,1122022
10.0179,HR 2274 T29S,19204,1122063
10.0186,HR 2274 T31S,16900,1122104
10.0189,HR 2274 T34S,18436,1122145
10.0196,HR 2274 T26S,18180,1122186
10.0201,HR 2921,2563,1122227
10.0202,HR 2920,2563,1122263
10.0208,HR 2274 T28S,17156,1125441
10.0216,HR 3054,3587,1125482
10.0221,HR 2274 T21S,14084,1125518
10.0224,HR 2280 T9S,3332,1125559
10.0225,HR 2280 T7S,3076,1125599
10.0227,HR 2273 T16S,16388,1125639
10.0230,HR 2280 T8S,2308,1125680
10.0251,HR 185,57090,1125720
10.0256,HR 2274 T33S,16900,1125755
10.0265,HR 2275 R,34819,1125796
10.0286,HR 2274 T33S,17668,1125834
10.0305,HR 2274 T24S,15620,1125875
10.0320,HR 320,54018,1125916
10.0325,HR 2274 T25S,16388,1125951
10.0337,HR 2274 T27S,17668,1125992
10.0362,HR 2280 T10S,14340,1126033
10.475,HR 1663,59650,1126074
10.5000,HR 3615,3331,1126109
10.5000/B,HR 3616,32515,1126145
10.5006,HR 2051,3075,1126183
10.5012,HR 2041,2051,1126219
10.5017,HR 5163,5379,1126255
10.5018,HR 5126,5379,1126291
10.5019,HR 51/01,15875,1126327
10.5020,HR 1707,3843,1126364
10.5021,HR 2063/02,40195,1128477
10.5024,HR 3534,4867,1128516
10.5025,HR 3535,5379,1128552
10.5027,HR 2115,4099,1128588
10.5029,HR 3658,7939,1128624
10.5031,HR 5505,4355,1128660
10.5032,HR 1177,4867,1128696
10.5033,HR 2110,2051,1128732
10.5034,HR 2080/00,40451,1128768
10.5036,HR 3690,6403,1128807
10.5037,HR 3509,6403,1128843
10.5038,HR 3602,5123,1128879
10.5039,HR 2080/10,41987,1128915
10.5040,HR 2050,2307,1128954
10.5041,HR 3504,3843,1128990
10.5042,HR 2013,2563,1129026
10.5045,HR 3605,5379,1129062
10.5046,HR 3503,4867,1129098
10.5047,HR 1197,6915,1129134
10.5048,HR 3601,5123,1129170
10.5049,HR 3114,5123,1129206
10.5050,HR 2052,3075,1129242
10.5051,HR 3103,2819,1129278
10.5052,HR 5610,4355,1129314
10.5053,HR 3609,6147,1129350
10.5054,HR 3604,5123,1129386
10.5056,HR 2053,4867,1129422
10.5058,HR 2155,6147,1130547
10.5059,HR 3542,6659,1130583
10.5060,HR 1117,3587,1130619
10.5061,HR 5525,5635,1130655
10.5062,HR 3519,6147,1130691
10.5064,HR 3515,5635,1130727
10.5068,HR 3612,6147,1130763
100 020 070,HR 6020,44035,1130799
100 21 1038,HRT 244 BP,35332,1130839
100 21 1046,HRT 227 BP,35332,1130882
100 21 1054,HRT 225 BP,34564,1130925
100 21 1062,HRT 227 BP,34820,1130968
100 21 1070,HRT 227 BP,34564,1131011
100 21 1089,HRT 227 BP,37124,1131054
100 21 1097,HRT 254,56835,1131097
100 21 1108,HRT 254,55043,1131137
100 21 1116,HRT 254,54787,1131177
100 21 1116-009,HRT 254,39940,1131217
100 21 1124,HRT 265,55043,1131261
100 21 1132,HRT 255,54531,1131301
100 21 1140,HRT 911,54019,1131341
100 21 1140/211,HRT 911,38404,1131381
100 21 1159,HRT 264,56835,1131425
100 21 1167,HRT 265,56835,1131465
100 21 1183,HRT 403,54787,1133622
100 21 3116/111,HRT 913,39940,1133662
100-40111,HR 42006,59395,1133706
1000000069,HR 7047,44035,1133746
1000004400,HR 1843/60,14340,1133785
1000005600,HR 1843/87,17412,1133827
10000110,HR 7141,14851,1133869
1000020900,HR 6362,42755,1133906
100065.20,HR 6456,31491,1133945
10006520,HR 6456,19715,1133983
100066.20,HR 6456,31747,1134020
10006620,HR 6456,19971,1134058
100351.40,HR 6457,31747,1134095
100351.60,HR 6460,30723,1134133
10035140,HR 6457,19971,1134171
10035160,HR 6460,18947,1134208
100402,HR 6662,58626,1134245
100402086,HR 7296,34563,1134280
100427.60,HR 6459,33795,1134318
10042760,HR 6459,22019,1134356
100681.30,HR 7535,32515,1134393
10068130,HR 7535,20739,1134431
100796.50,HR 6458,35587,1134468
100796.60,HR 6461,34307,1134506
10079660,HR 6461,22531,1136698
100796G0.P1,HR 6461,6148,1134544
100897.40,HR 6463,34819,1136735
10089740,HR 6463,23043,1136773
100906.20,HR 8275,32771,1136810
10090620,HR 8275,20995,1136848
100913.50,HR 7497,34307,1136885
10091350,HR 7497,22531,1136923
101 703 7,HR 025,9219,1136960
101-114002-04,HR 7737,14852,1136997
101-200009-04,HR 7483,15108,1137039
101-210001-03,HR 7630,11524,1137081
101-214001-04,HR 7457,14596,1137123
101-214002-05,HR 7457,15108,1137165
101-214004-03,HR 7431,13060,1137207
101-214004-03 A,HR 7431,37892,1137249
101-214008-11,HR 7491,15364,1137293
101-214009-03,HR 8497,17668,1137335
101-214009-03 A,HR 8497,42500,1137377
101-214017-03,HR 7491,15620,1137421
101-214018-03,HR 7491,15876,1137463
101-214018-04,HR 7491,16132,1137505
101-214020-04,HR 7834,14596,1137547
101-214020-04 A,HR 7834,39428,1137589
101-214022-04,HR 7737,15620,1137633
101-214022-04 A,HR 7737,40452,1139749
101-220001-07,HR 7443,13316,1139793
101-220002-03,HR 7900,12036,1139835
101-220002-04,HR 7900,12292,1139877
101-220003-03,HR 7900,12292,1139919
101-220004-03,HR 7900,12548,1139961
101-220005-01,HR 7679,15620,1140003
101-220005-01 B,HR 7679,40708,1140045
101-220005-03,HR 7443,13316,1140089
101-220005-03 A,HR 7443,38148,1140131
101-220006-01,HR 8621,12804,1140175
101-220006-04,HR 7443,13828,1140217
101-220027-07,HR 7438,16388,1140259
101-221002-01,HR 8447,13572,1140301
101-221002U01,HR 8447,23812,1140343
101-223050-9 A,HR 7443,28164,1140385
101-226003-01,HR 7920,13828,1140428
101-226003-01 A,HR 7920,38660,1140470
101-228002-01,HR 8183,14596,1140514
101-228002-06,HR 8183,15876,1140556
101-228003-01,HR 8121,12804,1140598
101-228003-06,HR 8573,16900,1140640
101-418113-94,HR 7457,19460,1140682
10100090,HR 9442,18435,1144887
1010048,HR 7731,6659,1144924
101093.40,HR 9817,33539,1144960
10109340,HR 9817,21763,1145038
101093EO.P1,HR 9817,13316,1144998
1011.2230,HR 2282 T3,5892,1145075
1013216,HR 6362,6403,1145116
101565.60,HR 7550,33027,1145152
10156560,HR 7550,21251,1145190
101590.50,HR 6462,32515,1145227
10159050,HR 6462,20739,1145305
101590F0.P2,HR 6462,4612,1145265
101656.50,HR 7550,33027,1145342
101656.60,HR 6680,34051,1145380
10165650,HR 7550,21251,1145418
10165660,HR 6680,22275,1145455
1017 037 0,HR 2267,36355,1145492
101763.70,HR 6575,34819,1145531
10176370,HR 6575,23043,1145569
102057.40,HR 7944,33539,1145606
10205740,HR 7944,21763,1145644
102078.90,HR 6464,34563,1145681
10207890,HR 6464,22787,1145759
102078J0.P1,HR 6464,6404,1145719
1021.2250,HR 2280 TS,14340,1145796
102291.70,HR 6576,34307,1147941
10229170,HR 6576,22531,1147979
102386.90,HR 6615,34563,1148016
10238690,HR 6615,22787,1148054
102466.60,HR 7229,34051,1148091
10246660,HR 7229,22275,1148129
102483.70,HR 7653,34307,1148166
10248370,HR 7653,22531,1148204
102706.40,HR 7360,31747,1148279
102706.E0,HR 7360,36099,1148241
10270640,HR 7360,19971,1148354
102706E0,HR 7360,24323,1148317
102756.40,HR 7360,33027,1148391
10275640,HR 7360,21251,1148429
102910.90,HR 7511,31747,1148466
10291090,HR 7511,19971,1148504
102978.30,HR 9483,36355,1148541
10297830,HR 9483,24579,1148579
103 250 50,HR 1677,36611,1148616
103015.10,HR 7591,30979,1148655
10301510,HR 7591,19203,1148693
103039.40,HR 6599,35075,1148730
10303940,HR 6599,23299,1148768
1031.3220,HR 2274 T36S,41732,1148805
1031.3230,HR 2274 T36S,41988,1148848
1031.3290,HR 2274 T27S,43524,1148891
1031.3800,HR 2274 T37S,43012,1149989
103180.20,HR 8204,29955,1150032
10318020,HR 8204,18179,1150070
103194.10,HR 7360,31491,1150145
103194.11,HR 7360,31747,1150183
103194.80,HR 7360,33283,1150221
103194.B0,HR 7360,35843,1150107
10319410,HR 7360,19715,1150259
10319411,HR 7360,19971,1150296
103348.70,HR 7588,36355,1150333
10334870,HR 7588,24579,1150371
103378.20,HR 7290,33283,1150408
10337820,HR 7290,21507,1150446
103381.30,HR 7291,32259,1150483
103381.40,HR 8396,34307,1150521
10338130,HR 7291,20483,1150559
10338140,HR 8396,22531,1150596
1034.5090,HR 7511,31747,1150633
103401.60,HR 6623,30723,1150671
103401.80,HR 6630,30723,1150709
10340160,HR 6623,18947,1150747
10340180,HR 6630,18947,1150784
103402.10,HR 7229,30467,1150821
10340210,HR 7229,18691,1150859
103416.50,HR 6615,32259,1150896
10341650,HR 6615,20483,1150934
10342010,HR 7229,18691,1153086
103450.90,HR 7511,31747,1153123
10345090,HR 7511,19971,1153161
103451.10,HR 7513,30467,1153198
103451.30,HR 7291,31747,1153236
103451.60,HR 7293,33027,1153274
10345110,HR 7513,18691,1153312
10345130,HR 7291,19971,1153349
10345160,HR 7293,21251,1153386
103460.20,HR 7919,33283,1153423
10346020,HR 7919,21507,1153461
103473.70,HR 7574,34819,1153498
10347370,HR 7574,23043,1153536
103481.60,HR 7293,33795,1153573
10348160,HR 7293,22019,1153611
103490.90,HR 7925,35075,1153648
10349090,HR 7925,23299,1153686
10349090.P1,HR 7925,2564,1153723
103524.09,HR 7513,32771,1153763
103524.90,HR 7513,32771,1153801
10352409,HR 7513,20995,1153839
10352490,HR 7513,20995,1153876
103544.90,HR 7882,35587,1153913
10354490,HR 7882,23811,1153951
103553.40,HR 8280,32515,1153988
103553.50,HR 7344,32771,1156133
103553.60,HR 7284,33795,1156171
10355340,HR 8280,20739,1156209
10355350,HR 7344,20995,1156246
10355360,HR 7284,22019,1156283
103583.40,HR 8120,31491,1156320
10358340,HR 8120,19715,1156358
103590.70,HR 6463,33795,1156395
103590.80,HR 6114,32259,1156433
10359070,HR 6463,22019,1156471
10359080,HR 6114,20483,1156508
103601.10,HR 7919,32259,1156545
103601.20,HR 8221,29187,1156583
10360110,HR 7919,20483,1156621
10360120,HR 8221,17411,1156658
103644.60,HR 7774,35075,1156695
103644.70,HR 7813,33795,1156733
10364460,HR 7774,23299,1156771
10364470,HR 7813,22019,1156808
103650.50,HR 9868,35587,1156845
10365050,HR 9868,23811,1156883
103696.90,HR 8009,35587,1156958
103696.J0,HR 8009,39939,1156920
10369690,HR 8009,23811,1157033
103696J0,HR 8009,28163,1156996
103701.80,HR 7394,33539,1157070
103707.50,HR 7934,34307,1158198
10370750,HR 7934,22531,1158236
103721.50,HR 6663,32771,1158273
10372150,HR 6663,20995,1158351
103721F0.P1,HR 6663,4612,1158311
103741.30,HR 7520,30979,1158388
10374130,HR 7520,19203,1158426
103744.00,HR 7172,31747,1158463
10374400,HR 7172,19971,1158501
103794.40,HR 7293,35075,1158538
10379440,HR 7293,23299,1158576
103836.70,HR 7511,33283,1158613
10383670,HR 7511,21507,1158651
103853.30,HR 7565,34307,1158688
10385330,HR 7565,22531,1158726
103870.40,HR 7595,35075,1158763
10387040,HR 7595,23299,1158801
104038.30,HR 8232,31235,1158838
10403830,HR 8232,19459,1158876
104050.50,HR 7916,32259,1158913
104050.60,HR 7644,32003,1158951
10405050,HR 7916,20483,1158989
10405060,HR 7644,20227,1159026
104061.60,HR 7360,31235,1159063
10406160,HR 7360,19459,1159101
104106.50,HR 7340,30467,1162277
104106.F0,HR 7340,34819,1159138
10410650,HR 7340,18691,1162355
104106F0.P1,HR 7340,2308,1162315
1042.0002,HR 7592,30723,1162392
104359.50,HR 8003,32259,1162430
10435950,HR 8003,20483,1162468
104370.20,HR 8575,33283,1162505
10437020,HR 8575,21507,1162543
104402.80,HR 7385,33283,1162580
10440280,HR 7385,21507,1162655
104402I0,HR 7385,25859,1162618
104417.80,HR 8047,33795,1162692
10441780,HR 8047,22019,1162730
104461.80,HR 8022,31747,1162767
104461.90,HR 8022,32003,1162805
10446180,HR 8022,19971,1162843
10446190,HR 8022,20227,1162880
104501.90,HR 8002,30211,1162917
10450190,HR 8002,18435,1162955
104513.10,HR 7128,30979,1162992
104513.11,HR 7128,31235,1163030
10451310,HR 7128,19203,1163068
10451311,HR 7128,19459,1163105
104525.20,HR 7360,31491,1163142
104525.30,HR 7360,31747,1163180
104525.40,HR 8228,33027,1163218
10452530,HR 7360,19971,1165370
10452540,HR 8228,21251,1165407
104527.20,HR 6260,31491,1165444
104527.50,HR 6354,33283,1165482
10452720,HR 6260,19715,1165520
10452750,HR 6354,21507,1165557
104529.20,HR 6354,33027,1165594
10452920,HR 6354,21251,1165632
104586.40,HR 8055,34307,1165707
104586.50,HR 8035,34051,1165745
104586.F0,HR 8035,38403,1165669
10458640,HR 8055,22531,1165783
10458640.P1,HR 8055,1796,1165820
10458650,HR 8035,22275,1165860
104627.70,HR 8048,34563,1165897
104627.80,HR 7535,34819,1165935
104627.90,HR 7535,35075,1165973
10462770,HR 8048,22787,1166049
10462780,HR 7535,23043,1166086
10462790,HR 7535,23299,1166123
104627:80,HR 7535,37891,1166011
104703.20,HR 7928,33539,1166160
10470320,HR 7928,21763,1166198
10470320 P2,HR 7928,63235,1166235
10470320.P2,HR 7928,1284,1166275
104710.40,HR 7128,31491,1167397
10471040,HR 7128,19715,1167435
104745.20,HR 7126,32515,1167472
10474520,HR 7126,20739,1167510
104759.20,HR 7307,34051,1167547
10475920,HR 7307,22275,1167585
104871.80,HR 7140,33027,1167622
10487180,HR 7140,21251,1167660
104872.10,HR 7316,32771,1167697
10487210,HR 7316,20995,1167735
105009.80,HR 8317,33283,1167772
10500980,HR 8317,21507,1167810
10500980.P1,HR 8317,772,1167847
105011.60,HR 8556,32259,1167887
10501160,HR 8556,20483,1167925
105096.70,HR 9436,35331,1167962
10509670,HR 9436,23555,1168000
105108.70,HR 6666,34307,1168037
10510870,HR 6666,22531,1168075
1051099,HR 7218,9475,1168112
105120.90,HR 7543,32003,1168148
10512090,HR 7543,20227,1168186
105121.70,HR 8033,30467,1168223
10512170,HR 8033,18691,1168261
105143.90,HR 8326,33283,1168298
10514390,HR 8326,21507,1168336
10516050,HR 8201,18179,1170488
10516050-P4,HR 8201,63491,1170525
105163.20,HR 7338,32515,1170565
10516320,HR 7338,20739,1170603
105177.20,HR 6672,33795,1170640
105177.40,HR 6684,35075,1170678
105177.50,HR 6676,35587,1170716
10517720,HR 6672,22019,1170754
10517740,HR 6684,23299,1170791
10517750,HR 6676,23811,1170828
105213.10,HR 6648,32003,1170865
10521310,HR 6648,20227,1170903
105249.12,HR 7218,33283,1170940
10524912,HR 7218,21507,1170978
105290.50,HR 7950,33539,1171015
10529050,HR 7950,21763,1171053
105295.80,HR 8036,34563,1171090
10529580,HR 8036,22787,1171128
10531460,HR 8317,20739,1171165
105319.80,HR 8032,32771,1171202
10531980,HR 8032,20995,1171240
105327.50,HR 8005,31747,1171277
105327.80,HR 7344,33795,1171315
105327.90,HR 7340,33027,1171353
10532750,HR 8005,19971,1171391
10532780,HR 7344,22019,1171428
10532790,HR 7340,21251,1173541
105328.20,HR 8024,31491,1173578
105328.30,HR 7385,34051,1173616
105328.70,HR 8003,32003,1173654
105328.80,HR 8022,32515,1173692
105328.90,HR 7941,35075,1173730
10532820,HR 8024,19715,1173768
10532830,HR 7385,22275,1173805
10532870,HR 8003,20227,1173842
10532880,HR 8022,20739,1173879
10532890,HR 7941,23299,1173916
105329.10,HR 7914,33283,1173953
105329.20,HR 8064,32771,1173991
10532910,HR 7914,21507,1174029
10532920,HR 8064,20995,1174066
105330.70,HR 7925,33283,1174103
10533070,HR 7925,21507,1174141
1053491-2,HR 7218,33283,1174178
105373.20,HR 6685,34307,1174216
10537320,HR 6685,22531,1174254
105385.60,HR 9566,36355,1174291
10538560,HR 9566,24579,1174329
105394.30,HR 7950,34307,1174366
10539430,HR 7950,22531,1174404
105403.70,HR 8069,33539,1174441
10540370,HR 8069,21763,1174479
105411.80,HR 8550,32259,1175607
10541130,HR 8228,19715,1175645
10541180,HR 8550,20483,1175682
105429.71,HR 8007,33795,1175719
10542971,HR 8007,22019,1175757
105440.40,HR 9486,34051,1175794
10544040,HR 9486,22275,1175832
105443.50,HR 9490,33795,1175869
10544350,HR 9490,22019,1175907
105470.90,HR 7917,35331,1175944
10547090,HR 7917,23555,1175982
105511.70,HR 6674,33539,1176019
10551170,HR 6674,21763,1176057
105524.50,HR 8025,32003,1176094
10552450,HR 8025,20227,1176132
10552450.P3,HR 8025,4,1176169
10552450P2,HR 8025,53507,1176209
105550.10,HR 8604,31491,1176248
10555010,HR 8604,19715,1176286
105601.70,HR 8064,32259,1176323
105601.80,HR 8058,33283,1176361
10560170,HR 8064,20483,1176399
10560180,HR 8058,21507,1176436
10560180.P1,HR 8058,772,1176473
105608.20,HR 7656,34307,1176513
10560820,HR 7656,22531,1178661
105656.70,HR 8020,32771,1178698
10565670,HR 8020,20995,1178736
105660.60,HR 8316,33283,1178773
10566060,HR 8316,21507,1178811
10566060.P2,HR 8316,1028,1178848
105677.40,HR 8345,35331,1178888
10567740,HR 8345,23555,1178926
105767.40,HR 6670,35075,1178963
10576740,HR 6670,23299,1179001
10576740.P3,HR 6670,3076,1179038
105768.40,HR 7934,36355,1179078
10576840,HR 7934,24579,1179116
105773.50,HR 8056,34563,1179153
10577350,HR 8056,22787,1179191
105880.80,HR 8317,35075,1179228
10588080,HR 8317,23299,1179266
10588080.P2,HR 8317,2820,1179303
105936.30,HR 8320,32771,1179343
105936.40,HR 8029,34563,1179381
10593630,HR 8320,20995,1179419
10593640,HR 8029,22787,1179456
106001.90,HR 8071,30979,1179493
10600190,HR 8071,19203,1179531
106015.30,HR 8025,30467,1179568
10601530,HR 8025,18691,1179606
106061.40,HR 9106,31235,1182784
10606140,HR 9106,19459,1182822
106086.40,HR 8405,33283,1182859
106086.50,HR 8316,33795,1182897
106086.70,HR 8317,34563,1182935
106086.80,HR 8117,34307,1182973
10608640,HR 8405,21507,1183011
10608640.P1,HR 8405,772,1183048
10608640.P2,HR 8405,1028,1183088
10608650,HR 8316,22019,1183128
10608650.P1,HR 8316,1284,1183165
10608650.P2,HR 8316,1540,1183205
10608670,HR 8317,22787,1183245
10608670.P1,HR 8317,2052,1183282
10608680,HR 8117,22531,1183322
106122.80,HR 8526,33027,1183359
10612280,HR 8526,21251,1183397
106152.60,HR 8441,32259,1183434
10615260,HR 8441,20483,1183472
106404.80,HR 7384,34051,1183509
10640480,HR 7384,22275,1183547
106407.50,HR 8419,34051,1183584
106407.60,HR 8469,35587,1183622
10640750,HR 8419,22275,1183660
10640760,HR 8469,23811,1183697
10641600,HR 6648,21507,1184825
106420.60,HR 8469,34307,1184862
106420.70,HR 8549,34307,1184900
10642060,HR 8469,22531,1184938
10642070,HR 8549,22531,1184975
106440.80,HR 7384,34051,1185012
10644080,HR 7384,22275,1185050
106474.10,HR 8627,34307,1185087
106474.40,HR 6670,34051,1185125
10647410,HR 8627,22531,1185163
10647440,HR 6670,22275,1185200
106490.30,HR 8598,36099,1185237
106490.40,HR 8583,34819,1185275
10649030,HR 8598,24323,1185313
10649040,HR 8583,23043,1185350
106520.40,HR 9830,32259,1185387
106520.50,HR 6612,31235,1185425
106520.50 P2,HR 6612,7172,1185463
10652040,HR 9830,20483,1185504
10652050,HR 6612,19459,1185541
10652050 P2,HR 6612,60931,1185578
10652050.P2,HR 6612,64515,1185618
106546.90,HR 8625,35843,1185658
10654690,HR 8625,24067,1185696
106552.20,HR 8336,33027,1185733
10655220,HR 8336,21251,1188901
106583.40,HR 8445,34819,1188938
10658340,HR 8445,23043,1188976
106584.70,HR 8626,36099,1189013
10658470,HR 8626,24323,1189051
10658470.P2,HR 8626,3844,1189088
106626.70,HR 7234,33795,1189128
10662670,HR 7234,22019,1189166
106646.90,HR 8444,35843,1189203
10664690,HR 8444,24067,1189241
106685.50,HR 7250,34051,1189278
10668550,HR 7250,22275,1189316
10668550.P1,HR 7250,1540,1189353
106699.00,HR 8553,35843,1189393
10669900,HR 8553,24067,1189431
10669900-P1,HR 8553,3076,1189468
106724.30,HR 8186,34307,1189508
106724.40,HR 8443,33539,1189546
10672430,HR 8186,22531,1189584
10672440,HR 8443,21763,1189621
106770.80,HR 8545,35587,1189658
10677080,HR 8545,23811,1189696
10677080-P1,HR 8545,2820,1189733
106783.60,HR 8404,34563,1189773
10678360,HR 8404,22787,1189811
10678360-P1,HR 8404,1796,1189848
106793.60,HR 8571,36099,1191965
10679360,HR 8571,24323,1192003
106804.70,HR 8521,33283,1192040
10680470,HR 8521,21507,1192078
106851.00,HR 6614,32259,1192115
10685100.P1,HR 6614,65283,1192153
106914.90,HR 8629,36611,1192193
10691490,HR 8629,24835,1192231
106959.30,HR 8026,35075,1192268
10695930,HR 8026,23299,1192306
106995-102,HR 46034,13828,1192343
107 00516,HR 3122 RSI,29700,1192384
107 9960,HR 025,4355,1192426
107 99600,HR 2267,31491,1192462
1070437140021,HR 7460,18692,1192500
107097.80,HR 8186,36611,1192542
10709780,HR 8186,24835,1192580
10709780-P1,HR 8186,3844,1192657
10709780.P1,HR 8186,4100,1192617
1072.0021,HR 2287 TS,35844,1192697
1072.0443,HR 42048,64515,1192739
1072.0533,HR 42043,63235,1192779
107501.60,HR 7950,33027,1192819
10750160,HR 7950,21251,1192857
108 0530,HR 3122 RSI,16644,1192894
108 05300,HR 530,13059,1194021
108 06130,HR 3122 RSI,29444,1194058
108 10246,HR 6040,27139,1194100
108 20071,HR 3118 TS,12548,1194138
108 30020,HR 2282 T2,3076,1194179
108 30021,HR 2282 T2,3332,1194220
108 30100,HR 7506,46595,1194261
108 30101,HR 7506,46851,1194300
108 30103,HR 7506,47363,1194339
108 30380,HR 7039,29699,1194378
108 30470,HR 7442,29187,1194416
108 30800,HR 7883,30723,1194454
108 30940,HR 8026,29443,1194492
108 30970,HR 8025,29955,1194530
108 30971,HR 8025,30211,1194568
108 30972,HR 8025,30467,1194606
108 30991,HR 8186,32771,1194644
108 31260,HR 7527,29699,1194682
108 31261,HR 7527,29955,1194720
108 31262,HR 7527,30211,1194758
108 31440,HR 7839,31235,1194796
108 31441,HR 7839,31491,1194834
108 31442,HR 7839,31747,1194872
108 31550,HR 7816,30467,1194910
108 31640,HR 8162,29187,1194948
108 31650,HR 8216,29443,1197093
108 33280,HR 3118 TS,14084,1197131
108 62820,HR 7442,30211,1197172
108 62920,HR 7549,32515,1197210
108 63030,HR 7442,28675,1197248
108 63050,HR 7442,29187,1197286
108 63100,HR 7442,28163,1197324
108 63110,HR 7442,28419,1197362
108 63260,HR 7442,29955,1197400
108 63270,HR 7442,30211,1197438
108 63310,HR 7442,28931,1197476
108 63420,HR 7442,29443,1197514
108 63430,HR 7442,29699,1197552
108 63540,HR 7442,30211,1197590
108 63550,HR 7442,30467,1197628
108 63610,HR 7442,29699,1197666
108 63720,HR 7442,30211,1197704
108 63760,HR 7442,31235,1197742
108 63830,HR 7442,30723,1197780
108 63860,HR 7442,31491,1197818
108 63890,HR 7442,32259,1197856
108 63940,HR 7442,31235,1197894
108 63990,HR 7442,32515,1197932
108 936,HR 3122 RSI,6916,1197970
1081.0246,HR 6040,30723,1198010
1082.0071,HR 42073,63491,1198048
1082.0261,HR 2287 T14,39172,1199141
1086.2920,HR 7549,36099,1199184
1090502 A 00,HR 7483,516,1199222
1090924,HR 8196,11011,1199263
109222.00,HR 7127,30979,1199299
10922200,HR 7127,19203,1199337
110067.71,HR 7293,33795,1199374
11006771,HR 7293,22019,1199412
11020926251000,HR 6681,31748,1199449
11027380,HR 42005,51203,1199492
11030939042000,HR 8610,30980,1199531
11040935091000,HR 8542,32260,1199574
1105.0017,HR 7059,31747,1199617
1105.0020,HR 7055,29187,1199655
1105.0027,HR 7055,30979,1199693
1105.0055,HR 7072,30979,1199731
1105.0057,HR 7072,31491,1199769
1105.0065,HR 6018,30979,1199807
1105.0067,HR 6018,31491,1199845
1105.0077,HR 7007,31491,1199883
1105.0095,HR 7052,31491,1199921
1105.0097,HR 7052,32003,1199959
1105.0107,HR 7053,30211,1199997
1105.0117,HR 7054,30723,1200035
1105.0120,HR 7060,28419,1200073
1105.0135,HR 7058,31747,1202226
1105.0137,HR 7005,30211,1202264
1105.0148,HR 7076,52483,1202302
1105.0157,HR 7007,31235,1202341
1105.0187,HR 7016,32003,1202379
1105.0191,HR 7009,31235,1202417
1105.0197,HR 7066,33539,1202455
1105.0200,HR 7015,28163,1202493
1105.0207,HR 7015,29955,1202531
1105.0227,HR 7070,30723,1202569
1105.0237,HR 7079,33283,1202607
1105.0245,HR 7052,30723,1202645
1105.0247,HR 7052,31235,1202683
1105.0270,HR 7019,30979,1202721
1105.0277,HR 7070,32003,1202759
1105.0280,HR 7014,29955,1202797
1105.0287,HR 7069,34307,1202835
1105.0297,HR 7061,52227,1202873
1105.0300,HR 7020,27395,1202912
1105.0307,HR 7072,30979,1202950
1105.0317,HR 7018,31235,1202988
1105.0327,HR 7067,32515,1203026
1105.0338,HR 8034,51459,1203064
1105.0340,HR 7018,30211,1203103
1105.0347,HR 7018,32003,1203141
1105.0367,HR 7074,33027,1206309
1105.0377,HR 7037,33027,1206347
1105.0380,HR 7080,30979,1206385
1105.0387,HR 7080,32771,1206423
1105.0407,HR 7078,32771,1206461
1105.0415,HR 7065,31491,1206499
1105.0427,HR 7063,31747,1206537
1105.0437,HR 7028,32259,1206575
1105.0447,HR 7027,32259,1206613
1105.0457,HR 7062,32259,1206651
1105.0465,HR 7058,33283,1206689
1105.0475,HR 7065,33027,1206727
1105.0487,HR 7063,33283,1206765
1105.0497,HR 7078,35075,1206803
1105.0507,HR 7079,33283,1206841
1105.0517,HR 7085,32771,1206879
1105.0527,HR 7068,33283,1206917
1105.0537,HR 7063,32259,1206955
1105.0547,HR 7074,33027,1206993
1105.0557,HR 7063,32771,1207031
1105.0567,HR 7071,32771,1207069
1105.0577,HR 7031,32003,1207107
1105.0587,HR 7073,33795,1207145
1105.0597,HR 7080,33539,1207183
1105.0607,HR 7130,30467,1207221
1105.0617,HR 7081,32003,1207259
1105.0628,HR 7025,51715,1208350
1105.0637,HR 7114,31747,1208389
1105.0647,HR 7113,31747,1208427
1105.0657,HR 7086,34307,1208465
1105.0667,HR 7087,34819,1208503
1105.0677,HR 7088,35331,1208541
1105.0688,HR 7089,55811,1208579
1105.0697,HR 7090,34051,1208618
1105.0705,HR 7116,31235,1208656
1105.0718,HR 7091,52483,1208694
1105.0727,HR 7092,33027,1208733
1105.0728,HR 7107,52227,1208771
1105.0737,HR 7093,33539,1208810
1105.0748,HR 7077,54275,1208848
1105.0755,HR 7115,32259,1208887
1105.0757,HR 7115,32771,1208925
1105.0765,HR 7168,34563,1208963
1105.0775,HR 7031,32003,1209001
1105.0798,HR 7210,52739,1209039
1105.0808,HR 7185,53507,1209078
1105.0817,HR 6053,32003,1209117
1105.0826,HR 7503,51971,1209155
1105.0847,HR 7201,31747,1209194
1105.0878,HR 7107,53763,1209232
1105.0887,HR 7065,34819,1209271
1105.0897,HR 7130,33283,1209309
1105.0918,HR 7237,53507,1211429
1105.0928,HR 7077,54275,1211468
1105.0938,HR 7211,51971,1211507
1105.0948,HR 8004,52483,1211546
1105.0958,HR 7107,53507,1211585
1105.0977,HR 7342,34307,1211624
1105.1027,HR 7141,30211,1211662
1105.1035,HR 7144,30723,1211700
1105.1068,HR 7220,30979,1211738
1105.1077,HR 7144,32259,1211776
1105.1085,HR 7028,32259,1211814
1105.1107,HR 7151,30211,1211852
1105.1117,HR 7026,30723,1211890
1105.1127,HR 8100,29443,1211928
1105.1148,HR 7035,31747,1211966
1105.1155,HR 7546,33027,1212004
1105.1168,HR 7035,51971,1212042
1105.1177,HR 7344,33027,1212081
1105.1187,HR 7169,34563,1212119
1105.1205,HR 6225,30211,1212157
1105.1207,HR 6225,30723,1212195
1105.1217,HR 7269,33283,1212233
1105.1227,HR 7591,33027,1212271
1105.1257,HR 7167,33539,1212309
1105.1267,HR 7026,32259,1212347
1105.1277,HR 7151,32259,1212385
1105.1287,HR 7146,33539,1213477
1105.1297,HR 8154,33795,1213515
1105.1307,HR 7164,31747,1213553
1105.1317,HR 7166,32515,1213591
1105.1327,HR 8047,32515,1213629
1105.1337,HR 7127,32259,1213667
1105.1347,HR 7229,33283,1213705
1105.1357,HR 7097,34307,1213743
1105.1367,HR 7575,34819,1213781
1105.1387,HR 7133,32771,1213819
1105.1397,HR 7039,34307,1213857
1105.2487,HR 7063,33795,1213895
1120501 A 00,HR 7452,63235,1213933
1120501 AAA,HR 7452,63747,1213974
1120501A00,HR 7452,46851,1214014
1120502 A 00,HR 7483,64515,1214053
112052 AAA,HR 7483,52739,1214094
1122.6043,HR 6211,29955,1214133
1132.0017,HR 6068,31491,1214171
1132.0027,HR 6072,30467,1214209
1132.0037,HR 6120,29187,1214247
1132.0047,HR 6121,29699,1214285
1132.0057,HR 6122,30211,1214323
1132.0077,HR 6204,30979,1214361
1132.0117,HR 6242,30211,1214399
1132.0137,HR 6121,29699,1214437
1132.0167,HR 6177,33283,1216549
1132.01670,HR 6177,45571,1216587
1132.01671,HR 6121,43011,1216626
1132.0177,HR 6121,30723,1216665
1132.0185,HR 6177,33283,1216703
1132.0187,HR 6177,33795,1216741
1132.01872,HR 6177,46595,1216779
1132.0197,HR 6277,34307,1216818
1132.0200,HR 6386,30723,1216856
1132.0207,HR 6386,32515,1216894
114/110,HR 2277 T11S,15364,1216932
114/150,HR 2277 T15S,17412,1216973
114/80,HR 46109,26627,1217014
114/90 D,HR 2277 T10S,30212,1217051
1140 02 04,HR 7737,36355,1217093
1142.0015,HR 7530,29955,1217132
1142.0025,HR 7561,31235,1217170
1142.0035,HR 7541,30979,1217208
1142.0045,HR 7532,31235,1217246
1142.0055,HR 7550,31491,1217284
1142.0065,HR 7520,30979,1217322
1142.0075,HR 7503,31491,1217360
1142.0085,HR 7079,33795,1217398
1142.0088,HR 7546,34307,1217436
1142.0089,HR 7546,34563,1217474
1142.0095,HR 7031,30979,1218597
1142.0105,HR 7537,31747,1218635
1142.0115,HR 7074,30979,1218673
1142.0145,HR 7549,33539,1218711
1142.0175,HR 7529,33795,1218749
1142.0185,HR 7527,33539,1218787
1142.0195,HR 7059,33795,1218825
1142.0205,HR 7566,32515,1218863
1142.0215,HR 7501,29955,1218901
1142.0225,HR 7519,32515,1218939
1142.0255,HR 7587,34563,1218977
1142.0265,HR 7571,33027,1219015
1142.0275,HR 7524,32771,1219053
1142.0295,HR 7567,35075,1219091
1142.0305,HR 7521,30467,1219129
1142.0345,HR 7568,34307,1219167
1142.0405,HR 7505,31235,1219205
1142.0415,HR 7172,31491,1219243
1142.0445,HR 7531,32003,1219281
1142.0447,HR 7531,32515,1219319
1142.0455,HR 7546,33795,1219357
1142.0465,HR 7563,33795,1219395
1142.0467,HR 7563,34307,1219433
1142.0475,HR 7591,34307,1219471
1142.0495,HR 7534,34051,1219509
1142.0505,HR 7565,33027,1219547
1142.0515,HR 7554,32771,1221662
1142.0545,HR 7565,34051,1221700
1142.0562,HR 7590,33283,1221738
1142.0565,HR 7590,34051,1221776
1142.0575,HR 7591,34563,1221814
1142.0585,HR 7443,33795,1221852
1142.0615,HR 7503,31491,1221890
1142.0615 A,HR 7503,56323,1221928
1142.0635,HR 7589,35587,1221968
1142.0665,HR 7583,34819,1222006
1142.0705,HR 7127,32003,1222044
1142.0715,HR 7145,32259,1222082
1142.0725,HR 7586,34819,1222120
1142.0735,HR 7589,35843,1222158
1142.0755,HR 7571,34051,1222196
1142.0755 C,HR 7571,59395,1222234
1142.0765,HR 7503,33027,1222274
1142.0775,HR 7560,34051,1222312
1142.0785,HR 7556,35587,1222350
1142.0815,HR 7592,34051,1222388
1142.0845,HR 7290,33539,1222426
1142.0847,HR 7140,32515,1222464
1142.0905,HR 7570,33027,1222502
1142.0935,HR 7575,35075,1222540
1142.0965,HR 7593,35843,1222578
1142.0975,HR 7588,37123,1222616
1142.0979,HR 7588,7168,1224731
1142.0985,HR 8060,33795,1224769
1142.0995,HR 7585,36867,1224807
1142.1015,HR 7351,30467,1224845
1142.1045,HR 7292,32259,1224883
1142.1055,HR 7537,33027,1224921
1142.1065,HR 7537,33283,1224959
1142.1075,HR 7229,33027,1224997
1142.1085,HR 7229,33283,1225035
1142.1095,HR 7292,33539,1225073
1142.1115,HR 7584,32771,1225111
1142.1115 A,HR 7584,57603,1225149
1142.1135,HR 7578,34051,1225189
1142.1140,HR 7291,30979,1225227
1142.1145,HR 7291,32259,1225265
1142.1155,HR 7871,33539,1225303
1142.1175,HR 7577,34819,1225341
1142.1175 B,HR 7577,59907,1225379
1142.1195,HR 7594,35075,1225419
1142.1205,HR 7293,32003,1225457
1142.1215,HR 7291,31747,1225495
1142.1225,HR 7877,34563,1225533
1142.1235,HR 7583,33283,1225571
1142.1245,HR 7291,32515,1225609
1142.1255,HR 7577,34563,1225647
1142.1265,HR 7599,35843,1225685
1142.1395,HR 7506,53507,1227838
1142.1415,HR 8041,30723,1227877
1142.1415 B,HR 8041,55811,1227915
1142.1425,HR 7533,51971,1227955
1142.1475,HR 7578,35843,1227994
1142.1485,HR 7503,33027,1228032
1142.1495,HR 7570,34307,1228070
1142.1505,HR 7998,35843,1228108
1142.1512,HR 8019,31491,1228146
1142.1515,HR 8019,32259,1228184
1142.1515 A,HR 8019,57091,1228222
1142.1525,HR 8122,31235,1228262
1142.1535,HR 7577,34819,1228300
1142.1545,HR 8161,32515,1228338
1142.1545 B,HR 8161,57603,1228376
1142.1555,HR 8036,33027,1228416
1142.1585,HR 7573,54787,1228454
1142.1585 A,HR 7573,14084,1228493
1142.1605,HR 8030,30467,1228534
1142.1615,HR 8238,33283,1228572
1142.1625,HR 7501,31491,1228610
1142.1635,HR 8008,32515,1228648
1142.1645,HR 8051,32259,1228686
1142.1675,HR 8341,33539,1228724
1142.1735,HR 7517,33795,1228762
1142.1745,HR 8644,34563,1231901
1142.1745 B,HR 8644,59651,1231939
1142.1795,HR 8030,33027,1231979
1142.1942,HR 7229,33795,1232017
1142.3001,HR 8644,31235,1232055
1142.3001 E,HR 8644,57091,1232093
1142.5000,HR 7488,32771,1232133
1142.5001,HR 7488,33027,1232171
1142.50015,HR 7488,46595,1232209
1142.50016,HR 7488,46851,1232248
1142.5002,HR 7781,32259,1232287
1142.5003,HR 8263,31491,1232325
1142.5006,HR 7656,33539,1232363
1142.5006 E,HR 7656,59395,1232401
1142.5007,HR 7492,33283,1232441
1142.5008,HR 8570,33027,1232479
1142.5010,HR 7442,30467,1232517
1142.5011,HR 7488,33283,1232555
1142.5012,HR 7740,31235,1232593
1142.5014,HR 7488,34051,1232631
1142.5016,HR 7772,33539,1232669
1142.5019,HR 7892,35075,1232707
1142.5020,HR 7789,34307,1232745
1142.5021,HR 8143,30723,1232783
1142.5024,HR 8533,32259,1232821
1142.5025,HR 7770,33027,1232859
1142.5025 B,HR 7770,58115,1234974
1142.50258,HR 7770,47363,1235014
1142.5026,HR 7659,34819,1235053
1142.5027,HR 7650,32771,1235091
1142.5028,HR 7662,33795,1235129
1142.5029,HR 7639,35075,1235167
1142.5034,HR 7770,33027,1235205
1142.5035,HR 7634,33027,1235243
1142.5036,HR 7493,34051,1235281
1142.5037,HR 7916,34307,1235319
1142.5037 A,HR 7916,59139,1235357
1142.5038,HR 7817,34563,1235397
1142.5039,HR 8304,32771,1235435
1142.5041,HR 7815,32515,1235473
1142.5042,HR 7452,32003,1235511
1142.5043,HR 7654,33283,1235549
1142.5045,HR 7462,33027,1235587
1142.5046,HR 7817,34307,1235625
1142.5047,HR 7816,34307,1235663
1142.5049,HR 8541,33795,1235701
1142.5051,HR 7929,34307,1235739
1142.5053,HR 7662,33283,1235777
1142.5055,HR 7604,32771,1235815
1142.5056,HR 7930,33539,1235853
1142.5057,HR 7880,34819,1235891
1142.50572,HR 7880,47619,1235929
1142.5058,HR 8531,33539,1237021
1142.5059,HR 8541,34051,1237059
1142.5061,HR 7883,34307,1237097
1142.5062,HR 7998,36355,1237135
1142.5063,HR 7934,34051,1237173
1142.5067,HR 8026,33283,1237211
1142.5068,HR 7963,35843,1237249
1142.5068 B,HR 7963,60931,1237287
1142.5069,HR 7451,34051,1237327
1142.5070,HR 8026,31747,1237365
1142.5071,HR 7811,32259,1237403
1142.5071 C,HR 7811,57603,1237441
1142.5074,HR 8118,33283,1237481
1142.5075,HR 7856,35587,1237519
1142.5077,HR 7880,35331,1237557
1142.5078,HR 7963,36099,1237595
1142.5079,HR 7880,35843,1237633
1142.5080,HR 7880,33795,1237671
1142.5081,HR 7880,34051,1237709
1142.5082,HR 8186,34307,1237747
1142.5083,HR 7950,34051,1237785
1142.5084,HR 7704,33539,1237823
1142.5085,HR 8321,32771,1237861
1142.5086,HR 7950,34819,1237899
1142.5086 B,HR 7950,59907,1237937
1142.5087,HR 8186,35587,1237977
1142.5088,HR 7922,35101,1240092
1142.5089,HR 8200,32771,1240130
1142.5090,HR 8554,33795,1240168
1142.5090 N,HR 8554,61955,1240206
1142.5093,HR 8342,33283,1240246
1142.5093 D,HR 8342,58883,1240284
1142.5099,HR 8586,37379,1240324
1142.5099 A,HR 8586,62211,1240362
1142.5100,HR 8540,30467,1240402
1142.5100 B,HR 8540,55555,1240440
1142.5104,HR 7802,31491,1240480
1142.5106,HR 8537,33539,1240518
1142.5106 B,HR 8537,58627,1240556
1142.5108,HR 8417,33283,1240596
1142.5109,HR 8537,34307,1240634
1142.5109 A,HR 8537,59139,1240672
1142.5110,HR 8528,32259,1240712
1142.51102,HR 8528,45059,1240750
1142.5111,HR 7950,32003,1240789
1142.5111 A,HR 7950,56835,1240827
1142.5118,HR 8610,32259,1240867
1142.5118 B,HR 8610,57347,1240905
1142.5123,HR 8560,32259,1240945
1142.7001,HR 8025,30467,1240983
115 001,HRT 202,6659,1241021
1152-520-57,HR 1152,55555,1243211
1152.5016,HR 8325,32515,1241057
1152.5018,HR 6134,32003,1243173
1162.0091,HR 46058,4,1243251
1162.0151,HR 7221,49667,1243291
1162.0381,HR 46058,516,1243330
1172.0018,HR 7190,51715,1243370
1172.0018 B,HR 7190,11268,1243409
1172.0018 C,HR 7190,11524,1243450
1172.0028,HR 8073,52227,1243491
1172.0118,HR 7215,51459,1243530
1172.0188,HR 7221,52483,1243569
1172.0198,HR 8072,54019,1243608
1172.0228,HR 8260,52227,1243647
1172.0247,HR 7140,31747,1243686
1172.0267,HR 7176,34563,1243724
1172.0288,HR 8023,52995,1243762
1172.0298,HR 8073,54531,1243801
1172.0367,HR 8100,31747,1243840
1172.0387,HR 7299,36867,1243878
1172.0397,HR 7242,53763,1243916
1172.0407,HR 6292,33027,1243955
1172.0408,HR 6292,33283,1243993
1172.0417,HR 8348,34307,1244031
1172.0447,HR 7258,34819,1244069
1172.0462,HR 8011,30979,1244107
1172.0847,HR 7140,33283,1245236
118 73030,HR 7693,50947,1245274
118 76411,HR 7693,52483,1245313
118 77030,HR 7693,51971,1245352
1182.0017,HR 6242,31235,1245391
1182.0027,HR 6219,32515,1245429
1182.0028,HR 6359,53763,1245467
1182.0037,HR 6257,33283,1245506
1182.0047,HR 6291,33027,1245544
1182.0057,HR 6201,30979,1245582
1182.0067,HR 6203,31747,1245620
1182.0068,HR 7374,54275,1245658
1182.0071,HR 6358,33283,1245697
1182.0077,HR 6358,34819,1245735
1182.0087,HR 6230,32259,1245773
1182.0100,HR 6228,30467,1245811
1182.0107,HR 6228,32259,1245849
1182.01070,HR 6228,44547,1245887
1182.0117,HR 6365,33027,1245926
1182.0127,HR 6282,32771,1245964
1182.0130,HR 6088,32259,1246002
1182.0137,HR 6088,34051,1246040
1182.01370,HR 6088,46339,1246078
1182.0147,HR 6203,31491,1246117
1182.0167,HR 6088,34819,1246155
1182.0187,HR 6450,33539,1248308
1182.0197,HR 6453,34563,1248346
1182.0200,HR 6289,32515,1248384
1182.0207,HR 6289,34307,1248422
1182.02070,HR 6289,46595,1248460
1182.0217,HR 6634,33027,1248499
1182.0227,HR 6176,33539,1248537
1182.0247,HR 6226,52739,1248575
1182.0287,HR 6360,33795,1248614
1182.0307,HR 6228,32771,1248652
1182.0317,HR 6124,31747,1248690
1182.0327,HR 6219,52995,1248728
1182.0337,HR 6589,36099,1248767
1182.0367,HR 6219,54019,1248805
1182.0387,HR 6390,34819,1248844
1182.0397,HR 6658,56579,1248882
1182.0417,HR 6228,33283,1248921
1182.0437,HR 6318,33795,1248959
1182.0446,HR 6227,53251,1248997
1182.0448,HR 6227,53763,1249036
1182.04481,HR 6227,772,1249075
1182.0450,HR 6625,32771,1249115
1182.0457,HR 6625,34563,1249153
1182.0467,HR 6068,35075,1249191
1182.0477,HR 6072,34051,1249229
1182.0487,HR 6292,35331,1253430
1182.04870,HR 6292,47619,1253468
1182.0497,HR 6203,33539,1253507
1182.0517,HR 6282,33539,1253545
1182.0557,HR 6230,32771,1253583
1182.0580,HR 6219,53251,1253621
1182.0587,HR 6219,55043,1253660
1182.05870,HR 6219,1796,1253699
1182.0588,HR 6219,55299,1253739
1182.0607,HR 6248,34051,1253778
1182.0617,HR 6193,34051,1253816
1182.0637,HR 6248,34819,1253854
1182.0647,HR 6209,54019,1253892
1182.0677,HR 6369,36867,1253931
1182.0687,HR 6557,36867,1253969
1182.0697,HR 6360,35075,1254007
1182.0707,HR 6282,33795,1254045
1182.0707 D,HR 6282,59395,1254083
1182.0717,HR 6204,32515,1254123
1182.0727,HR 6488,36355,1254161
1182.0737,HR 6358,35587,1254199
1182.0747,HR 6219,54531,1254237
1182.0757,HR 6468,36611,1254276
1182.0767,HR 6372,35331,1254314
1182.0777,HR 6220,33539,1254352
1182.0785,HR 6370,34819,1256507
1182.0787,HR 6370,35331,1256545
1182.0797,HR 6289,37891,1256583
1182.0817,HR 6369,35843,1256621
1182.0827,HR 6371,34307,1256659
1182.0837,HR 6220,32771,1256697
1182.0847,HR 6253,34563,1256735
1182.0857,HR 6369,36867,1256773
1182.0862,HR 6146,34051,1256811
1182.0867,HR 6146,35331,1256849
1182.0887,HR 6488,38147,1256887
1182.0887 B,HR 6488,63235,1256925
1182.0897,HR 6209,55811,1256965
1182.0927,HR 6369,36355,1257004
1182.0937,HR 6390,35075,1257042
1182.0977,HR 6570,36099,1257080
1182.0985,HR 8060,54531,1257118
1182.0997,HR 6496,38403,1257157
1182.1007,HR 6219,32259,1257195
1182.1017,HR 6369,34051,1257233
1182.1037,HR 6556,34051,1257271
1182.1057,HR 6486,35075,1257309
1182.1067,HR 6554,34307,1257347
1182.1077,HR 6483,34819,1257385
1182.1107,HR 6600,30979,1257423
1182.1117,HR 6248,33283,1258554
1182.1127,HR 6564,33795,1258592
1182.1137,HR 6563,33795,1258630
1182.1147,HR 6590,34051,1258668
1182.1155,HR 6591,34051,1258706
1182.1157,HR 6591,34563,1258744
1182.1177,HR 6566,35587,1258782
1182.1177 C,HR 6566,60931,1258820
1182.1207,HR 6583,33795,1258860
1182.1217,HR 6598,35587,1258898
1182.1247,HR 6257,34307,1258936
1182.1257,HR 6257,34563,1258974
1182.1267,HR 6281,34051,1259012
1182.1287,HR 6555,35587,1259050
1182.1287 B,HR 6555,60675,1259088
1182.1297,HR 6671,35587,1259128
1182.1307,HR 6591,33795,1259166
1182.1317,HR 6621,32515,1259204
1182.1317 A,HR 6621,57347,1259242
1182.1337,HR 6594,35331,1259282
1182.1347,HR 6567,35587,1259320
1182.1377,HR 6609,35587,1259358
1182.13770,HR 6609,47875,1259396
1182.1387,HR 6584,36355,1259435
1182.1397,HR 6600,33795,1259473
1182.1427,HR 6560,33539,1262650
1182.1437,HR 6591,34819,1262688
1182.1447,HR 6597,36611,1262726
1182.1447 B,HR 6597,61699,1262764
1182.1457,HR 6583,35587,1262804
1182.1467,HR 6583,35843,1262842
1182.1477,HR 6583,36099,1262880
1182.1487,HR 6583,36355,1262918
1182.1507,HR 6662,34051,1262956
1182.1517,HR 6583,34819,1262994
1182.1537,HR 6675,35843,1263032
1182.1567,HR 6681,35843,1263070
1182.1567 B,HR 6681,60931,1263108
1182.1577,HR 6592,36355,1263148
1182.1617,HR 6569,36099,1263186
1182.1627,HR 6660,34307,1263224
1182.1637,HR 6657,36099,1263262
1182.1657,HR 6668,37123,1263300
1182.1667,HR 6661,35587,1263338
1182.2007,HR 6600,30979,1263376
1182.5001,HR 6272,31491,1263414
1182.5002,HR 6102,29699,1263452
1182.5004,HR 6249,33283,1263490
1182.5005,HR 6533,32515,1263528
1182.5006,HR 6389,35075,1263566
1182.5008,HR 6498,35843,1264695
1182.5010,HR 6027,30979,1264733
1182.5011,HR 6004,29955,1264771
1182.5012,HR 6021,29955,1264809
1182.5013,HR 6036,31747,1264847
1182.5014,HR 6195,33539,1264885
1182.5015,HR 6035,32003,1264923
1182.5016,HR 6024,31747,1264961
1182.5017,HR 6598,36099,1264999
1182.5018,HR 6134,32771,1265037
1182.5019,HR 6257,34563,1265075
1182.5021,HR 6132,30723,1265113
1182.5022,HR 6102,30211,1265151
1182.5024,HR 6167,33539,1265189
1182.5025,HR 6253,32771,1265227
1182.5026,HR 6229,33795,1265265
1182.5027,HR 6256,34051,1265303
1182.6001,HR 6272,31747,1265341
1182.60010,HR 6272,44035,1265379
1182.6004,HR 6273,32771,1265418
1182.6005,HR 6260,32003,1265456
1182.6006,HR 6386,34563,1265494
1182.60060,HR 6386,46851,1265532
1182.6007,HR 6067,33795,1265571
1182.6008,HR 6372,33795,1265609
1182.6015,HR 6372,33283,1267762
1182.6017,HR 6204,32259,1267800
1182.6018,HR 6120,31747,1267838
1182.60180,HR 6120,44035,1267876
1182.6021,HR 6067,32771,1267915
1182.6022,HR 6219,52483,1267953
1182.6023,HR 6570,33027,1267992
1182.6027,HR 6606,34051,1268030
1182.6028,HR 6271,33795,1268068
1182.6030,HR 6456,33283,1268106
1182.6031,HR 6057,32771,1268144
1182.6032,HR 6005,31235,1268182
1182.6033,HR 6160,32003,1268220
1182.6034,HR 6089,34819,1268258
1182.6035,HR 6003,31491,1268296
1182.6037,HR 6282,34307,1268334
1182.6038,HR 6072,33795,1268372
1182.6039,HR 6487,36611,1268410
1182.6040,HR 6277,33795,1268448
1182.6042,HR 6682,34307,1268486
1182.6044,HR 6601,32515,1268524
1182.6045,HR 6170,33027,1268562
1182.6046,HR 6260,33283,1268600
1182.6047,HR 6633,34563,1268638
1182.6048,HR 6186,35587,1268676
1182.6051,HR 6678,35587,1270821
1182.6052,HR 6067,33795,1270859
1182.6054,HR 6168,34819,1270897
1182.6055,HR 6184,34563,1270935
1182.6060,HR 6616,33539,1270973
1182.6066,HR 6149,35331,1271011
1182.6074,HR 6616,34819,1271049
1182.6074 A,HR 6616,59651,1271087
1182.8001,HR 6369,34051,1271127
1182.9001,HR 8218,33027,1271165
1182.9001 B,HR 8218,58115,1271203
1182.9001 D,HR 8218,58627,1271243
1182.9012,HR 6646,34307,1271283
1182.9012 B,HR 6646,59395,1271321
1182.9015,HR 8470,34307,1271361
1182.9016,HR 8218,34563,1271399
1182.9018,HR 8535,35587,1271437
1192.0027,HR 7198,34563,1271475
1192.0050,HR 7140,30211,1271513
1192.0057,HR 7140,32003,1271551
1192.00570,HR 7140,44291,1271589
1192.00571,HR 7140,44547,1271628
1192.0067,HR 7374,54275,1271667
1192.0068,HR 7374,54531,1271706
1192.0078,HR 7372,54275,1271745
1192.0097,HR 7169,35843,1272869
1192.0107,HR 7140,30979,1272907
1192.0117,HR 7220,30979,1272945
1192.0148,HR 8072,50179,1272983
1192.0158,HR 7077,54531,1273022
1192.0168,HR 7077,54787,1273061
1192.0177,HR 7176,35075,1273100
1192.0208,HR 7178,54019,1273138
1192.0218,HR 7128,33283,1273177
1192.0227,HR 7181,33027,1273215
1192.0237,HR 7153,33027,1273253
1192.0247,HR 7251,33027,1273291
1192.0267,HR 7218,34307,1273329
1192.0307,HR 7296,34563,1273367
1192.0317,HR 7354,33539,1273405
1192.0327,HR 6233,32515,1273443
1192.0338,HR 8004,52227,1273481
1192.0377,HR 6292,35075,1273520
1192.0387,HR 6390,35075,1273558
1192.0397,HR 7140,33795,1273596
1192.0407,HR 8100,30979,1273634
1192.0412,HR 7335,32259,1273672
1192.0417,HR 7335,33539,1273710
1192.0447,HR 7131,32771,1273748
1192.0457,HR 7346,35075,1273786
1192.0462,HR 7377,35075,1273824
1192.0467,HR 7377,36355,1277989
1192.0495,HR 7298,37123,1278027
1192.0497,HR 7298,37635,1278065
1192.0507,HR 7279,35331,1278103
1192.0527,HR 7299,36355,1278141
1192.0537,HR 7237,54275,1278179
1192.0547,HR 7387,56067,1278218
1192.0557,HR 7398,37123,1278257
1192.0567,HR 7344,35075,1278295
1192.0577,HR 6486,36867,1278333
1192.0587,HR 7335,35587,1278371
1192.0597,HR 7218,35843,1278409
1192.0607,HR 7250,32771,1278447
1192.0627,HR 7297,36099,1278485
1192.0637,HR 7398,36867,1278523
1192.0657,HR 7097,36355,1278561
1192.0658,HR 7097,36611,1278599
1192.0659,HR 7099,37379,1278637
1192.0687,HR 7006,34563,1278675
1192.0688,HR 7006,34819,1278713
1192.0697,HR 7378,37891,1278751
1192.0707,HR 7378,35843,1278789
1192.0717,HR 7397,36355,1278827
1192.0737,HR 7349,36099,1278865
1192.0767,HR 7190,55043,1278903
1192.0797,HR 7351,35843,1278942
1192.0807,HR 8089,36099,1281061
1192.0807 B,HR 8089,61187,1281099
1192.0847,HR 7338,36099,1281139
1192.0877,HR 8055,36099,1281177
1192.0877 D,HR 8055,61699,1281215
1192.0887,HR 7284,37123,1281255
1192.0897,HR 7284,37379,1281293
1192.0907,HR 8027,34307,1281331
1192.0908,HR 7178,55811,1281369
1192.0937,HR 8376,36867,1281408
1192.0967,HR 7397,38147,1281446
1192.0977,HR 7378,38147,1281484
1192.0997,HR 8027,36611,1281522
1192.1007,HR 7386,34051,1281560
1192.1007 B,HR 7386,59139,1281598
1192.1017,HR 7346,33283,1281638
1192.1017 C,HR 7346,58627,1281676
1192.1057,HR 7376,35075,1281716
1192.1067,HR 8089,35843,1281754
1192.1077,HR 7340,33283,1281792
1192.1137,HR 7339,34563,1281830
1192.1137 B,HR 7339,59651,1281868
1192.1147,HR 7289,35843,1281908
1192.1177,HR 7229,35075,1281946
1192.1197,HR 7023,33539,1281984
1192.1207,HR 7004,31235,1283109
1192.1217,HR 7399,35843,1283147
1192.1267,HR 6214,33283,1283185
1192.1277,HR 8046,34819,1283223
1192.1287,HR 8006,34051,1283261
1192.1287 B,HR 8006,59139,1283299
1192.1297,HR 8021,33539,1283339
1192.1327,HR 8434,34051,1283377
1192.1327 B,HR 8434,59139,1283415
1192.13270,HR 8434,46339,1283455
1192.6001,HR 7253,32003,1283494
1192.6002,HR 7388,34563,1283532
1192.6003,HR 7353,32771,1283570
1192.6005,HR 7378,35075,1283608
1192.6008,HR 7214,33027,1283646
1192.6012,HR 8561,33283,1283684
12 ET 5230,HR 2270 V1,25092,1283722
12 ET 5233,HR 2267,50179,1283764
12 ET 5236,HR 236,37123,1283803
12 ET 5336,HR 236,37379,1283841
1202.0128,HR 8223,50179,1283879
1202.2002,HR 7706,49667,1283918
1202.2005,HR 7706,50435,1283957
1202.3010,HR 46057,62467,1283996
1206.10-57.00/00,HR 5663,52228,1284036
120610570000,HR 5663,5124,1286203
120620570000,HR 5670,4868,1286244
12104-1,HR 7474,5635,1286285
121041,HR 7474,59650,1286321
122-23017-0600,HR 8397,30468,1286356
122-237013-06,HR 8538,18180,1286399
122-237013-0600,HR 8538,42756,1286441
122-237016-0600,HR 8397,44292,1286485
122-5030455-04,HR 7434,29956,1286529
122-5030455-10,HR 7434,29188,1286572
122-5040371-04,HR 7437,30212,1286615
1224393,HR 6583,10243,1286658
1225-145 P 3,HR 7899,27652,1286694
122503045504,HR 7434,6916,1286736
122503045510,HR 7434,6148,1286777
1229591,HR 42048,42499,1286818
1242.0008,HR 7219,51459,1286856
1242.0018,HR 7194,52227,1286895
1242.0018 A,HR 7194,11524,1286934
1242.0018 B,HR 7194,11780,1286975
1242.0025,HR 7276,51971,1287016
1242.0028,HR 7276,52739,1287055
1242.0068,HR 8197,54531,1287094
1242.0068 A,HR 8197,13828,1287133
1242.0088,HR 7194,54019,1288229
1242.0088 C,HR 7194,13828,1288268
1242.0118,HR 46146,64771,1288309
1242.0128,HR 8223,51203,1288349
1242.0138,HR 46196,1028,1288388
1242.0148,HR 7276,53507,1288428
1242.0168,HR 7219,53251,1288467
1242.0168 A,HR 7219,12548,1288506
1242.0178,HR 7370,52995,1288547
1242.0205,HR 7242,30467,1288586
1242.0208,HR 7242,31235,1288624
1242.0218,HR 7194,52739,1288662
1242.0218 A,HR 7194,12036,1288701
1242.0238,HR 8525,52995,1288742
1242.0238 A,HR 8525,12292,1288781
1242.0258,HR 7365,53763,1288822
1242.0358,HR 8068,54275,1288861
1242.5001,HR 7191,50691,1288900
1242.5001 A,HR 7191,9988,1288939
1242.5002,HR 7220,29443,1288980
1242.5004,HR 7369,53251,1289018
1242.5005,HR 7178,52995,1289057
1242.5007,HR 7258,33539,1289096
1242.5008,HR 7387,54275,1289134
1242.6006,HR 7194,52995,1289173
128 30400,HR 7527,28931,1290303
1292.8001,HR 46163,4,1290341
13 2057,HRT 507,11267,1290381
13 2068,HRT 227 BP,57091,1290417
130 17013,HRT 202,33283,1290456
130 37162,HRT 506,36867,1290494
1302.0001,HR 7965,31235,1290532
1302.0007,HR 8225,30211,1290570
1302.0008,HR 7951,31747,1290608
1302.0010,HR 7844,49923,1290646
1302.0011,HR 7803,29187,1290685
1302.0013,HR 8242,29187,1290723
1302.0019,HR 8275,32259,1290761
1302.0020,HR 8232,28419,1290799
1302.0034,HR 8637,32003,1290837
1302.0034 C,HR 8637,57347,1290875
1302.0042,HR 8648,32259,1290915
1302.0042 A,HR 8648,57091,1290953
1302.0043,HR 8646,32003,1290993
1302.0043 B,HR 8646,57091,1291031
1302.0111,HR 7803,29443,1291071
132 1736,HR 3122 RSI,18180,1291109
132 1751,HR 2272 R,44291,1291150
132 17510,HR 2272 R,56579,1291189
132 1769,HR 2268 TRSI,43780,1291229
132 17690,HR 2268 TRSI,56068,1293349
13314801,HR 7054,20227,1293392
1332.0002,HR 7944,31491,1293429
1332.0020,HR 8652,30723,1293467
1332.0020 A,HR 8652,55555,1293505
13330371,HR 7572,21507,1293545
13330471,HR 7284,21763,1293582
13401001,HR 1369 T,47875,1293619
13401002,HR 1272 T4,59651,1293658
13402006,HR 2287 T22,29188,1293698
13406000,HR 1695,19715,1293740
1342.0005,HR 8474,32259,1293777
1342.0005 E,HR 8474,58115,1293815
1342.0006,HR 8029,31491,1293855
1342.0006 B,HR 8029,56579,1293893
1342.0008,HR 7762,32771,1293933
1342.0011,HR 7762,31235,1293971
1342.0017,HR 8450,31491,1294009
1342.0017 B,HR 8450,56579,1294047
1342.0017 C,HR 8450,56835,1294087
1342.0019,HR 8430,31491,1294127
1342.0019 C,HR 8430,56835,1294165
1342.0021,HR 8419,31491,1294205
1342.0021 A,HR 8419,56323,1294243
1342.0021 D,HR 8419,57091,1294283
1342.0026,HR 8532,31747,1295416
1342.0028,HR 8552,32771,1295454
1342.0028 D,HR 8552,58371,1295492
1342.0035,HR 8381,32259,1295532
1342.0035 B,HR 8381,57347,1295570
1342.0040,HR 8236,30979,1295610
1342.0040 B,HR 8236,56067,1295648
1342.0044,HR 8546,33027,1295688
1342.0044 B,HR 8546,58115,1295726
1342.0046,HR 8653,33283,1295766
1342.0046 B,HR 8653,58371,1295804
1352.0001,HR 8028,30211,1295844
1352.0003,HR 8370,30723,1295882
1352.0005,HR 8125,30723,1295920
1352.0007,HR 8116,31235,1295958
1352.0008,HR 8125,31491,1295996
1352.0010,HR 7684,32003,1296034
1352.0011,HR 7839,32771,1296072
1352.3005,HR 7378,33795,1296110
1352.3007,HR 7397,34563,1296148
1352.3008,HR 7378,34563,1296186
1352.3008 A,HR 7378,59395,1296224
1352.3011,HR 7338,32003,1296264
1352.3014,HR 7159,33027,1296302
1352.3018,HR 8619,34563,1296340
1352.3023,HR 8338,33027,1299519
1352.3023 B,HR 8338,58115,1299557
1352.3024,HR 7157,32771,1299597
1352.3025,HR 8173,32771,1299635
1352.3028,HR 7186,34307,1299673
1352.3035,HR 7269,34307,1299711
1352.3036,HR 7234,32515,1299749
1352.3047,HR 8623,33795,1299787
1352.3047 B,HR 8623,58883,1299825
1352.5003,HR 7839,34307,1299865
1352.5006,HR 8416,33027,1299903
1352.5006 D,HR 8416,58627,1299941
1352.5006 R,HR 8416,62211,1299981
1352.5007,HR 8572,34051,1300021
1352.5008,HR 7927,35075,1300059
1352.5008 E,HR 7927,60931,1300097
1352.5009,HR 7862,34819,1300137
1352.5010,HR 7970,32771,1300175
1352.5012,HR 7839,34307,1300213
1352.5016,HR 8325,33027,1300251
1352.5017,HR 8026,32771,1300289
1352.5021,HR 7884,34307,1300327
1352.5023,HR 7927,34307,1300365
1352.5025,HR 7924,34051,1300403
1352.5027,HR 8031,32003,1300441
1352.5033,HR 8320,31517,1302556
1352.5033 B,HR 8320,56579,1302594
1352.5036,HR 8336,34051,1302634
1352.5037,HR 8553,34563,1302672
1352.5041,HR 8542,32771,1302710
1352.5041 C,HR 8542,58115,1302748
1352.5041 D,HR 8542,58371,1302788
1352.5042,HR 8230,31491,1302828
1352.5047,HR 8279,36099,1302866
1352.5048,HR 8368,36099,1302904
1352.5052,HR 8539,34819,1302942
1352.5056,HR 8523,34051,1302980
1352.5056 C,HR 8523,59395,1303018
136 37776,HR 7600,32515,1303058
1362.0003,HR 8373,31747,1303096
1362.0003 B,HR 8373,56835,1303134
1362.0004,HR 8373,32003,1303174
1362.0004 A,HR 8373,56835,1303212
1362.5006,HR 8584,34819,1303252
1362.5006 D,HR 8584,60419,1303290
1362.5007,HR 8650,33539,1303330
1362.5007 A,HR 8650,58371,1303368
1362.5018,HR 8522,33539,1303408
1362.5018 C,HR 8522,58883,1303446
1362.6001,HR 8234,31747,1303486
1372.0001,HR 8333,30467,1303524
1372.0003,HR 8563,32259,1304613
1372.0006,HR 8339,33283,1304651
1372.0006 D,HR 8339,58883,1304689
1372.0007,HR 8340,31491,1304729
1372.0007 D,HR 8340,57091,1304767
1372.00072,HR 8340,44291,1304807
1372.0011,HR 8333,30723,1304846
1372.0011 D,HR 8333,56323,1304884
1372.0016,HR 8421,31491,1304924
1372.0016 C,HR 8421,56835,1304962
1372.0018,HR 8323,32259,1305002
1372.0019,HR 8526,33795,1305040
1372.0019 C,HR 8526,59139,1305078
1372.0026,HR 7707,52995,1305118
1372.0026 A,HR 7707,12292,1305157
1372.0030,HR 8624,31747,1305198
1372.0030 A,HR 8624,56579,1305236
1372.0031,HR 8409,32259,1305276
1372.0032,HR 8196,33283,1305314
1372.0032 C,HR 8196,58627,1305352
1372.0033,HR 8620,31491,1305392
1372.0033 C,HR 8620,56835,1305430
1372.0036,HR 8633,33283,1305470
1372.0036 B,HR 8633,58371,1305508
1372.0036 C,HR 8633,58627,1305548
1372.0040,HR 8627,32771,1307704
1372.0040 E,HR 8627,58627,1307742
1372.0041,HR 8598,34819,1307782
1372.0041 E,HR 8598,60675,1307820
1372.0041 F,HR 8598,60931,1307860
1372.0042,HR 8583,33539,1307900
1372.0042 A,HR 8583,58371,1307938
1372.0042 E,HR 8583,59395,1307978
1372.0047,HR 8366,34563,1308018
1372.0057,HR 8571,34307,1308056
1372.0057 B,HR 8571,59395,1308094
1372.0072,HR 8389,35331,1308134
1372.0072 C,HR 8389,60675,1308172
1372.0074,HR 8602,32771,1308212
1372.0080,HR 8340,31747,1308250
1372.0081,HR 8421,32003,1308288
1372.0081 B,HR 8421,57091,1308326
1372.6006,HR 8449,35331,1308366
1372.6009,HR 8431,33795,1308404
1372.6009 A,HR 8431,58627,1308442
1372.9001,HR 8470,33283,1308482
1372.9001 A,HR 8470,58115,1308520
1372.9005,HR 8529,35587,1308560
1372.9019,HR 8470,35587,1308598
1372.9019 B,HR 8470,60675,1308636
1372.9021,HR 8471,34051,1310757
1372.9021 B,HR 8471,59139,1310795
138 20461,HR 8595,32259,1310835
138 21161,HR 8630,29187,1310873
138 21411,HR 8388,31235,1310911
138 30208,HR 7693,51459,1310949
138 30350,HR 46126,61699,1310988
138 30351,HR 46126,61955,1311028
138 30352,HR 46126,62211,1311068
138 31361,HR 46170,62211,1311108
138 31373,HR 7704,30979,1311148
138 31440,HR 7839,32003,1311186
138 31520,HR 46197,63747,1311224
138 31590,HR 7533,50947,1311264
138 31591,HR 7533,51203,1311303
138 35420,HR 3215,28419,1311342
138 35424,HR 3215,29443,1311380
138 35790,HR 3215,30979,1311418
138 35980,HR 2176,32515,1311456
138 35982,HR 2176,33027,1311494
138 36060,HR 6094,30723,1311532
138 36070,HR 6040,28675,1311570
138 36072,HR 6040,29187,1311608
138 36210,HR 6094,29955,1311646
138 36440,HR 6070,29699,1311684
138 36560,HR 6211,29699,1313829
138 36563,HR 6211,30467,1313867
138 36567,HR 6211,31491,1313905
138 36600,HR 6097,31491,1313943
138 36690,HR 7505,32515,1313981
138 36830,HR 6141,30211,1314019
138 36910,HR 7564,32515,1314057
138 36920,HR 7503,30979,1314095
138 36922,HR 7503,31491,1314133
138 36923,HR 7503,31747,1314171
138 36940,HR 7564,33283,1314209
138 36960,HR 6140,30979,1314247
138 36962,HR 6140,31491,1314285
138 36963,HR 6140,31747,1314323
138 37011,HR 7519,30723,1314361
138 37013,HR 7519,31235,1314399
138 37014,HR 7519,31491,1314437
138 37050,HR 6214,29187,1314475
138 37051,HR 6214,29443,1314513
138 37053,HR 6214,29955,1314551
138 37055,HR 6214,30467,1314589
138 37260,HR 7505,30979,1314627
138 37261,HR 7505,31235,1314665
138 37262,HR 7505,31491,1314703
138 37263,HR 7505,31747,1314741
138 37550,HR 6213,30211,1314779
138 37554,HR 6213,31235,1316894
138 37591,HR 7533,52739,1316932
138 37593,HR 7533,53251,1316971
138 37620,HR 7527,32003,1317010
138 37621,HR 7527,32259,1317048
138 37622,HR 7527,32515,1317086
138 37623,HR 7527,32771,1317124
138 37740,HR 7549,33795,1317162
138 37743,HR 7549,34563,1317200
138 37770,HR 7600,31491,1317238
138 37771,HR 7600,31747,1317276
138 37772,HR 7600,32003,1317314
138 37774,HR 7600,32515,1317352
138 37776,HR 7600,33027,1317390
138 37831,HR 7503,31491,1317428
138 38122,HR 7669,33283,1317466
13836440,HR 6070,21507,1317504
1392.0001,HR 7774,33027,1317541
1392.0002,HR 7814,32003,1317579
1392.0003,HR 7817,33027,1317617
1392.0005,HR 8119,32515,1317655
1392.0006,HR 8162,32259,1317693
1392.0007,HR 8216,32515,1317731
1392.5001,HR 8188,34307,1317769
1392.5002,HR 7977,35843,1317807
140 10009,HR 2265,26627,1317845
140 10051,HR 2265,25859,1321022
140 10062,HR 3122 RSI,28164,1321060
140 10074,HR 2265,27139,1321102
140 10075,HR 2265,27395,1321140
140 10076,HR 2265,27651,1321178
140 10101,HR 530,10755,1321216
140 10138,HR 2031/22,62723,1321253
140 10139,HR 3112 TS,11012,1321294
140 10142,HR 2046,25347,1321335
140 10145,HR 2045,25859,1321373
140 10146,HR 1481,26883,1321411
140 10147,HR 6011,25603,1321449
140 10148,HR 2277 T9S,28420,1321487
140 10149,HR 1490,27651,1321529
140 10151,HR 6012,24579,1321567
140 10152,HR 2282 T1,2820,1321605
140 10153,HR 3215,25603,1321646
140 10154,HR 3212,25091,1321684
140 10159,HR 3215,27139,1321722
140 10161,HR 1610,24579,1321760
140 10165,HR 3215,26371,1321798
140 10167,HR 2282 T2,4612,1321836
140 10169,HR 6059,29699,1321877
140 10171,HR 6030,25091,1321915
140 10172,HR 2282 T2,3588,1321953
140 10174,HR 3215,26371,1324069
140 10175,HR 3215,26627,1324107
140 10176,HR 2176,28163,1324145
140 10179,HR 3215,27651,1324183
140 10185,HR 6059,29187,1324221
140 10186,HR 2282 T1,4612,1324259
140 10194,HR 6094,28931,1324300
140 10196,HR 6098,30467,1324338
140 10197,HR 6059,29955,1324376
140 10198,HR 6098,30979,1324414
140 10201,HR 6030,23555,1324452
140 10235,HR 2277 T8S,27396,1324490
140 10236,HR 6096,28675,1324532
140 10246,HR 6040,26115,1324570
140 10247,HR 6094,28675,1324608
140 10254,HR 6133,26627,1324646
140 10257,HR 7203,27139,1324684
140 10263,HR 6142,26627,1324722
140 10265,HR 3215,26627,1324760
140 10269,HR 6205,28163,1324798
140 10271,HR 6196,28675,1324836
140 10272,HR 7203,26371,1324874
140 10274,HR 6141,26883,1324912
140 10275,HR 6489,50691,1324950
140 10282,HR 7505,27907,1324989
140 10283,HR 6030,26115,1325027
140 10294,HR 6140,27139,1327141
140 10298,HR 6139,30211,1327179
140 10306,HR 7503,26627,1327217
140 10325,HR 6214,26371,1327255
140 10326,HR 7505,27651,1327293
140 10327,HR 42041,58371,1327331
140 10328,HR 7564,29443,1327371
140 10338,HR 7525,28931,1327409
140 10345,HR 42059,60675,1327447
140 10349,HR 7506,48899,1327487
140 10351,HR 6236,27139,1327526
140 10352,HR 7500,26115,1327564
140 10353,HR 7524,27907,1327602
140 10356,HR 7524,28675,1327640
140 10362,HR 6537,28675,1327678
140 10363,HR 6619,29187,1327716
140 10367,HR 7549,30979,1327754
140 10368,HR 6571,29699,1327792
140 10369,HR 7527,30467,1327830
140 10371,HR 6217,27395,1327868
140 10375,HR 6489,31235,1327906
140 10378,HR 6216,28931,1327944
140 10379,HR 2101,26371,1327982
140 10381,HR 7533,47875,1328020
140 10382,HR 6478,30211,1328059
140 10383,HR 5714,28419,1328097
140 10384,HR 6213,27395,1329189
140 10386,HR 6206,45059,1329227
140 10388,HR 7641,49667,1329266
140 10395,HR 6098,30723,1329305
140 10398,HR 6213,28675,1329343
140 10399,HR 6484,31491,1329381
140 10405,HR 7706,47619,1329419
140 10406,HR 7488,29955,1329458
140 10407,HR 6478,29699,1329496
140 10408,HR 6581,28675,1329534
140 10412,HR 6622,26371,1329572
140 10414,HR 6483,28163,1329610
140 10417,HR 6485,29443,1329648
140 10418,HR 7785,30723,1329686
140 10421,HR 7527,27651,1329724
140 10422,HR 7527,27907,1329762
140 10424,HR 6547,28675,1329800
140 10426,HR 6626,28675,1329838
140 10427,HR 6094,28675,1329876
140 10431,HR 6535,27395,1329914
140 10432,HR 6627,28163,1329952
140 10433,HR 46109,60163,1329990
140 10434,HR 7641,47619,1330030
140 10435,HR 6624,28163,1330069
140 10441,HR 7808,28675,1330107
140 10442,HR 7781,28931,1330145
140 10443,HR 6538,28931,1332261
140 10444,HR 6638,29443,1332299
140 10445,HR 7848,30723,1332337
140 10447,HR 6636,29699,1332375
140 10451,HR 6478,29443,1332413
140 10452,HR 7848,49923,1332451
140 10465,HR 8318,29443,1332490
140 10466,HR 7641,48899,1332528
140 10468,HR 6629,30979,1332567
140 10469,HR 8258,31235,1332605
140 10471,HR 8246,28675,1332643
140 10473,HR 46118,61187,1332681
140 10474,HR 7279,30723,1332721
140 10475,HR 6626,29699,1332759
140 10476,HR 6639,30979,1332797
140 10477,HR 6499,32259,1332835
140 10479,HR 6607,30467,1332873
140 10482,HR 7693,50179,1332911
140 10483,HR 7299,31235,1332950
140 10484,HR 7298,31235,1332988
140 10486,HR 7793,31747,1333026
140 10487,HR 7641,49667,1333064
140 10489,HR 46108,62723,1333103
140 10491,HR 7693,50179,1333143
140 10494,HR 7860,30211,1333182
140 10495,HR 7980,31235,1333220
140 10496,HR 7848,51971,1334309
140 10498,HR 7792,51971,1334348
140 10499,HR 7681,31747,1334387
140 10501,HR 7683,28163,1334425
140 10502,HR 6608,27395,1334463
140 10503,HR 7684,28931,1334501
140 10505,HR 7442,27395,1334539
140 10506,HR 7860,28675,1334577
140 10507,HR 7859,30979,1334615
140 10511,HR 7860,27651,1334653
140 10513,HR 46109,59907,1334691
140 10514,HR 46111,58371,1334731
140 10515,HR 7682,29187,1334771
140 10516,HR 8581,29187,1334809
140 10517,HR 46126,60675,1334847
140 10518,HR 8245,28931,1334887
140 10521,HR 46109,59651,1334925
140 10522,HR 46108,59651,1334965
140 10525,HR 7789,31491,1335005
140 10526,HR 7820,28163,1335043
140 10528,HR 7818,30467,1335081
140 10533,HR 8243,27651,1335119
140 10543,HR 7862,29443,1335157
140 10544,HR 7839,30723,1335195
140 10545,HR 7965,30979,1335233
140 10551,HR 7951,28931,1337381
140 10554,HR 8244,28675,1337419
140 10557,HR 7815,30211,1337457
140 10559,HR 8225,29699,1337495
140 10561,HR 7814,28675,1337533
140 10562,HR 7774,30211,1337571
140 10563,HR 7813,28931,1337609
140 10564,HR 7839,31235,1337647
140 10566,HR 7772,30723,1337685
140 10567,HR 7817,30979,1337723
140 10568,HR 7811,29699,1337761
140 10572,HR 7936,50179,1337799
140 10574,HR 8245,29443,1337838
140 10582,HR 7693,50435,1337876
140 10583,HR 8370,29187,1337915
140 10584,HR 8144,29187,1337953
140 10585,HR 46112,60675,1337991
140 10586,HR 8119,30211,1338031
140 10592,HR 46170,61187,1338069
140 10595,HR 8125,29443,1338109
140 10602,HR 46120,57859,1338147
140 10608,HR 46170,60675,1338187
140 10609,HR 8126,28675,1338227
140 10611,HR 8378,29187,1338265
140 10615,HR 8116,27651,1338303
140 10618,HR 8225,28675,1338341
140 10621,HR 8242,26883,1339429
140 10623,HR 7977,30979,1339467
140 10632,HR 46185,61443,1339505
140 10634,HR 7962,29955,1339545
140 10641,HR 46118,60419,1339583
140 10643,HR 8216,28163,1339623
140 10649,HR 8333,29699,1339661
140 10655,HR 8448,30723,1339699
140 10664,HR 8430,28419,1339737
140 10665,HR 8419,30467,1339775
140 10669,HR 8342,30211,1339813
140 17010,HR 1610,24579,1339851
140 17011,HR 2064,25859,1339889
140 17013,HR 2277 T10S,38148,1339927
140 17018,HR 2277 T11S,39684,1339970
140 17020,HR 6133,26115,1340013
140 17022,HR 6285,28675,1340051
140 17023,HR 6357,28931,1340089
140 17025,HR 6397,30467,1340127
140 17026,HR 2277 T13S,39940,1340165
140 17028,HR 6546,30211,1340208
140 17029,HR 7611,28931,1340246
140 17031,HR 6218,27651,1340284
140 17032,HR 7650,28163,1340322
140 17033,HR 3113,25859,1340360
140 17037,HR 7660,29699,1343537
140 17038,HR 7659,32003,1343575
140 17042,HR 7860,29187,1343613
140 17043,HR 2277 T12S,39428,1343651
140 17045,HR 7650,29187,1343694
140 17046,HR 7662,30211,1343732
140 17047,HR 6218,29443,1343770
140 17049,HR 2277 T12S,40964,1343808
140 17051,HR 7259,29699,1343851
140 17052,HR 8292,29443,1343889
140 17053,HR 3750,28163,1343927
140 17054,HR 7662,29955,1343965
140 17055,HR 7650,29443,1344003
140 17056,HR 6285,30467,1344041
140 17057,HR 46126,42499,1344079
140 17059,HR 7662,31235,1344118
140 17061,HR 8252,28419,1344156
140 17062,HR 8255,29443,1344194
140 17063,HR 8290,29443,1344232
140 17064,HR 8305,28931,1344270
140 17065,HR 7660,29955,1344308
140 17066,HR 7662,30723,1344346
140 17067,HR 4001,26883,1344384
140 17068,HR 8124,29699,1344422
140 17069,HR 7962,32259,1344460
140 17073,HR 7963,31235,1346613
140 17074,HR 7962,31235,1346651
140 17076,HR 7649,32259,1346689
140 17077,HR 8333,30211,1346727
140 17078,HR 1610,28163,1346765
140 17079,HR 7650,30979,1346803
140 17081,HR 7662,29955,1346841
140 17084,HR 8323,29443,1346879
140 17085,HR 8291,30723,1346917
140 17086,HR 2063/03,516,1346955
140 17087,HR 8334,30723,1346996
140 17088,HR 8386,32771,1347034
140 17089,HR 2089,31491,1347072
140 17090,HR 8240,28163,1347110
140 17091,HR 8373,30211,1347148
140 17092,HR 2092,28419,1347186
140 17094,HR 2063/03,260,1347224
140 17112,HR 6197,29187,1347265
140 17113,HR 6197,29443,1347303
140 17161,HR 1610,26371,1347341
140 30067,HR 6298,30723,1347379
140 40325,HR 6214,27139,1347417
140 67099,HR 6205,31491,1347455
1400,HR 7460,32770,1347493
1400103,HR 46190,37891,1347526
1409022,HR 7460,7427,1348645
14110306,HR 7503,18691,1348681
14111163,HR 7442,19715,1348718
142 17003,HR 8184,28931,1348755
1420003,HR 7848,27651,1348793
142163212,HR 9556,35075,1348830
142165211,HR 9556,35331,1348868
142165231,HR 9556,35843,1348906
142173311,HR 9556,35331,1348944
142173322,HR 9556,35843,1348982
142173331,HR 9556,35843,1349020
142327911,HR 46106,47363,1349058
142805 A,HR 2287 TS,26116,1349097
142805 Y,HR 2287 TS,32260,1349138
142921811,HR 9551,35587,1349179
142921911,HR 9552,36099,1349217
142921921,HR 9554,36867,1349255
143911811,HR 46106,47107,1349293
143914221,HR 7416,34563,1349332
143917100,HR 46106,46339,1349370
143917111,HR 46106,46851,1349409
143923500,HR 6406,34051,1349448
143923511,HR 6406,34563,1349486
143923512,HR 6406,34819,1349524
143923521,HR 6406,34819,1349562
143923522,HR 6406,35075,1349600
143923700,HR 6406,34563,1351717
143924300,HR 6410,32515,1351755
143924311,HR 6410,33027,1351793
143924312,HR 6410,33283,1351831
143924321,HR 6411,33539,1351869
143924331,HR 6411,33795,1351907
143924332,HR 6411,34051,1351945
143924341,HR 6411,34051,1351983
143924400,HR 6409,34819,1352021
143924411,HR 6409,35331,1352059
143924412,HR 6409,35587,1352097
143924413,HR 6409,35843,1352135
143924421,HR 6409,35587,1352173
143924431,HR 6409,35843,1352211
143924821,HR 8569,38915,1352249
143924822,HR 8569,39171,1352287
143925000,HR 7410,32259,1352325
143925011,HR 7410,32771,1352363
143925012,HR 7410,33027,1352401
143925013,HR 7410,33283,1352439
143925021,HR 7410,33027,1352477
143925022,HR 7410,33283,1352515
143925200,HR 7409,34819,1352553
143925211,HR 7409,35331,1352591
143925213,HR 7409,35843,1352629
143925400,HR 7409,35331,1352667
143925411,HR 7409,35843,1353758
143925412,HR 7409,36099,1353796
143925413,HR 7409,36355,1353834
143925421,HR 7409,36099,1353872
143925600,HR 6404,34307,1353910
143925611,HR 6404,34819,1353948
143925621,HR 6404,35075,1353986
143925622,HR 6404,35331,1354024
143927300,HR 6416,34819,1354062
143927311,HR 6416,35331,1354100
143927312,HR 6416,35587,1354138
143927600,HR 6414,35075,1354176
143927611,HR 6414,35587,1354214
143927612,HR 6414,35843,1354252
143927621,HR 6414,35843,1354290
143928000,HR 6407,34307,1354328
143928011,HR 6407,34819,1354366
143928012,HR 6407,35075,1354404
143928013,HR 6407,35331,1354442
143928021,HR 6407,35075,1354480
143928022,HR 6407,35331,1354518
143928031,HR 6407,35331,1354556
143928600,HR 6412,34819,1354594
143928611,HR 6412,35331,1354632
143928612,HR 6412,35587,1354670
143928613,HR 6412,35843,1354708
143928800,HR 6405,35843,1356861
143928811,HR 6405,36355,1356899
143928812,HR 6405,36611,1356937
143928821,HR 6405,36611,1356975
143928900,HR 6413,35843,1357013
143928911,HR 6413,36355,1357051
143928912,HR 6413,36611,1357089
143928921,HR 6413,36611,1357127
143928922,HR 6413,36867,1357165
143928931,HR 6413,36867,1357203
143929400,HR 7404,35075,1357241
143929411,HR 7404,35587,1357279
143929421,HR 7405,36099,1357317
143929900,HR 7405,36611,1357355
143929911,HR 7405,37123,1357393
143930300,HR 6408,33539,1357431
143930311,HR 6408,34051,1357469
143930312,HR 6408,34307,1357507
143930331,HR 6408,34563,1357545
143930332,HR 6408,34819,1357583
143930341,HR 6408,34819,1357621
143931100,HR 7407,33283,1357659
143931111,HR 7407,33795,1357697
143931112,HR 7407,34051,1357735
143931113,HR 7407,34307,1357773
143931122,HR 7406,34051,1359926
143931123,HR 7406,34307,1359964
143931131,HR 7407,34307,1360002
143931132,HR 7407,34563,1360040
143931311,HR 7407,34307,1360078
143933100,HR 7400,32003,1360116
143933111,HR 7400,32515,1360154
143933112,HR 7400,32771,1360192
143933121,HR 7400,32771,1360230
143933122,HR 7400,33027,1360268
143933141,HR 7401,33539,1360306
143933200,HR 6400,32003,1360344
143933211,HR 6400,32515,1360382
143933221,HR 6400,32771,1360420
143933231,HR 6401,33283,1360458
143933232,HR 6403,34051,1360496
143933241,HR 6402,33795,1360534
143933242,HR 6403,34307,1360572
143933249,HR 6403,36099,1360610
143933252,HR 6403,34563,1360648
143933300,HR 7408,34563,1360686
143933311,HR 7408,35075,1360724
143933312,HR 7408,35331,1360762
143933313,HR 7408,35587,1360800
143933314,HR 7408,35843,1360838
143933321,HR 7408,35331,1361957
143933322,HR 7408,35587,1361995
143933400,HR 7412,33539,1362033
143933411,HR 7412,34051,1362071
143933412,HR 7412,34307,1362109
143933413,HR 7412,34563,1362147
143933421,HR 7412,34307,1362185
143933900,HR 6677,37891,1362223
143933911,HR 6677,38403,1362261
143933912,HR 6677,38659,1362299
143933913,HR 6677,38915,1362337
143933914,HR 6677,39171,1362375
143933915,HR 6677,39427,1362413
143933921,HR 6677,38659,1362451
143933922,HR 6677,38915,1362489
143933931,HR 6677,38915,1362527
143935100,HR 7414,33795,1362565
143935111,HR 7414,34307,1362603
143935112,HR 7415,34819,1362641
143935113,HR 7414,34819,1362679
143935121,HR 7414,34563,1362717
143935122,HR 7415,35075,1362755
143935700,HR 7413,35075,1362793
143935711,HR 7413,35587,1362831
143935712,HR 7413,35843,1362869
143936300,HR 7403,34051,1362907
143936305,HR 7403,35331,1368094
143936311,HR 7403,34563,1368132
143936312,HR 7403,34819,1368170
143936313,HR 7403,35075,1368208
143936321,HR 7403,34819,1368246
143936331,HR 7403,35075,1368284
143936332,HR 7403,35331,1368322
143937200,HR 6415,34563,1368360
143937205,HR 6415,35843,1368398
143937211,HR 6415,35075,1368436
143937212,HR 6415,35331,1368474
143937213,HR 6415,35587,1368512
143937221,HR 6415,35331,1368550
143937222,HR 6415,35587,1368588
143937232,HR 6415,35843,1368626
143938711,HR 7402,35843,1368664
143938721,HR 7402,36099,1368702
143941611,HR 7244,35075,1368740
143941612,HR 7244,35331,1368778
143941621,HR 7244,35331,1368816
143941622,HR 7244,35587,1368854
143941623,HR 7244,35843,1368892
143941626,HR 7244,36611,1368930
143941631,HR 7244,35587,1368968
143941641,HR 7244,35843,1369006
143941651,HR 7243,35843,1369044
143941661,HR 7244,36355,1371197
143941671,HR 7244,36611,1371235
143942100,HR 7416,33795,1371273
143942111,HR 7416,34307,1371311
143942121,HR 7416,34563,1371349
143942141,HR 7416,35075,1371387
143942151,HR 7416,35331,1371425
143942161,HR 7416,35587,1371463
143942311,HR 7245,34819,1371501
143942312,HR 7245,35075,1371539
143942321,HR 7245,35075,1371577
143942322,HR 7245,35331,1371615
143942331,HR 7245,35331,1371653
143942332,HR 7245,35587,1371691
143942333,HR 7245,35843,1371729
143942341,HR 7245,35587,1371767
143942351,HR 7337,36355,1371805
143942361,HR 7337,36611,1371843
143942362,HR 7337,36867,1371881
143942411,HR 7416,35075,1371919
143942421,HR 7416,35331,1371957
143942431,HR 7416,35587,1371995
143942611,HR 7245,35587,1372033
143942621,HR 7245,35843,1372071
143943011,HR 7411,33027,1372109
143943200,HR 7411,33027,1373238
143943211,HR 7411,33539,1373276
143943221,HR 7411,33795,1373314
143943222,HR 7411,34051,1373352
143948200,HR 8518,36611,1373390
143948211,HR 8518,37123,1373428
143948212,HR 8518,37379,1373466
143948311,HR 8518,37379,1373504
143949300,HR 7243,35587,1373542
143949311,HR 7243,36099,1373580
143949312,HR 7243,36355,1373618
143949800,HR 8195,38659,1373656
143949811,HR 8195,39171,1373694
143949812,HR 8195,39427,1373732
143949821,HR 8195,39427,1373770
143949822,HR 8195,39683,1373808
143949831,HR 8195,39683,1373846
143949841,HR 8195,39939,1373884
143949851,HR 8195,40195,1373922
143949857,HR 8195,41731,1373960
143949871,HR 8195,40707,1373998
143950200,HR 8215,33283,1374036
143950211,HR 8215,33795,1374074
143953000,HR 7777,36611,1374112
143953011,HR 7777,37123,1374150
143953013,HR 7777,37635,1376293
143953021,HR 7777,37379,1376331
143953051,HR 7777,38147,1376369
143954311,HR 46106,47619,1376407
143954313,HR 46106,48131,1376446
143954321,HR 46106,47875,1376485
143954331,HR 46106,48131,1376524
143954341,HR 46106,48387,1376563
143954351,HR 46106,48643,1376602
143979311,HR 7243,36867,1376641
144 8200,HRT 507,23811,1376679
144 8200.,HRT 507,35587,1376716
144 82000,HRT 507,36099,1376754
1445200,HR 46145,39683,1376792
144824 L,HR 7210,41987,1376830
144838 S,HR 7077,47875,1376868
144927512,HR 9559,39171,1376906
144927521,HR 9559,39171,1376944
144927522,HR 9559,39427,1376982
145 91060,HR 2031/22,64771,1377020
145.9910,HR 5662,22531,1377061
145003811,HR 9807,35075,1377098
1450203,HR 46095,40451,1377136
145021711,HR 9560,33795,1377174
145021721,HR 9560,34051,1377212
145021722,HR 9560,34307,1377250
1450401,HR 46088,40963,1379365
1450504,HR 46093,40963,1379403
145311811,HR 46106,46083,1379441
145312311,HR 46106,45059,1379480
145312312,HR 46106,45315,1379519
145313411,HR 46106,45571,1379558
145313412,HR 46106,45827,1379597
145314211,HR 7416,33283,1379636
145314221,HR 7416,33539,1379674
145314611,HR 8195,35587,1379712
145314612,HR 8195,35843,1379750
145314613,HR 8195,36099,1379788
145314621,HR 8195,35843,1379826
145314622,HR 8195,36099,1379864
145315311,HR 46106,45827,1379902
145315312,HR 46106,46083,1379941
145317011,HR 46106,45571,1379980
145317111,HR 46106,45827,1380019
145317121,HR 46106,46083,1380058
145317300,HR 7243,33283,1380097
145317311,HR 7243,33795,1380135
145317911,HR 7337,36355,1380173
145317912,HR 7337,36611,1380211
145318611,HR 7973,37379,1380249
145318811,HR 7391,36355,1380287
145318821,HR 7391,36611,1380325
145318911,HR 8293,37123,1381413
145318912,HR 8293,37379,1381451
145319111,HR 8172,34307,1381489
145319911,HR 7762,37379,1381527
145320011,HR 7762,33027,1381565
145320700,HR 8193,34051,1381603
145320711,HR 8193,34563,1381641
145320811,HR 8394,35587,1381679
145320911,HR 8254,34563,1381717
145321000,HR 8209,32003,1381755
145321011,HR 8209,32515,1381793
145321100,HR 8208,32003,1381831
145321110,HR 8208,32259,1381869
145321111,HR 8208,32515,1381907
145321211,HR 7777,35331,1381945
145321711,HR 8256,34819,1381983
145321911,HR 8578,37123,1382021
145322011,HR 7364,33027,1382059
145322012,HR 7364,33283,1382097
145322111,HR 8172,32771,1382135
145322112,HR 8172,33027,1382173
145322211,HR 8566,34819,1382211
145322221,HR 8566,35075,1382249
145322911,HR 8211,33283,1382287
145323811,HR 8569,37379,1382325
145323812,HR 8569,37635,1382363
145323821,HR 8569,37635,1384478
145324011,HR 46128,260,1384516
145324021,HR 46128,516,1384556
145324811,HR 8569,37635,1384596
145325411,HR 8211,32771,1384634
145326311,HR 7337,34819,1384672
145326411,HR 8372,35075,1384710
145326511,HR 8372,35331,1384748
145326611,HR 8187,36611,1384786
145326811,HR 8220,34051,1384824
145326821,HR 8220,34307,1384862
145327911,HR 8592,37635,1384900
145328311,HR 8208,34819,1384938
145328611,HR 8534,36099,1384976
145328621,HR 8534,36355,1385014
145329811,HR 8577,38659,1385052
145330711,HR 8569,36611,1385090
145330811,HR 8579,37123,1385128
145330821,HR 8579,37379,1385166
145330831,HR 8579,37635,1385204
145331421,HR 8579,36611,1385242
145331611,HR 7946,36099,1385280
145331621,HR 7946,36355,1385318
145332 X,HR 46046,58627,1385356
145332011,HR 8577,35075,1385395
145332511,HR 8638,35843,1385433
145332611,HR 8580,35101,1388572
145333111,HR 8567,35331,1388610
145333121,HR 8567,35587,1388648
145334011,HR 8638,35075,1388686
145334021,HR 8638,35331,1388724
145334031,HR 8638,35587,1388762
145334511,HR 7946,36611,1388800
145334711,HR 8592,36611,1388838
145335411,HR 8635,35587,1388876
145336111,HR 8182,34307,1388914
145337211,HR 8579,37379,1388952
145354311,HR 46106,46595,1388990
145354331,HR 46106,47107,1389029
1455 B 74-801,HR 6667,17668,1389068
1455103,HR 46142,39683,1389110
1455874-801,HR 6667,64259,1389148
145649811,HR 8195,38915,1389188
145649821,HR 8195,39171,1389226
145649871,HR 8195,40451,1389264
145707 G,HR 7190,42755,1389302
145725 Z,HR 42019,59651,1389340
146 10966,HR 7650,32003,1389379
146 11063,HR 46188,63491,1389417
146 9912,HRT 507,27139,1389457
146 9912.,HRT 507,38915,1389494
146013,HR 46130,25603,1389532
147192 N,HR 7194,45571,1390622
147213 S,HR 7219,44803,1390660
147326 C,HR 8223,40963,1390698
147326 T,HR 8223,45315,1390736
148 87021,HR 7259,32771,1390774
148 87056,HR 8240,32515,1390812
148 87057,HR 8329,34819,1390850
148 87059,HR 8332,33795,1390888
1482-039,HR 2287 T11,30724,1390926
1482-049,HR 42081,52995,1390968
1482-052,HR 42034,50947,1391007
148928 G,HR 7194,45827,1391046
149.134,HR 7129,8451,1391084
1490502,HR 46115,40195,1391120
15 7789 1002,HR 46149,34564,1393759
15 7821 9001,HR 46149,33028,1393802
15 E 000-0021,HR 42103,39940,1391158
15 E 000-0049,HR 7869,35332,1391202
15 E 000-0370,HR 7658,33540,1391245
15 E 000-0378,HR 46088,47876,1391288
15 E 014-0391,HR 46189,48388,1391420
15 E 01J-0391,HR 46189,54020,1391332
15 E 01M-0391,HR 46189,54788,1391376
15 E 024-0476,HR 46161,47108,1391464
15 T 403005,HR 42098,25604,1391508
15 T 403005 A,HR 42098,50436,1391550
15 T 8802007 B,HR 42001,62212,1393714
15-014-0391,HR 46189,25860,1393845
15-6779-9,HR 2130,34307,1393887
15-679-9,HR 2130,20227,1393925
15-6865-5,HR 2130,32259,1393962
15-7025-0,HR 2080/10,516,1394000
15-7748-4,HR 8095,36355,1394041
15-7821-9,HR 46149,2564,1394079
15-7821-9-001,HR 46149,51204,1394119
15-7839-1,HR 8095,35843,1394163
150 F 6 D,HR 7519,30211,1394201
1500,HR 7457,34562,1394239
1501-0015-009,HR 42001,44548,1394272
1502-0015-009,HR 42001,44804,1394316
150328,HR 6057,61186,1394360
15128-12 D,HR 8551,45571,1394395
15128110,HR 8551,20483,1394434
151460-05,HR 7381,52483,1394471
151460-11,HR 8001,49155,1394510
15146005,HR 7381,40963,1394549
15146011,HR 8001,37635,1394587
15188050,HR 8456,23811,1394625
1518812 B,HR 8456,36099,1396773
1518812 C,HR 8456,36355,1396811
15210-14810,HR 46017,23812,1396849
15210-14850,HR 46017,24836,1396891
15210-14860,HR 46017,25092,1396933
152355,HR 7687,64258,1396975
1525223,HR 2063/00,43011,1397010
15252283,HR 3583,22787,1397049
1525229,HR 3529,9987,1397086
1525235,HR 2063/00,43779,1397122
1525242,HR 2080/00,43011,1397161
1525244,HR 2080/00,43523,1397200
1525254,HR 5525,8963,1397239
152542,HR 2080/00,30211,1397275
152591,HR 7464,62978,1397313
153144.60,HR 8317,33539,1397348
15314460,HR 8317,21763,1397386
1531447 A,HR 8317,34563,1397423
153180403,HR 7070,33027,1397461
1532873 A,HR 8316,35331,1397499
1534892,HR 7535,11779,1397537
15393000,HR 8317,20995,1397573
1539302 A,HR 8316,33795,1397610
154 016 A,HR 6191,27907,1397648
154 016 B,HR 6191,28163,1397686
154 017 A,HR 6654,29187,1397724
154 019 A,HR 6191,28675,1399839
154 025 A,HR 7472,28675,1399877
154 026 A,HR 6191,28163,1399915
154 030 A,HR 6191,26883,1399953
154 033 A,HR 6191,27651,1399991
154 040,HR 6379,4355,1400029
154 040 A,HR 6379,29187,1400065
154 040 B,HR 6380,27395,1400103
154 041 A,HR 6191,27395,1400141
154 050 A,HR 7677,29955,1400179
154 056 A,HR 46070,60931,1400217
154 064 C,HR 8422,28931,1400257
154 064 D,HR 8422,29187,1400295
154 064 F,HR 7671,30979,1400333
154 064 G,HR 8496,32771,1400371
154 064 J,HR 7902,31235,1400409
154 064 M,HR 8137,32259,1400447
154 064 P,HR 7897,36099,1400485
154 064 U,HR 7791,35587,1400523
154 064 V,HR 7788,37379,1400561
154 067 B,HR 2287 T11,39172,1400599
154 067 C,HR 42002,59651,1400642
154 067 D,HR 42002,59907,1400682
154 068 A,HR 7668,32259,1400722
154 074 A,HR 7487,31235,1400760
154 074 E,HR 7499,33027,1400798
154 074 N,HR 7486,34307,1402917
154 074 R,HR 7467,35075,1402955
154 074 T,HR 7893,36355,1402993
154 090 A,HR 42071,59651,1403031
154 090 D,HR 42062,60419,1403071
154 090 E,HR 2287 T26,40452,1403111
154 091 A,HR 42109,60419,1403154
154 106 B,HR 7691,29699,1403194
154 106 C,HR 7896,31747,1403232
154 106 E,HR 8479,31747,1403270
154 106 F,HR 7903,29699,1403308
154 108 B,HR 7242,28163,1403346
154 117 A,HR 7472,29187,1403384
154 122 E,HR 7498,31235,1403422
154 122 F,HR 7602,28163,1403460
154 122 J,HR 7734,30723,1403498
154 122 K,HR 7895,33027,1403536
154 122 L,HR 8472,31235,1403574
154 122 Q,HR 7904,32259,1403612
154 122 S,HR 7899,55811,1403650
154 124 B,HR 7472,28931,1403689
154 125 A,HR 7472,28931,1403727
154 125 B,HR 7472,29187,1403765
154 125 C,HR 7668,31235,1403803
154 125 D,HR 7991,31235,1403841
154 132 A,HR 7472,28419,1404965
154 132 B,HR 7472,28675,1405003
154 132 C,HR 7472,28931,1405041
154 133 A,HR 42019,59651,1405079
154 138 F,HR 7738,32515,1405119
154 138 K,HR 7462,32259,1405157
154 138 L,HR 7462,32515,1405195
154 138 N,HR 7607,33283,1405233
154 138 P,HR 7474,34307,1405271
154 138 Q,HR 7810,33027,1405309
154 138 T,HR 7474,35331,1405347
154 138 U,HR 8205,33795,1405385
154 138 W,HR 7731,35075,1405423
154 144 A,HR 7990,30467,1405461
154 146 A,HR 8500,27907,1405499
154 156 A,HR 7665,50691,1405537
154 158 A,HR 42019,61443,1405576
154 158 E,HR 42019,62467,1405616
154 158 G,HR 42019,62979,1405656
154 162 A,HR 7721,28419,1405696
154 162 B,HR 7751,29443,1405734
154 162 D,HR 7751,29955,1405772
154 162 F,HR 7993,32515,1405810
154 164 A,HR 7620,28419,1405848
154 164 C,HR 7452,29699,1405886
154 164 E,HR 7608,30979,1405924
154 165 A,HR 7483,30467,1408037
154 165 C,HR 7483,30979,1408075
154 165 D,HR 7984,32771,1408113
154 165 O,HR 7444,33283,1408151
154 166 A,HR 7665,50947,1408189
154 166 B,HR 7673,50947,1408228
154 168 D,HR 7755,32515,1408267
154 168 G,HR 7908,33283,1408305
154 173 D,HR 42094,62211,1408343
154 174 D,HR 7182,30211,1408383
154 174 E,HR 7192,30723,1408421
154 177 A,HR 8135,29955,1408459
154 177 B,HR 7485,32003,1408497
154 177 C,HR 8524,30979,1408535
154 177 E,HR 7749,33539,1408573
154 177 F,HR 8495,33539,1408611
154 177 J,HR 7484,33795,1408649
154 177 M,HR 7945,35075,1408687
154 177 N,HR 7437,34307,1408725
154 177 P,HR 8132,33027,1408763
154 177 Q,HR 7850,34819,1408801
154 177 S,HR 7666,36611,1408839
154 177 T,HR 7473,35843,1408877
154 177 X,HR 8454,36867,1408915
154 179 M,HR 8251,33283,1408953
154 179 P,HR 7833,35331,1408991
154 179 Z,HR 7645,38147,1411109
154 182 R,HR 7894,36099,1411147
154 183 L,HR 8472,33027,1411185
154 183 W,HR 8613,35075,1411223
154 185 A,HR 46144,62211,1411261
154 189 C,HR 7457,32771,1411301
154 189 G,HR 8349,34051,1411339
154 189 H,HR 8096,34051,1411377
154 189 N,HR 8422,33795,1411415
154 194 B,HR 7666,32003,1411453
154 194 D,HR 7906,31747,1411491
154 194 Y,HR 7652,36611,1411529
154 195 A,HR 7673,51203,1411567
154 195 M,HR 7673,54275,1411606
154 195 Q,HR 46141,260,1411645
154 197 A,HR 7673,51715,1411685
154 197 B,HR 7673,51971,1411724
154 198 A,HR 7537,32003,1411763
154 198 B,HR 7554,32003,1411801
154 207 A,HR 7910,28419,1411839
154 207 B,HR 7606,29187,1411877
154 207 D,HR 7997,33027,1411915
154 207 E,HR 7908,31235,1411953
154 207 F,HR 7908,31491,1411991
154 207 N,HR 7606,32259,1412029
154 207 R,HR 8143,32515,1412067
154 207 S,HR 8142,32515,1415205
154 218 B,HR 46147,62467,1415243
154 218 C,HR 46127,62211,1415283
154 224 A,HR 46147,61443,1415323
154 229 F,HR 7969,34307,1415363
154 229 G,HR 7985,34051,1415401
154 229 H,HR 7994,34307,1415439
154 243 A,HR 46165,61699,1415477
154 245 A,HR 46162,61443,1415517
154 277 A,HR 7703,30211,1415557
154 277 B,HR 7432,30211,1415595
154 277 C,HR 7806,31747,1415633
154 277 M,HR 7945,35331,1415671
154 277 V,HR 8536,36867,1415709
154 279 C,HR 7960,32515,1415747
154 299 F,HR 7969,36099,1415785
154 306 A,HR 7537,29699,1415823
154 308 A,HR 7896,32259,1415861
154 309 A,HR 7932,30211,1415899
154 311 B,HR 7664,48899,1415937
154 374 A,HR 7985,32771,1415976
154 374 B,HR 7995,33283,1416014
154 375 A,HR 8277,31747,1416052
154 375 C,HR 8390,31235,1416090
154 375 D,HR 8277,32515,1416128
154 375 F,HR 7906,32515,1417253
154 375 H,HR 8163,32003,1417291
154 375 J,HR 8171,32259,1417329
154 378 A,HR 7443,30979,1417367
154 380 A,HR 8455,30211,1417405
154 382 A,HR 46165,62723,1417443
154 382 B,HR 46172,62467,1417483
154 382 F,HR 46127,63491,1417523
154 382 G,HR 8423,50691,1417563
154 384 A,HR 46165,63235,1417602
154 388 F,HR 7664,53507,1417642
154 388 G,HR 46122,64003,1417681
154 7900-3243,HR 3650,15108,1417721
154 7950-3243,HR 3650,16388,1417763
154 8900-3243,HR 3650,15364,1417805
154-156 A,HR 7665,54019,1417847
1547900-3243,HR 3650,6916,1417886
1547950-3243,HR 3650,8196,1417927
1548000-3243,HRT 227 BP,58884,1417968
1548900-3243,HR 3603,6660,1418012
156 375 H,HR 7921,32771,1418053
157 0026 B,HR 42031,6148,1418091
157 0026 C,HR 42031,6404,1418132
157 0026 V,HR 42031,11268,1418173
157 0042 A,HR 42032,5636,1420325
157 0042 B,HR 42032,5892,1420366
157 0042 C,HR 42032,6148,1420407
157 026 C,HR 42031,59651,1420448
157 042 A,HR 42032,58883,1420488
157 042 B,HR 42032,59139,1420528
157 042 C,HR 42032,59395,1420568
157 126 V,HR 42031,64771,1420608
157 53862,HR 6213,31491,1420648
1590-01-32 A,HR 46184,36356,1420686
1590-01-32 AS,HR 46184,57604,1420729
16 303468,HR 7346,32003,1420817
16 330377,HR 42045,62467,1420855
16 330557,HR 42020,60675,1420895
16 330627,HR 42063,61955,1420935
16 330647,HR 42047,62979,1420975
16 334187,HR 46064,64515,1421015
16 334407,HR 46046,63235,1421055
16 334487,HR 42057,64771,1421095
16 334717,HR 46032,62979,1421135
16 TA 200-2 A,HR 42070,49668,1420773
16-20097-01,HR 46037,24324,1421212
16-26873-01,HR 42003,23556,1421254
16-26946-01,HR 46001,24324,1423415
16-26946-02,HR 46001,24580,1423457
16-27975-01,HR 42043,25604,1423499
16-27975-02,HR 42043,25860,1423541
16-31339-01,HR 42070,22788,1423583
16-31669-01,HR 42070,24324,1423625
16-31699-01,HR 42070,25092,1423667
16.18,HR 2270 V2,23299,1421175
162687301,HR 42003,516,1423709
1626946-02,HR 46001,13060,1423749
162694602,HR 46001,1540,1423790
1627975-01,HR 42043,14084,1423830
162797501,HR 42043,2564,1423871
163166901,HR 42070,1284,1423911
163169901,HR 42070,2052,1423951
164581,HR 6667,64514,1423991
1670,HR 9545,36610,1424026
1671,HR 2279 T15S,1796,1424059
168625 C,HR 7063,22787,1424098
16909,HRT 240 BS,37379,1424135
17.378,HR 1304,59906,1424172
17.381,HR 1310,57602,1424207
17.590,HR 1927,61698,1424242
17.775,HR 9306,62722,1424277
17.797,HR 1807,63234,1424312
17.837,HR 7023,60930,1424347
17.838,HR 6134,6400,1425435
17.843,HR 6004,59650,1425470
17.844,HR 7050,60418,1425505
17.845,HR 6025,60930,1425540
17.846,HR 7002,60162,1425575
17.848,HR 7678,3,1425610
17.849,HR 6016,61954,1425645
17.851,HR 6027,60674,1425680
17.852,HR 7075,61954,1425715
17.857,HR 7050,61442,1425750
17.859,HR 7501,62210,1425785
17.862,HR 9403,61442,1425820
17.863,HR 9339,63746,1425855
17.878,HR 9304,63234,1425890
1701.6232,HR 9495,35075,1425925
17016232,HR 9495,23299,1425963
170467,HR 6355,17155,1426000
1706 005 6,HRT 202,43779,1426036
1706 011 8,HRT 202,43523,1426075
1706 026 1,HRT 507,45315,1426114
1706 035 0,HRT 202,43011,1426153
1706 043 0,HRT 202,42755,1426192
1708,HR 9548,37890,1426231
171220,HR 8286,61186,1426264
1730,HR 1730,32770,1426299
1751509,HR 7226,29699,1426332
175966,HR 46049,32771,1426369
175996,HR 46049,33539,1426406
176 005 7,HRT 202,31747,1428517
176 011 5,HRT 202,30467,1428555
176 020 6,HRT RECTIF. 20 KV,4614,1428593
176 026 3,HRT 507,33539,1428641
176 035 4,HRT 505,33283,1428679
176 043 8,HRT 202,32515,1428717
176 110,HR 5642,2819,1428755
176 704,HR 5165,5123,1428791
176 709,HR 5166,6659,1428827
176 710,HR 5542,4099,1428863
1764,HR 1269 T16,26883,1428899
176407,HR 46050,28419,1428936
17862,HR 9513,50178,1428973
180 2786,HR 7146,19459,1429007
180 3374,HR 7472,18435,1429044
180 3384,HR 7472,18691,1429081
180 3471,HR 7257,18179,1429118
180 3888,HR 7146,20483,1429155
180 460 017,HR 6292,51203,1429192
180 460 17,HR 6292,38915,1429232
180 47511,HR 1130,27139,1429271
180 47512,HR 1130,27395,1429309
180 51511,HR 1130,25859,1429347
180 51512,HR 1130,26115,1429385
180 5355,HR 6119,17923,1429423
180 5356,HR 6119,18179,1429460
180 56611,HR 1130,27395,1430587
180 56612,HR 1130,27651,1430625
180 66569,HR 6119,33795,1430663
180 679 A,HR 7665,52995,1430701
180 717 A,HR 7751,30467,1430740
180.0478,HR 7462,22275,1430778
180.1958,HR 7731,23043,1430815
180.2022,HR 7462,18947,1430852
180.2736,HR 7453,22019,1430889
180.2786,HR 7146,23043,1430926
180.3235,HR 7026,19715,1430963
180.3471,HR 7257,21763,1431000
180.3888,HR 7146,24067,1431037
180.4780,HR 6373,22275,1431074
1800034852,HR 7361,47619,1431111
1800034875,HR 7514,48899,1431150
18041617,HR 6292,22787,1431189
180460017,HR 6292,34819,1431226
18046017,HR 6292,22531,1431264
180774 B,HR 7457,24067,1431301
1810951,HR 7464,10243,1431338
1811492606,HR 602,34819,1431374
1812134,HR 2287 T17,18948,1431412
1812134 A,HR 2287 T17,43780,1431453
1812134 B,HR 42114,63747,1431496
181297,HR 7687,515,1433656
1813481,HR 7612,9219,1433691
1813482,HR 7687,12547,1433727
182340309-00,HR 7403,4868,1433763
182415602,HR 7666,36867,1433804
185134,HR 6536,62466,1433842
186 3600,HR 3651,16643,1433877
186 3600-3243,HR 3651,14852,1433914
186 3800-3243,HRT 237 BP,3845,1433956
1863600-3242,HR 3651,6404,1434001
1863800-3243,HRT 227 BP,60932,1434042
1895-641-045,HRT 507,16132,1434086
1897-642,HRT 242 BP,10756,1434127
1897-642-103,HRT 242 BP,60164,1434167
1898-641-084,HRT 508 P,46596,1434211
19-23190-002,HR 7798,27396,1434254
19-26006-002,HR 42080,35076,1434296
19-70006-001,HR 46043,35332,1434339
19-70006-001 B,HR 46043,60420,1434382
19-70009-001,HR 46024,35844,1434427
19-70018-001,HR 46150,35844,1434470
19-70018-002,HR 46150,36100,1434513
19-70026-001,HR 7764,25348,1435685
19-70026-003,HR 7764,25860,1435727
19-70026-011,HR 7764,25604,1435769
19-70026-03,HR 7764,13572,1435811
19-70026-031,HR 7764,26116,1435852
19-70026-A 11,HR 7764,38148,1434556
19-70029-001,HR 46151,36612,1435894
19-70034-001,HR 7764,25092,1435937
19-70052-001,HR 46178,37892,1435979
19-70052-011,HR 46178,38148,1436022
19-70054-001,HR 46182,37124,1436065
190 47512,HR 1130,27651,1436108
192-3190-002,HR 7798,27396,1436146
193081,HR 6471,61954,1436188
194-00017/0.2,HR 6137,15620,1436223
1940001702,HR 6137,45827,1436265
1970052001,HR 46178,14852,1436304
1972 549 24,HR 6067,55299,1436345
1972 650,HR 6067,19203,1436385
1972 650 24,HR 6067,53507,1436422
198 62930,HR 7503,32515,1436462
198033,HR 7083,62466,1436500
198622,HR 7280,63234,1436535
1AV4L40A00101,HR 7619,40964,1119632
2 CO CP 7231,HR 6020,13828,1436570
2 D 702 027,HR 1687,51203,1436611
2 D 707 027,HR 1687,52483,1438757
2 G 25001-501,HR 6536,12804,1438797
2 G 25003-501,HR 6471,12804,1438839
2 G 25010-501,HR 7280,12036,1438881
2 G 25010-502,HR 7172,12292,1438923
2 G 25016-505,HR 6466,15876,1438965
2 G 25026-316,HR 7281,15108,1439217
2 G 25026-B1G,HR 7281,23300,1439007
2 G 25026-B2E,HR 8555,24324,1439049
2 G 25026-B2F,HR 7281,23300,1439091
2 G 25026-B2H,HR 8555,25092,1439133
2 G 25026-B3F,HR 8478,25860,1439175
2 G 25027-A2D,HR 8374,23812,1439259
2 G 25027-A3D,HR 8374,24068,1439301
2 G 25039-A2A,HR 6477,24324,1439343
200 CP 7230,HR 6024,59139,1439463
200 CP 7231,HR 6020,58371,1439503
200 CP 7258,HR 6036,62467,1439543
200 ICH 3527,HR 7097,34052,1439583
200000271,HR 7386,32259,1439625
200000551,HR 8553,31747,1439663
200000581,HR 8584,33539,1439701
2001,HR 1601,29954,1441855
2001.0069/3,HR 6202,54787,1441888
200185.80,HR 7272,33283,1441928
20018580,HR 7272,21507,1441966
2002 230 65,HR 185,35843,1442003
2002 306 5,HR 185,23043,1442042
2002 306 7,HR 185,23555,1442080
2002 309 1,HR 3509,35843,1442118
2002 309 2,HR 3509,36099,1442157
2002 316 3,HR 5126,35075,1442196
2002 316 6,HR 5126,35843,1442235
2002 320 7,HR 2171,34051,1442274
2002 320 8,HR 2171,34307,1442313
20020,HR 7570,45314,1442352
20021,HR 7570,45570,1442386
20022,HR 7570,45826,1442420
20023,HR 7570,46082,1442454
20024,HR 7570,46338,1442488
2003148.01,HR 5148,44291,1442522
2003148.02,HR 5148,44547,1442561
2003148.04,HR 5148,45059,1442600
200418,HR 6466,61186,1442639
20068,HR 7525,48386,1442674
20070,HR 7754,47618,1442708
20071,HR 7754,47874,1442742
20072,HR 7754,48130,1442776
20074,HR 7754,48642,1444921
20075,HR 7754,48898,1444955
200762.10,HR 7264,32003,1444989
20076210,HR 7264,20227,1445027
20082,HR 8169,48642,1445064
20090,HR 7543,47106,1445098
20091,HR 7543,47362,1445132
20092,HR 7543,47618,1445166
20093,HR 7543,47874,1445200
20094,HR 7543,48130,1445234
20095,HR 7543,48386,1445268
2009720632,HR 7640,47619,1445302
2009720709,HR 7640,48899,1445341
2009830269,HR 7449,51459,1445380
201 827 60,HR 7273,38659,1445419
2012.1283,HR 9341,31747,1445458
201300.50,HR 6488,32003,1445496
20130050,HR 6488,20227,1445534
20141,HR 8260,65282,1445571
201649.50,HR 8092,34307,1445606
20164950,HR 8092,22531,1445644
2016530201,HR 8341,44547,1445681
201679.40,HR 7261,34051,1445720
20167940,HR 7261,22275,1445758
20180,HR 7292,47362,1445795
20181,HR 7292,47618,1445829
20182,HR 7292,47874,1445863
201827.60,HR 7272,33795,1446949
20182760,HR 7272,22019,1446987
202 306 5,HR 185,10755,1447024
202 306 7,HR 185,11267,1447061
202 309 1,HR 3509,23555,1447098
202 309 2,HR 3509,23811,1447136
202 316 3,HR 5126,22787,1447174
202 316 6,HR 5126,23555,1447212
202 320 7,HR 2171,21763,1447250
202 320 8,HR 2171,22019,1447288
2020,HR 7047,32770,1447326
2020-525-00012,HR 42005,57092,1447359
202028.80,HR 8057,33283,1447404
20202880,HR 8057,21507,1447442
2027017-001,HR 7717,11780,1447479
202721.70,HR 8067,33283,1447520
20272170,HR 8067,21507,1447558
2029,HR 1629,35074,1447595
20310,HR 8124,44802,1447628
20311,HR 8124,45058,1447662
20312,HR 8124,45314,1447696
20313,HR 8124,45570,1447730
20314,HR 8124,45826,1447764
2032-642-3001,HRT 248 BP,3845,1447798
2032/03,HR 7646,6659,1447879
2032/0B,HR 7646,10499,1447843
203283.00,HR 7535,32259,1450021
20328300,HR 7535,20483,1450059
20350,HR 8378,48642,1450096
20351,HR 8378,48898,1450130
20352,HR 8378,49154,1450164
20353,HR 8378,49410,1450198
20354,HR 8378,49666,1450232
20360,HR 8126,46594,1450266
20361,HR 8126,46850,1450300
20362,HR 8126,47106,1450334
20363,HR 8126,47362,1450368
20364,HR 8126,47618,1450402
20365,HR 8126,47874,1450436
203832.70,HR 8057,34051,1450470
203832.80,HR 7535,34307,1450508
20383270,HR 8057,22275,1450546
20383280,HR 7535,22531,1450583
20410,HR 8026,45314,1450620
20411,HR 8026,45570,1450654
20412,HR 8026,45826,1450688
20413,HR 8026,46082,1450722
20414,HR 8026,46338,1450756
204403.80,HR 6655,33539,1450790
20440380,HR 6655,21763,1450828
204529.60,HR 8442,34307,1450865
204529.70,HR 8057,35075,1450903
20452960,HR 8442,22531,1450941
20452970,HR 8057,23299,1450978
204530.80,HR 8057,33283,1454117
204530.90,HR 8442,33027,1454155
20453080,HR 8057,21507,1454193
20453090,HR 8442,21251,1454230
205,HRT 506,28674,1454267
2050304600,HR 46081,11780,1454299
205267.90,HR 8057,35587,1454340
20526790,HR 8057,23811,1454378
205268.00,HR 8442,33027,1454415
20526800,HR 8442,21251,1454453
205829.30,HR 8048,35075,1454490
205829.60,HR 8048,35843,1454528
20582930,HR 8048,23299,1454566
2058296 A,HR 8048,36611,1454603
20582960,HR 8048,24067,1454641
205963.30,HR 8048,34819,1454678
205963.40,HR 7535,35075,1454716
20596330,HR 8048,23043,1454754
20596340,HR 7535,23299,1454791
206 0124,HRT 202,20739,1454828
20600,HR 8253,46082,1454865
20601,HR 8253,46338,1454899
20602,HR 8253,46594,1454933
20603,HR 8253,46850,1454967
20604,HR 8253,47106,1455001
206083.50,HR 8057,33795,1455035
206083.60,HR 7535,34051,1455073
206083.90,HR 7535,34819,1456165
20608350,HR 8057,22019,1456203
20608360,HR 7535,22275,1456240
20608390,HR 7535,23043,1456277
20610,HR 8448,47874,1456314
20611,HR 8448,48130,1456348
20612,HR 8448,48386,1456382
20613,HR 8448,48642,1456416
20614,HR 8448,48898,1456450
20660,HR 8240,46594,1456484
20661,HR 8240,46850,1456518
20662,HR 8240,47106,1456552
20663,HR 8240,47362,1456586
20664,HR 8240,47618,1456620
20670,HR 8329,48898,1456654
20671,HR 8329,49154,1456688
20672,HR 8329,49410,1456722
20673,HR 8329,49666,1456756
20674,HR 8329,49922,1456790
2071.1285,HR 15004,44035,1456824
2072.1051,HR 9104,30723,1456863
2072.1211,HR 9463,32259,1456901
2074.5006,HR 9463,34307,1456939
2074.5021,HR 9821,33027,1456977
207409-001,HR 46119,12292,1457015
2077-642-1003,HRT 903,25604,1457056
2077-642-1004,HRT 904,26116,1457098
207999.60,HR 8048,38403,1459250
207999.70,HR 7535,38659,1459288
207999.80,HR 7535,38915,1459326
20799960,HR 8048,26627,1459364
20799970,HR 7535,26883,1459401
20799980,HR 7535,27139,1459438
208 30460,HR 2282 T2,5380,1459475
208017.70,HR 8314,33027,1459516
20801770,HR 8314,21251,1459554
2082.0013,HR 9822,32003,1459591
2082.0023,HR 9841,32515,1459629
2082.0071,HR 9407,32771,1459667
2082.0122,HR 9455,32771,1459705
2082.0150,HR 9408,32515,1459743
2082.0182,HR 9455,34307,1459781
2082.0250,HR 9400,30723,1459819
2082.0430,HR 9414,32003,1459857
2082.0743,HR 9495,36099,1459895
2082.0943,HR 9827,36355,1459933
2082.0943 A,HR 9827,61187,1459971
208207.00,HR 8273,32515,1460011
20820700,HR 8273,20739,1460049
208257.90,HR 7535,36099,1460086
20825790,HR 7535,24323,1460124
208359.40,HR 8314,34563,1460161
20835940,HR 8314,22787,1462309
208405.90,HR 8273,34819,1462346
20840590,HR 8273,23043,1462384
208632.30,HR 8273,33795,1462421
20863230,HR 8273,22019,1462459
2087-642-1006,HRT 906,27396,1462496
2087-642-1020,HRT 920,25348,1462538
20880,HR 8237,49154,1462580
20881,HR 8237,49410,1462614
20882,HR 8237,49666,1462648
20883,HR 8237,49922,1462682
20884,HR 8237,50178,1462716
2089.0,HR 8371,60930,1462750
2089.1,HR 8371,61186,1462785
20891,HR 8371,49410,1462820
209.6046,HR 9677,24579,1462854
2091.2952,HR 15019,46595,1462891
2092.0070,HR 9400,30979,1462930
2092.0080,HR 9400,31235,1462968
2092.0452,HR 9435,34051,1463006
2092.1252,HR 9470,33539,1463044
2092.2091,HR 9428,34819,1463082
2092.2102,HR 9467,33795,1463120
2092.2111,HR 9527,33027,1463158
2092.2431,HR 9447,34563,1463196
2092.2542,HR 9442,34051,1463234
2092.2542 B,HR 9442,59139,1464357
2092.2592,HR 9492,36611,1464397
2092.2761,HR 9446,35843,1464435
2092.3012,HR 9400,30723,1464473
2092.3131,HR 9465,34051,1464511
2092.3281,HR 9469,36611,1464549
2092.3322,HR 9566,35075,1464587
2092.3413,HR 9823,34307,1464625
2094.0026,HR 9824,34307,1464663
2096566 B,HR 8558,38915,1464701
20965660,HR 8558,26115,1464739
2097-642-005,HRT 225 BP,58884,1464776
2097-642-306,HRT 230 BP,58884,1464820
2097-642-339,HRT 227 BP,61956,1464864
2097-642-356,HRT 236 BP,61700,1464908
210 635 9,HR 8526,26883,1464952
210-0033-125,HR 7303,516,1465170
210-0033-223,HR 7309,1796,1465211
210-0034-077,HR 9609,5124,1465252
210-0036-889,HR 9530,6660,1465293
210-0038-296,HR 9537,6916,1468476
210-0038-857,HR 7063,5636,1468517
210-0041-932,HR 6120,772,1468558
210-0041-932 A,HR 6120,25604,1468599
210-0042-020,HR 9357,1796,1468642
210-0042-059,HR 6120,1028,1468683
210-0042-092,HR 6292,2820,1468724
210-0042-092 A,HR 6292,27652,1468765
210-0042-093,HR 6292,3076,1468808
210-0043-293,HR 7065,3588,1468849
210-0331-250,HR 7303,516,1468890
210-0332-230,HR 7309,1796,1468931
210-0374-750,HR 7016,3844,1468972
210-0388-570,HR 7063,5636,1469013
210-0420-590,HR 6120,1028,1469054
210-1100-501,HRT 507,7940,1469095
210.311,HR 6311,2819,1464990
210.401,HR 6321,3075,1465026
210.402,HR 6322,3587,1465062
210.470,HR 6300,3843,1465098
210.472,HR 6302,4867,1465134
21000 33125,HR 7303,51203,1469136
21000 33223,HR 7309,52483,1469176
21000 34077,HR 9609,55811,1469216
21000 36889,HR 9530,57347,1469256
21000 38296,HR 9537,57603,1469296
21000 38857,HR 7063,56323,1469336
21000 41237,HR 7065,53251,1469376
21000 41932,HR 6120,51459,1471525
21000 41932 A,HR 7296,14596,1471565
21000 42020,HR 9357,52483,1471607
21000 42059,HR 6120,51715,1471647
21000 42092,HR 6292,53507,1471687
21000 42092 A,HR 6292,12804,1471727
21000 42093,HR 6292,53763,1471769
21000 42093 A,HR 6292,13060,1471809
21000 43239,HR 7065,54275,1471851
21000 43293,HR 7065,54275,1471891
210002,HR 3615,56834,1471931
2100033125,HR 7303,43011,1471966
2100033223,HR 7309,44291,1472005
2100034077,HR 9609,47619,1472044
2100036889,HR 9530,49155,1472083
2100037475,HR 7016,46339,1472122
2100038296,HR 9537,49411,1472161
2100038857,HR 7063,48131,1472200
2100041237,HR 7065,45059,1472239
2100041932,HR 6120,43267,1472278
2100041932 A,HR 6120,2564,1472317
2100042020,HR 9357,44291,1472358
2100042059,HR 6120,43523,1472397
2100042092,HR 6292,45315,1472436
2100042092 A,HR 6292,4612,1472475
2100042093 A,HR 6292,4868,1473573
2100043293,HR 7065,46083,1473614
2100088570,HR 7063,47363,1473653
2100331250,HR 7303,43011,1473692
2100332230,HR 7309,44291,1473731
2100374750,HR 7016,46339,1473770
2100388570,HR 7063,48131,1473809
2100420590,HR 6120,43523,1473848
210067,HR 2467,60674,1473887
210082,HR 2082,58114,1473922
2101-1005.01,HRT 507,8196,1473957
210110,HR 2114,55042,1473998
210113,HR 2467,58626,1474033
210114,HR 2114,56066,1474068
210118,HR 2118,58114,1474103
210152,HR 2152,57090,1474138
210155,HR 2155,58626,1474173
210242,HR 2118,57602,1474208
210244,HR 2440,57602,1474243
210245,HR 2450,58114,1474278
210247,HR 5165,60162,1474313
210262,HR 2467,59906,1474348
210313,HR 6313,57602,1474383
210314,HR 6314,58114,1474418
210315,HR 6315,58626,1474453
210374,HR 2460,59138,1474488
210376,HR 2461,59906,1474523
210400,HR 6320,6400,1476635
210471,HR 6301,58114,1476670
210520 P 102,HR 6330,772,1476705
210522 P 102,HR 6332,1796,1476746
210524 P 102,HR 6334,2820,1476787
2106359,HR 8526,10499,1476828
21096001,HR 8159,41219,1476864
21096002,HR 7381,40451,1476902
21096005,HR 7232,39939,1476940
21111,HR 8191,45826,1476978
21112,HR 8191,46082,1477012
21117,HR 9493,48898,1477046
21130,HR 8457,47362,1477080
21131,HR 8457,47618,1477114
2115,HR 2105,31490,1477148
2118,HR 3635,34562,1477181
2119,HR 5566,36098,1477214
212 Z 9531,HRT 511,54787,1477247
21243818,HR 46038,35843,1477286
2134,HR 3535,33794,1477324
2137.0,HR 8451,59138,1477357
2137.1,HR 8451,59394,1477392
2140 20 04,HR 7834,36099,1477427
214009 Q,HR 7171,23299,1477466
214412,HR 6005,58114,1477503
2150 039,HR 2051,13827,1477538
2150 044,HR 052,259,1477575
2150 047,HR 052,1027,1480741
2150 048,HR 3615,15619,1480777
215179,HR 7175,63234,1480814
215539,HR 8555,64002,1480849
215540,HR 8374,61698,1480884
216 34818,HR 6203,30211,1480919
216 37758,HR 7070,32515,1480957
216 37838,HR 7065,33283,1480995
216 37878,HR 7073,34051,1481033
216 37938,HR 7130,31747,1481071
216 38308,HR 7503,30723,1481109
216 39818,HR 7237,53251,1481147
21620,HR 8371,47106,1481186
21621,HR 8371,47362,1481220
21670.0/00,HR 5665,44291,1481254
217319,HR 8478,64514,1481293
217656,HR 7281,63234,1481328
218 20526,HRT 507,37891,1481363
218 27312,HRT 507,37891,1481401
22 524 9085,HR 046,39171,1481439
22 525 0018,HR 046,36099,1481478
22 554 6168,HR 631,39683,1481517
2200 01 07,HR 7443,34819,1481556
2200 09 04,HR 7483,37123,1481595
2200121,HR 7989,8963,1481634
2200162,HR 7829,8451,1481670
2205,HR 3652,33538,1481706
2223074,HR 7325,7939,1482789
2223075,HR 7322,7427,1482825
2223076,HR 7323,7939,1482861
2223077,HR 7324,8451,1482897
2223078,HR 7326,9219,1482933
2223081,HR 7327,7939,1482969
2223083,HR 7323,7427,1483005
2223091,HR 8066,8451,1483041
2231 0002,HR 3509,25859,1483077
2231 0003,HR 3690,26371,1483115
2231 0090,HR 3613,26627,1483153
2231 0092,HR 3507,27651,1483191
2231 0096,HR 3520,27395,1483229
2231 0097,HR 3505,28419,1483267
2231 0098,HR 3508,29443,1483305
2231 0099,HR 3501,27907,1483343
2231 0100,HR 3501,23555,1483381
2231 0126,HR 7070,26883,1483419
22316002,HR 7393,40195,1483457
2244,HR 2440,32770,1483495
2245,HR 2450,33282,1483528
2250,HR 2445,33282,1483561
2256,HR 5126,34562,1483594
2257,HR 3511,33794,1483627
225778,HR 6477,259,1483660
22675,HR 4001,46338,1483695
227 BP I,HRT 227 BP,16644,1483729
23 F 010 S 1,HR 7776,20996,1485881
23 F 0101 S,HR 7776,12804,1485923
23 F 101 S 1,HR 7776,21252,1485964
23 F 1470,HR 42115,60163,1486006
2301,HR 3518,33026,1486046
2302,HR 1621,31490,1486079
2304,HR 3610,32002,1486112
23046021,HR 7381,39939,1486145
231 4010,HRT 507,21763,1486183
2311,HR 3515,32514,1486220
231530,HR 8456,61186,1486253
23224408,HR 7723,22019,1486288
23226401,HR 7720,19971,1486325
23226403,HR 7822,21251,1486362
23226408,HR 7723,22531,1486399
23226416,HR 7724,22531,1486436
23226423,HR 7822,21763,1486473
23226536,HR 7462,23043,1486510
23226537,HR 7462,23299,1486547
23236001,HR 6665,20995,1486584
23236003,HR 7479,22531,1486621
23236023,HR 7451,20483,1486658
23236052,HR 7519,22275,1486695
23236069,HR 7854,24835,1486732
23236076,HR 7657,24579,1486769
23236083,HR 7654,23299,1486806
23236098,HR 7601,22787,1488957
23236110,HR 7451,19715,1488994
23236177,HR 8547,24835,1489031
23236195,HR 7655,24579,1489068
23236196,HR 7655,24835,1489105
23236198,HR 7601,23043,1489142
23236200,HR 8403,19203,1489179
23236201,HR 7669,22787,1489216
23236230,HR 7600,19459,1489253
23236245,HR 7669,24835,1489290
23236252,HR 8433,21763,1489327
23236253,HR 6665,23299,1489364
23236254,HR 8503,21763,1489401
23236255,HR 7604,22275,1489438
23236264,HR 7604,22275,1489475
23236404,HR 7694,23555,1489512
23236408,HR 7723,22787,1489549
23236424,HR 7600,20739,1489586
23236425,HR 7601,21251,1489623
23236427,HR 7669,25347,1489660
23236428,HR 7604,22787,1489697
23236429,HR 7694,25347,1489734
23236432,HR 7694,23811,1489771
23236438,HR 7694,25347,1489808
23236447,HR 8194,24323,1489845
23236447 A,HR 8194,49155,1489882
23236454,HR 8275,23811,1490974
23236464,HR 7944,24579,1491011
23236465,HR 7634,23811,1491048
23236482,HR 7944,24579,1491085
23236483,HR 8412,22531,1491122
23236485,HR 8418,24579,1491159
23236496,HR 7656,25859,1491196
23236501,HR 7634,21507,1491233
23236510,HR 7944,22531,1491270
23236512,HR 8418,22275,1491307
23236525,HR 8436,23299,1491344
23236537,HR 7462,23555,1491381
23236581,HR 7656,24579,1491418
23236599,HR 7802,25091,1491455
23236648,HR 8637,25603,1491492
234 5025,HR 5664,17411,1491529
234.180,HR 6021,4867,1491566
2342,HR 5505,33794,1491602
2343,HR 2053,32770,1491635
2345,HR 1633,34050,1491668
23460082 DA,HR 7708,19204,1491701
236 4011,HRT 507,23299,1491742
2362,HR 3601,33026,1491779
2363,HR 3602,33538,1491812
2365,HR 5565,36610,1491845
23665050,HR 6600,20739,1491878
2379,HR 3519,37122,1491915
2385205500,HR 46130,13060,1496114
2385205600,HR 46130,13316,1496155
2385205700,HR 46132,14084,1496196
2385205900,HR 46132,14596,1496237
2385206700,HR 46130,13828,1496278
2385207400,HR 46132,13828,1496319
239.051,HR 6392,8195,1496360
239.098,HR 6394,11523,1496396
239.200,HR 7336,6915,1496432
239.256,HR 7264,9731,1496468
239111,HR 8551,60930,1496504
24 103 5055,HR 236,36355,1496576
24 121 3095,HR 2273 T16S,61700,1496615
24 309 4151,HR 602,36611,1496660
24 924 4084,HR 2274 T21S,63492,1496699
24 927 1086,HR 2274 T25S,65028,1496744
24 ED 2-B,HR 602,20995,1496539
24.181.108,HR 2268 TRSI,4869,1496789
240 496,HR 1683,5379,1496833
240 497,HR 1686,6403,1496869
24000.01,HR 1161,14339,1496905
240120.1011,HR 9663,56323,1496942
240120.4004,HR 7040,54275,1496982
240120.4007,HR 6021,54531,1497022
240120.4009,HR 6036,56579,1499173
240120.4010,HR 6300,52995,1499213
240120.4011,HR 6302,53763,1499253
240120.4012,HR 7203,54275,1499293
240120.4015,HR 6062,55555,1499333
240120.4016,HR 6321,55299,1499373
240120.4025,HR 6178,57859,1499413
240120.4026,HR 7026,56323,1499453
240120.4027,HR 6250,56067,1499493
240120.4028,HR 7047,57603,1499533
240120.4031,HR 6097,57091,1499573
240120.4032,HR 7668,58627,1499613
240120.4033,HR 8185,57603,1499653
240120.4034,HR 7032,55299,1499693
240120.4052,HR 7065,56835,1499733
240120.4053,HR 6018,56323,1499773
240120.4056,HR 6063,57091,1499813
240120.4057,HR 6100,55299,1499853
240120.4058,HR 6656,59651,1499893
240120.4064,HR 7451,57347,1499933
240120.4065,HR 7787,60675,1499973
240120.4066,HR 7522,57603,1500013
240120.4070,HR 7647,12548,1500053
240120.4071,HR 6322,55811,1500094
240120.4075,HR 42019,24068,1502245
240120.4078,HR 7505,58627,1502287
240120.4087,HR 7523,58627,1502327
240120.4091,HR 6304,56323,1502367
240120.4095,HR 7126,58115,1502407
240120.4096,HR 7127,58627,1502447
240120.4097,HR 7127,58883,1502487
240120.4098,HR 7128,59395,1502527
240120.4099,HR 6301,57603,1502567
240120.4101,HR 7175,56067,1502607
240120.4105,HR 7239,57347,1502647
240120.4107,HR 7545,57859,1502687
240120.4108,HR 6465,58115,1502727
240120.4109,HR 6320,55811,1502767
240120.4110,HR 6323,54531,1502807
240120.4119,HR 6062,56835,1502847
240120.4120,HR 6005,54019,1502887
240120.4121,HR 6057,56067,1502927
240120.4122,HR 6119,56067,1502967
240120.4124,HR 6009,56067,1503007
240120.4125,HR 7522,56579,1503047
240120.4126,HR 6301,55299,1503087
240120.4128,HR 7145,57603,1503127
240120403,HR 7047,31747,1503167
2404,HR 2080/15,4867,1503205
241 008 027,HR 2268 TRSI,9733,1505317
241 142 074,HR 2280 T8S,48644,1505362
241.067,HR 7233,6915,1505406
2410142,HR 5565,7427,1505442
2411128,HR 6137,7683,1505478
241174,HR 7612,60674,1505514
241213095,HR 2273 T16S,45316,1505549
2415,HR 1177,34306,1505592
241501-001,HR 46091,9732,1505625
241691,HR 7443,62210,1505666
2419 531 98000,HR 7592,27396,1505701
2419 531 98001,HR 7592,27652,1505744
2419 531 98002,HR 7592,27908,1505787
2419 531 98003,HR 7592,28164,1505830
2419 531 98004,HR 7592,28420,1505873
2419 531 98005,HR 7592,28676,1505916
2419 531 98006,HR 7592,28932,1505959
2422 531 02026,HR 7641,42500,1506002
2422 531 02131,HR 7860,22788,1506046
2422 531 02134,HR 7789,26116,1506089
2422 531 02136,HR 7789,26628,1506132
2422 531 02149,HR 7980,25860,1506175
2422 531 02154,HR 7774,25092,1506218
2422 531 02156,HR 7813,24068,1506261
2422 531 02166,HR 8304,23300,1507357
2422 531 02168,HR 8304,23812,1507400
2422 531 02171,HR 7814,23556,1507443
2422 531 02177,HR 7817,25860,1507486
2422 531 02178,HR 7817,26116,1507529
2422 531 02179,HR 8370,25092,1507572
2422 531 02197,HR 7662,25860,1507615
2422 531 02205,HR 8119,22788,1507658
2422 531 02206,HR 8225,22532,1507701
2422 531 02207,HR 8531,22788,1507744
2422 531 02208,HR 8541,23300,1507787
2422 531 02221,HR 7774,23812,1507830
2422 531 02223,HR 8225,22276,1507873
2422 531 02229,HR 7963,25860,1507916
2422 531 02232,HR 7817,23812,1507959
2422 531 02233,HR 7811,22532,1508002
2422 531 02234,HR 7839,25348,1508045
2422 531 02279,HR 8323,24836,1508088
2422 531 02282,HR 8333,23556,1508131
2422 531 02285,HR 8474,25860,1508174
2422 531 02323,HR 8342,22532,1508217
2422 531 02324,HR 8419,24068,1508260
2422 531 02325,HR 8430,22532,1508303
2422 531 02361,HR 8419,24324,1510466
2422 531 02365,HR 8563,25348,1510509
2422 531 02393,HR 8450,24324,1510552
2422 531 02397,HR 8449,27396,1510595
2422 531 02421,HR 8444,23044,1510638
2422 531 02431,HR 8552,23300,1510681
2422 531 02452,HR 8381,24068,1510724
2422 531 98025,HR 8373,27140,1510767
2422 531 98026,HR 8373,27396,1510810
2422 549 02221,HR 7774,26116,1510853
2424593,HR 7146,10499,1510896
243 003 003,HR 025,32771,1510932
243 089 157,HR 602,39171,1510971
243 093 153,HR 236,37635,1511010
243 094 151,HR 502,36355,1511049
243 095 137,HR 2272 R,15108,1511088
243 155 015,HR 2266 R,13828,1511130
243.054,HR 6272,6915,1511172
243.1500,HR 3628,18947,1511208
243.1600,HRT 230 BP,4868,1511245
243.1800,HR 6005,17667,1511285
243.2129,HR 7040,18947,1511322
243.2140,HR 7032,17411,1511359
243.2319,HR 7026,20227,1511396
243.2322,HR 7668,21763,1512485
243.2330,HR 6018,18435,1512522
243.2405,HR 6036,19203,1512559
243.2806,HR 6089,22531,1512596
243.281,HR 7068,8451,1512633
243.2810,HR 6063,19203,1512669
243.288,HR 7127,9219,1512706
243.2891,HR 7026,21507,1512742
243.2893,HR 7026,22019,1512779
243.2987,HR 6097,24835,1512816
243.367,HR 6272,8707,1512853
243.3891,HR 7026,21763,1512889
243.451,HR 7172,7171,1512926
243.5463,HR 6021,19459,1512962
243.563,HR 7275,9219,1512999
243.596,HR 6399,12291,1513035
243.6211,HR 7127,19459,1513071
243.789,HR 6391,11267,1513108
243.8001,HR 6127,18947,1513144
243.887,HR 7272,10755,1513181
2431500,HR 3628,7171,1513217
2431600,HRT 230 BP,58627,1513253
2431651,HR 7518,9475,1513292
2431723,HR 6247,8963,1513328
2431800,HR 6005,5891,1513364
2431851,HR 7518,9987,1513400
2431853,HR 7136,9475,1513436
2432101,HR 6128,6147,1516573
2432101-2,HR 6128,30467,1516609
24321012,HR 6128,18947,1516647
2432120,HR 7668,8963,1516684
2432129,HR 7040,7171,1516720
2432140,HR 7032,5635,1516756
2432319,HR 7026,8451,1516792
2432322,HR 7668,9987,1516828
2432324,HR 7047,8195,1516864
2432330,HR 6018,6659,1516900
2432391,HR 6551,8963,1516936
2432461,HR 6009,7939,1516972
2432471,HR 6491,9475,1517008
2432611,HR 6190,7427,1517044
2432632,HR 6017,7683,1517080
2432633,HR 6073,8451,1517116
2432651,HR 6190,8451,1517152
2432761,HR 6009,8707,1517188
2432810,HR 6063,7427,1517224
2432811,HR 6138,8451,1517260
2432811 H,HR 6138,35075,1517296
2432944,HR 46037,42755,1517334
2432981,HR 7132,9219,1517372
2432982,HR 7132,9475,1517408
2432987,HR 6097,13059,1517444
2433011,HR 6020,4099,1517480
2433012,HR 6020,4355,1517516
2433022,HR 6171,6403,1519665
2433102,HR 7124,5891,1519701
2433132,HR 7193,8195,1519737
2433163,HR 6539,29699,1519773
2433171,HR 7206,7683,1519810
2433171 C,HR 7206,33027,1519846
2433211,HR 7100,4611,1519884
2433212,HR 6003,5123,1519920
2433213,HR 7147,7939,1519956
2433291,HR 6024,7683,1519992
2433301,HR 7136,6915,1520028
2433301 A,HR 7136,31747,1520064
2433301 H,HR 7136,33539,1520102
2433302,HR 7022,5635,1520140
2433302 A,HR 7022,30467,1520176
2433302 AB,HR 7022,47363,1520214
2433302 AE,HR 7022,48131,1520253
2433302 AM,HR 7022,50179,1520292
2433304,HR 7136,7683,1520331
2433321,HR 6200,5123,1520367
2433381,HR 46047,41987,1520403
2433427,HR 6281,9219,1520441
2433432,HR 6114,6915,1520477
2433441,HR 6137,8195,1520513
2433442,HR 6114,7171,1520549
2433442 H,HR 6114,33795,1520585
2433451,HR 7165,8963,1521701
2433451 H,HR 7165,35587,1521737
2433452,HR 7156,9219,1521775
2433453,HR 7156,9475,1521811
2433453 H,HR 7156,36099,1521847
2433455,HR 7035,8963,1521885
2433456 H,HR 7156,36867,1521921
2433461,HR 7134,8195,1521959
2433481,HR 6544,9731,1521995
2433521,HR 7041,6659,1522031
2433581,HR 6005,7939,1522067
2433652,HR 7343,9219,1522103
2433701,HR 6361,7683,1522139
2433704,HR 6579,11267,1522175
2433721,HR 7135,8195,1522211
2433751,HR 7173,9475,1522247
2433752,HR 7167,10499,1522283
2433841,HR 6476,10755,1522319
2433841 H,HR 6476,37379,1522355
2433844,HR 6065,9987,1522393
2433844 H,HR 6065,36611,1522429
2433891,HR 7026,9987,1522467
2433891 H,HR 7026,36611,1522503
2433892,HR 7125,10243,1522541
2433892 G,HR 7125,36611,1522577
2433893,HR 7026,10499,1522615
2433941,HR 7108,9219,1522651
2433952,HR 7518,11035,1524764
2433953,HR 7356,11267,1524800
2433971,HR 46040,41475,1524836
2433977,HR 46040,43011,1524874
2433983,HR 7026,10499,1524912
2434001,HR 6492,7427,1524948
2434002,HR 6351,6147,1524984
2434081,HR 7154,8451,1525020
2434131,HR 7548,9219,1525056
2434131 H,HR 7548,35843,1525092
2434141,HR 7518,8707,1525130
2434211,HR 46080,39427,1525166
2434222,HR 7183,8195,1525204
2434264,HR 46082,41987,1525240
2434271,HR 46076,42243,1525278
2434272,HR 7184,9731,1525316
2434273,HR 7146,9475,1525352
2434274,HR 7146,9731,1525388
2434291,HR 46078,43267,1525424
2434293,HR 46079,44035,1525462
2434301,HR 46059,40963,1525500
2434361,HR 8080,8451,1525538
2434381,HR 7757,11523,1525574
2434382,HR 7757,11779,1525610
2434391,HR 7699,13059,1525646
2434391 H,HR 7699,39683,1525682
2434393,HR 7768,12803,1525720
2434402,HR 7757,9987,1527869
2434451,HR 7105,7683,1527905
2434453,HR 7032,7939,1527941
2434455,HR 7035,9219,1527977
2434481,HR 46035,41731,1528013
2434482,HR 46035,41987,1528051
2434492,HR 7642,10499,1528089
2434493,HR 7838,32259,1528125
2434494,HR 7643,11267,1528162
2434494 H,HR 7643,37891,1528198
2434592,HR 7040,8707,1528236
2434593,HR 7146,10755,1528272
2434594,HR 8136,11011,1528308
2434595,HR 7510,9987,1528344
2434596,HR 7145,11267,1528380
2434596 A,HR 7145,36099,1528416
2434596 E,HR 7145,37123,1528454
2434596 H,HR 7145,37891,1528492
2434597,HR 7184,28931,1528530
2434598,HR 7510,10755,1528567
2434621,HR 7800,7939,1528603
2434622,HR 7800,8195,1528639
2434641,HR 7722,9219,1528675
2434641 H,HR 7722,35843,1528711
2434651,HR 7621,8963,1528749
2434651 H,HR 7621,35587,1528785
2434652 H,HR 7622,36099,1530936
2434654,HR 7700,9219,1530974
2434654 H,HR 7700,35843,1531010
2434704,HR 7964,11267,1531048
2434705,HR 7800,8707,1531084
2434707,HR 7964,12035,1531120
2434801,HR 46065,41475,1531156
2434811,HR 46065,41731,1531194
2434813,HR 46065,42243,1531232
2434853 H,HR 7145,36867,1531270
2434853 HB,HR 7145,53763,1531308
2434854,HR 7170,9987,1531347
2434854 A,HR 7170,34819,1531383
2434921,HR 7825,10499,1531421
2435001,HR 7701,6147,1531457
2435001 H,HR 7701,32771,1531493
2435006,HR 7730,7939,1531531
2435011,HR 7878,10243,1531567
2435011 H,HR 7878,36867,1531603
2435013,HR 8053,7171,1531641
2435013 H,HR 8053,33795,1531677
2435014,HR 7828,9731,1531715
2435036,HR 7868,11779,1531751
2435036 A,HR 7868,36611,1531787
2435062,HR 7633,8963,1531825
2435063,HR 7778,11779,1531861
2435066,HR 7730,9475,1534010
2435068,HR 8527,11267,1534046
2435068 A,HR 8527,36099,1534082
2435084,HR 8499,12803,1534120
2435084 A,HR 8499,37635,1534156
2435085,HR 7947,12291,1534194
2435121,HR 7538,8963,1534230
2435131,HR 7171,7427,1534266
2435141,HR 7516,8451,1534302
2435151,HR 8086,9475,1534338
2435191,HR 7500,7939,1534374
2435192,HR 7525,9987,1534410
2435251,HR 6020,6147,1534446
2435301,HR 7526,8195,1534482
2435336 A,HR 7673,55555,1534518
2435373,HR 7983,12291,1534557
2435373 H,HR 7983,38915,1534593
2435441,HR 7127,8707,1534631
2435463,HR 6021,7683,1534667
2435501,HR 7557,9731,1534703
2435521,HR 7239,9475,1534739
2435521 H,HR 7239,36099,1534775
2435522,HR 7352,8707,1534813
2435540,HR 7217,8707,1534849
2435541,HR 7217,8963,1534885
2435551,HR 46034,41219,1534921
2435671,HR 7172,9987,1536037
2435673,HR 7275,11523,1536073
2435675,HR 7274,11779,1536109
2435971,HR 7172,10755,1536145
24360082 DA,HR 7708,65027,1536181
2436201,HR 7527,8451,1536221
2436202,HR 7527,8707,1536257
243621003,HR 46095,1028,1536293
2436211,HR 7127,7683,1536333
2436214,HR 7357,9731,1536369
2436218,HR 7336,9987,1536405
2436232 A,HR 7641,53251,1536441
2436233,HR 7799,32259,1536480
2436233 B,HR 7799,57347,1536517
2436463,HR 6021,7939,1536556
2436588,HR 46096,46083,1536592
2436626,HR 8362,10755,1536630
2436652,HR 7866,12547,1536666
2436652 A,HR 7866,37379,1536702
2436771,HR 7832,11267,1536740
2436773,HR 7837,13059,1536776
2436792,HR 7836,13059,1536812
2436795,HR 7821,12291,1536848
2436796,HR 7835,13827,1536884
2436798,HR 7821,13059,1536920
2436881,HR 7673,32259,1536956
2436891,HR 7217,11267,1536993
2436892,HR 7264,12035,1539109
2436893,HR 7264,12291,1539145
2436894,HR 7264,12547,1539181
2436911,HR 7272,9731,1539217
2436912,HR 7117,9475,1539253
2436913,HR 7264,10499,1539289
2436914,HR 7272,10499,1539325
2436918,HR 7336,11779,1539361
2436994,HR 8318,13059,1539397
2436996,HR 7793,15107,1539433
2437051,HR 7521,7939,1539469
2437202,HR 8292,8963,1539505
2437341,HR 46147,42243,1539541
2437372,HR 7944,11779,1539579
2437422,HR 7764,30467,1539615
2437462,HR 7695,32259,1539652
2437465,HR 46089,45315,1539689
2438002,HR 6005,6147,1539727
24411,HR 6003,44802,1539763
24412,HR 6005,45570,1539797
244192,HR 7386,63490,1539831
245 200 305 0101,HR 6321,40196,1539866
245 200 305 0102,HR 6310,39940,1539911
245 200 305 0106,HR 6310,40964,1539956
245.26935.01,HR 3502,5380,1540001
24512.50,HR 7378,21507,1540042
2451250,HR 7378,9731,1542181
2452003050106,HR 6310,16388,1542217
246.059,HR 7275,9987,1542259
246.367,HR 6354,9731,1542295
246.504,HR 6273,7939,1542331
246.568,HR 7127,10243,1542367
246.584,HR 7234,9475,1542403
246.791,HR 6655,11011,1542439
246.844,HR 6655,10755,1542475
246504,HR 6273,61698,1542511
2466470,HR 42019,41987,1542546
247260,HR 8558,63746,1542584
249 059 032,HR 502,37635,1542619
249 244 094,HR 2274 T21S,63748,1542658
249 303 103,HR 2274 T32S,60932,1542703
249.134,HR 7129,8707,1542748
249.226,HR 7159,9987,1542784
249.361,HR 7140,7427,1542820
249.498,HR 7172,11523,1542856
249.811,HR 7041,7427,1542892
249.948,HR 7172,11523,1542928
249244084,HR 2274 T21S,47108,1542964
25 F 8803,HR 7647,52995,1543007
25 S 13779 A 17,HR 6490,43780,1543046
25 S 90244 A 84,HR 7436,43012,1543090
250 28033,HR 6581,29955,1543134
250 30150,HR 8188,29443,1545253
25015008,HR 6292,20995,1545291
2502,HR 1120,30466,1545328
2504,HR 2080/00,3587,1545361
2504/6,HR 2080/06,30979,1545397
2507,HR 3505,34050,1545435
251233.40,HR 7535,32771,1545468
25123340,HR 7535,20995,1545506
2515 0112,HR 1127,26115,1545543
25186005,HR 7382,42499,1545581
25186006,HR 7383,43011,1545619
25186014,HR 8060,21251,1545657
25186015,HR 8063,22275,1545694
25186020,HR 7923,41987,1545731
252.634,HR 6165,8195,1545769
253.392,HR 7128,8707,1545805
253102136,HR 7789,36867,1545841
255.593,HR 7035,9219,1545879
2550,HR 2110,31234,1545915
256.142,HR 7035,6915,1545948
256.216,HR 7140,6659,1545984
256.392,HR 7128,9475,1546020
256.504,HR 6273,8195,1546056
256.680,HR 6024,7939,1546092
256.686,HR 6036,10243,1546128
256.716,HR 7140,7939,1546164
256.755,HR 7127,9987,1546200
256.967,HR 7140,9987,1549373
256.987,HR 6260,11011,1549409
2570,HR 3658,36354,1549445
2571,HR 2115,33282,1549478
2572,HR 3657,36610,1549511
2573,HR 1622,34306,1549544
258 30031,HR 7965,31491,1549577
258 30042,HR 8125,29187,1549615
258 30052,HR 8028,29955,1549653
258 30071,HR 7862,31491,1549691
258 30075,HR 7862,32515,1549729
258 30101,HR 7951,29699,1549767
258 30111,HR 8116,28419,1549805
258 30121,HR 8125,28675,1549843
258 30131,HR 8242,28931,1549881
258 30140,HR 7977,32515,1549919
258 30141,HR 7977,32771,1549957
258 30151,HR 8188,31747,1549995
259.686,HR 6036,11011,1550033
259.729,HR 7319,11779,1550069
259.730,HR 7321,7939,1550105
2598332,HR 8624,11779,1550141
260.482,HR 7140,6659,1550177
260.529,HR 7032,7171,1550213
260.561,HR 7151,6659,1550249
260.591,HR 7032,6915,1550285
260.646,HR 6239,9219,1551410
260.813,HR 6245,7427,1551446
260.926,HR 7035,8195,1551482
260.927,HR 7035,8451,1551518
2600,HR 3508,33282,1551554
2602,HR 3501,32002,1551587
2605,HR 3507,34306,1551620
2607,HR 3505,34306,1551653
2610,HR 3520,32002,1551686
261273 G,HR 7453,22787,1551719
26128050,HR 7378,23299,1551756
261372,HR 7829,63746,1551793
2621 0069,HR 3611,28419,1551828
2625003-501,HR 6471,57603,1551866
2636,HR 1161,33794,1551906
264-00,HRT 264,771,1551939
26510264,HR 6376,23043,1551974
26510325,HR 6377,22787,1552011
2652,HR 1152,33282,1552048
26526050,HR 6597,24323,1552081
2653,HR 1153,33794,1552118
2657,HR 1117,34818,1552151
266-014419,HR 6022,45571,1554541
266-14419,HR 6022,33283,1554580
266.021,HR 7108,6403,1552184
266.089,HR 7041,8963,1552220
266.634,HR 6165,9475,1552256
266.680,HR 6036,8963,1552292
266.719,HR 7319,11011,1552328
266.720,HR 7321,7171,1554469
266.821,HR 7035,8195,1554505
2660,HR 3502,33282,1554618
2663,HR 2063/02,5891,1554651
2673,HR 1152,34050,1554687
2674,HR 5525,36354,1554720
2675,HR 1150,34050,1554753
2676,HR 3583,37378,1554786
2677,HR 1127,35586,1554819
2678,HR 3575,38146,1554852
268 30260,HR 6638,31747,1554885
268 30261,HR 6638,32003,1554923
268 30262,HR 6638,32259,1554961
268 30263,HR 6638,32515,1554999
268 30306,HR 8245,30979,1555037
268 30452,HR 6546,32003,1555075
268 30561,HR 6629,32771,1555113
268 30681,HR 7299,34563,1555151
268 30682,HR 7299,34819,1555189
268 30730,HR 6607,31235,1555227
268 30731,HR 6607,31491,1555265
268 30732,HR 6607,31747,1555303
268 30900,HR 7683,32259,1555341
268 30901,HR 7683,32515,1555379
268 30902,HR 7683,32771,1555417
268 30903,HR 7683,33053,1557532
268 30912,HR 7682,32771,1557570
268 30913,HR 7682,33027,1557608
268 30994,HR 8581,35075,1557646
268 30996,HR 8581,35587,1557684
268 31072,HR 8242,30467,1557722
268 31073,HR 8242,30723,1557760
268 31133,HR 8144,30211,1557798
268 31190,HR 8225,30979,1557836
268 31192,HR 8225,31491,1557874
268 31193,HR 8225,31747,1557912
268 31372,HR 8243,31491,1557950
268 31561,HR 8244,31747,1557988
268 31722,HR 8245,31747,1558026
268 31832,HR 8312,30979,1558064
268 31833,HR 8312,31235,1558102
268 37740,HR 7549,34819,1558140
2684,HR 3120,33794,1558178
2686,HR 1197,37378,1558211
2688,HR 5571,37890,1558244
2689,HR 1198,38402,1558277
2690,HR 5638,37122,1558310
2691,HR 3645,36354,1558343
2692,HR 3589,38402,1558376
2693,HR 5642,36610,1558409
2693501,HR 3502,7683,1558442
27-5360-000,HR 7385,57859,1558478
2703000,HR 6039,6147,1560636
2705,HR 2175,34562,1560672
2706,HR 3682,35842,1560705
2711,HR 2171,32770,1560738
2712,HR 2181,33282,1560771
2713,HR 2161,33026,1560804
273 6302,HR 2063/02,52483,1560837
273 63020,HR 2063/02,64771,1560877
273 80000,HR 2080/00,63235,1560918
273 8006,HR 2080/06,54019,1560959
273 80060,HR 2080/06,772,1560999
27373,HR 8470,49922,1561040
274 6001,HR 2080/10,51203,1561074
274001,HR 7511,58882,1561114
274004,HR 7919,62722,1561149
274007,HR 7511,60418,1561184
274008,HR 7919,63746,1561219
276-010007,HR 7113,43523,1561326
276-010873,HR 6041,46083,1561365
276-010873.050,HR 6041,30468,1561404
276-011842,HR 6042,45571,1561447
276-011842.050,HR 6042,29956,1561486
276-013772,HR 7068,48899,1561529
276-014356,HR 7114,46595,1561568
276-014419,HR 6022,45827,1562661
276-014449,HR 7113,47107,1562700
276-016339,HR 6100,45827,1562739
276-016399,HR 6100,47363,1562778
276-016873,HR 7114,48131,1562817
276-017164,HR 6100,45059,1562856
276-017479,HR 6242,49155,1562895
276-019983,HR 6488,52739,1562934
276-023665,HR 6600,47107,1562973
276-026526,HR 6597,50691,1563012
276-027373,HR 8470,48899,1563051
276-10007,HR 7113,31235,1563090
276-10873,HR 6041,33795,1563128
276-10873.050,HR 6041,18180,1563166
276-11842,HR 6042,33283,1563208
276-11842.050,HR 6042,17668,1563246
276-11895,HR 7113,35331,1563288
276-11895.050,HR 7113,19716,1563326
276-13268,HR 6169,36867,1563368
276-13380,HR 7203,33027,1563406
276-13380.050,HR 7203,17412,1563444
276-13671,HR 3571,34819,1563486
276-13772,HR 6063,35075,1563524
276-1419,HR 7068,23043,1563562
276-14356,HR 7114,34307,1563599
276-14419,HR 6063,34819,1565752
276-14449,HR 7113,34819,1565790
276-15399,HR 6100,34819,1565828
276-16201,HR 7130,31491,1565866
276-16339,HR 6100,33539,1565904
276-16399,HR 6100,35075,1565942
276-16873,HR 7114,35843,1565980
276-17164,HR 7130,33795,1566018
276-17479,HR 6242,36867,1566056
276-17935,HR 6203,35331,1566094
276-179350,HR 6203,47619,1566132
276-18872,HR 6603,36611,1566171
276-18872.050,HR 6603,20996,1566209
276-19813,HR 6100,33539,1566251
276-19983,HR 6488,40451,1566289
276-20130,HR 6488,34307,1566327
276-20130.050,HR 6488,18692,1566365
276-20695,HR 6488,38403,1566407
276-21100,HR 6570,31747,1566445
276-22100,HR 6570,32003,1566483
276-22100.050,HR 6570,16388,1566521
276-22709,HR 6570,35843,1566563
276-228718,HR 8619,51715,1566601
276-23665,HR 6600,34819,1566640
276-23665.050,HR 6600,19204,1566678
276-23916,HR 6564,36867,1568797
276-24005,HR 6563,34051,1568835
276-24005.050,HR 6563,18436,1568873
276-24512,HR 7378,36099,1568915
276-24512.050,HR 7378,20484,1568953
276-24513,HR 7378,36355,1568995
276-24513.050,HR 7378,20740,1569033
276-24518,HR 7397,37891,1569075
276-24658,HR 6606,37123,1569113
276-25840,HR 6609,36355,1569151
276-26058,HR 7378,37891,1569189
276-26058.050,HR 7378,22276,1569227
276-26128,HR 7378,37379,1569269
276-26128.050,HR 7378,21764,1569307
276-26180,HR 6682,36099,1569349
276-26526,HR 6597,38403,1569387
276-26526.050,HR 6597,22788,1569425
276-26779,HR 6633,38659,1569467
276-26779.050,HR 6633,23044,1569505
276-27003,HR 8340,33027,1569547
276-27003.050,HR 8340,17412,1569585
276-27373,HR 8470,36611,1569627
276-27373.050,HR 8470,20996,1569665
276-27397,HR 8421,37123,1569707
276-27397.050,HR 8421,21508,1569745
276-28718,HR 8619,38915,1570878
276-28718.050,HR 8619,23300,1570916
276-4183,HR 6041,20739,1570958
276-48477,HR 2110,34819,1570995
276-6064,HR 7203,20995,1571033
276-71921,HR 2155,34563,1571070
276-73152,HR 1121,32003,1571108
276-75677,HR 2105,36355,1571146
276-77717,HR 1160,35587,1571184
276-79596,HR 3634,39427,1571222
276-79794,HR 3635,39683,1571260
276-80791,HR 3636,37123,1571298
276-8513,HR 6100,19971,1571336
276-8516,HR 6100,20739,1571373
276-90155.981,HR 6100,20740,1571410
276-90218.997,HR 7906,26372,1571452
276-90219.913,HR 7484,23812,1571494
276-90273,HR 7897,39427,1571536
276-90273.967,HR 7897,28164,1571574
276-90289.951,HR 6603,24068,1571616
276-90314.979,HR 6488,26628,1571658
276-94842,HR 3212,35075,1571700
276-95774,HR 3215,37123,1571738
276.367,HR 7310,8707,1561254
276.579,HR 7041,10243,1561290
278.092,HR 7237,29699,1571776
278.898,HRT 507,20995,1571813
2780,HR 2031/22,5123,1574949
2781,HR 2045,34562,1574985
2782,HR 1481,35586,1575018
2783,HR 1490,35842,1575051
278600,HR 7079,63490,1575084
278650,HR 7079,64770,1575119
279271086,HR 2274 T25S,49412,1575154
28 150 4201,HR 7071,49155,1575197
28.2000,HR 7007,4611,1575237
280 6459,HR 2274 T14S,30468,1575273
28001180,HR 3601,18435,1575315
28010100,HR 3602,16643,1575352
28010110,HR 3612,17155,1575389
28010110-AX,HR 3612,2308,1575426
28010120,HR 2274 T20S,28676,1575466
28010130,HR 3602,17411,1575508
28010130-AX,HR 3602,2564,1575545
28010200,HR 9341,18435,1575585
28010251,HR 6020,37379,1575622
28010260,HR 6020,37379,1575660
28010590,HR 1843/01,12292,1575698
28015006,HR 2268 TRSI,46084,1575739
28020061,HR 7215,39171,1575781
28020071,HR 42073,51971,1575819
28020150,HR 8068,40707,1575858
28020270,HR 9856,23299,1575896
28020410,HR 8040,18179,1577024
28020420,HR 9831,20739,1577061
28020490,HR 9842,23043,1577098
28021200,HR 7025,37891,1577135
28021230,HR 42073,51459,1577173
28021340,HR 6204,18947,1577212
28023210,HR 7194,40451,1577249
28024241,HR 8034,40195,1577287
28024510,HR 2287 TS,26372,1577325
28024515,HR 2287 T1,18948,1577366
28024520,HR 7076,41475,1577407
28024530,HR 9841,22531,1577445
28024540,HR 8034,40707,1577482
28024541,HR 8034,40963,1577520
28024720,HR 7587,43779,1577558
280247207,HR 7028,35587,1577596
28024730,HR 7027,41219,1577634
28024890,HR 7089,45059,1577672
28025190,HR 7091,41731,1577710
28025220,HR 7077,41219,1577748
28025240,HR 6204,39427,1577786
28025340,HR 6204,39683,1577824
28025450,HR 7210,39683,1577862
28025490,HR 7185,43523,1577900
28025810,HR 7190,41475,1577938
28026031,HR 7107,39939,1580091
280260850,HR 7077,56067,1580129
28026840,HR 7237,43011,1580168
280268400,HR 8061,34563,1580206
28026850,HR 7077,43779,1580244
28027150,HR 6226,40963,1580282
28027750,HR 7587,25603,1580320
28028020,HR 7194,41475,1580357
28028170,HR 7372,42499,1580395
28028190,HR 7374,43523,1580433
28028460,HR 7508,43267,1580471
28028500,HR 6209,41219,1580509
28028780,HR 7194,44803,1580547
28028800,HR 7191,42243,1580585
28028800/1,HR 8203,4,1580623
28028811,HR 9495,25347,1580663
28028820,HR 19005,34563,1580700
28028990,HR 6658,46595,1580738
28029110,HR 7035,40195,1580776
28029210,HR 7219,41475,1580814
28029230,HR 8223,40963,1580852
28029290,HR 7369,45059,1580890
28029300,HR 8223,40451,1580928
28029390,HR 7370,43267,1580966
28029670,HR 7706,44291,1581004
28030001,HR 7530,18179,1583157
28030048,HR 7289,23811,1583194
28030055,HR 7563,22019,1583231
28030057,HR 7585,23555,1583268
28030063,HR 7037,20739,1583305
28030130,HR 9465,21251,1583342
28030151,HR 7251,19715,1583379
28030163,HR 6146,20995,1583416
28036030,HR 6230,19203,1583453
28040601,HR 7025,39427,1583490
28045082,HR 9823,23811,1583528
28045092,HR 9823,24067,1583565
28045095,HR 9834,25347,1583602
28046001,HR 7025,39427,1583639
28070590,HR 6625,23555,1583677
28071000,HR 15019,31747,1583714
28071020,HR 8348,21763,1583752
28071080,HR 6658,43523,1583789
281504201,HR 7071,32771,1583827
281540201,HR 7071,32771,1583865
28156113,HR 7188,23811,1583903
28156142,HR 7257,23555,1583940
28156158,HR 7689,27651,1583977
282 1309,HR 2274 T14S,28164,1584014
28200,HR 7007,46082,1584056
282050,HR 7085,61186,1584090
2825010-502,HR 7172,57603,1586237
282793,HR 6170,63234,1586277
28286015,HR 7367,44547,1586312
2829057,HR 3652,11011,1586350
2830,HR 2080/10,4355,1586386
2834,HR 5610,34562,1586422
28386005,HR 7232,42243,1586455
28386017,HR 7232,43011,1586493
2850001305,HR 46188,14852,1586531
2850003105,HR 46188,14852,1586572
2850003910,HR 46188,15876,1586613
2850004312,HR 46188,15108,1586654
2850339,HR 6005,8963,1586695
285058-001,HR 46119,13828,1586731
2859 089 0106,HR 7254,15364,1586772
2859 117 010,HR 7254,65027,1586814
2859 126 010,HR 7083,65027,1586855
2859 127 010,HR 7254,65283,1586896
2859 127 0103,HR 7254,12804,1586937
2859 127 310,HR 42066,32516,1586979
2859 129 010,HR 42018,31492,1587022
2859 129 0101,HR 42018,44036,1587065
2859 129 0109,HR 7477,16644,1587109
2859 131 010,HR 7469,516,1587151
2859 132 010,HR 7708,19460,1590335
2859 135 010,HR 7469,1540,1590377
2859 135 0106,HR 7469,15364,1590418
2859 135 0108,HR 7469,15876,1590460
2859 136 010,HR 7477,1540,1590502
2859 136 0101,HR 7477,14084,1590543
2859 144 010,HR 7787,2308,1590585
2859 151 410,HR 7477,1796,1590626
2859 152 120,HR 7938,2052,1590667
2859 152 160,HR 7719,2308,1590708
2859 152 170,HR 7716,1796,1590749
2859 152 1708,HR 7716,16132,1590790
2859 152 510,HR 7616,1028,1590832
2859 152 910,HR 7716,2308,1590873
2859 153 510,HR 7605,772,1590914
2859 154 050,HR 7677,3076,1590955
2859 154 052,HR 7618,2308,1590996
2859 154 059,HR 7938,5380,1591037
2859 154 108,HR 7853,3076,1591078
2859 154 109,HR 7610,1028,1591119
2859 154 127,HR 7610,1028,1591160
2859 200 000,HR 7471,63235,1591201
2859 200 004,HR 7623,64003,1591242
2859 200 024,HR 7614,64515,1592377
2859 200 039,HR 7987,3844,1592418
28820061,HR 7215,41219,1592459
28820061/0,HR 7389,3076,1592497
289.689,HR 3183,12547,1592537
289689,HR 3183,771,1592573
29.6023,HR 9678,11267,1592608
29.6024,HR 9668,11267,1592644
29.6028,HR 9675,11779,1592680
29.6032,HR 9673,9987,1592716
29.6033,HR 9674,10499,1592752
29.6034,HR 9648,11011,1592788
29.6035,HR 9684,11267,1592824
29.6036,HR 9671,10499,1592860
29.6037,HR 9683,11523,1592896
29.6038,HR 9321,8963,1592932
29.6046,HR 9677,12291,1592968
29.6048,HR 9344,10499,1593004
29.6051,HR 9627,9987,1593040
29.6065,HR 9677,12547,1593076
29.6070,HR 9343,8963,1593112
29.6073,HR 9346,10499,1593148
29.6081,HR 9455,10499,1593184
2900,HR 3504,33026,1593220
29200.001.04,HR 0083 S,30212,1593253
29200.002.02,HR 2920,1028,1593296
29200.004.02,HR 2921,1796,1595457
29200.008.01,HR 2922,2820,1595498
29201.001.01,HR 2011,64003,1595539
29201.003.01,HR 2013,65027,1595580
29201.004.01,HR 2014,4,1595621
29201.004.04,HR 2014,772,1595662
29201.005.01,HR 2015,516,1595703
29201.006.01,HR 2016,1028,1595744
29201.006.02,HR 2016,1284,1595785
29201.007.01,HR 2017,1540,1595826
29201.008.01,HR 3621,2308,1595867
29201.009.01,HR 3622,2820,1595908
29201.011.01,HR 2012,64515,1595949
29201.011.02,HR 2012,64771,1595990
29201.014.01,HR 2018,1284,1596031
29201.015.01,HR 2019,1796,1596072
29201.017.01,HR 3769,5636,1596113
29201.018.01,HR 5701,2820,1596154
29201.018.02,HR 5708,4868,1596195
29201.018.07,HR 5712,4868,1596236
29201.019.01,HR 5702,3332,1596277
29201.019.02,HR 5702,3588,1596318
29201.019.05,HR 5703,4612,1596359
29201.019.05 H,HR 5704,31492,1597496
29201.019.06,HR 5703,4868,1597539
29201.019.07,HR 5710,4612,1597580
29201.019.10,HR 5713,3844,1597621
29201.019.10 A,HR 5713,28676,1597662
29201.019.10 H,HR 5713,30468,1597705
29201.019.11,HR 5721,3844,1597748
29201.019.12,HR 5720,3844,1597789
29201.019.13,HR 5722,4612,1597830
29201.022.01,HR 5715,2820,1597871
29201.022.02,HR 5709,3844,1597912
29201.022.03,HR 5707,3588,1597953
29201.022.03 C,HR 5707,28932,1597994
29201.022.04,HR 5707,3844,1598037
29201.022.04 A,HR 5707,28676,1598078
29201.024.01,HR 5706,3332,1598121
29201.024.01 B,HR 5706,28420,1598162
29201.024.01 E,HR 5706,29188,1598205
29201.024.02,HR 5719,4612,1598248
29201.024.04,HR 5705,3844,1598289
29201.024.11,HR 5711,2564,1598330
29201.024.11 B,HR 5711,27652,1598371
29201.025.01,HR 5716,3844,1598414
29201.025.03,HR 5718,4868,1601597
29201.025.04,HR 5714,4100,1601638
29201.025.06,HR 5726,5380,1601679
29201.025.07,HR 5729,6404,1601720
29201.025.08,HR 5735,5892,1601761
29201.025.09,HR 5730,4868,1601802
29201.025.10,HR 5731,3076,1601843
29201.025.12,HR 5736,4868,1601884
29201.025.13,HR 5732,4100,1601925
29201.025.14,HR 5733,4612,1601966
29201.025.15,HR 5734,5124,1602007
29201.025.16,HR 5725,5380,1602048
29201.025.17,HR 5727,6148,1602089
29201.025.17 B,HR 5727,31236,1602130
29201.025.18,HR 5728,6660,1602173
29201.025.19,HR 5739,7428,1602214
29201.028.01,HR 6501,2820,1602255
29201.028.02,HR 6501,3076,1602296
29201.028.03,HR 6501,3332,1602337
29201.028.03 A,HR 6501,28164,1602378
29201.028.04,HR 6511,3844,1602421
29201.028.53,HR 6506,5892,1602462
29201.028.54,HR 6505,5892,1602503
29201.029.01,HR 6500,2820,1604662
29201.029.02,HR 6502,3588,1604703
29201.029.03,HR 6507,5124,1604744
29201.029.04,HR 6503,4356,1604785
29201.029.05,HR 6504,4868,1604826
29201.029.05 A,HR 6504,29700,1604867
29201.029.06,HR 6508,6148,1604910
29201.029.08,HR 6509,6916,1604951
29201.029.09,HR 6510,5124,1604992
29201.029.10,HR 6514,4100,1605033
29201.029.10 A,HR 6514,28932,1605074
29201.029.11,HR 6515,4612,1605117
29201.029.51,HR 6513,5124,1605158
29201.029.51 A,HR 6513,29956,1605199
29201.029.51 AL,HR 6513,49412,1605242
29201.029.51 H,HR 6513,31748,1605286
29201.029.52,HR 6574,7172,1605329
29201.029.52 A,HR 6574,32004,1605370
29201.029.57,HR 6520,6148,1605413
29201.029.58,HR 6522,6916,1605454
29201.029.59,HR 6517,8196,1605495
29201.029.60,HR 6519,6660,1605536
29201.029.62,HR 6688,8964,1605577
29201.029.66,HR 6687,9732,1606712
29201.029.69,HR 6688,10756,1606753
29201.030.08,HR 6518,4868,1606794
29201.030.08 B,HR 6518,29956,1606835
29201.030.09,HR 6516,4612,1606878
29201.030.09 A,HR 6516,29444,1606919
29201.031.53,HR 6596,6660,1606962
29201.031.53 A,HR 6596,31492,1607003
29201.031.54,HR 6572,5380,1607046
29201.031.54 A,HR 6572,30212,1607087
29201.031.54 B,HR 6572,30468,1607130
29201.031.54 H,HR 6572,32004,1607173
29201.031.55,HR 6573,5892,1607216
29201.031.56,HR 6595,7172,1607257
29201.031.56 A,HR 6595,32004,1607298
29201.031.57,HR 6686,7684,1607341
29201.031.60,HR 6580,4356,1607382
29201.031.60 A,HR 6580,29188,1607423
29201.031.61,HR 6587,6404,1607466
29201.031.61 A,HR 6587,31236,1607507
29201.031.62,HR 6586,6404,1607550
29201.031.62 A,HR 6586,31236,1607591
29201.031.63,HR 6673,5892,1607634
29201.031.66,HR 6604,5124,1609795
29201.031.66 A,HR 6604,29956,1609836
29201.031.68,HR 6689,8964,1609879
29201.031.68 A,HR 6689,33796,1609920
29201.031.6800,HR 6689,33540,1609963
29201.033.01,HR 6521,2308,1610006
29201.260.44,HR 6601,4356,1610047
29201.360.01,HR 1677,4868,1610088
29201.372.97,HR 7220,6916,1610129
29201.465.11,HR 8165,6404,1610170
29201.653.01,HR 7292,5892,1610211
29201.653.02,HR 8341,5124,1610252
29201.653.03,HR 6573,6660,1610293
29201.653.0300,HR 6573,31236,1610334
29201.653.0301,HR 8341,30212,1610377
29201.653.05,HR 7292,6916,1610420
29201.653.12,HR 8644,6916,1610461
29201.653.1201,HR 8644,31748,1610502
29201.654.0101,HR 8644,31492,1610545
29201.665.04,HR 8623,7172,1610588
29201.665.0401,HR 8623,32004,1610629
29201.680.01,HR 6601,4100,1610672
29201.680.02,HR 6678,7940,1610713
29201.680.03,HR 6616,6148,1612831
29201.680.07,HR 6616,7172,1612872
29201.680.0701,HR 6616,32004,1612913
292010316800,HR 6689,9988,1612956
292016531201,HR 8644,8196,1612997
292016650401,HR 8623,8452,1613038
292016800701,HR 6616,8452,1613079
29221.018.01,HR 5701,3332,1613120
29221.018.02,HR 5708,5380,1613161
29221.018.07,HR 5712,5380,1613202
29221.019.01,HR 5702,3844,1613243
29221.019.02,HR 5702,4100,1613284
29221.019.05,HR 5703,5124,1613325
29221.019.05 H,HR 5704,32004,1613366
29221.019.06,HR 5703,5380,1613409
29221.019.07,HR 5710,5124,1613450
29221.019.10,HR 5713,4356,1613491
29221.019.11,HR 5721,4356,1613532
29221.019.12,HR 5720,4356,1613573
29221.019.13,HR 5722,5124,1613614
29221.022.01,HR 5715,3332,1613655
29221.022.01 A,HR 5715,28164,1613696
29221.022.02,HR 5709,4356,1613739
29221.022.03,HR 5707,4100,1613780
29221.022.04,HR 5707,4356,1615941
29221.022.04 A,HR 5707,29188,1615982
29221.024.01,HR 5706,3844,1616025
29221.024.01 B,HR 5706,28932,1616066
29221.024.01 E,HR 5706,29700,1616109
29221.024.02,HR 5719,5124,1616152
29221.024.04,HR 5705,4356,1616193
29221.024.11,HR 5711,3076,1616234
29221.024.11 B,HR 5711,28164,1616275
29221.025.01,HR 5716,4356,1616318
29221.025.02,HR 5717,4868,1616359
29221.025.03,HR 5718,5380,1616400
29221.025.04,HR 5714,4612,1616441
29221.025.06,HR 5726,5892,1616482
29221.025.07,HR 5729,6916,1616523
29221.025.08,HR 5735,6404,1616564
29221.025.09,HR 5730,5380,1616605
29221.025.10,HR 5731,3588,1616646
29221.025.12,HR 5736,5380,1616687
29221.025.13,HR 5732,4612,1616728
29221.025.14,HR 5733,5124,1616769
29221.025.15,HR 5734,5636,1616810
29221.025.16,HR 5725,5892,1616851
29221.025.17 B,HR 5727,31748,1619010
29221.025.18,HR 5728,7172,1619053
29221.025.19,HR 5739,7940,1619094
29221.028.01,HR 6501,3332,1619135
29221.028.02,HR 6501,3588,1619176
29221.028.03,HR 6501,3844,1619217
29221.028.03 A,HR 6501,28676,1619258
29221.028.04,HR 6511,4356,1619301
29221.028.53,HR 6506,6404,1619342
29221.028.54,HR 6505,6404,1619383
29221.028.55,HR 6512,6148,1619424
29221.029.01,HR 6500,3332,1619465
29221.029.02,HR 6502,4100,1619506
29221.029.03,HR 6507,5636,1619547
29221.029.04,HR 6503,4868,1619588
29221.029.05,HR 6504,5380,1619629
29221.029.05 A,HR 6504,30212,1619670
29221.029.06,HR 6508,6660,1619713
29221.029.08,HR 6509,7428,1619754
29221.029.09,HR 6510,5636,1619795
29221.029.10,HR 6514,4612,1619836
29221.029.11,HR 6515,5124,1619877
29221.029.51,HR 6513,5636,1619918
29221.029.51 AL,HR 6513,49924,1621055
29221.029.51 H,HR 6513,32260,1621099
29221.029.52,HR 6574,7684,1621142
29221.029.52 A,HR 6574,32516,1621183
29221.029.57,HR 6520,6660,1621226
29221.029.58,HR 6522,7428,1621267
29221.029.59,HR 6517,8708,1621308
29221.029.59 A,HR 6517,33540,1621349
29221.029.60,HR 6519,7172,1621392
29221.029.62,HR 6688,9476,1621433
29221.029.63,HR 6683,8452,1621474
29221.029.66,HR 6687,10244,1621515
29221.029.69,HR 6688,11268,1621556
29221.030.08,HR 6518,5380,1621597
29221.030.08 B,HR 6518,30468,1621638
29221.030.09,HR 6516,5124,1621681
29221.031.53,HR 6596,7172,1621722
29221.031.53 A,HR 6596,32004,1621763
29221.031.54,HR 6572,5892,1621806
29221.031.54 A,HR 6572,30724,1621847
29221.031.54 B,HR 6572,30980,1621890
29221.031.54 C,HR 6572,31236,1621933
29221.031.54 H,HR 6572,32516,1621976
29221.031.55,HR 6573,6404,1624101
29221.031.56,HR 6595,7684,1624142
29221.031.56 A,HR 6595,32516,1624183
29221.031.56 B,HR 6595,32772,1624226
29221.031.57,HR 6686,8196,1624269
29221.031.60,HR 6580,4868,1624310
29221.031.60 A,HR 6580,29700,1624351
29221.031.61,HR 6587,6916,1624394
29221.031.61 A,HR 6587,31748,1624435
29221.031.62,HR 6586,6916,1624478
29221.031.62 A,HR 6586,31748,1624519
29221.031.63,HR 6673,6404,1624562
29221.031.63 A,HR 6673,31236,1624603
29221.031.63 H,HR 6673,33028,1624646
29221.031.66,HR 6604,5636,1624689
29221.031.66 A,HR 6604,30468,1624730
29221.031.68,HR 6689,9476,1624773
29221.031.68 A,HR 6689,34308,1624814
29221.031.6800,HR 6689,34052,1624857
29221.033.01,HR 6521,2820,1624900
29221.28.02,HR 6501,56835,1624941
29221.653.02,HR 8341,5636,1624981
29221.653.0300,HR 6573,31748,1625022
29221.680.01,HR 6601,4612,1629233
29221.680.07,HR 6616,7684,1629274
29221.680.0701,HR 6616,32516,1629315
292210316800,HR 6689,10500,1629358
292216650401,HR 8623,8964,1629399
293.256,HR 7264,9731,1629440
29305.119.14,HRT 402,13060,1629476
294 80480,HR 2282 T1,8196,1629517
294.361,HR 7140,7427,1629558
29500.602.01,HR 9320,3332,1629594
29500.603.97,HR 9366,9988,1629635
29500.609.21,HR 9347,7940,1629676
296034,HR 9648,64770,1629717
29700.192.01,HR 9322,5380,1629752
29701.644.01,HR 1927,6916,1629793
29701.658.01,HR 9332,7684,1629834
29701.659.97,HR 9642,12804,1629875
29701.776.97,HR 9366,13572,1629916
29701.786.02,HR 9349,10500,1629957
2D 702 027,HR 1687,43011,1439385
2D 707 027,HR 1687,44291,1439424
3 270 012/5,HR 3061,46851,1630160
3 F 12001,HR 46045,59139,1629998
3 F 14001,HR 46050,58627,1630038
3 F 14001 W,HR 46050,23556,1630078
3 F 14002,HR 46049,60931,1630120
3-001-090,HR 7488,31747,1631290
30-5X90A1,HR 2130,43011,1631328
300 001 9,HR 7457,24067,1631366
300 011 1,HR 7491,21763,1631404
300 026 4,HR 7731,23299,1631442
300 029 3,HR 7195,24835,1631480
300 036 6,HR 7727,25347,1631518
300 055 3,HR 7457,24835,1631556
300 056 8,HR 7728,26627,1631594
300 059 4,HR 7195,25859,1631632
300 060 8,HR 7457,25091,1631670
300 061 7,HR 6228,23811,1631708
300 073 5,HR 7503,23299,1631746
300 080 2,HR 7503,22019,1631784
300 080 6,HR 7503,23043,1631822
300 080 9,HR 7195,25603,1631860
300 084 8,HR 7503,24579,1631898
300 087 2,HR 7195,25603,1631936
300 092 8,HR 7503,24323,1631974
300 102 8,HR 7195,24067,1632012
300 103 9,HR 7503,22787,1632050
300 109 0,HR 7195,23811,1632088
300 122 3,HR 7195,23299,1632126
300 206 1,HR 6660,22531,1632164
300 346 0,HR 502,8451,1632202
300 435 2,HR 2267-2,47875,1634353
300 435 5,HR 2267-2,48643,1634393
300.0019,HR 7457,19459,1634433
300.0111,HR 7491,17155,1634470
300.0264,HR 7731,18691,1634507
300.0293,HR 7195,20227,1634544
300.0553,HR 7457,20227,1634581
300.0568,HR 7728,22019,1634618
300.0594,HR 7195,21251,1634655
300.0608,HR 7457,20483,1634692
300.0617,HR 6228,19203,1634729
300.0735,HR 7503,18691,1634766
300.0802,HR 7503,17411,1634803
300.0806,HR 7503,18435,1634840
300.0809,HR 7195,20995,1634877
300.0848,HR 7503,19971,1634914
300.0872,HR 7195,20995,1634951
300.0928,HR 7503,19715,1634988
300.1028,HR 7195,19459,1635025
300.1039,HR 7503,18179,1635062
300.1090,HR 7195,19203,1635099
300.1223,HR 7195,18691,1635136
300.2061,HR 6660,17923,1635173
3000 346 0,HR 502,20739,1635210
3000 346 4,HR 502,21763,1635248
30000,HR 7299,47106,1635286
30001,HR 7299,47362,1636411
30001.00,HR 7517,16387,1636445
300018,HR 7031,57602,1636482
30002,HR 7299,47618,1636517
30002.00,HR 7501,14851,1636551
30002048,HR 7950,20483,1636588
30002051,HR 7950,18947,1636625
30002055,HR 8339,20483,1636662
30002060,HR 6657,19715,1636699
30002061,HR 6660,18435,1636736
30002064,HR 8029,19459,1636773
30002825,HR 8601,19715,1636810
30002826,HR 8601,19971,1636847
30003,HR 7299,47874,1636884
30003.00,HR 7529,17667,1636918
30003.01,HR 7529,17923,1636955
30004,HR 7299,48130,1636992
30004.00,HR 7521,15875,1637026
30004.01,HR 7521,16131,1637063
30005,HR 7299,48386,1637100
30006.00,HR 7517,17667,1637134
30006.01,HR 7517,17923,1637171
30006.02,HR 7517,18179,1637208
30006998,HR 8402,23299,1637245
30007.00,HR 7501,16131,1637282
30007.01,HR 7501,16387,1637319
30008.00,HR 7501,16387,1639461
30008.01,HR 7501,16643,1639498
30010.00,HR 7531,15363,1639535
30011.00,HR 7531,15619,1639572
30012.00,HR 7521,15619,1639609
30012.03,HR 7521,16387,1639646
30012041,HR 8528,19459,1639683
30013.00,HR 7534,16899,1639720
30013.01,HR 7534,17155,1639757
30014178,HR 8546,22787,1639794
30014691,HR 8339,22787,1639831
30014867,HR 8339,24067,1639868
30015.00,HR 7536,17923,1639905
30015.01,HR 7536,18179,1639942
30015706,HR 8653,22019,1639979
30016641,HR 8652,21507,1640016
30016869,HR 8646,25347,1640053
30016922,HR 8648,23299,1640090
30017.00,HR 7543,17923,1640127
30017.01,HR 7543,18179,1640164
300198,HR 6228,61698,1640201
30020,HR 7279,47106,1640236
3002061,HR 6660,6147,1640270
30021,HR 7279,47362,1640306
300218,HR 7530,59138,1640340
30022,HR 7279,47618,1640375
300228,HR 6201,57858,1640409
30024,HR 7279,48130,1642555
30025,HR 7279,48386,1642589
30026,HR 7279,48642,1642623
30027,HR 7279,48898,1642657
30028,HR 7279,49154,1642691
30029,HR 7279,49410,1642725
300378,HR 7141,60418,1642759
300468,HR 7144,61186,1642794
30053153,HR 7452,20483,1642829
30058035,HR 7452,21507,1642866
30059153,HR 7494,23555,1642903
30070,HR 7862,47874,1642940
30071,HR 7862,48130,1642974
30072,HR 7862,48386,1643008
30073,HR 7862,48642,1643042
30074,HR 7862,48898,1643076
30075153,HR 7679,24323,1643110
30081,HR 7477,48898,1643147
30082153,HR 7456,22019,1643181
30092153,HR 7494,22787,1643218
300948,HR 6372,62466,1643255
30100,HR 7506,64770,1643290
30101,HR 7506,65026,1643325
30102,HR 7506,65282,1643360
30103,HR 7506,3,1643395
30104,HR 7506,259,1643430
30105,HR 7506,515,1643465
30106,HR 7506,771,1644581
30107,HR 7506,1027,1644616
30108,HR 7506,1283,1644651
30109,HR 7506,1539,1644686
301128,HR 7550,59906,1644721
301138,HR 7520,59394,1644756
301158,HR 7529,62210,1644791
301168,HR 7527,61954,1644826
301188,HR 7488,64002,1644861
30120,HR 2282 T1,21251,1644896
30121,HR 2282 T1,21507,1644933
30122,HR 2282 T1,21763,1644970
301228,HR 6365,60930,1645007
30123,HR 2282 T1,22019,1645042
30124,HR 2282 T1,22275,1645079
30125,HR 2282 T1,22531,1645116
30126,HR 2282 T1,22787,1645153
30127,HR 2282 T1,23043,1645190
30128,HR 2282 T1,23299,1645227
30129,HR 2282 T1,23555,1645264
3013.00,HR 3013,1539,1645301
3013.01,HR 3013,1795,1645337
30130,HR 46109,12803,1645373
30131,HR 46109,13059,1645409
30132,HR 46109,13315,1645445
301328,HR 6146,60418,1645481
30133,HR 46109,13571,1645516
30135,HR 46109,14083,1647665
30140,HR 7977,49154,1647701
30141,HR 7977,49410,1647735
30142,HR 7977,49666,1647769
30143,HR 7977,49922,1647803
30144,HR 7977,50178,1647837
30145,HR 7977,50434,1647871
30150,HR 8188,48130,1647905
30151,HR 8188,48386,1647939
30152,HR 8188,48642,1647973
30153,HR 8188,48898,1648007
30154,HR 8188,49154,1648041
3016.00,HR 3016,3075,1648075
3016.01,HR 3016,3331,1648111
3016.55,HR 3016,5635,1648147
30160,HR 7848,3075,1648183
30161,HR 7848,3331,1648218
30162,HR 7848,3587,1648253
301628,HR 6271,60930,1648288
30163,HR 7848,3843,1648323
301638,HR 6072,60930,1648358
30164,HR 7848,4099,1648393
30165,HR 7848,4355,1648428
3017.00,HR 3054,3843,1648463
3017.01,HR 3054,4099,1648499
3018.00,HR 3054,4099,1648535
3021004,HR 7004,3843,1648571
3021108,HR 7218,6915,1648607
302214-01,HR 42021,59907,1649701
3023.00,HR 3054,3075,1649741
302579-01,HR 42022,63747,1649777
3026.00,HR 3054,3843,1649817
30260,HR 7693,2819,1649853
30261,HR 7693,3075,1649888
30262,HR 7693,3331,1649923
3028,HR 6095,35586,1649958
30280,HR 7693,3331,1649991
30280.00,HR 6095,18691,1650026
30281,HR 7693,3587,1650063
30282,HR 7693,3843,1650098
30283,HR 7693,4099,1650133
30284,HR 7693,4355,1650168
30285,HR 7693,4611,1650203
302881-01,HR 42023,62979,1650238
30290,HR 2277 T8S,47363,1650278
30291,HR 2277 T8S,47619,1650316
30292,HR 2277 T8S,47875,1650354
30293,HR 2277 T8S,48131,1650392
30294,HR 2277 T8S,48387,1650430
30300,HR 8245,45826,1650468
30301,HR 8245,46082,1650502
30302,HR 8245,46338,1650536
30303,HR 8245,46594,1650570
30304,HR 8245,46850,1650604
30305,HR 8245,47106,1650638
30306,HR 8245,47362,1653797
30310,HR 46109,12803,1653831
30310/03,HR 7051,16387,1653867
3031001,HR 7065,5123,1653904
3031004,HR 7127,5635,1653940
30311,HR 46109,13059,1653976
30312,HR 46109,13315,1654012
30313,HR 46109,13571,1654048
30314,HR 46109,13827,1654084
30315,HR 46109,14083,1654120
30330,HR 7936,2307,1654156
30331,HR 7936,2563,1654191
30332,HR 7936,2819,1654226
30333,HR 7936,3075,1654261
30334,HR 7936,3331,1654296
30335,HR 7936,3587,1654331
30350,HR 7525,47106,1654366
30351,HR 7525,47362,1654400
303514-001,HR 46173,10756,1654434
30352,HR 7525,47618,1654475
30353,HR 7525,47874,1654509
30354,HR 7525,48130,1654543
30355,HR 7525,48386,1654577
30356,HR 7525,48642,1654611
30357,HR 7525,48898,1654645
30358,HR 7525,49154,1654679
30359,HR 7525,49410,1654713
3036,HR 7046,34562,1654747
30360 AT 2090/39,HR 46108,28933,1655867
30361,HR 7046,47106,1655914
30361 AT 2090/39,HR 46108,29189,1655948
30362,HR 7046,47362,1655995
30362 AT 2090/39,HR 46108,29445,1656029
30363,HR 7046,47618,1656076
30363 AT 2090/39,HR 46108,29701,1656110
30364,HR 7046,47874,1656157
30364 AT 2090/39,HR 46108,29957,1656191
30365,HR 7046,48130,1656238
30365 AT 2090/39,HR 46108,30213,1656272
30370,HR 7848,3843,1656319
30371,HR 7848,4099,1656354
30372,HR 7848,4355,1656389
30373,HR 7848,4611,1656424
30374,HR 7848,4867,1656459
30375,HR 7848,5123,1656494
30376,HR 7848,5379,1656529
30377,HR 7848,5635,1656564
30378,HR 7848,5891,1656599
30379,HR 7848,6147,1656634
3038.0,HR 7039,59650,1656669
3038.00,HR 7039,6403,1656704
3038.01,HR 7039,6659,1656740
30380,HR 3112 TS,30211,1656776
30381,HR 3112 TS,30467,1657893
30382,HR 3112 TS,30723,1657930
30383,HR 3112 TS,30979,1657967
30384,HR 3112 TS,31235,1658004
30385,HR 3112 TS,31491,1658041
30386,HR 3112 TS,31747,1658078
30387,HR 3112 TS,32003,1658115
30388,HR 3112 TS,32259,1658152
30389,HR 3112 TS,32515,1658189
30390,HR 6499,50434,1658226
30391,HR 6499,50690,1658260
30392,HR 6499,50946,1658294
30393,HR 6499,51202,1658328
30394,HR 6499,51458,1658362
30395,HR 6499,51714,1658396
304000911,HR 6543,32259,1658430
304068,HR 6584,62978,1658468
30410,HR 46158,14083,1658503
30411,HR 46158,14339,1658539
30412,HR 46158,14595,1658575
30430,HR 46118,13571,1658611
30430 AT 2094/02,HR 46108,26885,1658647
30431,HR 46118,13827,1658694
30431 AT 2094/02,HR 46108,27141,1658730
30432,HR 46118,14083,1658777
30432 AT 2094/02,HR 46108,27397,1658813
304328,HR 6598,64002,1660965
30433,HR 46118,14339,1661000
30433 AT 2094/02,HR 46108,27653,1661036
30434,HR 46118,14595,1661083
30434 AT 2094/02,HR 46108,27909,1661119
30435,HR 46118,14851,1661166
30435 AT 2094/02,HR 46108,28165,1661202
3044.00,HR 3044,3587,1661249
3044.01,HR 3044,3843,1661285
304468,HR 6134,61698,1661321
3045.00,HR 3054,4099,1661356
3046.00,HR 3054,4355,1661392
30460,HR 2282 T2,23299,1661428
30461,HR 2282 T2,23555,1661465
30462,HR 2282 T2,23811,1661502
30463,HR 2282 T2,24067,1661539
30464,HR 2282 T2,24323,1661576
30465,HR 2282 T2,24579,1661613
30466,HR 2282 T2,24835,1661650
30467,HR 2282 T2,25091,1661687
30468,HR 2282 T2,25347,1661724
30469,HR 2282 T2,25603,1661761
3047.00,HR 3054,4611,1661798
30470,HR 2282 T2,23555,1661834
30471,HR 2282 T2,23811,1661871
30472,HR 2282 T2,24067,1661908
30474,HR 2282 T2,24579,1664059
30475,HR 2282 T2,24835,1664096
30476,HR 2282 T2,25091,1664133
30477,HR 2282 T2,25347,1664170
30478,HR 2282 T2,25603,1664207
30479,HR 2282 T2,25859,1664244
3048.6,HR 6197,62466,1664281
30491,HR 46120,13571,1664316
30521,HR 6197,48130,1664352
3054.00,HR 3054,4099,1664386
3054.01,HR 3054,4355,1664422
3055.00,HR 3054,4355,1664458
305602-001,HR 46155,10756,1664494
30570,HR 46136,14851,1664535
30571,HR 46136,15107,1664571
30572,HR 46136,15363,1664607
30573,HR 46136,15619,1664643
30574,HR 46136,15875,1664679
30575,HR 46136,16131,1664715
3061.00,HR 3061,3075,1664751
3061.01,HR 3061,3331,1664787
30670,HR 46109,15107,1664823
30671,HR 46109,15363,1664859
30672,HR 46109,15619,1664895
30673,HR 46109,15875,1664931
30674,HR 46109,16131,1664967
30675,HR 46109,16387,1667109
3068.00,HR 3068,6659,1667145
30680,HR 7299,50690,1667181
30681,HR 7299,50946,1667215
30682,HR 7299,51202,1667249
30683,HR 7299,51458,1667283
30684,HR 7299,51714,1667317
30685,HR 7299,51970,1667351
3071010,HR 7578,8451,1667385
3071023,HR 7527,7939,1667421
30730,HR 6607,47618,1667457
30731,HR 6607,47874,1667491
30732,HR 6607,48130,1667525
30733,HR 6607,48386,1667559
30734,HR 6607,48642,1667593
30735,HR 6607,48898,1667627
30760,HR 7681,49154,1667661
30761,HR 7681,49410,1667695
30762,HR 7681,49666,1667729
30763,HR 7681,49922,1667763
30764,HR 7681,50178,1667797
30767400XX00,HR 7280,26116,1667831
30770,HR 7684,50178,1667872
30771,HR 7684,50434,1667906
307713-021,HR 46155,12548,1667940
30772,HR 7684,50690,1667981
30773,HR 7684,50946,1668015
30774,HR 7684,51202,1668049
30790,HR 46170,15363,1669170
30791,HR 46170,15619,1669206
30792,HR 46170,15875,1669242
30793,HR 46170,16131,1669278
30794,HR 46170,16387,1669314
30800,HR 1614,45314,1669350
308011-001,HR 46117,9476,1669384
30820,HR 6608,47874,1669425
30821,HR 6608,48130,1669459
30822,HR 6608,48386,1669493
30823,HR 6608,48642,1669527
30824,HR 6608,48898,1669561
30825,HR 6608,49154,1669595
3085.00,HR 3085,6147,1669629
3085.01,HR 3085,6403,1669665
3085.02,HR 3085,6659,1669701
3088 261,HR 3768,19971,1669737
309 307 520,HR 9530,51203,1669774
309 307 532,HR 9813,52995,1669814
309 307 892,HR 9652,55555,1669854
309 311 002,HR 7303,47619,1669894
309 311 003,HR 7303,47875,1669934
309 311 005,HR 7310,47875,1669974
309 311 007,HR 7272,50179,1670014
309 311 008,HR 7336,50691,1670054
309 311 009,HR 7264,50947,1670094
309 311 011,HR 6458,50179,1673275
309 311 312,HR 2171,48131,1673315
309 311 754,HR 3684,53251,1673355
309 311 909,HR 7309,53251,1673395
309 311 911,HR 2171,49411,1673435
309 311 911 R,HR 2171,13060,1673475
309 311 916,HR 2175,51715,1673517
309 311 917,HR 2275 R,15876,1673557
309 311 918,HR 3506,51971,1673599
309 311 920,HR 2181,49667,1673639
309 311 921,HR 3682,51715,1673679
309 311 923,HR 2161,49923,1673719
309 311 925,HR 3686,53763,1673759
309 311 926,HR 2151,50435,1673799
309 311 927,HR 3683,53507,1673839
309 311 928,HR 3530,51459,1673879
309 311 929,HR 3687,55043,1673919
309 311 930,HR 3684,52227,1673959
309 311 932,HR 7301,50179,1673999
309 311 933,HR 7301,50435,1674039
309 311 934,HR 7305,51715,1674079
309 311 935,HR 7306,52227,1674119
309 311 936,HR 7302,51459,1674159
309 311 937,HR 7035,52483,1674199
309 311 939,HR 7041,52255,1678364
309 311 940,HR 7304,50691,1678404
309 311 941,HR 7307,51715,1678444
309 311 942,HR 7308,52227,1678484
309 311 943,HR 7311,50947,1678524
309 311 944,HR 7303,51459,1678564
309 311 945,HR 7309,53251,1678604
309 311 946,HR 7112,51459,1678644
309 311 947,HR 7042,52227,1678684
309 311 948,HR 7312,52483,1678724
309 311 949,HR 7315,53507,1678764
309 311 951,HR 7316,51971,1678804
309 311 952,HR 7035,51715,1678844
309 311 953,HR 7320,51203,1678884
309 311 954,HR 7303,51715,1678924
309 311 955,HR 6067,53507,1678964
309 311 956,HR 6239,54019,1679004
309 311 957,HR 6245,53507,1679044
309 311 958,HR 6165,54019,1679084
309 311 960,HR 7140,50691,1679124
309 311 961,HR 7127,52227,1679164
309 311 962,HR 6260,51715,1679204
309 311 963,HR 7317,52995,1679244
309 311 964,HR 7035,52483,1679284
309 311 965,HR 7128,53507,1679324
309 311 966,HR 7127,53507,1680421
309 311 967,HR 7140,52483,1680461
309 311 968,HR 7233,53507,1680501
309 311 969,HR 7128,54531,1680541
309 311 970,HR 6067,52739,1680581
309 311 972,HR 7140,51459,1680621
309 311 973,HR 7172,52995,1680661
309 311 975,HR 7309,54019,1680701
309 311 977,HR 7127,54019,1680741
309 311 978,HR 7307,54275,1680781
309 311 979,HR 6354,54787,1680821
309 311 980,HR 7274,53251,1680861
309 311 981,HR 7315,52483,1680901
309 311 982,HR 6655,54275,1680941
309 311 983,HR 7128,53507,1680981
309 311 984,HR 6391,54019,1681021
309 311 986,HR 6399,56579,1681061
309 311 987,HR 7127,54275,1681101
309 311 989,HR 6392,55555,1681141
309 311 990,HR 7172,52739,1681181
309 311 993,HR 7317,53763,1681221
309 311 994,HR 7317,54019,1681261
309 311 996,HR 6394,55555,1681301
309 311 998,HR 7309,55299,1681341
309 311 999,HR 7234,54787,1683493
309 326 901,HRT 202,58115,1683533
309 326 908,HRT 202,59907,1683573
309 326 910,HRT 202,58115,1683613
309 326 912,HRT 202,58627,1683653
309 326 915,HRT 507,61443,1683693
309 326 918,HRT 208,61699,1683733
309 326 919,HRT 507,62467,1683773
309 326 920,HRT 210 BF,35588,1683813
309 326 921,HRT 209,60419,1683856
309 699 220,HR 1690,53763,1683896
309 699 225,HR 1683,55555,1683936
309 699 265,HR 1683,56579,1683976
309 699 268,HR 1686,58115,1684016
309 699 304,HR 1683,55043,1684056
309 699 305,HR 1686,56067,1684096
309 699 420,HR 1691,54531,1684136
309-90,HR 3690,60930,1684176
30900,HR 7683,48642,1684211
30901,HR 46120,12547,1684245
30902,HR 46120,12803,1684281
30903,HR 46120,13059,1684317
30904,HR 46120,13315,1684353
30910,HR 7682,48642,1684389
30910000,HR 6272,18435,1684423
309103.84,HR 7520,33283,1685541
30910384,HR 7520,21507,1685579
30911,HR 7682,48898,1685616
30912,HR 7682,49154,1685650
30913,HR 7682,49410,1685684
30914,HR 7682,49666,1685718
309311942,HR 7308,35843,1685752
309311943,HR 7311,34563,1685790
309311949,HR 7315,37123,1685828
309311951,HR 7316,35587,1685866
309311986,HR 6399,40195,1685904
30959700,HR 7264,24067,1685942
3096.00,HR 3054,5635,1685979
30980,HR 46170,15619,1686015
30981,HR 46170,15875,1686051
30982,HR 46170,16131,1686087
30983,HR 46170,16387,1686123
30984,HR 46170,16643,1686159
30991,HR 8581,50690,1686195
30992,HR 8581,50946,1686229
30993,HR 8581,51202,1686263
30994,HR 8581,51458,1686297
30995,HR 8581,51714,1686331
30996,HR 8581,51970,1686365
31 990 0295,HR 3511,51715,1686399
31.18,HR 2280 T8S,45059,1686439
31.18 D,HR 2280 T8S,5124,1686477
3100 138 31591,HR 7533,44036,1688633
3100.1,HR 7772,58370,1688677
31000,HR 2277 T9S,45059,1688712
31000094,HR 9829,41987,1688750
31001,HR 2277 T9S,45315,1688788
31002,HR 2277 T9S,45571,1688826
31003,HR 2277 T9S,45827,1688864
31004,HR 2277 T9S,46083,1688902
31005,HR 2277 T9S,46339,1688940
31006153,HR 7483,21251,1688978
31009517,HR 5505,21251,1689015
31010010,HR 15010,26371,1689052
31010090,HR 15004,29187,1689090
3101102,HR 7647,26371,1689128
31014,HR 46103,57602,1689165
31015153,HR 7455,20995,1689200
3102 108 35102,HR 1492,21508,1689237
31020,HR 2177,45314,1689280
31020153,HR 7435,19459,1689314
31021,HR 2177,45570,1689351
31021153,HR 7483,20483,1689385
31022,HR 2177,45826,1689422
31023,HR 2177,46082,1689456
31024,HR 2177,46338,1689490
31024153,HR 7503,19459,1689524
31025,HR 2177,46594,1689561
3103 108 05300,HR 3122 RSI,22533,1691710
3103 108 30020,HR 4001,17412,1691757
3103 108 30050,HR 2266 R,50180,1691800
3103 108 30051,HR 236,7684,1691845
3103 108 30070,HR 2272 R,49924,1691887
3103 108 30071,HR 2272 R,50180,1691932
3103 108 30170,HR 2272 R,50180,1691977
3103 108 30171,HR 2272 R,50436,1692022
3103 108 30220,HR 2270 V4,62980,1692067
3103 108 30371,HR 4001,19716,1692113
3103 149 01211,HR 2266 R,50692,1692156
3103 991 61410,HR 2265,24324,1692201
31030,HR 2064,44290,1692244
31030010,HR 18003,28163,1692278
31030050,HR 1514,16643,1692316
31030060,HR 1596,19459,1692353
31030080,HR 1599,20739,1692390
31031,HR 2064,44546,1692427
31033,HR 2064,45058,1692461
31034,HR 2064,45314,1692495
31035,HR 2064,45570,1692529
31036153,HR 6271,20483,1692563
3105.00,HR 3105,2563,1692600
31050153,HR 7474,20995,1692636
3106 108 08050,HR 7659,25860,1693726
3106 108 08051,HR 7659,26116,1693769
3106 108 08060,HR 7660,24068,1693812
3106 108 08061,HR 7660,24324,1693855
3106 108 08070,HR 7661,24580,1693898
3106 108 08071,HR 7661,24836,1693941
3106 108 08082,HR 7650,24836,1693984
3106 108 31030,HR 2064,20484,1694027
3106 108 31031,HR 2064,20740,1694070
3106 108 31330,HR 2277 T11S,33285,1694113
3106 108 31360,HR 2277 T10S,33797,1694161
3106 108 31370,HR 2277 T11S,34309,1694209
3106 108 31671,HR 2277 T15S,36357,1694257
3106 108 31751,HR 2277 T11S,35077,1694305
3106 108 31802,HR 6133,22532,1694353
3106 108 32162,HR 6285,24580,1694396
3106 108 32171,HR 6357,24580,1694439
3106 108 32311,HR 2277 T10S,33029,1694482
3106 108 32480,HR 7259,25860,1694530
3106 108 32481,HR 7259,26116,1694573
3106 108 32482,HR 7259,26372,1694616
3106 108 32531,HR 2277 T12S,34565,1694659
3106 108 32541,HR 2277 T13S,35077,1696832
3106 108 32542,HR 2277 T13S,35333,1696880
3106 108 32543,HR 2277 T13S,35589,1696928
3106 108 32544,HR 2277 T13S,35845,1696976
3106 108 32545,HR 2277 T13S,36101,1697024
3106 108 32546,HR 2277 T13S,36357,1697072
3106 108 32547,HR 2277 T13S,36613,1697120
3106 108 32650,HR 7649,26372,1697168
3106 108 32651,HR 7649,26628,1697211
3106 108 32721,HR 7662,24836,1697254
3106 108 32730,HR 7650,24068,1697297
3106 108 32731,HR 7650,24324,1697340
3106 108 33751,HR 6133,23812,1697383
3106 108 37320,HR 6397,25860,1697426
3106 108 37321,HR 6397,26116,1697469
3106 108 38960,HR 7662,27652,1697512
3106 108 38961,HR 7662,27908,1697555
3106 130 00601,HR 7802,20484,1697598
3106407.50,HR 8419,47107,1697641
31076003,HR 7232,39171,1697680
3109.00,HR 3054,4355,1697718
31100,HR 7820,45058,1697754
31100020,HR 8060,35843,1699902
31100040,HR 7258,18691,1699940
31100060,HR 7382,38403,1699977
31100070,HR 7383,38915,1700015
31100090,HR 8060,37635,1700053
31100120,HR 8038,37379,1700091
31101,HR 7820,45314,1700129
3110125,HR 6163,5891,1700163
31102,HR 7820,45570,1700199
31103,HR 7820,45826,1700233
31104,HR 7820,46082,1700267
31105,HR 7820,46338,1700301
3111 108 30701,HR 9542,22532,1700335
3111 108 30980,HR 3123,22020,1700378
3111 108 32230,HR 3531,20228,1700421
3111 108 32350,HR 1611,20228,1700464
3111 108 32650,HR 6082,22788,1700507
3111 108 33280,HR 3118 TS,7429,1700550
3111 108 33490,HR 6186,24836,1700596
3111 108 33650,HR 3111 TS,5893,1700639
3111 108 33900,HR 6083,22788,1700685
3111 108 34030,HR 2277 T4S,40197,1700728
3111 108 34040,HR 2277 T14S,33285,1700776
3111 108 34050,HR 3111 TS,4613,1700824
3111 108 34300,HR 6185,22276,1702949
3111 108 34460,HR 6184,23812,1702992
3111 108 34820,HR 6084,23556,1703035
3111 108 35170,HR 6168,24068,1703078
3111 108 66022,HR 3123,20996,1703121
3111 108 66024,HR 3123,21508,1703164
3111 108 66030,HR 3123,20740,1703207
3111 108 66032,HR 3123,21252,1703250
3111 108 66038,HR 3123,22788,1703293
3111 108 66039,HR 3123,23044,1703336
3111 108 66040,HR 3123,20996,1703379
3111 108 66041,HR 3123,21252,1703422
3111 108 66055,HR 3123,22532,1703465
3111 258 30000,HR 7299,23812,1703508
3111 258 30001,HR 7299,24068,1703551
3111 258 30002,HR 7299,24324,1703594
3111 258 30011,HR 7298,24068,1703637
3111 258 30021,HR 7279,24068,1703680
3111 258 30022,HR 7279,24324,1703723
3111 258 30031,HR 7965,24836,1703766
3111 258 30042,HR 8125,22532,1703809
3111 258 30050,HR 8028,22788,1703852
3111 258 30051,HR 8028,23044,1703895
3111 258 30052,HR 8028,23300,1704991
3111 258 30071,HR 7862,24836,1705034
3111 258 30101,HR 7951,23044,1705077
3111 258 30111,HR 8116,21764,1705120
3111 258 30121,HR 8125,22020,1705163
3111 258 30131,HR 8242,22276,1705206
3111 258 30141,HR 7977,26116,1705249
3111 258 30151,HR 8188,25092,1705292
3111 258 31752,HR 8125,24836,1705335
3111 268 30200,HR 9543,23044,1705378
3111 268 30201,HR 9543,23300,1705421
3111 268 30203,HR 9543,23812,1705464
3111 268 30701,HR 9542,24324,1705507
31110,HR 7818,47106,1705550
31111,HR 7818,47362,1705584
31112,HR 7818,47618,1705618
31113,HR 7818,47874,1705652
31114,HR 7818,48130,1705686
31115,HR 7818,48386,1705720
3112 108 39080,HR 025,9476,1705754
3112 108 39090,HR 025,9732,1705796
3112 108 39091,HR 025,9988,1705838
3112 108 39100,HR 025,7684,1705880
3112 208 30000,HR 2267,20228,1705922
3112 208 30240,HR 1707,21252,1708084
3112 208 30320,HR 002,5380,1708127
3112 208 30380,HR 3112 TS,5893,1708169
3112 208 30460,HR 2282 T2,64516,1708215
3112 208 30470,HR 2282 T1,64516,1708261
3112 208 30472,HR 2282 T1,65028,1708307
3112 338 30141,HR 1843/01,59396,1708353
3112 338 30831,HR 1843/100,7685,1708399
3113 108 30220,HR 4001,18180,1708446
3113 108 30350,HR 3113,19972,1708489
3113 108 30358,HR 3113,22020,1708532
3113 108 30359,HR 3113,22276,1708575
3113 108 30371,HR 4001,19972,1708618
3113 108 55590,HR 4001,22532,1708661
3113 108 59910,HR 3113,23300,1708704
31135008,HR 9537,22275,1708747
3119 108 21292,HR 7488,27652,1708784
3119 108 30150,HR 3122 RSI,24581,1708827
3119 108 30151,HR 3122 RSI,24837,1708874
3119 108 30170,HR 3122 RSI,25093,1708921
3119 108 30240,HR 530,8708,1708968
3119 108 30241,HR 3122 RSI,24837,1709010
3119 108 30400,HR 530,8196,1712158
3119 108 30401,HR 3122 RSI,24325,1712200
3119 108 30510,HR 2273 TS,7941,1712247
3119 108 30600,HR 2273 TS,7941,1712293
3119 108 30601,HR 2273 TS,8197,1712339
3119 108 30800,HR 7883,26116,1712385
3119 108 31000,HR 2277 T9S,22277,1712428
3119 108 31001,HR 2277 T9S,22533,1712475
3119 108 31260,HR 7527,25092,1712522
3119 108 31261,HR 7527,25348,1712565
3119 108 31262,HR 7527,25604,1712608
3119 108 31280,HR 7488,27140,1712651
3119 108 31281,HR 7488,27396,1712694
3119 108 31290,HR 7488,27396,1712737
3119 108 31291,HR 7488,27652,1712780
3119 108 31292,HR 7488,27908,1712823
3119 108 31293,HR 7488,28164,1712866
3119 108 31294,HR 7488,28420,1712909
3119 108 31310,HR 6292,23556,1712952
3119 108 31330,HR 7781,25092,1712995
3119 108 31350,HR 7772,25604,1713038
3119 108 31440,HR 7839,26628,1713081
3119 108 31441,HR 7839,26884,1714213
3119 108 31442,HR 7839,27140,1714256
3119 108 31550,HR 7816,25860,1714299
3119 108 31640,HR 8162,24580,1714342
3119 108 31650,HR 8216,24836,1714385
3119 108 62930,HR 7549,28164,1714428
3119 138 31291,HR 7488,28420,1714471
3119 198 62930,HR 7503,27908,1714514
3119 208 30051,HR 2274 T35S,35077,1714557
3119 208 30180,HR 602,9732,1714605
3119 208 30380,HR 2274 T35S,36357,1714647
3119 208 31400,HR 46094,56836,1714695
3119 208 31660,HR 7212,43780,1714740
3119 308 30051,HR 2274 T35S,35333,1714784
3119 308 30120,HR 2277 T9S,23301,1714832
3119 308 30121,HR 2277 T9S,23557,1714879
3119/47,HR 5566,10243,1714926
3121 218 30121,HR 8305,21252,1715005
3121 218 30122,HR 8305,21508,1715048
3122 107 30370,HR 2268 TRSI,47877,1715091
3122 107 30371,HR 2268 TRSI,48133,1715139
3122 107 31760,HR 2272 R,51716,1719360
3122 107 99600,HR 2267,25348,1719405
3122 108 06130,HR 3122 RSI,23301,1719448
3122 108 10246,HR 6040,20996,1719495
3122 108 30000,HR 025,5380,1719538
3122 108 30020,HR 2282 T2,62468,1719580
3122 108 30050,HR 2266 R,50436,1719626
3122 108 30070,HR 2272 R,50180,1719671
3122 108 30262,HR 7693,44548,1719716
3122 108 30590,HR 2268 RSI,27653,1719760
3122 108 30630,HR 3122 RSI,23813,1719807
3122 108 30940,HR 8026,23300,1719854
3122 108 31250,HR 7503,21764,1719897
3122 108 31400,HR 3122 RSI,22789,1719940
3122 108 31402,HR 3122 RSI,23301,1719987
3122 108 31403,HR 3122 RSI,23557,1720034
3122 108 31405,HR 3122 RSI,24069,1720081
3122 108 31407,HR 3122 RSI,24581,1720128
3122 108 31670,HR 3122 RSI,25093,1720175
3122 108 31870,HR 3122 RSI,25605,1720222
3122 108 31871,HR 3122 RSI,25861,1720269
3122 108 31873,HR 3122 RSI,26373,1721416
3122 108 31874,HR 3122 RSI,26629,1721463
3122 108 32301,HR 2265,21252,1721510
3122 108 32410,HR 2266 R,50948,1721553
3122 108 32412,HR 2266 R,51460,1721598
3122 108 32824,HR 2267,24324,1721643
3122 108 32950,HR 51/01,33796,1721686
3122 108 33670,HR 3122 RSI,25605,1721730
3122 108 33672,HR 3122 RSI,26117,1721777
3122 108 33674,HR 3122 RSI,26629,1721824
3122 108 33675,HR 3122 RSI,26885,1721871
3122 108 33790,HR 1707,24580,1721918
3122 108 33850,HR 2101,20996,1721961
3122 108 33870,HR 3122 RSI,26117,1722004
3122 108 39080,HR 2267,24580,1722051
3122 108 39090,HR 2267,24836,1722094
3122 108 39091,HR 2267,25092,1722137
3122 108 39092,HR 2267,25348,1722180
3122 108 39100,HR 2267,22788,1722223
3122 108 39101,HR 2267,23044,1722266
3122 108 39105,HR 2267,24068,1722309
3122 108 39390,HR 2051,23300,1724476
3122 108 39391,HR 2051,23556,1724519
3122 108 39392,HR 2051,23812,1724562
3122 108 39400,HR 51/01,33028,1724605
3122 108 39401,HR 51/01,33284,1724649
3122 108 55590,HR 4001,22532,1724693
3122 108 63060,HR 4001,20228,1724736
3122 117 00366,HR 3122 RSI,24581,1724779
3122 128 71300,HR 2282 T1,64260,1724826
3122 132 17510,HR 2272 R,50436,1724872
3122 132 17511,HR 2272 R,50692,1724917
3122 132 17690,HR 2268 TRSI,49925,1724962
3122 138 20122,HR 7634,22788,1725010
3122 138 20131,HR 7527,23044,1725053
3122 138 20470,HR 7921,24068,1725096
3122 138 20471,HR 7921,24324,1725139
3122 138 20472,HR 7921,24580,1725182
3122 138 26060,HR 1843/87,64004,1725225
3122 138 26064,HR 1843/87,65028,1725271
3122 138 30100,HR 025,6404,1725317
3122 138 30161,HR 7848,45316,1725359
3122 138 30240,HR 2266 R,51460,1725403
3122 138 30241,HR 2266 R,51716,1726501
3122 138 30265,HR 7693,46084,1726546
3122 138 30371,HR 7848,46084,1726590
3122 138 30380,HR 2101,20484,1726634
3122 138 30571,HR 46136,57092,1726677
3122 138 30671,HR 46109,57348,1726722
3122 138 30824,HR 6608,25348,1726767
3122 138 30912,HR 7682,25604,1726810
3122 138 30970,HR 1707,24580,1726853
3122 138 30971,HR 1707,24836,1726896
3122 138 31010,HR 2063/00,56580,1726939
3122 138 31250,HR 7503,22532,1726985
3122 138 31410,HR 2031/22,57348,1727028
3122 138 31412,HR 2031/22,57860,1727074
3122 138 31414,HR 2031/22,58372,1727120
3122 138 31415,HR 2031/22,58628,1727166
3122 138 31416,HR 2031/22,58884,1727212
3122 138 31590,HR 7533,44804,1727258
3122 138 31591,HR 7533,45060,1727302
3122 138 31650,HR 2277 TS,9733,1727346
3122 138 31651,HR 2277 TS,9989,1727392
3122 138 31652,HR 2277 TS,10245,1727438
3122 138 31811,HR 2063/02,59396,1729607
3122 138 32040,HR 2046,21252,1729653
3122 138 32045,HR 2046,22532,1729696
3122 138 32046,HR 2046,22788,1729739
3122 138 32416,HR 2031/22,59140,1729782
3122 138 32480,HR 7259,26116,1729828
3122 138 32590,HR 6011,22788,1729871
3122 138 32595,HR 6011,24068,1729914
3122 138 32596,HR 6011,24324,1729957
3122 138 32614,HR 2080/00,59140,1730000
3122 138 32800,HR 2045,22020,1730046
3122 138 32802,HR 2045,22532,1730089
3122 138 32805,HR 2045,23300,1730132
3122 138 32806,HR 2045,23556,1730175
3122 138 32810,HR 1481,23044,1730218
3122 138 32812,HR 1481,23556,1730261
3122 138 33801,HR 2080/06,60420,1730304
3122 138 34060,HR 1490,22788,1730350
3122 138 34061,HR 1490,23044,1730393
3122 138 34062,HR 1490,23300,1730436
3122 138 34063,HR 1490,23556,1730479
3122 138 34064,HR 1490,23812,1730522
3122 138 34390,HR 6012,23044,1732645
3122 138 34610,HR 6011,21508,1732688
3122 138 34614,HR 6011,22532,1732731
3122 138 34617,HR 6011,23300,1732774
3122 138 35050,HR 6078,24580,1732817
3122 138 35053,HR 6078,25348,1732860
3122 138 35120,HR 6076,23556,1732903
3122 138 35121,HR 6076,23812,1732946
3122 138 35127,HR 6076,25348,1732989
3122 138 35170,HR 3212,22020,1733032
3122 138 35420,HR 3215,22276,1733075
3122 138 35424,HR 3215,23300,1733118
3122 138 35480,HR 6011,23044,1733161
3122 138 35610,HR 2101,20740,1733204
3122 138 35650,HR 1610,22788,1733247
3122 138 35670,HR 3215,24068,1733290
3122 138 35671,HR 3215,24324,1733333
3122 138 35672,HR 3215,24580,1733376
3122 138 35674,HR 3215,25092,1733419
3122 138 35780,HR 6059,26884,1733462
3122 138 35790,HR 3215,24836,1733505
3122 138 35840,HR 6297,46852,1733548
3122 138 35850,HR 2064,24324,1733592
3122 138 35860,HR 6059,26628,1735717
3122 138 35865,HR 6059,27908,1735760
3122 138 35900,HR 6051,43012,1735803
3122 138 35920,HR 6012,23044,1735847
3122 138 35930,HR 6030,23300,1735890
3122 138 35960,HR 3215,24580,1735933
3122 138 35970,HR 1610,24068,1735976
3122 138 35972,HR 1610,24580,1736019
3122 138 35980,HR 2176,26372,1736062
3122 138 35982,HR 2176,26884,1736105
3122 138 35990,HR 6051,45316,1736148
3122 138 35995,HR 6051,43524,1736192
3122 138 36010,HR 3215,21252,1736236
3122 138 36060,HR 6094,24580,1736279
3122 138 36070,HR 6040,22532,1736322
3122 138 36072,HR 6040,23044,1736365
3122 138 36120,HR 6098,24836,1736408
3122 138 36160,HR 6030,22276,1736451
3122 138 36200,HR 6080,22276,1736494
3122 138 36210,HR 6094,23812,1736537
3122 138 36220,HR 2277 T8S,23557,1736580
3122 138 36230,HR 6050,22276,1736627
3122 138 36240,HR 6081,23556,1736670
3122 138 36290,HR 6080,24580,1737765
3122 138 36300,HR 6081,22788,1737808
3122 138 36360,HR 6098,26372,1737851
3122 138 36370,HR 6142,24068,1737894
3122 138 36372,HR 6142,24580,1737937
3122 138 36380,HR 6096,26372,1737980
3122 138 36440,HR 6070,23556,1738023
3122 138 36510,HR 6098,25604,1738066
3122 138 36520,HR 2287 T6,2821,1738109
3122 138 36560,HR 6211,23556,1738155
3122 138 36563,HR 6211,44036,1738198
3122 138 36567,HR 6211,25348,1738242
3122 138 36570,HR 6212,24068,1738285
3122 138 36574,HR 6212,41732,1738328
3122 138 36575,HR 6212,41988,1738372
3122 138 36577,HR 6212,42500,1738416
3122 138 36600,HR 6097,25348,1738460
3122 138 36602,HR 6097,25860,1738503
3122 138 36660,HR 6050,43780,1738546
3122 138 36661,HR 6050,44036,1738590
3122 138 36690,HR 7505,26372,1738634
3122 138 36691,HR 7505,26628,1738677
3122 138 36692,HR 7505,26884,1738720
3122 138 36693,HR 7505,27140,1740837
3122 138 36694,HR 7505,27396,1740880
3122 138 36695,HR 7505,27652,1740923
3122 138 36696,HR 7505,27908,1740966
3122 138 36700,HR 6196,25604,1741009
3122 138 36712,HR 6285,26116,1741052
3122 138 36730,HR 6489,47364,1741095
3122 138 36740,HR 6139,25860,1741139
3122 138 36742,HR 6139,26372,1741182
3122 138 36760,HR 6205,24836,1741225
3122 138 36830,HR 6141,24068,1741268
3122 138 36832,HR 6141,24580,1741311
3122 138 36842,HR 6378,47620,1741354
3122 138 36847,HR 6378,48900,1741398
3122 138 36865,HR 6367,48388,1741442
3122 138 36866,HR 6367,48644,1741486
3122 138 36867,HR 6367,48900,1741530
3122 138 36870,HR 6467,27908,1741574
3122 138 36875,HR 6467,29188,1741617
3122 138 36910,HR 7564,26372,1741660
3122 138 36920,HR 7503,24836,1741703
3122 138 36921,HR 7503,25092,1741746
3122 138 36922,HR 7503,25348,1741789
3122 138 36923,HR 7503,25604,1742885
3122 138 36924,HR 7503,25860,1742928
3122 138 36925,HR 7503,26116,1742971
3122 138 36927,HR 7503,26628,1743014
3122 138 36928,HR 7503,26884,1743057
3122 138 36929,HR 7503,27140,1743100
3122 138 36940,HR 7564,27140,1743143
3122 138 36941,HR 7564,27396,1743186
3122 138 36942,HR 7564,27652,1743229
3122 138 36943,HR 7564,27908,1743272
3122 138 36944,HR 7564,28164,1743315
3122 138 36945,HR 7564,28420,1743358
3122 138 36960,HR 6140,24836,1743401
3122 138 36962,HR 6140,25348,1743444
3122 138 36963,HR 6140,25604,1743487
3122 138 36990,HR 6236,27140,1743530
3122 138 37010,HR 7519,24324,1743573
3122 138 37011,HR 7519,24580,1743616
3122 138 37012,HR 7519,24836,1743659
3122 138 37013,HR 7519,25092,1743702
3122 138 37014,HR 7519,25348,1743745
3122 138 37015,HR 7519,25604,1743788
3122 138 37017,HR 7519,26116,1743831
3122 138 37050,HR 6214,23044,1746975
3122 138 37051,HR 6214,23300,1747018
3122 138 37053,HR 6214,23812,1747061
3122 138 37055,HR 6214,24324,1747104
3122 138 37090,HR 6133,24068,1747147
3122 138 37140,HR 6357,25092,1747190
3122 138 37141,HR 6357,25348,1747233
3122 138 37260,HR 7505,24836,1747276
3122 138 37261,HR 7505,25092,1747319
3122 138 37262,HR 7505,25348,1747362
3122 138 37263,HR 7505,25604,1747405
3122 138 37264,HR 7505,25860,1747448
3122 138 37340,HR 7503,24068,1747491
3122 138 37341,HR 7503,24324,1747534
3122 138 37342,HR 7503,24580,1747577
3122 138 37343,HR 7503,24836,1747620
3122 138 37344,HR 7503,25092,1747663
3122 138 37345,HR 7503,25348,1747706
3122 138 37360,HR 6362,25092,1747749
3122 138 37361,HR 6362,25348,1747792
3122 138 37362,HR 6362,25604,1747835
3122 138 37363,HR 6362,25860,1747878
3122 138 37364,HR 6362,26116,1747921
3122 138 37384,HR 2287 T29,38405,1750089
3122 138 37392,HR 6265,46596,1750137
3122 138 37393,HR 6265,46852,1750181
3122 138 37394,HR 6265,47108,1750225
3122 138 37395,HR 6265,47364,1750269
3122 138 37400,HR 6582,44548,1750313
3122 138 37404,HR 6582,45572,1750357
3122 138 37410,HR 6298,26116,1750401
3122 138 37420,HR 7524,24580,1750444
3122 138 37421,HR 7524,24836,1750487
3122 138 37422,HR 7524,25092,1750530
3122 138 37423,HR 7524,25348,1750573
3122 138 37424,HR 7524,25604,1750616
3122 138 37425,HR 7524,25860,1750659
3122 138 37426,HR 7524,26116,1750702
3122 138 37440,HR 6537,25860,1750745
3122 138 37442,HR 6537,26372,1750788
3122 138 37450,HR 6216,24580,1750831
3122 138 37451,HR 6216,24836,1750874
3122 138 37452,HR 6216,25092,1750917
3122 138 37453,HR 6216,25348,1750960
3122 138 37454,HR 6216,25604,1751003
3122 138 37500,HR 6050,42244,1753125
3122 138 37501,HR 6050,42500,1753169
3122 138 37502,HR 6050,42756,1753213
3122 138 37503,HR 6050,43012,1753257
3122 138 37504,HR 6050,43268,1753301
3122 138 37540,HR 6571,25604,1753345
3122 138 37541,HR 6571,25860,1753388
3122 138 37550,HR 6213,24068,1753431
3122 138 37554,HR 6213,25092,1753474
3122 138 37560,HR 6217,25348,1753517
3122 138 37570,HR 6455,46340,1753560
3122 138 37571,HR 6455,46596,1753604
3122 138 37573,HR 6455,47108,1753648
3122 138 37580,HR 6611,25348,1753692
3122 138 37581,HR 6611,25604,1753735
3122 138 37582,HR 6611,25860,1753778
3122 138 37590,HR 7533,46340,1753821
3122 138 37591,HR 7533,46596,1753865
3122 138 37592,HR 7533,46852,1753909
3122 138 37593,HR 7533,47108,1753953
3122 138 37594,HR 7533,47364,1753997
3122 138 37600,HR 7839,26884,1754041
3122 138 37601,HR 7839,27140,1755173
3122 138 37602,HR 7839,27396,1755216
3122 138 37603,HR 7839,27652,1755259
3122 138 37604,HR 7839,27908,1755302
3122 138 37605,HR 7839,28164,1755345
3122 138 37606,HR 7839,28420,1755388
3122 138 37610,HR 6478,26628,1755431
3122 138 37611,HR 6478,26884,1755474
3122 138 37612,HR 6478,27140,1755517
3122 138 37613,HR 6478,27396,1755560
3122 138 37614,HR 6478,27652,1755603
3122 138 37615,HR 6478,27908,1755646
3122 138 37620,HR 7527,25860,1755689
3122 138 37621,HR 7527,26116,1755732
3122 138 37622,HR 7527,26372,1755775
3122 138 37623,HR 7527,26628,1755818
3122 138 37624,HR 7527,26884,1755861
3122 138 37625,HR 7527,27140,1755904
3122 138 37626,HR 7527,27396,1755947
3122 138 37627,HR 7527,27652,1755990
3122 138 37628,HR 7527,27908,1756033
3122 138 37650,HR 7704,25860,1756076
3122 138 37651,HR 7704,26116,1756119
3122 138 37652,HR 7704,26372,1758239
3122 138 37653,HR 7704,26628,1758282
3122 138 37660,HR 7527,26884,1758325
3122 138 37662,HR 7527,27396,1758368
3122 138 37664,HR 7527,27908,1758411
3122 138 37665,HR 7527,28164,1758454
3122 138 37675,HR 6619,28676,1758497
3122 138 37700,HR 7601,23812,1758540
3122 138 37701,HR 7601,24068,1758583
3122 138 37702,HR 7601,24324,1758626
3122 138 37703,HR 7601,24580,1758669
3122 138 37704,HR 7601,24836,1758712
3122 138 37705,HR 7601,25092,1758755
3122 138 37710,HR 7586,27140,1758798
3122 138 37711,HR 7586,27396,1758841
3122 138 37712,HR 7586,27652,1758884
3122 138 37740,HR 7549,27652,1758927
3122 138 37741,HR 7549,27908,1758970
3122 138 37742,HR 7549,28164,1759013
3122 138 37743,HR 7549,28420,1759056
3122 138 37744,HR 7549,28676,1759099
3122 138 37750,HR 7258,27140,1759142
3122 138 37751,HR 7258,27396,1759185
3122 138 37753,HR 7258,27908,1761348
3122 138 37754,HR 7258,28164,1761391
3122 138 37770,HR 7600,25348,1761434
3122 138 37771,HR 7600,25604,1761477
3122 138 37772,HR 7600,25860,1761520
3122 138 37773,HR 7600,26116,1761563
3122 138 37774,HR 7600,26372,1761606
3122 138 37775,HR 7600,26628,1761649
3122 138 37776,HR 7600,26884,1761692
3122 138 37777,HR 7600,27140,1761735
3122 138 37780,HR 7478,28932,1761778
3122 138 37781,HR 7478,29188,1761821
3122 138 37782,HR 7478,29444,1761864
3122 138 37783,HR 7478,29700,1761907
3122 138 37784,HR 7478,29956,1761950
3122 138 37785,HR 7478,30212,1761993
3122 138 37786,HR 7478,30468,1762036
3122 138 37820,HR 6206,24580,1762079
3122 138 37830,HR 7503,25092,1762122
3122 138 37831,HR 7503,25348,1762165
3122 138 37832,HR 7503,25604,1762208
3122 138 37833,HR 7503,25860,1762251
3122 138 37890,HR 7600,26116,1764414
3122 138 37891,HR 7600,26372,1764457
3122 138 37892,HR 7600,26628,1764500
3122 138 37893,HR 7600,26884,1764543
3122 138 37894,HR 7600,27140,1764586
3122 138 37895,HR 7600,27396,1764629
3122 138 37896,HR 7600,27652,1764672
3122 138 37897,HR 7600,27908,1764715
3122 138 37930,HR 7520,25092,1764758
3122 138 37931,HR 7520,25348,1764801
3122 138 37932,HR 7520,25604,1764844
3122 138 37933,HR 7520,25860,1764887
3122 138 37934,HR 7520,26116,1764930
3122 138 37935,HR 7520,26372,1764973
3122 138 37936,HR 7520,26628,1765016
3122 138 37940,HR 6603,25604,1765059
3122 138 37941,HR 6603,25860,1765102
3122 138 37942,HR 6603,26116,1765145
3122 138 37950,HR 6483,27396,1765188
3122 138 37951,HR 6483,27652,1765231
3122 138 37952,HR 6483,27908,1765274
3122 138 37953,HR 6483,28164,1765317
3122 138 37961,HR 7706,47364,1767481
3122 138 37962,HR 7706,47620,1767525
3122 138 37963,HR 7706,47876,1767569
3122 138 37964,HR 7706,48132,1767613
3122 138 37965,HR 7706,48388,1767657
3122 138 37970,HR 6216,26372,1767701
3122 138 37971,HR 6216,26628,1767744
3122 138 37972,HR 6216,26884,1767787
3122 138 37990,HR 6485,28932,1767830
3122 138 37992,HR 6485,29444,1767873
3122 138 38021,HR 6494,25348,1767916
3122 138 38030,HR 7785,26372,1767959
3122 138 38031,HR 7785,26628,1768002
3122 138 38032,HR 7785,26884,1768045
3122 138 38033,HR 7785,27140,1768088
3122 138 38034,HR 7785,27396,1768131
3122 138 38040,HR 7488,26628,1768174
3122 138 38041,HR 7488,26884,1768217
3122 138 38042,HR 7488,27140,1768260
3122 138 38043,HR 7488,27396,1768303
3122 138 38044,HR 7488,27652,1768346
3122 138 38120,HR 7669,26628,1768389
3122 138 38122,HR 7669,27140,1769528
3122 138 38123,HR 7669,27396,1769571
3122 138 38124,HR 7669,27652,1769614
3122 138 38125,HR 7669,27908,1769657
3122 138 38130,HR 6622,23812,1769700
3122 138 38140,HR 6581,25092,1769743
3122 138 38141,HR 6581,25348,1769786
3122 138 38142,HR 6581,25604,1769829
3122 138 38143,HR 6581,25860,1769872
3122 138 38144,HR 6581,26116,1769915
3122 138 38150,HR 6547,25860,1769958
3122 138 38151,HR 6547,26116,1770001
3122 138 38152,HR 6547,26372,1770044
3122 138 38153,HR 6547,26628,1770087
3122 138 38154,HR 6547,26884,1770130
3122 138 38160,HR 6484,26116,1770173
3122 138 38161,HR 6484,26372,1770216
3122 138 38162,HR 6484,26628,1770259
3122 138 38180,HR 6558,27140,1770302
3122 138 38181,HR 6558,27396,1770345
3122 138 38182,HR 6558,27652,1770388
3122 138 38183,HR 6558,27908,1770431
3122 138 38191,HR 7503,25348,1772594
3122 138 38192,HR 7503,25604,1772637
3122 138 38220,HR 6549,25860,1772680
3122 138 38221,HR 6549,26116,1772723
3122 138 38222,HR 6549,26372,1772766
3122 138 38280,HR 6213,24324,1772809
3122 138 38281,HR 6213,24580,1772852
3122 138 38330,HR 6218,24580,1772895
3122 138 38331,HR 6218,24836,1772938
3122 138 38332,HR 6218,25092,1772981
3122 138 38333,HR 6218,25348,1773024
3122 138 3835.1,HR 6626,37892,1773067
3122 138 38350,HR 6626,25860,1773111
3122 138 38351,HR 6626,26116,1773154
3122 138 38352,HR 6626,26372,1773197
3122 138 38354,HR 6626,26884,1773240
3122 138 38370,HR 6535,26116,1773283
3122 138 38371,HR 6535,26372,1773326
3122 138 38372,HR 6535,26628,1773369
3122 138 38420,HR 7649,26884,1773412
3122 138 38421,HR 7649,27140,1773455
3122 138 38422,HR 7649,27396,1773498
3122 138 38423,HR 7649,27652,1775653
3122 138 38424,HR 7649,27908,1775696
3122 138 38425,HR 7649,28164,1775739
3122 138 38426,HR 7649,28420,1775782
3122 138 38450,HR 6640,25092,1775825
3122 138 38451,HR 6640,25348,1775868
3122 138 38452,HR 6640,25604,1775911
3122 138 38453,HR 6640,25860,1775954
3122 138 38454,HR 6640,26116,1775997
3122 138 38455,HR 6640,26372,1776040
3122 138 38460,HR 7522,25348,1776083
3122 138 38461,HR 7522,25604,1776126
3122 138 38463,HR 7522,26116,1776169
3122 138 38490,HR 7808,27908,1776212
3122 138 38491,HR 7808,28164,1776255
3122 138 38492,HR 7808,28420,1776298
3122 138 38493,HR 7808,28676,1776341
3122 138 38500,HR 6550,24068,1776384
3122 138 38501,HR 6550,24324,1776427
3122 138 38502,HR 6550,24580,1776470
3122 138 38520,HR 7694,27140,1776513
3122 138 38521,HR 7694,27396,1776556
3122 138 38522,HR 7694,27652,1776599
3122 138 38523,HR 7694,27908,1778719
3122 138 38524,HR 7694,28164,1778762
3122 138 38530,HR 7781,26628,1778805
3122 138 38531,HR 7781,26884,1778848
3122 138 38532,HR 7781,27140,1778891
3122 138 38620,HR 7589,28164,1778934
3122 138 38621,HR 7589,28420,1778977
3122 138 38622,HR 7589,28676,1779020
3122 138 38680,HR 6624,26884,1779063
3122 138 38681,HR 6624,27140,1779106
3122 138 38682,HR 6624,27396,1779149
3122 138 38690,HR 7839,29444,1779192
3122 138 38691,HR 7839,29700,1779235
3122 138 38692,HR 7839,29956,1779278
3122 138 38693,HR 7839,30212,1779321
3122 138 38790,HR 6538,28420,1779364
3122 138 38791,HR 6538,28676,1779407
3122 138 38792,HR 6538,28932,1779450
3122 138 38793,HR 6538,29188,1779493
3122 138 38810,HR 6627,26372,1779536
3122 138 38811,HR 6627,26628,1779579
3122 138 38812,HR 6627,26884,1779622
3122 138 38813,HR 6627,27140,1779665
3122 138 38815,HR 6627,27652,1780804
3122 138 38816,HR 6627,27908,1780847
3122 138 38820,HR 6478,27652,1780890
3122 138 38822,HR 6478,28164,1780933
3122 138 38870,HR 6636,27908,1780976
3122 138 38873,HR 6636,28676,1781019
3122 138 38880,HR 7698,50180,1781062
3122 138 38881,HR 7698,50436,1781106
3122 138 38882,HR 7698,50692,1781150
3122 138 38883,HR 7698,50948,1781194
3122 138 38884,HR 7698,51204,1781238
3122 138 93871,HR 1843/60,65284,1781282
3122 138 99630,HR 6030,25092,1781328
3122 139 37261,HR 7505,25348,1781371
3122 140 10152,HR 2277 T9S,20997,1781414
3122 140 35780,HR 6059,25092,1781461
3122 140 35860,HR 6059,24836,1781504
3122 140 35990,HR 6051,40452,1781547
3122 140 36220,HR 2277 T8S,21765,1781591
3122 188 93871,HR 1843/60,1029,1781638
3122 198 36927,HR 7503,28164,1781684
3122 198 37343,HR 7503,26372,1781727
3122 198 37835,HR 7503,27908,1784869
3122 208 30000,HR 2267,20484,1784912
3122 208 30060,HR 002,5892,1784955
3122 208 30202,HR 3215,19972,1784997
3122 208 30240,HR 1707,21508,1785040
3122 208 30320,HR 002,5636,1785083
3122 208 30380,HR 3112 TS,6149,1785125
3122 208 30430,HR 3112 TS,5125,1785171
3122 208 30472,HR 2282 T1,65284,1785217
3122 258 30101,HR 7951,23556,1785263
3122 258 30111,HR 8116,22276,1785306
3122 268 30001,HR 7772,23812,1785349
3122 268 30071,HR 7862,25604,1785392
3122 268 30130,HR 7519,24324,1785435
3122 268 30131,HR 7519,24580,1785478
3122 268 30132,HR 7519,24836,1785521
3122 268 30210,HR 7488,25348,1785564
3122 268 30211,HR 7488,25604,1785607
3122 268 30212,HR 7488,25860,1785650
3122 268 30220,HR 6212,21508,1785693
3122 268 30221,HR 6212,21764,1785736
3122 268 30222,HR 6212,22020,1785779
3122 268 3026.3,HR 6638,38148,1785822
3122 268 30260,HR 6638,25604,1786917
3122 268 30262,HR 6638,26116,1786960
3122 268 30263,HR 6638,26372,1787003
3122 268 30264,HR 6639,26884,1787046
3122 268 30265,HR 6639,27140,1787089
3122 268 30300,HR 8245,23300,1787132
3122 268 30301,HR 8245,23556,1787175
3122 268 30302,HR 8245,23812,1787218
3122 268 30303,HR 8245,24068,1787261
3122 268 30304,HR 8245,24324,1787304
3122 268 30305,HR 8245,24580,1787347
3122 268 30306,HR 8245,24836,1787390
3122 268 30430,HR 46118,56580,1787433
3122 268 30431,HR 46118,56836,1787478
3122 268 30432,HR 46118,57092,1787523
3122 268 30433,HR 46118,57348,1787568
3122 268 30434,HR 46118,57604,1787613
3122 268 30435,HR 46118,57860,1787658
3122 268 30450,HR 6546,25348,1787703
3122 268 30451,HR 6546,25604,1787746
3122 268 30452,HR 6546,25860,1787789
3122 268 30470,HR 6637,26116,1787832
3122 268 30471,HR 6637,26372,1794085
3122 268 30472,HR 6637,26628,1794128
3122 268 30473,HR 6637,26884,1794171
3122 268 30475,HR 6637,27396,1794214
3122 268 30500,HR 6641,23300,1794257
3122 268 30501,HR 6641,23556,1794300
3122 268 30502,HR 6641,23812,1794343
3122 268 30570,HR 46136,57860,1794386
3122 268 30571,HR 46136,58116,1794431
3122 268 30572,HR 46136,58372,1794476
3122 268 30573,HR 46136,58628,1794521
3122 268 30574,HR 46136,58884,1794566
3122 268 30680,HR 7299,28164,1794611
3122 268 30681,HR 7299,28420,1794654
3122 268 30682,HR 7299,28676,1794697
3122 268 30700,HR 6216,23300,1794740
3122 268 30701,HR 6216,23556,1794783
3122 268 30702,HR 6216,23812,1794826
3122 268 30730,HR 6607,25092,1794869
3122 268 30731,HR 6607,25348,1794912
3122 268 30732,HR 6607,25604,1794955
3122 268 30760,HR 7681,26628,1794998
3122 268 30761,HR 7681,26884,1796133
3122 268 30762,HR 7681,27140,1796176
3122 268 30770,HR 7684,27652,1796219
3122 268 30771,HR 7684,27908,1796262
3122 268 30772,HR 7684,28164,1796305
3122 268 30773,HR 7684,28420,1796348
3122 268 30801,HR 6362,24324,1796391
3122 268 30810,HR 6216,23812,1796434
3122 268 30812,HR 6216,24324,1796477
3122 268 30820,HR 6608,25348,1796520
3122 268 30821,HR 6608,25604,1796563
3122 268 30822,HR 6608,25860,1796606
3122 268 30823,HR 6608,26116,1796649
3122 268 30824,HR 6608,26372,1796692
3122 268 30831,HR 8241,24580,1796735
3122 268 30900,HR 7683,26116,1796778
3122 268 30901,HR 7683,26372,1796821
3122 268 30902,HR 7683,26628,1796864
3122 268 30903,HR 7683,26884,1796907
3122 268 30910,HR 7682,26116,1796950
3122 268 30911,HR 7682,26372,1796993
3122 268 30912,HR 7682,26628,1797036
3122 268 30913,HR 7682,26884,1797079
3122 268 30990,HR 8581,27908,1799199
3122 268 30991,HR 8581,28164,1799242
3122 268 30992,HR 8581,28420,1799285
3122 268 30993,HR 8581,28676,1799328
3122 268 30994,HR 8581,28932,1799371
3122 268 30996,HR 8581,29444,1799414
3122 268 31001,HR 7772,24068,1799457
3122 268 31020,HR 7707,43524,1799500
3122 268 31072,HR 8242,24324,1799544
3122 268 31073,HR 8242,24580,1799587
3122 268 31100,HR 7820,22532,1799630
3122 268 31101,HR 7820,22788,1799673
3122 268 31102,HR 7820,23044,1799716
3122 268 31110,HR 7818,24580,1799759
3122 268 31111,HR 7818,24836,1799802
3122 268 31112,HR 7818,25092,1799845
3122 268 31133,HR 8144,24068,1799888
3122 268 31190,HR 8225,24836,1799931
3122 268 31193,HR 8225,25604,1799974
3122 268 31231,HR 7707,24836,1800017
3122 268 31250,HR 8235,24324,1800060
3122 268 31251,HR 8235,24580,1800103
3122 268 31264,HR 6639,27140,1800146
3122 268 31372,HR 8243,25348,1802309
3122 268 31491,HR 8590,27140,1802352
3122 268 31500,HR 7811,23556,1802395
3122 268 31561,HR 8244,25604,1802438
3122 268 31600,HR 46109,56580,1802481
3122 268 31722,HR 8245,25604,1802526
3122 268 31820,HR 46101,35844,1802569
3122 268 31821,HR 46101,36100,1802613
3122 268 31832,HR 8312,24836,1802657
3122 268 31833,HR 8312,25092,1802700
3122 268 31970,HR 7963,28420,1802743
3122 268 31971,HR 7963,28676,1802786
3122 268 32000,HR 46102,33796,1802829
3122 268 32001,HR 46102,34052,1802873
3122 268 32011,HR 46103,34564,1802917
3122 268 32371,HR 8363,26116,1802961
3122 268 32491,HR 8363,26884,1803004
3122 992 64120,HR 2265,25092,1803047
3122 992 64123,HR 2265,25860,1803090
3122 992 96310,HR 2265,26628,1803133
3122 993 19450,HR 2265,26884,1803176
3122 993 31945,HR 2265,27652,1803219
3122.00,HR 01,6144,1805339
3125.00,HR 3125,3587,1805373
3125.01,HR 3125,3843,1805409
3125.02,HR 3125,4099,1805445
31250,HR 8235,46850,1805481
31251,HR 8235,47106,1805515
31252,HR 8235,47362,1805549
31253,HR 8235,47618,1805583
31254,HR 8235,47874,1805617
3126.00,HR 5126,4611,1805651
3126.01,HR 5126,4867,1805687
3126.02,HR 5126,5123,1805723
3126.03,HR 5126,5379,1805759
3126.04,HR 5126,5635,1805795
3126.05,HR 5126,5891,1805831
3126.06,HR 5126,6147,1805867
3126.07,HR 5126,6403,1805903
3128 138 20010,HR 7354,23044,1805939
3128 138 20011,HR 7354,23300,1805982
3128 138 20012,HR 7354,23556,1806025
3128 138 20020,HR 7570,23300,1806068
3128 138 20021,HR 7570,23556,1806111
3128 138 20022,HR 7570,23812,1806154
3128 138 20030,HR 7550,23044,1806197
3128 138 20031,HR 7550,23300,1806240
3128 138 20032,HR 7550,23556,1806283
3128 138 20034,HR 7550,24068,1809470
3128 138 20040,HR 7704,23556,1809513
3128 138 20041,HR 7704,23812,1809556
3128 138 20042,HR 7704,24068,1809599
3128 138 20070,HR 7754,25604,1809642
3128 138 20071,HR 7754,25860,1809685
3128 138 20072,HR 7754,26116,1809728
3128 138 20080,HR 8169,26116,1809771
3128 138 20081,HR 8169,26372,1809814
3128 138 20082,HR 8169,26628,1809857
3128 138 20090,HR 7543,25092,1809900
3128 138 20091,HR 7543,25348,1809943
3128 138 20092,HR 7543,25604,1809986
3128 138 20093,HR 7543,25860,1810029
3128 138 20120,HR 7634,23812,1810072
3128 138 20121,HR 7634,24068,1810115
3128 138 20122,HR 7634,24324,1810158
3128 138 20130,HR 7527,24324,1810201
3128 138 20131,HR 7527,24580,1810244
3128 138 20132,HR 7527,24836,1810287
3128 138 20160,HR 7488,26628,1810330
3128 138 20161,HR 7488,26884,1810373
3128 138 20200,HR 7772,24324,1811512
3128 138 20201,HR 7772,24580,1811555
3128 138 20202,HR 7772,24836,1811598
3128 138 20311,HR 8124,23044,1811641
3128 138 20410,HR 8026,23300,1811684
3128 138 20411,HR 8026,23556,1811727
3128 138 20461,HR 8595,27652,1811770
3128 138 20660,HR 8240,24580,1811813
3128 138 20661,HR 8240,24836,1811856
3128 138 20662,HR 8240,25092,1811899
3128 138 20670,HR 8329,26884,1811942
3128 138 20671,HR 8329,27140,1811985
3128 138 20692,HR 8380,27140,1812028
3128 138 20732,HR 8380,25860,1812071
3128 138 20882,HR 8237,27652,1812114
3128 138 20890,HR 8371,27140,1812157
3128 138 20891,HR 8371,27396,1812200
3128 138 21041,HR 8331,23300,1812243
3128 138 21111,HR 8191,23812,1812286
3128 138 21131,HR 8457,25604,1812329
3128 138 21151,HR 8334,24580,1812372
3128 138 21161,HR 8630,24580,1812415
3128 138 21391,HR 8386,27908,1814578
3128 138 21411,HR 8388,26628,1814621
3128 138 21620,HR 8371,25092,1814664
3128 138 21621,HR 8371,25348,1814707
3128 138 30561,HR 6629,27140,1814750
3128 138 31080,HR 7604,24836,1814793
3128 138 31081,HR 7604,25092,1814836
3128 138 31082,HR 7604,25348,1814879
3128 138 31083,HR 7604,25604,1814922
3128 138 31084,HR 7604,25860,1814965
3128 138 31350,HR 7586,27140,1815008
3128 138 31351,HR 7586,27396,1815051
3128 138 31352,HR 7586,27652,1815094
3128 138 31353,HR 7586,27908,1815137
3128 138 31354,HR 7586,28164,1815180
3128 138 31370,HR 7704,25604,1815223
3128 138 31371,HR 7704,25860,1815266
3128 138 31372,HR 7704,26116,1815309
3128 138 31373,HR 7704,26372,1815352
3128 138 31374,HR 7704,26628,1815395
3128 138 32070,HR 7541,24836,1815438
3128 138 32071,HR 7541,25092,1815481
3128 138 32072,HR 7541,25348,1816613
3128 138 37263,HR 7505,27140,1816656
3128 268 31971,HR 7963,30212,1816699
3128.00,HR 1197,6147,1816742
312A 138 20411,HR 8026,25860,1714962
3130 108 30132,HR 1610,19204,1816864
3130 108 30151,HR 3212,19460,1816907
3130 108 30154,HR 3212,20228,1816950
3130 108 30171,HR 2282 T1,63748,1816993
3130 108 30220,HR 6030,18948,1817039
3130 108 30280,HR 7693,44292,1817082
3130 108 30360,HR 7046,22276,1817126
3130 108 30380,HR 7039,23300,1817169
3130 108 30441,HR 9463,23556,1817212
3130 108 30450,HR 7489,25092,1817255
3130 108 30451,HR 7489,25348,1817298
3130 108 30452,HR 7489,25604,1817341
3130 108 30457,HR 7442,24068,1817384
3130 108 30460,HR 7442,22532,1817427
3130 108 30461,HR 7442,22788,1817470
3130 108 30462,HR 7442,23044,1817513
3130 108 30470,HR 7442,22788,1817556
3130 108 30471,HR 7442,23074,1819676
3130 108 30472,HR 7442,23300,1819719
3130 108 30490,HR 9463,24580,1819762
3130 108 30910,HR 9479,25604,1819805
3130 108 30930,HR 7741,23556,1819848
3130 108 30931,HR 7741,23812,1819891
3130 108 3097.1,HR 8025,35588,1819934
3130 108 30970,HR 8025,23556,1819978
3130 108 30971,HR 8025,23812,1820021
3130 108 30972,HR 8025,24068,1820064
3130 108 30991,HR 8186,26372,1820107
3130 108 62820,HR 7442,23812,1820150
3130 108 63030,HR 7442,22276,1820193
3130 108 63050,HR 7442,22788,1820236
3130 108 63100,HR 7442,21764,1820279
3130 108 63110,HR 7442,22020,1820322
3130 108 63260,HR 7442,23556,1820365
3130 108 63270,HR 7442,23812,1820408
3130 108 63310,HR 7442,22532,1820451
3130 108 63420,HR 7442,23044,1820494
3130 108 63430,HR 7442,23300,1820537
3130 108 63540,HR 7442,23812,1820580
3130 108 63550,HR 7442,24068,1820623
3130 108 63720,HR 7442,23812,1823810
3130 108 63760,HR 7442,24836,1823853
3130 108 63830,HR 7442,24324,1823896
3130 108 63860,HR 7442,25092,1823939
3130 108 63890,HR 7442,25860,1823982
3130 108 63940,HR 7442,24836,1824025
3130 108 63990,HR 7442,26116,1824068
3130 108 71841,HR 1677,25604,1824111
3130 870 94252,HR 2265,25860,1824154
3131 118 76411,HR 7693,46340,1824197
31330,HR 2277 T11S,57091,1824241
31331,HR 2277 T11S,57347,1824280
31332,HR 2277 T11S,57603,1824319
31333,HR 2277 T11S,57859,1824358
31334,HR 2277 T11S,58115,1824397
31335,HR 2277 T11S,58371,1824436
3135.00,HR 2135,3843,1824475
31360,HR 2277 T10S,57603,1824511
31361,HR 2277 T10S,57859,1824550
31362,HR 2277 T10S,58115,1824589
31363,HR 2277 T10S,58371,1824628
31364,HR 2277 T10S,58627,1824667
31365,HR 2277 T10S,58883,1824706
31370,HR 2277 T11S,58115,1826853
31371,HR 2277 T11S,58371,1826892
31371 SR 005,HR 2277 T13S,24581,1826931
31372,HR 2277 T11S,58627,1826977
31373,HR 2277 T11S,58883,1827016
31374,HR 2277 T11S,59139,1827055
31375,HR 2277 T11S,59395,1827094
3138 108 30100,HR 7506,42244,1827133
3138 108 30101,HR 7506,42500,1827177
3138 108 30103,HR 7506,43012,1827221
3138 108 30290,HR 2277 T8S,24837,1827265
3138 108 73450,HR 42041,56580,1827312
3138 108 73540,HR 42041,56580,1827357
3138 108 75390,HR 42059,60164,1827402
3138 118 73030,HR 7693,46596,1827447
3138 118 73760,HR 7641,47364,1827491
3138 118 75500,HR 8179,47620,1827535
3138 118 76410,HR 7693,47876,1827579
3138 118 76411,HR 7693,48132,1827623
3138 118 77030,HR 7693,47620,1827667
3138 118 77590,HR 46108,61188,1827711
3138 118 78501,HR 46126,59396,1827756
3138 118 79410,HR 46126,59396,1827801
3138 118 79531,HR 46111,58884,1828901
3138 128 71101,HR 46111,55300,1828946
3138 128 74461,HR 46112,58628,1828991
3138 128 74720,HR 46170,59140,1829036
3138 128 75340,HR 46175,60164,1829081
3138 128 75341,HR 46175,60420,1829126
3138 128 75781,HR 46175,62468,1829171
3138 128 75791,HR 46120,60164,1829216
3138 128 77451,HR 46185,61700,1829261
3138 128 78211,HR 46185,60420,1829306
3138 138 30100,HR 7506,43012,1829351
3138 138 30130,HR 46109,56580,1829395
3138 138 30140,HR 7641,44036,1829440
3138 138 30160,HR 7848,46852,1829484
3138 138 30260,HR 7693,46596,1829528
3138 138 30261,HR 7693,46852,1829572
3138 138 30280,HR 7693,47108,1829616
3138 138 30310,HR 46109,56580,1829660
3138 138 30330,HR 7936,46084,1829705
3138 138 30331,HR 7936,46340,1829749
3138 138 30350,HR 46126,57348,1829793
3138 138 30370,HR 7848,47620,1829838
3138 138 30391,HR 7792,47876,1830979
3138 138 30410,HR 46158,57860,1831023
3138 138 30411,HR 46158,58116,1831068
3138 138 30430,HR 46118,57348,1831113
3138 138 30490,HR 46120,57092,1831158
3138 138 30901,HR 46120,56324,1831203
3138 138 31190,HR 46197,60164,1831248
3138 138 31361,HR 46170,57860,1831293
3138 138 31440,HR 7839,27652,1831338
3138 138 31520,HR 46197,56324,1831381
3138 138 38880,HR 7698,51972,1831426
3138 138 7004,HR 46126,45060,1831470
3138 138 70040,HR 46126,57348,1831514
3138 168 75591,HR 46197,64260,1831559
3138 178 72191,HR 46197,62724,1831604
3138 198 89261,HR 7936,32260,1831649
3139 108 30200,HR 3215,21252,1831692
3139 128 30200,HR 3215,21764,1831735
3139 128 30400,HR 7527,24836,1831778
3139 138 30200,HR 3215,22020,1831821
3139 138 30350,HR 7525,25604,1831864
313A 108 30991,HR 8186,30724,1816778
313A 108 30992,HR 8186,30980,1816821
31410,HR 2031/22,15363,1831907
31411,HR 2031/22,15619,1834021
31412,HR 2031/22,15875,1834058
31413,HR 2031/22,16131,1834095
31414,HR 2031/22,16387,1834132
31415,HR 2031/22,16643,1834169
31416,HR 2031/22,16899,1834206
31417,HR 2031/22,17155,1834243
31418,HR 2031/22,17411,1834280
31419,HR 2031/22,17667,1834317
3144 138 37593,HR 7533,48132,1834354
3148.00,HR 5148,6659,1834398
3148.01,HR 5148,6915,1834434
3148.02,HR 5148,7171,1834470
3148.03,HR 5148,7427,1834506
3148.04,HR 5148,7683,1834542
314892-01,HR 7506,53763,1834578
3149.00,HR 3149,6659,1834617
315.0001,HR 236,3331,1834653
315.0055,HR 502,4611,1834689
315.0058,HR 502,5379,1834725
315.0180,HR 2274 T20S,29188,1834761
315.1101,HR 7072,17411,1834803
3150-1,HR 7811,57858,1834910
3150-2,HR 7811,58114,1834945
3150.1,HR 7811,58114,1834840
3150.2,HR 7811,58370,1834875
31500,HR 7811,46082,1834980
3150001,HR 6018,4867,1837093
31501,HR 7811,46338,1837129
31501153,HR 7474,21251,1837163
31502,HR 7811,46594,1837200
31503,HR 7811,46850,1837234
31504,HR 7811,47106,1837268
31505,HR 7811,47362,1837302
3151101,HR 7072,5635,1837336
31520,HR 46197,15619,1837372
31521,HR 46197,15875,1837408
31522,HR 46197,16131,1837444
3157.00,HR 5157,6659,1837480
3157.01,HR 5157,6915,1837516
3163.00,HR 5163,5123,1837552
3163.01,HR 5163,5379,1837588
3165.00,HR 5165,6147,1837624
3165.01,HR 5165,6403,1837660
3165.02,HR 5165,6659,1837696
3166.00,HR 5166,6659,1837732
3166.01,HR 5166,6915,1837768
3166.02,HR 5166,7171,1837804
3167.00,HR 3167,6659,1837840
31670,HR 2277 T15S,59907,1837876
31671,HR 2277 T15S,60163,1837915
31672,HR 2277 T15S,60419,1837954
31673,HR 2277 T15S,60675,1837993
31674,HR 2277 T15S,60931,1838032
3169200,HR 6170,7427,1840187
31722,HR 8245,48130,1840223
3173.00,HR 5173,5635,1840257
3173.01,HR 5173,5891,1840293
31750,HR 8125,47618,1840329
31751,HR 8125,47874,1840363
31752,HR 8125,48130,1840397
31753,HR 8125,48386,1840431
31754,HR 8125,48642,1840465
31755,HR 8125,48898,1840499
31760,HR 8116,47874,1840533
31761,HR 8116,48130,1840567
31762,HR 8116,48386,1840601
31763,HR 8116,48642,1840635
31764,HR 8116,48898,1840669
31765,HR 8116,49154,1840703
3181.00,HR 3181,4611,1840737
3181.01,HR 3181,4867,1840773
31820,HR 46101,58370,1840809
31821,HR 46101,58626,1840844
31822,HR 46101,58882,1840879
31823,HR 46101,59138,1840914
31824,HR 46101,59394,1840949
31825,HR 46101,59650,1840984
3183.00,HR 3183,5635,1841019
3183.01,HR 3183,5891,1841055
3183.02,HR 3183,6147,1841091
3183.03,HR 3183,6403,1841127
3183.04,HR 3183,6659,1843237
3183.05,HR 3183,6915,1843273
3183.06,HR 3183,7171,1843309
3183.07,HR 3183,7427,1843345
3183.08,HR 3183,7683,1843381
31830,HR 8312,46850,1843417
31833,HR 8312,47618,1843451
3186.00,HR 3186,7171,1843485
3186.01,HR 3186,7427,1843521
3186.02,HR 3186,7683,1843557
3186.03,HR 3186,7939,1843593
3186.04,HR 3186,8195,1843629
3189.00,HR 3189,8707,1843665
3189.01,HR 3189,8963,1843701
3189.02,HR 3189,9219,1843737
3189.03,HR 3189,9475,1843773
319 808 729,HR 2268 TRSI,15621,1843809
319 900 142,HR 2268 TRSI,11013,1843854
319 900 170,HR 090,37123,1843899
319 900 179,HR 090,39427,1843938
319 900 181,HR 2268 TRSI,11781,1843977
319 900 205,HR 2266 R,14596,1844022
319 900 217,HR 2266 R,15364,1844064
319 900 300,HR 2274 T32S,60932,1844106
319 900 925,HR 3511,51715,1844151
3191350,HR 6372,8707,1844191
319327,HR 7045,62210,1845285
319328,HR 6091,62466,1845320
319329,HR 6279,64770,1845355
319331,HR 6101,58882,1845390
3196/6010,HRT 202,39683,1845425
3197.1,HR 7963,62978,1845463
3197.2,HR 7963,63234,1845498
31970,HR 7963,50946,1845533
31971,HR 7963,51202,1845567
31972,HR 7963,51458,1845601
31973,HR 7963,51714,1845635
31974,HR 7963,51970,1845669
31980,HR 7962,50946,1845703
31981,HR 7962,51202,1845737
31982,HR 7962,51458,1845771
31983,HR 7962,51714,1845805
31984,HR 7962,51970,1845839
31985,HR 7962,52226,1845873
31986,HR 7962,52482,1845907
31987,HR 7962,52738,1845941
31988,HR 7962,52994,1845975
3199.00,HR 2287 T15,64259,1846009
3199.01,HR 2287 T15,64515,1846049
3199.02,HR 2287 T15,64771,1846089
3199.03,HR 2287 T15,65027,1846129
3199.04,HR 2287 T15,65283,1846169
32-08500,HR 42111,48899,1846209
32000,HR 46102,56322,1846248
32000060,HR 9454,19203,1849381
32000080,HR 9483,20227,1849418
32000140,HR 9564,19459,1849455
32000210,HR 7213,16131,1849492
32000615,HR 1303,16899,1849529
32000617,HR 1306,18179,1849566
32001,HR 46102,56578,1849603
32002,HR 46102,56834,1849638
32002.00,HR 7042,15363,1849673
32002.01,HR 7042,15619,1849710
32002.02,HR 7042,15875,1849747
32002.03,HR 7042,16131,1849784
32003,HR 46102,57090,1849821
32003.00,HR 7033,15619,1849856
32003.01,HR 7033,15875,1849893
32003.02,HR 7033,16131,1849930
32004,HR 46102,57346,1849967
32004.00,HR 7008,16387,1850002
32004.01,HR 7008,16643,1850039
32004.02,HR 7008,16899,1850076
32004.03,HR 7008,17155,1850113
32005.00,HR 7002,15107,1850150
32005.01,HR 7002,15363,1850187
32005.02,HR 7002,15619,1850224
32007.00,HR 7048,18179,1850261
32007.01,HR 7048,18435,1850298
32008.00,HR 7004,16387,1850335
32008.01,HR 7004,16643,1852453
32008.02,HR 7004,16899,1852490
32008.50,HR 7004,17667,1852527
32008.51,HR 7004,17923,1852564
3200850,HR 7004,5891,1852601
3200851,HR 7004,6147,1852637
32009.00,HR 7006,17155,1852673
32009.01,HR 7006,17411,1852710
32010,HR 46103,56834,1852747
32010.00,HR 7010,13827,1852782
32010.01,HR 7012,14595,1852819
32010.02,HR 7029,16899,1852856
32010.03,HR 7029,17155,1852893
32010010,HR 1927,17411,1852930
32010020,HR 19043,29443,1852967
32011,HR 46103,57090,1853005
32011.00,HR 7011,14339,1853040
32011.01,HR 7011,14595,1853077
32012,HR 46103,57346,1853114
32012.00,HR 7035,16131,1853149
32012.01,HR 7035,16387,1853186
32013,HR 46103,57602,1853223
32013.00,HR 7032,15619,1853258
32014.00,HR 7035,16643,1853295
32015.00,HR 7099,19459,1853332
32015.50,HR 7134,18179,1853369
3201550,HR 7134,6403,1853406
32016.00,HR 7200,15619,1855519
32017.00,HR 7207,17667,1855556
32017.01,HR 7207,17923,1855593
32018.00,HR 7180,17923,1855630
32019.00,HR 7021,16643,1855667
32019.01,HR 7021,16899,1855704
32021865,HR 1865,22787,1855741
32022.00,HR 7045,16643,1855778
32023.00,HR 7038,17411,1855815
32023100,HR 1513,16131,1855852
32023493,HR 1514,20227,1855889
32023498,HR 1596,24067,1855926
32023544,HR 18001,31491,1855963
32023590,HR 1501,18691,1856001
32023595/0,HR 1823,46083,1856038
32023595/1,HR 1599,48899,1856077
32023600,HR 1824,18691,1856116
32023605,HR 1825,20227,1856153
32036120,HR 9655,21507,1856190
32036125,HR 9518,22275,1856227
32036510,HR 9659,23299,1856264
32036520,HR 15004,30979,1856301
32036550,HR 9454,22531,1856339
32036567,HR 9483,25091,1856376
32036590,HR 9561,23299,1856413
32038700,HR 9564,22787,1856450
32039404,HR 9404,21507,1858597
32039701,HR 9701,21507,1858634
32039810,HR 9497,24835,1858671
32040,HR 2046,44802,1858708
32041,HR 2046,45058,1858742
32042,HR 2046,45314,1858776
32043,HR 2046,45570,1858810
32044,HR 2046,45826,1858844
32045,HR 2046,46082,1858878
32046,HR 2046,46338,1858912
32047,HR 2046,46594,1858946
32048,HR 2046,46850,1858980
32049,HR 2046,47106,1859014
32051,HR 6214,45570,1859048
32053025,HR 7012,18435,1859082
32053033,HR 6183,20227,1859119
32053039,HR 6117,20995,1859156
32053060,HR 7029,20227,1859193
32054040,HR 7569,22275,1859230
32054052,HR 7213,19459,1859267
32054062,HR 7363,21251,1859304
32054064,HR 7366,22531,1859341
32054067,HR 7390,22531,1859378
32054087,HR 7849,25347,1859415
32065020,HR 15004,30211,1859452
3210 878 7901 B,HR 8468,41988,1859490
3210 878 79011,HR 8468,29444,1859534
3210 878 79018,HR 8468,31236,1861699
3210 908 15017,HR 8468,26884,1861742
3210-61274,HR 7166,46339,1861785
3210-61291,HR 8109,45571,1861824
3210-61294,HR 8110,44291,1861863
3210-61301,HR 8112,41987,1861902
3210-61306,HR 8113,43523,1861941
3210-61313,HR 8114,43267,1861980
3210-61315,HR 8115,44035,1862019
3210-87879,HR 8468,52739,1862058
3210-87879-01,HR 8468,23556,1862097
3210-87879-011 B,HR 8468,61188,1862139
3210-87879-0118,HR 8468,50436,1862184
3210-90815-017,HR 8468,33540,1862228
321061274,HR 7166,34819,1862271
321061291,HR 8109,34051,1862309
321061294,HR 8110,32771,1862347
321061294-004,HR 8110,16644,1862385
321061301,HR 8112,30467,1862427
321061301-000,HR 8112,13316,1862465
321061306,HR 8113,32003,1862507
321061313,HR 8114,31747,1862545
321061313-00-9,HR 8114,28420,1862583
321061315,HR 8115,32515,1862626
321061315-00-1,HR 8115,27140,1863717
321087879-018,HR 8468,26372,1863760
32114002,HR 7742,19203,1863802
32114003,HR 7743,19715,1863839
32114008,HR 7913,20739,1863876
3213005,HR 8169,8195,1863913
3213005 P,HR 8169,36867,1863949
3213008,HR 8169,8963,1863987
3213009,HR 8169,9219,1864023
3213009 F,HR 8169,35331,1864059
3214 1269,HR 46104,42243,1864097
3214002,HR 7742,6659,1864136
32140021,HR 7742,19203,1864172
3214003,HR 7743,7171,1864209
3214008,HR 7913,8195,1864245
3214009,HR 7171,7427,1864281
3214013,HR 8498,9475,1864317
3214021,HR 8140,5123,1864353
3214021 Q,HR 8140,34051,1864389
32151,HR 7503,46338,1864427
3219003,HR 8464,8707,1864461
3219004,HR 7629,9475,1864497
3220011,HR 7636,6403,1864533
3220012,HR 7989,9475,1864569
3220013,HR 7636,6915,1864605
3220015,HR 7636,7427,1864641
3220016,HR 7829,8707,1864677
3220018,HR 7696,9731,1866789
3220019,HR 7676,9475,1866825
3220025,HR 7697,9475,1866861
3220026,HR 7905,7683,1866897
3220030,HR 8463,6403,1866933
3220109,HR 6349,28163,1866969
3221008,HR 7754,8451,1867006
3224.60,HR 2287 T10,61699,1867042
3225002,HR 8355,7427,1867082
3226.50,HR 2287 T10,61955,1867118
3227001,HR 8131,5635,1867158
3227002,HR 8133,6403,1867194
3227004,HR 8131,6403,1867230
3228.00,HR 2287 T9,5124,1867266
3228.01,HR 2287 T9,5380,1867306
3228.02,HR 2287 T9,5636,1867346
32302.00,HR 7159,18435,1867386
32302.50,HR 7159,19715,1867423
3230250,HR 7159,7939,1867460
32303.00,HR 7033,16387,1867496
32304.00,HR 7008,17155,1867533
32304.01,HR 7008,17411,1867570
32305.00,HR 7002,15875,1867607
32305.01,HR 7002,16131,1867644
32307.00,HR 7048,18947,1867681
32307.01,HR 7048,19203,1867718
32308.00,HR 7004,17155,1869861
32308.01,HR 7004,17411,1869898
32308.02,HR 7004,17667,1869935
32308.50,HR 7004,18435,1869972
32308.51,HR 7004,18691,1870009
3230850,HR 7004,6659,1870046
3230851,HR 7004,6915,1870082
32309.00,HR 7006,17923,1870118
32309.01,HR 7006,18179,1870155
32309.02,HR 7006,18435,1870192
32310.00,HR 7010,14595,1870229
32310.01,HR 7029,17411,1870266
32310.02,HR 7029,17667,1870303
32310.03,HR 7029,17923,1870340
32310.04,HR 7029,18179,1870377
32311.00,HR 7011,15107,1870414
32311.01,HR 7011,15363,1870451
32311.02,HR 7011,15619,1870488
32311.03,HR 7011,15875,1870525
32311.04,HR 7046,18179,1870562
32311.05,HR 7046,18435,1870599
32312.00,HR 7043,16643,1870636
32312.01,HR 7043,16899,1870673
32312.02,HR 7043,17155,1870710
32313.00,HR 7032,16387,1870747
32314.00,HR 7044,17411,1870784
32314.01,HR 7044,17667,1870821
32314.02,HR 7044,17923,1872933
32315.00,HR 7099,20227,1872970
32315.01,HR 7099,20483,1873007
32315.02,HR 7099,20739,1873044
32315.50,HR 7099,21507,1873081
32316.00,HR 7023,17155,1873118
32316.01,HR 7023,17411,1873155
32316.02,HR 7023,17667,1873192
32317.00,HR 7007,17923,1873229
32318.00,HR 7380,19203,1873266
32318.01,HR 7380,19459,1873303
32319.00,HR 7021,17411,1873340
32319.01,HR 7021,17667,1873377
32319.02,HR 7021,17923,1873414
32320.00,HR 7039,17667,1873451
3232001,HR 8557,7683,1873488
32321.00,HR 7119,17667,1873524
32322.00,HR 7045,17411,1873561
32322.01,HR 7045,17667,1873598
32323.00,HR 7038,18179,1873635
32323.01,HR 7038,18435,1873672
32323.02,HR 7038,18691,1873709
32324.00,HR 7049,18947,1873746
32324.01,HR 7049,19203,1873783
32326.00,HR 7104,17411,1873820
32326.01,HR 7104,17667,1873857
32327.00,HR 7158,19971,1873894
32328.00,HR 7051,18179,1876005
32328.01,HR 7051,18435,1876042
32329.00,HR 8344,19971,1876079
32330.00,HR 7097,18947,1876116
32331.00,HR 7110,15619,1876153
32332.00,HR 8462,18691,1876190
32334.00,HR 7127,18435,1876227
32335.00,HR 7128,18947,1876264
32336.00,HR 7159,20227,1876301
32337.00,HR 7133,18435,1876338
32337.01,HR 7133,18691,1876375
32337.02,HR 7133,18947,1876412
32338.00,HR 7517,20227,1876449
32339.00,HR 7128,19971,1876486
32343.00,HR 7234,18179,1876523
32343.01,HR 7234,18435,1876560
32345.00,HR 7200,16899,1876597
32345.50,HR 7200,18179,1876634
3234550,HR 7200,6403,1876671
3237.00,HR 2287 T30,61699,1876707
3237.01,HR 2287 T30,61955,1876747
324 315473,HR 3650,43011,1876787
324 315479,HR 3650,44547,1876826
324 318636,HR 3651,44291,1876865
324 331692,HR 6170,43267,1876904
324 338913,HR 6372,45059,1876943
32400861,HRT 227 BP,8964,1879096
3240662,HR 3240,6659,1879136
3243-15473,HR 3650,46339,1879172
3243-15479,HR 3650,47875,1879211
3243-18636,HR 3651,47619,1879250
3243-31692,HR 6170,46595,1879289
3243-31692.50,HR 6386,20996,1879328
3243-31695.20,HR 6386,20996,1879370
3243-38329,HR 6647,49923,1879412
3243-38329.00,HR 6647,20740,1879451
3243-38913,HR 6372,48387,1879493
3243-38913.50,HR 6372,20484,1879532
324318636,HR 3651,36099,1879574
32480,HR 7259,49666,1879612
32481,HR 7259,49922,1879646
32482,HR 7259,50178,1879680
32483,HR 7259,50434,1879714
32484,HR 7259,50690,1879748
32485,HR 7259,50946,1879782
32490,HR 8363,49154,1879816
32491,HR 8363,49410,1879850
32492,HR 8363,49666,1879884
32493,HR 8363,49922,1879918
32494,HR 8363,50178,1879952
32495,HR 8363,50434,1879986
3254.00,HR 2287 T22,15876,1880020
32590,HR 6011,46338,1882179
32591,HR 6011,46594,1882213
32592,HR 6011,46850,1882247
32593,HR 6011,47106,1882281
32594,HR 6011,47362,1882315
32595,HR 6011,47618,1882349
32596,HR 6011,47874,1882383
32597,HR 6011,48130,1882417
32598,HR 6011,48386,1882451
32599,HR 6011,48642,1882485
32617.00,HR 2080/00,54275,1882519
32631,HR 2063/00,17155,1882559
3264/6030,HRT 202,39171,1882596
32650,HR 7649,50178,1882634
32651,HR 7649,50434,1882668
32652,HR 7649,50690,1882702
32653,HR 7649,50946,1882736
32654,HR 7649,51202,1882770
32655,HR 7649,51458,1882804
32730,HR 7650,47874,1882838
32731,HR 7650,48130,1882872
32732,HR 7650,48386,1882906
32733,HR 7650,48642,1882940
32734,HR 7650,48898,1882974
32735,HR 7650,49154,1883008
32800,HR 2045,45570,1883042
32801,HR 2045,45826,1883076
32802,HR 2045,46082,1883110
32803,HR 2045,46338,1885221
32804,HR 2045,46594,1885255
32805,HR 2045,46850,1885289
32806,HR 2045,47106,1885323
32807,HR 2045,47362,1885357
32808,HR 2045,47618,1885391
32809,HR 2045,47874,1885425
3282/8202,HRT 202,39939,1885459
32845 070 007,HR 7471,12548,1885497
32846 070 007,HR 7471,12804,1885539
32859 089 0106,HR 7254,28420,1885581
32859 117 010,HR 7254,12548,1885624
32859 127 010,HR 7254,12804,1885666
32859 127 0103,HR 7254,25860,1885708
32859 127 310,HR 42066,45572,1885751
32859 128 912,HR 42060,46340,1885795
32859 129 010,HR 42018,44548,1885839
32859 129 0109,HR 7477,29700,1885883
32859 129 100,HR 7477,15108,1885926
32859 131 010,HR 7469,13572,1885968
32859 131 0106,HR 7469,27396,1886010
32859 135 00,HR 7469,2052,1886053
32859 135 010,HR 7469,14596,1886094
32859 135 0106,HR 7469,28420,1886136
32859 135 0108,HR 7469,28932,1888293
32859 136 010,HR 7477,14596,1888336
32859 136 0101,HR 7477,27140,1888378
32859 144 010,HR 7787,15364,1888421
32859 151 410,HR 7477,14852,1888463
32859 151 810,HR 7603,13572,1888505
32859 152 120,HR 7938,15108,1888547
32859 152 160,HR 7719,15364,1888589
32859 152 170,HR 7716,14852,1888631
32859 152 1708,HR 7716,29188,1888673
32859 152 510,HR 7616,14084,1888716
32859 152 910,HR 7716,15364,1888758
32859 153 510,HR 7605,13828,1888800
32859 154 050,HR 7677,16132,1888842
32859 154 052,HR 7618,15364,1888884
32859 154 059,HR 7938,18436,1888926
32859 154 108,HR 7853,16132,1888968
32859 154 109,HR 7610,14084,1889010
32859 154 127,HR 7610,14084,1889052
32859 154 140,HR 8506,14084,1889094
32859 200 000,HR 7471,10756,1889136
32859 200 004,HR 7623,11524,1889178
32859 200 013,HR 7680,12292,1889220
32859 200 025,HR 7959,15364,1890357
32859 200 039,HR 7987,16900,1890399
33 L 319 AYT,HR 42070,53508,1890441
33-1140,HR 46034,37123,1890564
33.18,HR 2274 T23S,57859,1890484
33.18 D,HR 2274 T23S,17924,1890523
33000190,HR 7569,21763,1890602
33000210,HR 7213,16387,1890639
33000230,HR 7363,18435,1890676
33000310,HR 7849,20483,1890713
3306 130 00600,HR 7802,20740,1890750
3306 130 00601,HR 7802,20996,1890793
3306 130 00852,HR 7659,25604,1890836
3306 130 08020,HR 8332,21508,1890879
3306 130 08021,HR 8332,21764,1890922
3306 130 08111,HR 8272,22532,1890965
3306 130 08141,HR 7662,23812,1891008
3306 130 08151,HR 8252,23044,1891051
3306 130 08161,HR 8255,24068,1891094
3306 130 08171,HR 8257,24836,1891137
3306 130 08191,HR 8254,24580,1891180
3306 130 08201,HR 8256,23044,1891223
3306 130 08211,HR 8290,22788,1891266
330738,HR 42048,28931,1893413
3311-0100915,HR 8196,5892,1893450
331100001105,HR 46133,34564,1893491
331100001355,HR 46181,37124,1893534
331100001357,HR 46181,37636,1893577
331100001367,HR 46181,37892,1893620
3330371,HR 7503,7427,1893663
334 B 07803,HR 7461,55811,1893699
334 B 078030,HR 7461,2564,1893739
334 B 08104,HR 7445,55043,1893780
334 B 081040,HR 7445,1796,1893820
334 B 08105,HR 7796,57603,1893861
334 B 081050,HR 7796,4356,1893901
334 B 08106,HR 7470,55043,1893942
334 B 081060,HR 7470,1796,1893982
334 B 08107,HR 7446,56067,1894023
334 B 081070,HR 7446,2820,1894063
334 B 08108,HR 7631,55299,1894104
334 B 081080,HR 7631,2052,1894144
334 B 08109,HR 7685,57859,1894185
334 B 081090,HR 7685,4612,1894225
334 B 08201,HR 8213,52995,1894266
334 B 082010,HR 8213,65283,1894306
334 B 08202,HR 7667,56323,1894347
334 B 185050,HR 7685,4868,1895480
334 B 8109,HR 7685,45571,1895521
334 B 8201,HR 8213,40707,1895560
334 P 00303,HR 46019,23300,1895599
334 P 003030,HR 46019,35588,1895641
334 P 031,HR 46097,65283,1895684
334 P 031-01,HR 46097,36100,1895724
334 P 031-1,HR 46097,23812,1895767
334 P 0311,HR 46097,12292,1895809
334 P 08106,HR 7470,58627,1895850
334 P 081060,HR 7470,5380,1895890
334 P 08202,HR 7667,59907,1895931
334 P 12602,HR 7718,13060,1895971
334 P 126020,HR 7718,25348,1896012
334 P 13001,HR 7667,58115,1896054
334 P 130010,HR 7667,4868,1896094
334 P 13002,HR 7667,58371,1896135
334 P 13302,HR 7718,12548,1896175
334 P 133020,HR 7718,24836,1896216
334 P 14104,HR 8139,58115,1896258
334 P 141040,HR 8139,4868,1896298
334 P 17902,HR 8127,59651,1896339
334 P 179020,HR 8127,6404,1896379
334 P 18503,HR 7981,60931,1898533
334 P 185030,HR 7981,7684,1898573
334 P 18504,HR 8262,59395,1898614
334 P 185040,HR 8262,6148,1898654
334 P 18505,HR 7685,61699,1898695
334 P 185050,HR 7685,8452,1898735
334 P 18506,HR 7470,59907,1898776
334 P 185060,HR 7470,6660,1898816
334 P 18507,HR 7446,60931,1898857
334 P 185070,HR 7446,7684,1898897
334 P 18508,HR 7632,60419,1898938
334 P 185080,HR 7632,7172,1898978
334 P 19305,HR 8324,59139,1899019
334 P 193050,HR 8324,5892,1899059
334 P 19501,HR 8213,57859,1899100
334 P 19601,HR 8128,59395,1899140
334 P 196010,HR 8128,6148,1899180
334 P 19602,HR 7981,61187,1899221
334 P 196020,HR 7981,7940,1899261
334 P 19603,HR 7981,61443,1899302
334 P 196030,HR 7981,8196,1899342
334 P 20001,HR 8263,55811,1899383
334 P 21601,HR 8640,57347,1899423
334 P 216010,HR 8640,4100,1899463
334 P 216030,HR 8359,6404,1901621
334 P 22001,HR 7966,58627,1901662
334 P 220010,HR 7966,5380,1901702
334 P 22002,HR 7967,59139,1901743
334 P 220020,HR 7967,5892,1901783
334 P 229 B 1,HR 8266,14852,1901824
334 P 229 C 1,HR 8266,15108,1901866
334 P 22901,HR 8266,59395,1901908
334 P 23104,HR 8282,57859,1901948
334 P 231040,HR 8282,4612,1901988
334 P 232 A 2,HR 8185,13316,1902029
334 P 232-2,HR 8185,57347,1902071
334 P 23202,HR 8185,58115,1902111
334 P 232020,HR 8185,4868,1902151
334 P 243 A 10,HR 8204,23812,1902192
334 P 243 A 20,HR 8232,24324,1902235
334 P 243 A 30,HR 8575,27140,1902278
334 P 243 A 40,HR 8326,25860,1902321
334 P 243-3,HR 8575,58883,1902364
334 P 243-30,HR 8575,5636,1902404
334 P 243010,HR 8204,3076,1902445
334 P 243020,HR 8232,3588,1902486
334 P 24303,HR 8575,59651,1902527
334 P 243030,HR 8575,6404,1904677
334 P 243040,HR 8326,5124,1904718
334 P 243410,HR 8204,4100,1904759
334 P 244 A 20,HR 8576,27396,1904800
334 P 244-1,HR 8576,58883,1904843
334 P 244-10,HR 8576,5636,1904883
334 P 244010,HR 8576,6404,1904924
334 P 244020,HR 8576,6660,1904965
334 Z 001 A 1,HR 46116,45060,1905006
334 Z 00101,HR 46116,24324,1905050
334 Z 016-01,HR 46164,38148,1905092
3345.00,HR 3762,6403,1905135
3345.01,HR 3762,6659,1905171
33490,HR 6186,49666,1905207
33491,HR 6186,49922,1905241
33492,HR 6186,50178,1905275
33493,HR 6186,50434,1905309
33494,HR 6186,50690,1905343
33495,HR 6186,50946,1905377
33786,HR 6455,51458,1905411
33832,HR 1843/87,23299,1905445
33880,HR 2045,47874,1905482
33881,HR 2045,48130,1905516
33882,HR 2045,48386,1905550
33883,HR 2045,48642,1905584
33884,HR 2045,48898,1905618
33886,HR 2045,49410,1906739
33887,HR 2045,49666,1906773
33888,HR 2045,49922,1906807
34-398,HR 46046,29443,1906875
34.18,HR 3534,46850,1906841
340 007 84,HR 3655,38659,1906912
340 008 32,HR 6178,37891,1906951
340 008 63,HR 6178,38915,1906990
340 008 87,HR 6088,40451,1907029
340 009 11,HR 7229,36867,1907068
340 009 28,HR 6371,38147,1907107
3400 09 11,HR 7229,36867,1907146
34000 2240,HR 46134,6148,1907185
340002240,HR 46134,63491,1907226
34000784,HR 3655,22275,1907266
34000791,HR 5542,20995,1907303
34000832,HR 6178,21507,1907340
34000863,HR 6178,22531,1907377
34000887,HR 6088,24067,1907414
34000911,HR 7229,20483,1907451
34000928,HR 6371,21763,1907488
3400832,HR 6178,9219,1907525
3402/3101,HRT 507,38659,1907561
3404/5431.28,HR 1100,2820,1907599
34060,HR 1490,46338,1907640
34061,HR 1490,46594,1907674
34063,HR 1490,47106,1909819
34064,HR 1490,47362,1909853
34065,HR 1490,47618,1909887
34066,HR 1490,47874,1909921
34067,HR 1490,48130,1909955
34068,HR 1490,48386,1909989
34069,HR 1490,48642,1910023
341007,HR 8004,12803,1910057
341007-02,HR 7706,51459,1910093
341017,HR 7954,16387,1910132
341077,HR 7503,15363,1910168
341079,HR 8004,15107,1910204
3414/0006,HR 5806,32259,1910240
341403,HR 1843/87,34563,1910278
3415/5500,HR 5807,33795,1910316
341702,HR 9840,61442,1910354
341703,HR 9827,62978,1910389
341704,HR 9839,64002,1910424
341801,HR 19127,7939,1910459
341803,HR 19008,7939,1910495
34300,HR 6185,47106,1910531
34300.00,HR 6056,17155,1910565
34301,HR 6185,47362,1910602
34302,HR 6185,47618,1910636
34303,HR 6185,47874,1910670
34304,HR 6185,48130,1910704
34304.00,HR 6258,19203,1910738
34304.02,HR 6264,18947,1913913
34305,HR 6185,48386,1913950
34390,HR 6012,46594,1913984
34391,HR 6012,46850,1914018
34392,HR 6012,47106,1914052
34393,HR 6012,47362,1914086
34394,HR 6012,47618,1914120
34395,HR 6012,47874,1914154
34396,HR 6012,48130,1914188
34397,HR 6012,48386,1914222
34398,HR 6012,48642,1914256
34399,HR 6012,48898,1914290
34460,HR 6184,48642,1914324
34461,HR 6184,48898,1914358
34462,HR 6184,49154,1914392
34463,HR 6184,49410,1914426
34464,HR 6184,49666,1914460
34465,HR 6184,49922,1914494
34495,HR 6531,49666,1914528
345,HR 2269 T11S,33283,1914562
345.0001,HR 025,3075,1914599
345020,HR 3504,58370,1914635
3454/0004,HR 7444,32771,1914670
34573,HR 9563,50946,1914708
34610,HR 6011,45058,1914742
34611,HR 6011,45314,1914776
34612,HR 6011,45570,1914810
34613,HR 6011,45826,1914844
34614,HR 6011,6144,1915931
34615,HR 6011,46338,1915965
34616,HR 6011,46594,1915999
34617,HR 6011,46850,1916033
34618,HR 6011,47106,1916067
34619,HR 6011,47362,1916101
347,HR 2274 T20S,32771,1916135
34710100235,HR 46011,23812,1916172
3484300,HR 7226,28163,1916214
349,HR 2274 T29S,35587,1916251
35 090 0385,HR 9455,53763,1916415
35 090 0388,HR 9455,54531,1916455
35 296 2030,HR 2269 T11S,62468,1916495
35 296 3017,HR 6365,53763,1916540
35 296 5040,HR 2274 T29S,64772,1916580
35 296 5080,HR 2080/10,23044,1916625
35 296 5095,HR 2274 T22S,5,1916668
35 296 6007,HR 7007,52739,1916713
35 296 6008,HR 7561,54275,1916753
35 296 6009,HR 7067,54787,1916793
35 296 6012,HR 7066,52995,1916833
35 296 6015,HR 3604,52227,1916873
35 296 6018,HR 6453,54275,1919030
35 296 6020,HR 7586,54531,1919070
35 296 6030,HR 2269 T11S,63492,1919110
35 296 6090,HR 2274 T22S,64516,1919155
35 296 6908,HR 7561,56579,1919200
35 L 502 AZT,HR 7780,42756,1916288
35 L 510 AZT,HR 46126,54020,1916330
35 L 515 AZT,HR 7664,44036,1916373
35.18,HR 3535,47362,1919240
350,HR 2274 T26S,32771,1919274
350-08200,HR 42103,61443,1919311
350-08500,HR 42111,61955,1919351
350-08900,HR 42005,63491,1919391
350-09800,HR 42079,772,1919431
350-09900,HR 42005,63747,1919471
3500.00,HR 3500,2051,1919511
3500.01,HR 3500,2307,1919547
35008200,HR 42103,49923,1919583
35008500,HR 42111,50435,1919622
35009800,HR 42079,54787,1919661
350215.80,HR 7317,33283,1919700
35021580,HR 7317,21507,1919738
35034410,HR 7797,23555,1919775
3505.00,HR 5505,5123,1919812
3505.01,HR 5505,5379,1919848
350900385,HR 9455,37379,1919884
350900388,HR 9455,38147,1919922
351,HR 2280 TS,5635,1919960
3510.01,HR 3510,2819,1921084
35100,HR 1492,45826,1921120
35101,HR 1492,46082,1921154
35102,HR 1492,46338,1921188
35103,HR 1492,46594,1921222
35104,HR 1492,46850,1921256
35105,HR 1492,47106,1921290
3512.00,HR 5512,4099,1921324
35120,HR 6076,47106,1921360
35121,HR 6076,47362,1921394
35122,HR 6076,47618,1921428
35123670,HR 8317,22531,1921462
3514.00,HR 3514,4611,1921499
3514.01,HR 3514,4867,1921535
3515.00,HR 5515,5635,1921571
3515.01,HR 5515,5891,1921607
3517.00,HR 3517,6147,1921643
351757.20,HR 8317,35075,1921679
35175720,HR 8317,23299,1921717
35175730,HR 8316,23299,1921754
3522.00,HR 3656,6147,1921791
3522.01,HR 3656,6403,1921827
3523.00,HR 5523,5123,1921863
3523.02,HR 5523,5635,1921899
3524.00,HR 5524,5635,1921935
3524.01,HR 5524,5891,1921971
3525.00,HR 5525,6147,1922007
3526.00,HR 5526,6659,1924156
3526.01,HR 5526,6915,1924192
3527.00,HR 5527,7171,1924228
3528.00,HR 3528,7171,1924264
3528.01,HR 3528,7427,1924300
3528.02,HR 3528,7683,1924336
3528.03,HR 3528,7939,1924372
3528.04,HR 3528,8195,1924408
352965040,HR 2274 T29S,48388,1924444
352965080,HR 2080/10,6660,1924487
352966007,HR 7007,36355,1924528
352966008,HR 7561,37891,1924566
352966009,HR 7067,38403,1924604
352966012,HR 7066,36611,1924642
352966015,HR 3604,35843,1924680
352966017,HR 6365,38147,1924718
352966018,HR 6453,37891,1924756
352966020,HR 7586,38147,1924794
352966030,HR 2269 T11S,47108,1924832
352966090,HR 2274 T22S,48132,1924875
352966908,HR 7561,40195,1924918
353-0025-1404,HR 7842,37124,1924956
35300.00,HR 6067,17923,1924999
35300.01,HR 6067,18179,1925036
353022400,HR 46134,64515,1925073
35303.01,HR 6260,17667,1927227
35322,HR 9463,48898,1927264
35323,HR 9463,49154,1927298
35383,HR 6096,50434,1927332
35390,HR 46126,15875,1927366
354-13291,HRT 505,41219,1927402
354-13669,HRT 507,44035,1927440
354-13699,HRT 507,44803,1927478
354-47832,HRT 202,41731,1927516
354-73291,HRT 508 P,6660,1927554
354-77384,HRT 240 BS,24324,1927594
354-79385,HRT 240 BS,25092,1927635
354-79528,HRT 227 BP,25348,1927676
354-79771,HRT 225 BP,24836,1927717
354-80208,HRT 227 BP,22020,1927758
3541.00,HR 1197,5891,1927799
3541.01,HR 1197,6147,1927835
3542.00,HR 5542,5635,1927871
3542.01,HR 5542,5891,1927907
3542.02,HR 5542,6147,1927943
3542.90,HR 5542,7939,1927979
3542.91,HR 5542,8195,1928015
35420,HR 3215,45826,1928051
35421,HR 3215,46082,1928085
35422,HR 3215,46338,1928119
35423,HR 3215,46594,1928153
35425,HR 3215,47106,1929274
35426,HR 3215,47362,1929308
35427,HR 3215,47618,1929342
35428,HR 3215,47874,1929376
35429,HR 3215,48130,1929410
3544.00,HR 5544,6659,1929444
3545.00,HR 3762,6915,1929480
3545.01,HR 3762,7171,1929516
3546.00,HR 5546,7683,1929552
3546.01,HR 5546,7939,1929588
3547.00,HR 5547,8195,1929624
3547.01,HR 5547,8451,1929660
35480,HR 6011,46594,1929696
35481,HR 6011,46850,1929730
35482,HR 6011,47106,1929764
35483,HR 6011,47362,1929798
35484,HR 6011,47618,1929832
35485,HR 6011,47874,1929866
35486,HR 6011,48130,1929900
35487,HR 6011,48386,1929934
35488,HR 6011,48642,1929968
35489,HR 6011,48898,1930002
3551.00,HR 5551,5635,1930036
355200900,HR 8606,34307,1930072
355201800,HR 7468,35587,1930110
355201900,HR 7494,35587,1930148
355202299,HR 7890,38659,1930186
355202599,HR 7890,39427,1933363
355202699,HR 7888,41475,1933401
355202899,HR 7892,40707,1933439
355203599,HR 7888,41475,1933477
355204399,HR 8099,39939,1933515
355204499,HR 7887,41219,1933553
3553.00,HR 5553,6659,1933591
3554.00,HR 5554,7171,1933627
3554.01,HR 5554,7427,1933663
3556.00,HR 3556,7683,1933699
3558.00,HR 5558,9219,1933735
3558.01,HR 5558,9475,1933771
3560.00,HR 5560,5635,1933807
3560.01,HR 5560,5891,1933843
35600,HR 6097,48642,1933879
35601,HR 6097,48898,1933913
35602,HR 6097,49154,1933947
35603,HR 6097,49410,1933981
35604,HR 6097,49666,1934015
35605,HR 6097,49922,1934049
3561.00,HR 3561,5635,1934083
3561.01,HR 3561,5891,1934119
3561.02,HR 3561,6147,1934155
3562.00,HR 3562,6147,1934191
3562.01,HR 3562,6403,1934227
3564.00,HR 5564,7683,1934263
3564.01,HR 5564,7939,1934299
3565.00,HR 5565,8219,1937436
3565.01,HR 5565,8451,1937472
35650,HR 1610,46338,1937508
35651,HR 1610,46594,1937542
35652,HR 1610,46850,1937576
35653,HR 1610,47106,1937610
35654,HR 1610,47362,1937644
35655,HR 1610,47618,1937678
35656,HR 1610,47874,1937712
35657,HR 1610,48130,1937746
35658,HR 1610,48386,1937780
35659,HR 1610,48642,1937814
3566.00,HR 5566,8707,1937848
3566.01,HR 5566,8963,1937884
3567.00,HR 3567,8707,1937920
3567.01,HR 3567,8963,1937956
3568.00,HR 5568,9731,1937992
3568.01,HR 5568,9987,1938028
3569.00,HR 5569,10243,1938064
3569.01,HR 5569,10499,1938100
356902-001,HR 46131,11524,1938136
3570.00,HR 5570,6147,1938177
3570.01,HR 5570,6403,1938213
3571.00,HR 5571,6659,1938249
3571.01,HR 5571,6915,1938285
3571.02,HR 5571,7171,1938321
3571.03,HR 5571,7427,1938357
3571.04,HR 5571,7683,1938393
3572.01,HR 5572,7427,1939518
3574.00,HR 5574,8195,1939554
3575.00,HR 3645,7683,1939590
3575.01,HR 3645,7939,1939626
3575.02,HR 3645,8195,1939662
3576.00,HR 5576,9219,1939698
3576.01,HR 5576,9475,1939734
35780,HR 6059,50434,1939770
35781,HR 6059,50690,1939804
35782,HR 6059,50946,1939838
35783,HR 6059,51202,1939872
35784,HR 6059,51458,1939906
35785,HR 6059,51714,1939940
35790,HR 3215,48386,1939974
35791,HR 3215,48642,1940008
35792,HR 3215,48898,1940042
35793,HR 3215,49154,1940076
35794,HR 3215,49410,1940110
35795,HR 3215,49666,1940144
35796,HR 3215,49922,1940178
35797,HR 3215,50178,1940212
35798,HR 3215,50434,1940246
35799,HR 3215,50690,1940280
358.200,HR 5571,7171,1940314
358.402,HR 6043,6915,1940350
3581.00,HR 3581,6659,1940386
3581.01,HR 3581,6915,1940422
3581.03,HR 3581,7427,1942565
3581.04,HR 3581,7683,1942601
3581.05,HR 3581,7939,1942637
3582.00,HR 5571,7171,1942673
3583.00,HR 5583,8195,1942709
3584.02,HR 6043,6915,1942745
35840,HR 6297,4867,1942781
35841,HR 6297,5123,1942816
35842,HR 6297,5379,1942851
35843,HR 6297,5635,1942886
35844,HR 6297,5891,1942921
35845,HR 6297,6147,1942956
35860,HR 6059,50178,1942991
35861,HR 6059,50434,1943025
35862,HR 6059,50690,1943059
35863,HR 6059,50946,1943093
35864,HR 6059,51202,1943127
35865,HR 6059,51458,1943161
35866,HR 6059,51714,1943195
35867,HR 6059,51970,1943229
35868,HR 6059,52226,1943263
35869,HR 6059,52482,1943297
3589,HR 6303,36610,1943331
3589.00,HR 3589,10755,1943364
3589.01,HR 3589,11011,1943400
3589.02,HR 3589,11267,1943436
3589.90,HR 3589,13059,1943472
35900,HR 6051,1027,1943508
35902,HR 6051,1539,1945655
35903,HR 6051,1795,1945690
35904,HR 6051,2051,1945725
35905,HR 6051,2307,1945760
35920,HR 6012,46594,1945795
35921,HR 6012,46850,1945829
35922,HR 6012,47106,1945863
35923,HR 6012,47362,1945897
35924,HR 6012,47618,1945931
35925,HR 6012,47874,1945965
35926,HR 6012,48130,1945999
35927,HR 6012,48386,1946033
35928,HR 6012,48642,1946067
35929,HR 6012,48898,1946101
3593.00,HR 3655,7939,1946135
3593.01,HR 3655,8195,1946171
3593.02,HR 3655,8451,1946207
35930,HR 6030,46850,1946243
359300,HR 3655,61698,1946277
359302,HR 3655,62210,1946312
35931,HR 6030,47106,1946347
35932,HR 6030,47362,1946381
35933,HR 6030,47618,1946415
35934,HR 6030,47874,1946449
35935,HR 6030,48130,1946483
35936,HR 6030,48386,1946517
35937,HR 6030,48642,1946551
35938,HR 6030,48898,1946585
3594.00,HR 6020,5379,1948730
3594.01,HR 6020,5635,1948766
3594.02,HR 6020,5891,1948802
3594.03,HR 6020,6147,1948838
35960,HR 3215,48130,1948874
35961,HR 3215,48386,1948908
35962,HR 3215,48642,1948942
35963,HR 3215,48898,1948976
35964,HR 3215,49154,1949010
35965,HR 3215,49410,1949044
35970,HR 1610,47618,1949078
35971,HR 1610,47874,1949112
35972,HR 1610,48130,1949146
35973,HR 1610,48386,1949180
35974,HR 1610,48642,1949214
35975,HR 1610,48898,1949248
35976,HR 1610,49154,1949282
35977,HR 1610,49410,1949316
35978,HR 1610,49666,1949350
35979,HR 1610,49922,1949384
35980,HR 2176,49922,1949418
35981,HR 2176,50178,1949452
35982,HR 2176,50434,1949486
35983,HR 2176,50690,1949520
35984,HR 2176,50946,1949554
35985,HR 2176,51202,1949588
35986,HR 2176,51458,1949622
35987,HR 2176,51714,1949656
35989,HR 2176,52226,1951801
35990,HR 6051,3331,1951835
35991,HR 6051,3587,1951870
35992,HR 6051,3843,1951905
35993,HR 6051,1027,1951940
35994,HR 6051,1283,1951975
35995,HR 6051,1539,1952010
36 L 304 AYT,HR 46075,55044,1952045
36-470,HRT 216 P,30723,1952088
36-482,HRT 227 BP,48899,1952125
36-483,HRT 231 BP,47875,1952163
3600.00,HR 6043,3587,1952201
3600.01,HR 6043,3843,1952237
3601.00,HR 5600,3331,1952273
3601.01,HR 5600,3587,1952309
3605.00,HR 6024,4611,1952345
3605.01,HR 6024,4867,1952381
36060,HR 6094,48130,1952417
36061,HR 6094,48386,1952451
36062,HR 6094,48642,1952485
36063,HR 6094,48898,1952519
36064,HR 6094,49154,1952553
36065,HR 6094,49410,1952587
36066,HR 6094,49666,1952621
36067,HR 6094,49922,1952655
36068,HR 6094,50178,1952689
36069,HR 6094,50434,1952723
36071,HR 6040,46338,1954868
36072,HR 6040,46594,1954902
36073,HR 6040,46850,1954936
36074,HR 6040,47106,1954970
36075,HR 6040,47362,1955004
36076,HR 6040,47618,1955038
36077,HR 6040,47874,1955072
36078,HR 6040,48130,1955106
36079,HR 6040,48386,1955140
3609.00,HR 5609,7683,1955174
361 425 2,HR 2270 V2,1028,1955210
361 425 9,HR 2270 V2,2820,1955251
3610.00,HR 5610,3587,1955292
3610.01,HR 5610,3843,1955328
3611.00,HR 5611,4099,1955364
3611.01,HR 5611,4355,1955400
36120,HR 6098,48386,1955436
36121,HR 6098,48642,1955470
36122,HR 6098,48898,1955504
36123,HR 6098,49154,1955538
36124,HR 6098,49410,1955572
36125,HR 6098,49666,1955606
36126,HR 6098,49922,1955640
36127,HR 6098,50178,1955674
36128,HR 6098,50434,1955708
36129,HR 6098,50690,1955742
3613.00,HR 5613,5123,1955776
36130,HR 6030,45058,1955812
36131,HR 6030,45314,1956901
36132,HR 6030,45570,1956935
36133,HR 6030,45826,1956969
36134,HR 6030,46082,1957003
36135,HR 6030,46338,1957037
3614.00,HR 5614,5635,1957071
3614.01,HR 5614,5891,1957107
3614.02,HR 5614,6147,1957143
3614.03,HR 5614,6403,1957179
3614.50,HR 5652,7427,1957215
36152,HR 6547,49410,1957251
36160,HR 6030,45826,1957285
36161,HR 6030,46082,1957319
36162,HR 6030,46338,1957353
36163,HR 6030,46594,1957387
36164,HR 6030,46850,1957421
36165,HR 6030,47106,1957455
3617.00,HR 5642,6659,1957489
361846-0004,HR 6261,58883,1957525
361846-4,HR 6261,22019,1957565
361846-6,HR 6261,22531,1957602
3619.00,HR 5619,8195,1957639
361916-0001,HR 6262,57859,1957675
361916-1,HR 6262,20995,1957715
361969-0001,HR 6263,60163,1957752
361969-1,HR 6263,23299,1957792
361969-2,HR 6263,23555,1957829
362003-0006,HR 6541,56067,1960997
362003-0007,HR 6542,56579,1961037
362003-6,HR 6541,19203,1961077
362003-7,HR 6542,19715,1961114
3621.00,HR 5621,4611,1961151
3621.01,HR 5621,4867,1961187
36210,HR 6094,47362,1961223
36211,HR 6094,47618,1961257
36212,HR 6094,47874,1961291
36213,HR 6094,48130,1961325
362135-0002,HR 6481,57347,1961359
362135-1,HR 6480,19971,1961399
362135-2,HR 6481,20483,1961436
36214,HR 6094,48386,1961473
362140-0001,HR 6493,56835,1961507
362140-0002,HR 6494,57347,1961547
362140-1,HR 6493,19971,1961587
362140-2,HR 6494,20483,1961624
36215,HR 6094,48642,1961661
36216,HR 6094,48898,1961695
36217,HR 6094,49154,1961729
36218,HR 6094,49410,1961763
36219,HR 6094,49666,1961797
3622.00,HR 5638,6915,1961831
3622.01,HR 5638,7171,1961867
3622.02,HR 5638,7427,1961903
36220,HR 2277 T8S,47107,1961939
36222,HR 2277 T8S,47619,1964092
36223,HR 2277 T8S,47875,1964130
36224,HR 2277 T8S,48131,1964168
36225,HR 2277 T8S,48387,1964206
362513003035,HR 8280,6916,1964244
362521000046,HR 7503,5636,1964285
362521000070,HR 6641,5380,1964326
3627.00,HR 6004,5123,1964367
3627.01,HR 6004,5379,1964403
3627.02,HR 6004,5635,1964439
3627.03,HR 6004,5891,1964475
3627.04,HR 6004,6147,1964511
3627.05,HR 6004,6403,1964547
3627.06,HR 6004,6659,1964583
363,HR 2274 T21S,32515,1964619
36320,HR 6133,46338,1964656
36321,HR 6133,46594,1964690
36322,HR 6133,46850,1964724
36323,HR 6133,47106,1964758
36324,HR 6133,47362,1964792
36325,HR 6133,47618,1964826
36326,HR 6133,47874,1964860
36327,HR 6133,48130,1964894
36328,HR 6133,48386,1964928
36329,HR 6133,48642,1964962
36330,HR 6133,46594,1964996
36331,HR 6133,46850,1965030
36332,HR 6133,47106,1967141
36333,HR 6133,47362,1967175
36334,HR 6133,47618,1967209
36335,HR 6133,47874,1967243
3636.00,HR 5636,7683,1967277
36360,HR 6096,49410,1967313
36361,HR 6096,49666,1967347
36362,HR 6096,49922,1967381
36363,HR 6096,50178,1967415
36364,HR 6096,50434,1967449
36365,HR 6096,50690,1967483
36366,HR 6096,50946,1967517
36367,HR 6096,51202,1967551
36368,HR 6096,51458,1967585
36369,HR 6096,51714,1967619
3637.00,HR 5637,8195,1967653
3637.01,HR 5637,8451,1967689
3637.02,HR 5637,8707,1967725
3637.70,HR 5637,9987,1967761
36370,HR 6142,47618,1967797
36371,HR 6142,47874,1967831
36372,HR 6142,48130,1967865
36373,HR 6142,48386,1967899
36374,HR 6142,48642,1967933
36375,HR 6142,48898,1967967
36376,HR 6142,49154,1968001
36377,HR 6142,49410,1968035
36378,HR 6142,49666,1968069
36379,HR 6142,49922,1968103
3638,HR 5638,37890,1970213
3638.00,HR 5638,8707,1970246
3638.01,HR 5638,8963,1970282
36380,HR 6096,49922,1970318
36381,HR 6096,50178,1970352
36382,HR 6096,50434,1970386
36383,HR 6096,50690,1970420
36384,HR 6096,50946,1970454
36385,HR 6096,51202,1970488
36386,HR 6096,51458,1970522
36387,HR 6096,51714,1970556
36388,HR 6096,51970,1970590
36389,HR 6096,52226,1970624
364,HR 2274 T21S,32771,1970658
364085-0003,HR 6474,59651,1970695
364085-3,HR 6474,22787,1970735
364087-0001,HR 7282,59139,1970772
364087-1,HR 7282,22275,1970812
364088-0001,HR 7347,59907,1970849
364088-1,HR 7347,23043,1970889
364093-0002,HR 6472,58627,1970926
364093-2,HR 6472,21763,1970966
3642.00,HR 5642,6147,1971003
3642.01,HR 5642,6403,1971039
3642.02,HR 5642,6659,1971075
3642.03,HR 5642,6915,1971111
36440,HR 6070,47106,1971147
36441,HR 6070,47362,1973285
36442,HR 6070,47618,1973319
36443,HR 6070,47874,1973353
36444,HR 6070,48130,1973387
36445,HR 6070,48386,1973421
36446,HR 6070,48642,1973455
36447,HR 6070,48898,1973489
36448,HR 6070,49154,1973523
36449,HR 6070,49410,1973557
3647.00,HR 2018,5891,1973591
3647.01,HR 2018,6147,1973627
364700,HR 2018,59650,1973663
3648.00,HR 2019,6403,1973698
3648.01,HR 2019,6659,1973734
3649.00,HR 5649,9731,1973770
3649.01,HR 5649,9987,1973806
3650.00,HR 5651,5891,1973842
3650.02,HR 5651,6403,1973878
3651.00,HR 5649,7939,1973914
3651.01,HR 5649,8195,1973950
36510,HR 6096,48642,1973986
36511,HR 6096,48898,1974020
36512,HR 6096,49154,1974054
36513,HR 6096,49410,1974088
36514,HR 6096,49666,1974122
36515,HR 6096,49922,1974156
36516,HR 6096,50178,1974190
36517,HR 6096,50434,1974224
36519,HR 6096,50946,1976369
3653.00,HR 2110,3331,1976403
3654.00,HR 5612,6147,1976439
3654.01,HR 5612,6403,1976475
3655.00,HR 5650,6915,1976511
3655.01,HR 5650,7171,1976547
3655.02,HR 5650,7427,1976583
36560,HR 6211,47106,1976619
36561,HR 6211,47362,1976653
36562,HR 6211,47618,1976687
36563,HR 6211,47874,1976721
36564,HR 6211,48130,1976755
36565,HR 6211,48386,1976789
3658 07 02,HRT 507,47363,1976823
3658 07 11,HRT 507,47363,1976862
3658 07 12,HRT 507,47619,1976901
3658 07 20,HRT 507,47363,1976940
3658 07 21,HRT 507,47619,1976979
3658 07 22,HRT 209,47619,1977018
3658 07 25,HRT 209,48387,1977057
3658 07 49,HRT 230 BP,28420,1977096
3658 07 51,HRT 227 BP,28164,1977138
3658 07 65,HRT 227 BP,29444,1977180
3658 07 67,HRT 249,50947,1977222
36600,HR 6097,48898,1977261
36601,HR 6097,49154,1977295
36602,HR 6097,49410,1978405
36603,HR 6097,49666,1978439
36604,HR 6097,49922,1978473
36605,HR 6097,50178,1978507
3661.00,HR 5661,6659,1978541
36660,HR 6050,1795,1978577
36661,HR 6050,2051,1978612
36662,HR 6050,2307,1978647
36663,HR 6050,2563,1978682
36664,HR 6050,2819,1978717
36665,HR 6050,3075,1978752
3668 07 21,HRT 507,47875,1978787
36690,HR 7505,49922,1978826
36691,HR 7505,50178,1978860
36692,HR 7505,50434,1978894
36693,HR 7505,50690,1978928
36694,HR 7505,50946,1978962
36695,HR 7505,51202,1978996
36696,HR 7505,51458,1979030
36697,HR 7505,51714,1979064
36698,HR 7505,51970,1979098
36699,HR 7505,52226,1979132
36700,HR 6196,49154,1979166
36701,HR 6196,49410,1979200
36702,HR 6196,49666,1979234
36703,HR 6196,49922,1979268
36704,HR 6196,50178,1979302
36705,HR 6196,50434,1979336
36706,HR 6196,50690,1981477
36707,HR 6196,50946,1981511
36708,HR 6196,51202,1981545
36709,HR 6196,51458,1981579
3671,HR 7494,37634,1981613
36710,HR 6285,49154,1981646
36711,HR 6285,49410,1981680
36712,HR 6285,49666,1981714
36713,HR 6285,49922,1981748
36714,HR 6285,50178,1981782
36715,HR 6285,50434,1981816
36730,HR 6489,5379,1981850
36731,HR 6489,5635,1981885
36732,HR 6489,5891,1981920
36733,HR 6489,6147,1981955
36734,HR 6489,6403,1981990
36735,HR 6489,6659,1982025
36740,HR 6139,49410,1982060
36741,HR 6139,49666,1982094
36742,HR 6139,49922,1982128
36743,HR 6139,50178,1982162
36744,HR 6139,50434,1982196
36745,HR 6139,50690,1982230
3676 90 91,HRT 505,49411,1982264
36760,HR 6205,48386,1982303
36761,HR 6205,48642,1982337
36762,HR 6205,48898,1982371
36763,HR 6205,49154,1982405
36764,HR 6205,49410,1982439
36765,HR 6205,49666,1983525
36766,HR 6205,49922,1983559
36767,HR 6205,50178,1983593
36768,HR 6205,50434,1983627
36769,HR 6205,50690,1983661
36800,HR 7526,48898,1983695
36801,HR 7526,49154,1983729
36802,HR 7526,49410,1983763
36803,HR 7526,49666,1983797
36804,HR 7526,49922,1983831
36805,HR 7526,50178,1983865
36806,HR 7526,50434,1983899
36807,HR 7526,50690,1983933
36808,HR 7526,50946,1983967
36809,HR 7526,51202,1984001
36830,HR 6141,47618,1984035
36831,HR 6141,47874,1984069
36832,HR 6141,48130,1984103
36833,HR 6141,48386,1984137
36834,HR 6141,48642,1984171
36835,HR 6141,48898,1984205
36836,HR 6141,49154,1984239
36837,HR 6141,49410,1984273
36838,HR 6141,49666,1984307
36839,HR 6141,49922,1984341
36840,HR 6378,5123,1984375
36841,HR 6378,5379,1984410
36842,HR 6378,5635,1984445
36843,HR 6378,5891,1984480
36844,HR 6378,6147,1986597
36845,HR 6378,6403,1986632
36846,HR 6378,6659,1986667
36847,HR 6378,6915,1986702
36848,HR 6378,7171,1986737
36849,HR 6378,7427,1986772
36860,HR 6367,5123,1986807
36861,HR 6367,5379,1986842
36862,HR 6367,5635,1986877
36863,HR 6367,5891,1986912
36864,HR 6367,6147,1986947
36865,HR 6367,6403,1986982
36866,HR 6367,6659,1987017
36867,HR 6367,6915,1987052
36870,HR 6467,51458,1987087
36871,HR 6467,51714,1987121
36872,HR 6467,51970,1987155
36873,HR 6467,52226,1987189
36874,HR 6467,52482,1987223
36875,HR 6467,52738,1987257
36892,HR 7505,50946,1987291
36900,HR 6140,46850,1987325
36901,HR 6140,47106,1987359
36902,HR 6140,47362,1987393
36910,HR 7564,49922,1987427
36911,HR 7564,50178,1987461
36912,HR 7564,50434,1987495
36913,HR 7564,50690,1987529
36914,HR 7564,50946,1988645
36915,HR 7564,51202,1988679
36916,HR 7564,51458,1988713
36917,HR 7564,51714,1988747
36918,HR 7564,51970,1988781
36919,HR 7564,52226,1988815
36920,HR 7503,48386,1988849
36921,HR 7503,48642,1988883
36922,HR 7503,48898,1988917
36923,HR 7503,49154,1988951
36924,HR 7503,49410,1988985
36925,HR 7503,49666,1989019
36926,HR 7503,49922,1989053
36927,HR 7503,50178,1989087
36928,HR 7503,50434,1989121
36929,HR 7503,50690,1989155
36930,HR 7525,49666,1989189
36931,HR 7525,49922,1989223
36932,HR 7525,50178,1989257
36933,HR 7525,50434,1989291
36934,HR 7525,50690,1989325
36935,HR 7525,50946,1989359
36936,HR 7525,51202,1989393
36937,HR 7525,51458,1989427
36938,HR 7525,51714,1989461
36939,HR 7525,51970,1989495
36940,HR 7564,50690,1989529
36941,HR 7564,50946,1989563
36942,HR 7564,51202,1989597
36943,HR 7564,51481,1991708
36944,HR 7564,51714,1991742
36945,HR 7564,51970,1991776
36946,HR 7564,52226,1991810
36947,HR 7564,52482,1991844
36948,HR 7564,52738,1991878
36949,HR 7564,52994,1991912
36960,HR 6140,48386,1991946
36961,HR 6140,48642,1991980
36962,HR 6140,48898,1992014
36963,HR 6140,49154,1992048
36964,HR 6140,49410,1992082
36965,HR 6140,49666,1992116
36966,HR 6140,49922,1992150
36967,HR 6140,50178,1992184
36968,HR 6140,50434,1992218
36969,HR 6140,50690,1992252
36990,HR 6236,50690,1992286
36991,HR 6236,50946,1992320
36992,HR 6236,51202,1992354
36993,HR 6236,51458,1992388
36994,HR 6236,51714,1992422
36995,HR 6236,51970,1992456
36996,HR 6236,52226,1992490
36997,HR 6236,52482,1992524
36998,HR 6236,52738,1992558
36999,HR 6236,52994,1992592
37 M 2012 E 16 A,HR 8138,50948,1992626
37-001541-38 K,HR 7462,33284,1998978
37-001541-38 L,HR 7462,33540,1999021
37-001541-381 C,HR 7462,43780,1999064
37.18,HR 2274 T19RS,15620,1992671
37.350,HR 13013,4611,1995813
37.372,HR 13032,5891,1995849
37.373,HR 1567,61954,1995885
37.381,HR 19247,9475,1995920
37.811,HR 9214,60418,1995956
37.820,HR 9445,61954,1995991
37.821,HR 9101,59394,1996026
37.823,HR 9438,63234,1996061
37.824,HR 9101,60162,1996096
37.825,HR 9103,60930,1996131
37.827,HR 9445,63746,1996166
37.829,HR 9446,64514,1996201
37.831,HR 9449,63490,1996236
37.832,HR 9448,63490,1996271
37.840,HR 7501,60162,1996306
37.841,HR 6229,61954,1996341
37.842,HR 7517,62466,1996376
37.843,HR 7501,60930,1996411
37.844,HR 7501,61186,1996446
37.845,HR 7517,63234,1996481
37.846,HR 7517,63490,1996516
37.848,HR 7534,63746,1996551
37.850,HR 7536,62466,1996586
37.851,HR 7534,62210,1996621
37.852,HR 7536,62978,1996656
37.853,HR 7542,62466,1996691
37.854,HR 7534,62978,1996726
37.855,HR 7544,63490,1996761
37.859,HR 7551,64002,1998908
37.863,HR 7555,63746,1998943
37004.00,HR 6020,15875,1999108
37004.01,HR 6020,16131,1999145
37004.02,HR 6020,16387,1999182
37005.00,HR 6024,17155,1999219
37005.01,HR 6024,17411,1999256
37005.02,HR 6024,17667,1999293
37005.90,HR 6024,19459,1999330
37005.91,HR 6024,19715,1999367
37005.92,HR 6024,19971,1999404
37005.93,HR 6024,20227,1999441
3700590,HR 6024,7683,1999478
3700591,HR 6024,7939,1999514
3700592,HR 6024,8195,1999550
3700593,HR 6024,8451,1999586
37007.00,HR 6147,19203,1999622
37007.01,HR 6147,19459,1999659
37007.02,HR 6147,19715,1999696
37007.03,HR 6147,19971,1999733
37009.00,HR 6171,18947,1999770
3701 691 4,HR 51/01,48899,1999807
3701 691 7,HR 51/01,49667,2000933
37010,HR 7519,47874,2000973
37010.00,HR 6021,15363,2001007
37010.01,HR 6021,15619,2001044
37010.10,HR 6021,15619,2001081
37010.50,HR 6021,16643,2001118
37010.51,HR 6021,16899,2001155
37010.90,HR 6021,17667,2001192
37010.91,HR 6021,17923,2001229
37010.92,HR 6021,18179,2001266
37010.93,HR 6021,18435,2001303
3701050,HR 6021,4867,2001340
3701090,HR 6021,5891,2001376
3701091,HR 6021,6147,2001412
3701092,HR 6021,6403,2001448
3701093,HR 6021,6659,2001484
37011,HR 7519,48130,2001520
37012,HR 7519,48386,2001554
37013,HR 7519,48642,2001588
37013.00,HR 6028,17923,2001622
37013.01,HR 6028,18179,2001659
37014,HR 7519,48898,2001696
37015,HR 7519,49154,2001730
37015.00,HR 6036,18179,2001764
37015.90,HR 6036,20483,2001801
37015.91,HR 6036,20739,2001838
3701590,HR 6036,8707,2001875
37016,HR 7519,49410,2004024
37017,HR 7519,49666,2004058
37017.00,HR 6037,18947,2004092
37017.01,HR 6037,19203,2004129
37018,HR 7519,49922,2004166
37019,HR 7519,50178,2004200
37019.00,HR 6014,18179,2004234
37019.01,HR 6107,19203,2004271
37019.02,HR 6107,19459,2004308
37019.03,HR 6107,19715,2004345
37019.04,HR 6107,19971,2004382
37020.00,HR 6034,16643,2004419
37020.01,HR 6034,16899,2004456
37020.04,HR 6034,17667,2004493
37020.05,HR 6034,17923,2004530
37022.00,HR 6020,15875,2004567
37022.01,HR 6020,16131,2004604
37023.00,HR 6111,16387,2004641
37023.01,HR 6111,16643,2004678
37024.00,HR 6552,18947,2004715
37025.00,HR 6112,17155,2004752
37025.01,HR 6112,17411,2004789
37026.00,HR 6095,19971,2004826
37028.00,HR 6156,19971,2004863
37028.01,HR 6156,20227,2004900
37029.00,HR 6036,19459,2004937
37029.01,HR 6036,19715,2007077
37030.00,HR 6039,18179,2007114
37031,HR 6214,46338,2007151
37033.00,HR 6031,16899,2007185
37033.01,HR 6031,17155,2007222
37033.02,HR 6031,17411,2007259
37034.00,HR 6021,16899,2007296
37035.00,HR 6036,18691,2007333
37037.00,HR 6049,20227,2007370
37037.01,HR 6049,20483,2007407
3704.00,HR 6020,3587,2007444
3704.01,HR 6020,3843,2007480
3704002,HR 7460,6915,2007516
37041.00,HR 6043,17411,2007552
3705.01,HR 6024,5123,2007589
37050,HR 6214,46594,2007625
37051,HR 6214,46850,2007659
37051.00,HR 6038,18691,2007693
37051.01,HR 6038,18947,2007730
37052,HR 6214,47106,2007767
37053,HR 6214,47362,2007801
37054,HR 6214,47618,2007835
37055,HR 6214,47874,2007869
37056,HR 6214,48130,2007903
37057,HR 6214,48386,2007937
37058,HR 6214,48642,2007971
37059,HR 6214,48898,2008005
37060,HR 6214,46850,2008039
37063,HR 6214,47618,2009125
37065,HR 6214,48130,2009159
37090,HR 6133,47618,2009193
37091,HR 6133,47874,2009227
37092,HR 6133,48130,2009261
37093,HR 6133,48386,2009295
37094,HR 6133,48642,2009329
37095,HR 6133,48898,2009363
37096,HR 6133,49154,2009397
37097,HR 6133,49410,2009431
37098,HR 6133,49666,2009465
37099,HR 6133,49922,2009499
371 691 7,HR 51/01,37379,2009533
3710.00,HR 6021,3075,2009572
37100,HR 6378,2563,2009608
37101,HR 6378,2819,2009643
37102,HR 6378,3075,2009678
37102.00,HR 6043,16899,2009713
37102.01,HR 6043,17155,2009750
371028.01,HR 6156,32771,2009787
37103,HR 6378,3331,2009825
37104,HR 6378,3587,2009860
37105,HR 6378,3843,2009895
3713001,HR 7362,26627,2009930
37130011,HR 7362,39171,2009967
37140,HR 6357,48642,2010005
3714002,HR 7460,7171,2010039
3714004,HR 6355,27907,2010075
3714009,HR 7674,30467,2012189
3714013,HR 7226,27395,2012226
3714016,HR 7674,29955,2012263
37141,HR 6357,48898,2012300
37142,HR 6357,49154,2012334
37143,HR 6357,49410,2012368
37144,HR 6357,49666,2012402
37145,HR 6357,49922,2012436
3722 06 03,HRT 507,45315,2012470
3722002,HR 6283,7427,2012509
37260,HR 7505,48386,2012545
37261,HR 7505,48642,2012579
37262,HR 7505,48898,2012613
37263,HR 7505,49154,2012647
37264,HR 7505,49410,2012681
37265,HR 7505,49666,2012715
37266,HR 7505,49922,2012749
37267,HR 7505,50178,2012783
37268,HR 7505,50434,2012817
37269,HR 7505,50690,2012851
3729.01,HR 6036,7427,2012885
37304.00,HR 6020,16643,2012921
37304.01,HR 6020,16899,2012958
37305.00,HR 6024,17923,2012995
37305.01,HR 6024,18179,2013032
37310.00,HR 6021,16131,2013069
37310.01,HR 6021,16387,2013106
37319.00,HR 6107,19715,2013143
37319.02,HR 6107,20227,2016318
37319.03,HR 6107,20483,2016355
37319.04,HR 6107,20739,2016392
37320,HR 6397,49666,2016429
37320.00,HR 6034,17411,2016463
37321,HR 6397,49922,2016500
37322,HR 6397,50178,2016534
37323,HR 6397,50434,2016568
37323.00,HR 6111,17155,2016602
37324,HR 6397,50690,2016639
37325,HR 6397,50946,2016673
37325.00,HR 6112,17923,2016707
37330.00,HR 6103,16899,2016744
37330.01,HR 6103,17155,2016781
37333.00,HR 6031,17667,2016818
37333.01,HR 6031,17923,2016855
37333.02,HR 6031,18179,2016892
37334.00,HR 6004,17923,2016929
37336.00,HR 6103,18435,2016966
37336.01,HR 6103,18691,2017003
37336.02,HR 6103,18947,2017040
37337.00,HR 6049,20995,2017077
37337.01,HR 6049,21251,2017114
37337.02,HR 6049,21507,2017151
37338.00,HR 6110,18435,2017188
37338.01,HR 6110,18691,2017225
37339.00,HR 6036,20483,2018341
37339.01,HR 6036,20739,2018378
37340,HR 7503,47618,2018415
37341,HR 7503,47874,2018449
37341.00,HR 6043,18179,2018483
37341.01,HR 6043,18435,2018520
37342,HR 7503,48130,2018557
37342.00,HR 6016,18435,2018591
37342.01,HR 6016,18691,2018628
37342.02,HR 6016,18947,2018665
37343,HR 7503,48386,2018702
37343.00,HR 6027,19203,2018736
37343.01,HR 6027,19459,2018773
37344,HR 7503,48642,2018810
37344.00,HR 6035,19203,2018844
37344.01,HR 6035,19459,2018881
37345,HR 7503,48898,2018918
37345.00,HR 6135,19715,2018952
37345.02,HR 6135,20227,2018989
37345.03,HR 6135,20483,2019026
37345.04,HR 6135,20739,2019063
37347.00,HR 6108,20227,2019100
37347.01,HR 6108,20483,2019137
37348.00,HR 6109,20739,2019174
37348.01,HR 6109,20995,2019211
37349.00,HR 6106,20227,2019248
37349.01,HR 6106,20483,2019285
3734950,HR 6106,9731,2021436
37350.00,HR 6087,20227,2021472
37350.01,HR 6087,20483,2021509
37350.02,HR 6087,20739,2021546
37351.00,HR 6038,19459,2021583
37351.01,HR 6038,19715,2021620
37351.02,HR 6038,19971,2021657
37351.03,HR 6038,20227,2021694
3735100,HR 7472,8451,2021731
37352.00,HR 6093,19971,2021767
37352.01,HR 6093,20227,2021804
37354.00,HR 6104,18691,2021841
37354.01,HR 6104,18947,2021878
37354.02,HR 6104,19203,2021915
37357.00,HR 6116,20227,2021952
37357.01,HR 6116,20483,2021989
37357.02,HR 6116,20739,2022026
37358.00,HR 6056,21251,2022063
37359.00,HR 6115,20483,2022100
37359.01,HR 6115,20739,2022137
37359.02,HR 6115,20995,2022174
37360,HR 6362,48642,2022211
37360.00,HR 6091,19203,2022245
37360.01,HR 6091,19459,2022282
37360.02,HR 6091,19715,2022319
37361,HR 6362,48898,2022356
37361.01,HR 6279,21763,2024504
37362,HR 6362,49154,2024541
37362.00,HR 6101,17667,2024575
37362.01,HR 6101,17923,2024612
37363,HR 6362,49410,2024649
37363.00,HR 6092,20227,2024683
37363.01,HR 6092,20483,2024720
37364,HR 6362,49666,2024757
37364.00,HR 6105,19203,2024791
37364.01,HR 6105,19459,2024828
37365,HR 6362,49922,2024865
37365.00,HR 6102,18691,2024899
37365.01,HR 6102,18947,2024936
37365.02,HR 6102,19203,2024973
37367.00,HR 6652,21763,2025010
37369.00,HR 6125,20995,2025047
37370.00,HR 6183,19971,2025084
37372.00,HR 6124,19203,2025121
37372.01,HR 6124,19459,2025158
37373.00,HR 6035,19715,2025195
37373.01,HR 6035,19971,2025232
37376.50,HR 6020,20227,2025269
373760,HR 6020,60418,2025306
3737650,HR 6020,8451,2025341
373770,HR 6020,60674,2025377
373780,HR 6036,62722,2025412
37379.00,HR 6036,21507,2026533
37379.50,HR 6036,22787,2026570
3737950,HR 6020,9219,2026607
37380,HR 2287 T29,60931,2026643
37380.00,HR 6024,18691,2026682
37380.50,HR 6024,19971,2026719
3738050,HR 6024,8195,2026756
37381,HR 2287 T29,61187,2026792
37382,HR 2287 T29,61443,2026831
37382.00,HR 6229,20995,2026870
37382.01,HR 6229,21251,2026907
37382.02,HR 6229,21507,2026944
37383,HR 2287 T29,61699,2026981
37383.00,HR 6188,22275,2027020
37384,HR 2287 T29,61955,2027057
37384.00,HR 6195,22019,2027096
37385,HR 2287 T29,62211,2027133
37386.00,HR 6183,21763,2027172
37387.00,HR 6370,21507,2027209
37388.00,HR 6651,22275,2027246
37400,HR 6467,48898,2027283
37401,HR 6467,49154,2027317
37402,HR 6467,49410,2027351
37403,HR 6467,49666,2027385
37404,HR 6467,49922,2027419
37405,HR 6467,50178,2027453
37410,HR 6298,49666,2027487
37411,HR 6298,49922,2029598
37412,HR 6298,50178,2029632
37413,HR 6298,50434,2029666
37414,HR 6298,50690,2029700
37415,HR 6298,50946,2029734
37420,HR 7524,48130,2029768
37421,HR 7524,48386,2029802
37422,HR 7524,48642,2029836
37423,HR 7524,48898,2029870
37424,HR 7524,49154,2029904
37425,HR 7524,49410,2029938
37426,HR 7524,49666,2029972
37427,HR 7524,49922,2030006
37428,HR 7524,50178,2030040
37429,HR 7524,50434,2030074
37440,HR 6537,49410,2030108
37441,HR 6537,49666,2030142
37442,HR 6537,49922,2030176
37443,HR 6537,50178,2030210
37444,HR 6537,50434,2030244
374939026734,HR 7141,12292,2030278
37514 350,HR 2171,28931,2030319
37530,HR 6140,46850,2030357
37531,HR 6140,47106,2030391
3753100,HR 7472,8451,2030425
3753100-3243,HR 7472,6660,2030461
37532,HR 6140,47362,2030502
37533,HR 6140,47618,2030536
37534,HR 6140,47874,2032677
37535,HR 6140,48130,2032711
37540,HR 6571,49154,2032745
37541,HR 6571,49410,2032779
37542,HR 6571,49666,2032813
37543,HR 6571,49922,2032847
37544,HR 6571,50178,2032881
37545,HR 6571,50434,2032915
37550,HR 6213,47618,2032949
37551,HR 6213,47874,2032983
37552,HR 6213,48130,2033017
37553,HR 6213,48386,2033051
37554,HR 6213,48642,2033085
37555,HR 6213,48898,2033119
37557,HR 6213,49410,2033153
37560,HR 6217,48898,2033187
37561,HR 6217,49154,2033221
37562,HR 6217,49410,2033255
37563,HR 6217,49666,2033289
37564,HR 6217,49922,2033323
37565,HR 6217,50178,2033357
37570,HR 6455,4355,2033391
37571,HR 6455,4611,2033426
37572,HR 6455,4867,2033461
37573,HR 6455,5123,2033496
37574,HR 6455,5379,2033531
37575,HR 6455,5635,2033566
37580,HR 6611,48898,2033601
37581,HR 6611,49154,2033635
37582,HR 6611,49410,2034725
37583,HR 6611,49666,2034759
37584,HR 6611,49922,2034793
37585,HR 6611,50178,2034827
37590,HR 7533,4355,2034861
37591,HR 7533,4611,2034896
37592,HR 7533,4867,2034931
37593,HR 7533,5123,2034966
37594,HR 7533,5379,2035001
37595,HR 7533,5635,2035036
37596,HR 7533,5891,2035071
37597,HR 7533,6147,2035106
37598,HR 7533,6403,2035141
37599,HR 7533,6659,2035176
3760-3,HR 7259,61698,2035211
37600,HR 7259,49410,2035246
37601,HR 7259,49666,2035280
37602,HR 7259,49922,2035314
37603,HR 7259,50178,2035348
37604,HR 7259,50434,2035382
37605,HR 7259,50690,2035416
3761,HR 7456,37122,2035450
37610,HR 6478,50178,2035483
37611,HR 6478,50434,2035517
37612,HR 6478,50690,2035551
37613,HR 6478,50946,2035585
37614,HR 6478,51202,2035619
37615,HR 6478,51458,2035653
37620,HR 7527,49410,2035687
37621,HR 7527,49666,2037797
37622,HR 7527,49922,2037831
37623,HR 7527,50178,2037865
37624,HR 7527,50434,2037899
37625,HR 7527,50690,2037933
37626,HR 7527,50946,2037967
37627,HR 7527,51202,2038001
37628,HR 7527,51458,2038035
37629,HR 7527,51714,2038069
37650,HR 6214,48130,2038103
37651,HR 6214,48386,2038137
37652,HR 6214,48642,2038171
37653,HR 6214,48898,2038205
37654,HR 6214,49154,2038239
37655,HR 6214,49410,2038273
37660,HR 7527,50434,2038307
37661,HR 7527,50690,2038341
37662,HR 7527,50946,2038375
37663,HR 7527,51202,2038409
37664,HR 7527,51458,2038443
37665,HR 7527,51714,2038477
37670,HR 6619,50946,2038511
37671,HR 6619,51202,2038545
37672,HR 6619,51458,2038579
37673,HR 6619,51714,2038613
37674,HR 6619,51970,2038647
37675,HR 6619,52226,2038681
37710,HR 7586,50690,2038715
37711,HR 7586,50946,2038749
37711 350,HR 1100,26397,2040860
37712,HR 7586,51202,2040898
37713,HR 7586,51458,2040932
37714,HR 7586,51714,2040966
37715,HR 7586,51970,2041000
37715 350,HR 1100,27395,2041034
37740,HR 7549,51202,2041072
37741,HR 7549,51458,2041106
37742,HR 7549,51714,2041140
37743,HR 7549,51970,2041174
37744,HR 7549,52226,2041208
37745,HR 7549,52482,2041242
37750,HR 7258,50690,2041276
37751,HR 7258,50946,2041310
37752,HR 7258,51202,2041344
37753,HR 7258,51458,2041378
37754,HR 7258,51714,2041412
37755,HR 7258,51970,2041446
37770,HR 7600,48898,2041480
37771,HR 7600,49154,2041514
37772,HR 7600,49410,2041548
37773,HR 7600,49666,2041582
37774,HR 7600,49922,2041616
37775,HR 7600,50178,2041650
378 773,HR 7377,9475,2041684
378 775,HR 6201,6147,2041720
37820,HR 6206,48130,2041756
37821,HR 6206,65026,2041790
37822,HR 6206,65282,2041825
37823,HR 6206,3,2043941
37824,HR 6206,259,2043976
37825,HR 6206,515,2044011
37826,HR 6206,771,2044046
37827,HR 6206,1027,2044081
37828,HR 6206,1283,2044116
37829,HR 6206,1539,2044151
37830,HR 7503,48642,2044186
37831,HR 7503,48898,2044220
37832,HR 7503,49154,2044254
37833,HR 7503,49410,2044288
37834,HR 7503,49666,2044322
37835,HR 7503,49922,2044356
3785.00,HR 6024,6915,2044390
378773,HR 7377,1283,2044426
378775,HR 6201,63490,2044461
37910,HR 6481,49410,2044496
37911,HR 6481,49666,2044530
37912,HR 6481,49922,2044564
37913,HR 6481,50178,2044598
37914,HR 6481,50434,2044632
37915,HR 6481,50690,2044666
37920,HR 6480,49410,2044700
37921,HR 6480,49666,2044734
37922,HR 6480,49922,2044768
37923,HR 6480,50178,2044802
37924,HR 6480,50434,2044836
37925,HR 6480,50690,2044870
37940,HR 6603,49154,2044904
37941,HR 6603,49410,2047013
37942,HR 6603,49666,2047047
37943,HR 6603,49922,2047081
37944,HR 6603,50178,2047115
37945,HR 6603,50434,2047149
37950,HR 6483,50946,2047183
37951,HR 6483,51202,2047217
37952,HR 6483,51458,2047251
37953,HR 6483,51714,2047285
37954,HR 6483,51970,2047319
37955,HR 6483,52226,2047353
37960,HR 7706,5123,2047387
37961,HR 7706,5379,2047422
37962,HR 7706,5635,2047457
37963,HR 7706,5891,2047492
37964,HR 7706,6147,2047527
37965,HR 7706,6403,2047562
37970,HR 6216,49922,2047597
37971,HR 6216,50178,2047631
37972,HR 6216,50434,2047665
37973,HR 6216,50690,2047699
37974,HR 6216,50946,2047733
37975,HR 6216,51202,2047767
37990,HR 6485,52482,2047801
37991,HR 6485,52738,2047835
37992,HR 6485,52994,2047869
37993,HR 6485,53250,2047903
37994,HR 6485,53506,2047937
37995,HR 6485,53762,2047971
38 329 00,HR 6647,27139,2051152
38 913 00,HR 6372,25603,2051190
38 L 304 AYT,HR 46075,55556,2051109
38030,HR 7785,49922,2051228
38031,HR 7785,50178,2051262
38032,HR 7785,50434,2051296
38033,HR 7785,50690,2051330
38034,HR 7785,50946,2051364
38035,HR 7785,51202,2051398
38040,HR 7488,50178,2051432
38041,HR 7488,50434,2051466
38042,HR 7488,50690,2051500
38043,HR 7488,50946,2051534
38044,HR 7488,51202,2051568
38045,HR 7488,51458,2051602
381 340 7,HR 2270 V1,1540,2051636
381 340 9,HR 2270 V1,2052,2051677
38121 181 12,HR 9612,63491,2051718
38130,HR 6622,47362,2051759
38131,HR 6622,47618,2051793
38132,HR 6622,47874,2051827
38133,HR 6622,48130,2051861
38134,HR 6622,48386,2051895
38135,HR 6622,48642,2051929
38140,HR 6581,48642,2051963
38141,HR 6581,48898,2051997
38142,HR 6581,49154,2052031
38143,HR 6581,49410,2052065
38144,HR 6581,49666,2053157
38145,HR 6581,49922,2053191
38150,HR 6547,49410,2053225
38151,HR 6547,49666,2053259
38152,HR 6547,49922,2053293
38153,HR 6547,50178,2053327
38154,HR 6547,50434,2053361
38155,HR 6547,50690,2053395
38156,HR 6547,50946,2053429
38157,HR 6547,51202,2053463
38158,HR 6547,51458,2053497
38159,HR 6547,51714,2053531
38160,HR 6484,49666,2053565
38161,HR 6484,49922,2053599
38162,HR 6484,50178,2053633
38163,HR 6484,50434,2053667
38164,HR 6484,50690,2053701
38165,HR 6484,50946,2053735
38170,HR 7503,48130,2053769
38171,HR 7503,48386,2053803
38172,HR 7503,48642,2053837
38190,HR 7505,49154,2053871
3822 268 30430,HR 46118,58372,2053905
38280,HR 6213,47874,2053950
38281,HR 6213,48130,2053984
38282,HR 6213,48386,2054018
38283,HR 6213,48642,2054052
38284,HR 6213,48898,2054086
38285,HR 6213,49154,2054120
3832-0,HR 8233,59138,2056229
3832-1,HR 8233,59394,2056264
3832-2,HR 8233,59650,2056299
38321,HR 6546,49154,2056334
38322,HR 6546,49410,2056368
3832900,HR 6647,10755,2056402
38330,HR 6218,48130,2056438
38331,HR 6218,48386,2056472
38332,HR 6218,48642,2056506
38333,HR 6218,48898,2056540
38334,HR 6218,49154,2056574
38335,HR 6218,49410,2056608
38350,HR 6626,49410,2056642
38351,HR 6626,49666,2056676
38352,HR 6626,49922,2056710
38353,HR 6626,50178,2056744
38354,HR 6626,50434,2056778
38355,HR 6626,50690,2056812
38370,HR 6535,49666,2056846
38371,HR 6535,49922,2056880
38372,HR 6535,50178,2056914
38373,HR 6535,50434,2056948
38374,HR 6535,50690,2056982
38375,HR 6535,50946,2057016
3842-3,HR 7611,59906,2057050
3842-4,HR 7611,60162,2057085
3842-5,HR 7649,63234,2057120
38420,HR 7611,47618,2057155
38421,HR 7611,47874,2057189
38422,HR 7611,48130,2059301
38423,HR 7611,48386,2059335
38424,HR 7611,48642,2059369
3845,HR 6640,36354,2059403
38450,HR 6640,48642,2059436
38451,HR 6640,48898,2059470
38452,HR 6640,49154,2059504
38453,HR 6640,49410,2059538
38454,HR 6640,49666,2059572
38455,HR 6640,49922,2059606
38460,HR 7522,48898,2059640
38461,HR 7522,49154,2059674
38462,HR 7522,49410,2059708
38463,HR 7522,49666,2059742
38464,HR 7522,49922,2059776
38465,HR 7522,50178,2059810
3851.02,HR 3581,7171,2059844
38530,HR 7781,50178,2059880
38531,HR 7781,50434,2059914
38532,HR 7781,50690,2059948
38533,HR 7781,50946,2059982
38534,HR 7781,51202,2060016
38535,HR 7781,51458,2060050
3858 07 11,HRT 507,47875,2060084
38600,HR 7503,47618,2060123
38601,HR 7503,47874,2060157
38602,HR 7503,48130,2060191
38603,HR 7503,48386,2060225
38604,HR 7503,48642,2060259
38605,HR 7503,48898,2061349
38680,HR 6624,50434,2061383
38681,HR 6624,50690,2061417
38682,HR 6624,50946,2061451
38683,HR 6624,51202,2061485
38684,HR 6624,51458,2061519
38685,HR 6624,51714,2061553
387,HR 2274 T27S,35587,2061587
38790,HR 6538,51970,2061624
38791,HR 6538,52226,2061658
38792,HR 6538,52482,2061692
38793,HR 6538,52738,2061726
38794,HR 6538,52994,2061760
38795,HR 6538,53250,2061794
38810,HR 6627,49922,2061828
38811,HR 6627,50178,2061862
38812,HR 6627,50434,2061896
38813,HR 6627,50690,2061930
38814,HR 6627,50946,2061964
38815,HR 6627,51202,2061998
38816,HR 6627,51458,2062032
38820,HR 6478,51202,2062066
38821,HR 6478,51458,2062100
38822,HR 6478,51714,2062134
38823,HR 6478,51970,2062168
38824,HR 6478,52226,2062202
38825,HR 6478,52482,2062236
38870,HR 6636,51458,2062270
38871,HR 6636,51714,2062304
38872,HR 6636,51970,2065439
38873,HR 6636,52226,2065473
38874,HR 6636,52482,2065507
38875,HR 6636,52738,2065541
38880,HR 7698,8195,2065575
38881,HR 7698,8451,2065610
38882,HR 7698,8707,2065645
38883,HR 7698,8963,2065680
38884,HR 7698,9219,2065715
38885,HR 7698,9475,2065750
3891300,HR 6372,9219,2065785
3891350,HR 6372,10499,2065821
38920,HR 7527,50434,2065857
38921,HR 7527,50690,2065891
38922,HR 7527,50946,2065925
38923,HR 7527,51202,2065959
38924,HR 7527,51458,2065993
38925,HR 7527,51714,2066027
38950,HR 7650,50434,2066061
38951,HR 7650,50690,2066095
38952,HR 7650,50946,2066129
38953,HR 7650,51202,2066163
3896 093 000,HR 3645,516,2066197
38960,HR 7662,51458,2066238
38961,HR 7662,51714,2066272
38962,HR 7662,51970,2066306
38963,HR 7662,52226,2066340
38964,HR 7662,52482,2066374
38965,HR 7662,52738,2066408
39 F 7428,HR 46058,1284,2069541
39 L 0190,HR 2085/15,4100,2069581
39 L 1003 AZ,HR 46194,46596,2069622
39 L 1003 BZ,HR 46194,46852,2069665
39 L 1011 BZ,HR 46005,44292,2069708
39 L 1027 AZ,HR 7664,35588,2069751
39 L 1034 AZ,HR 46122,45316,2069793
39 L 1039 AZ,HR 7972,36868,2069836
39 L 1057 AZ,HR 46130,46340,2069878
39 L 1063 AZ,HR 46113,45828,2069921
39 L 1065 AZ,HR 46130,46084,2069964
39 L 1075 AZ,HR 46124,47108,2070007
39 L 2029 AZ,HR 46132,46852,2070050
39 L 2029 AZT,HR 46132,2821,2070093
39 L 2065 AZ,HR 46130,46340,2070137
39 L 2085 AZ,HR 46188,50180,2070180
39 L 2501 AZ,HR 46128,46852,2070223
39 L 2504 AZ,HR 46202,45828,2070266
39 L 318 AZT,HR 46003,55044,2070309
39 L 338 AZT,HR 46005,56068,2070352
39 L 397 AZT,HR 46196,60164,2070395
39 L 406 BZT,HR 46005,55300,2070438
39 L 426 AZT,HR 7664,45316,2070481
39 L 462 AZT,HR 7664,45316,2072642
39 L 470 AZT,HR 7686,46084,2072684
39 L 510 AZT,HR 7693,44292,2072726
39 L 609 AZT,HR 46081,57348,2072768
39 L 614 AZT,HR 7641,43780,2072811
39 L 623 AZT,HR 8179,45572,2072853
39 L 639 AZT,HR 7693,47364,2072895
39/LO/088/04052,HR 3752,59908,2072937
39/LO/125/04152,HR 2080/20,27909,2072981
39/LO/147/04010,HR 2080/15,28165,2073028
39/LO/155/04152,HR 2080/20,28677,2073075
39/LO/88/04052,HR 3752,47620,2073122
3901 029 3,HRT 202,44291,2073165
39017-1,HR 42075,39683,2073204
4 J 0786,HR 46143,52227,2073242
4-001-000,HR 6292,27651,2073281
4-001-003,HR 6292,28419,2073319
4-002-002,HR 7232,46851,2073357
4-003-002,HR 7381,48387,2073396
4-003-005,HR 7381,49155,2073435
4-006-002,HR 7381,49155,2073474
4-007-002,HR 7381,49411,2073513
4-007-005,HR 7381,50179,2073552
4-008-002,HR 7232,48387,2074683
4-009-002,HR 8001,47363,2074722
4-011-001,HR 7257,28675,2074761
4-012-002,HR 7367,49411,2074799
4-013-002,HR 7382,48899,2074838
4-017-002,HR 7232,48387,2074877
4-018-001,HR 8159,50691,2074916
4-018-002,HR 7232,48643,2074955
4-020-001,HR 7689,30979,2074994
4-020-002,HR 8060,27139,2075032
4-022-002,HR 8063,28419,2075070
4-031-001,HR 7373,48643,2075108
4-036-001,HR 7393,50435,2075147
4-038-001,HR 7383,50691,2075186
4-322-096,HR 6208,32259,2075225
4-324-111,HR 6219,30211,2075263
4-54 0061,HR 2268 TRSI,52996,2075301
4-58 624.20-01,HR 3615,24836,2075344
40 200 1010,HR 7014,44547,2076733
40 200 1012,HR 7203,45059,2076773
40 200 1016,HR 7036,47107,2076813
40 200 1021,HR 6061,45315,2076853
40 200 1027,HR 7013,46339,2076893
40 200 1035,HR 7026,47107,2076933
40 300 3110,HR 6041,45315,2076973
40 300 3114,HR 6042,46595,2077013
40 760 0029,HR 2274 T28S,62980,2077053
40 L 1008 AZ,HR 46160,44036,2075555
40 L 1010 AZ,HR 46112,41476,2075598
40.11.02.0605,HRT 225 BP,1541,2077098
40.11.02.0607,HRT 225 BP,2053,2077143
400 311 932,HR 7301,48131,2077188
400 311 934,HR 7305,49667,2077228
400 311 935,HR 7306,50179,2077268
400 311 936,HR 7302,49411,2077308
400086.00,HR 7176,32515,2077348
40008600,HR 7176,20739,2077386
400110.00,HR 9806,29955,2077423
400112.00,HR 7128,29187,2077461
400112.01,HR 7128,29443,2077499
40011200,HR 7128,17411,2077537
400311010,HR 658 RSI,21764,2077574
400311011,HR 2270 V3,6404,2077615
400311932,HR 7301,31747,2077656
400311934,HR 7305,7168,2080795
400311935,HR 7306,33795,2080833
400326918,HRT 507,43779,2080871
400412.00,HR 6225,29187,2080909
400699305,HR 1684,37123,2080947
401 058,HR 8100,1283,2080985
4011 05 0001,HR 6076,59651,2081021
4011 05 0007,HR 6052,59651,2081062
4011 05 002,HR 6050,45571,2081103
4011 05 0021,HR 6050,58115,2081143
4011 07 0013,HR 9352,60931,2081184
4011 07 0034,HR 9364,62467,2081225
4011 07 0071,HR 9530,61443,2081266
4011 07 0117,HR 9342,61955,2081307
4011 07 0120,HR 9349,62211,2081348
4011 07 0140,HR 9346,61955,2081389
4011 07 0142,HR 9322,60931,2081430
4011 07 0145,HR 9351,62211,2081471
4011 07 0221,HR 9357,62467,2081512
4011 07 1001,HR 9343,60419,2081553
4011 07 1005,HR 9350,60931,2081594
4011 07 1006,HR 9344,61955,2081635
4011 07 1013,HR 9362,61443,2081676
4011 07 1059,HR 9400,62211,2081717
4011 07 1060,HR 9343,61699,2081758
4011 07 1103,HR 9492,62467,2083877
4011 07 3001,HR 9356,61955,2083918
4011 07 3002,HR 9355,61955,2083959
4011 07 3003,HR 9354,61955,2084000
40110-0142,HR 9322,41987,2084041
40111,HR 42006,10755,2084080
401416.00,HR 6260,30211,2084116
40141600,HR 6260,18435,2084154
401483.00,HR 7128,32259,2084191
401530.00,HR 6399,32771,2084229
401530.01,HR 6399,33027,2084267
401532.00,HR 6354,30979,2084384
401532.01,HR 6354,31235,2084422
401532.A0,HR 6272,35075,2084305
401532.A0/P1,HR 6272,14596,2084343
40153201,HR 6354,19459,2084460
401533.00,HR 6399,33539,2084497
401533.01,HR 6399,33795,2084535
40153300,HR 6399,21763,2084573
40153301,HR 6399,22019,2084610
401547.00,HR 6391,32771,2084647
401547.01,HR 6391,33027,2084685
401548.00,HR 7296,34307,2084723
40154800,HR 7296,22531,2084761
401555.00,HR 6392,32771,2084798
401555.01,HR 6392,33027,2084836
401574.00,HR 6391,32771,2085925
401574.01,HR 6391,33027,2085963
402001010,HR 7014,28163,2086001
402001012,HR 7203,28675,2086039
402001016,HR 7036,30723,2086077
402001021,HR 6061,28931,2086115
402001027,HR 7013,29955,2086153
402001035,HR 7026,30723,2086191
402031.00,HR 7355,30211,2086307
402031.A0,HR 7355,34563,2086229
402031.A0 C,HR 7355,59907,2086267
402031A0,HR 7355,22787,2086345
40300011906,HR 8036,58115,2086382
4030001901,HR 7523,44291,2086422
4030001902,HR 7571,45315,2086461
4030001903,HR 7571,45571,2086500
4030001904,HR 7571,45827,2086539
4030001905,HR 7562,46083,2086578
4030001906,HR 8226,45827,2086617
4030001907,HR 8036,45827,2086656
4030001908,HR 7950,47107,2086695
4030001909,HR 7950,47363,2086734
4030001911,HR 7950,45571,2086773
4030001912,HR 46201,10244,2086812
4030001913,HR 46201,10500,2086853
4030001919,HR 46201,12036,2089010
4030001920,HR 46180,11524,2089051
4030002064,HR 8029,45059,2089092
4030002111,HR 6465,43779,2089131
4030002113,HR 8055,43523,2089170
4030012041,HR 8528,45059,2089209
403001920,HR 46180,64771,2089248
403003110,HR 6041,28931,2089288
403003114,HR 6042,30211,2089326
40301907,HR 8036,21251,2089364
40301910,HR 8036,19715,2089401
40301937,HR 8036,22019,2089438
4030200900,HR 7472,45059,2089475
40308-11,HR 6354,18947,2089514
40308-12,HR 6399,21507,2089551
40308-14,HR 6392,20227,2089588
40308-15,HR 6391,20227,2089625
40308-17,HR 6469,22275,2089662
40308-18,HR 6650,20483,2089699
40308-24,HR 6669,22275,2089736
40308-25,HR 6456,20995,2089773
40308-27,HR 6457,21763,2089810
40308-28,HR 6460,20483,2089847
40308-29,HR 6459,22787,2089884
40308-30,HR 6372,19203,2089921
40308-31,HR 6458,20739,2089958
40308-32,HR 6461,19459,2091045
40308-36,HR 6463,20995,2091082
40308-40,HR 6462,19459,2091119
40308-42,HR 6680,20483,2091156
40308-43,HR 6575,21507,2091193
40308-44,HR 6464,20995,2091230
40308-45,HR 6576,22275,2091267
40308-47,HR 6463,21507,2091304
40308-51,HR 6674,21251,2091341
40308-55,HR 6612,20227,2091378
40308-57,HR 6614,21251,2091415
40309-10  10246660,HR 7229,9477,2091452
40309-10  10342010,HR 7229,5893,2091499
40309-10  30910384,HR 7520,8709,2091546
40309-10 C,HR 7520,43267,2091593
40309-10 NC,HR 7229,64771,2091632
40309-11,HR 7293,19971,2091672
40309-11 NC,HR 7293,65283,2091709
40309-17,HR 7511,19715,2091749
40309-19,HR 7591,22275,2091786
40309-19 C,HR 7591,47619,2091823
40309-20,HR 7291,19459,2091862
40309-23,HR 7919,22019,2091899
40309-24,HR 7574,21507,2091936
40309-25,HR 7293,21251,2091973
40309-26,HR 7513,20227,2094117
40309-27,HR 7882,22787,2094154
40309-28,HR 7595,23299,2094191
40309-32,HR 7543,20227,2094228
40309-39,HR 7529,23043,2094265
4031001095,HR 7571,46339,2094302
4031001905,HR 7871,47107,2094341
4031001906,HR 8035,45571,2094380
4031001908,HR 8035,46083,2094419
4031205110,HR 6569,46339,2094458
40313-10,HR 6394,18691,2094497
40313-16,HR 8416,19459,2094534
40315-17,HR 6373,20227,2094571
40317-02,HR 7311,17411,2094608
40317-03,HR 7321,17923,2094645
40317-05,HR 7315,19203,2094682
40317-07,HR 7303,18947,2094719
40317-09,HR 7309,20995,2094756
40317-10,HR 7319,19203,2094793
40317-14,HR 7323,18947,2094830
40317-20,HR 7317,18947,2094867
40317-21,HR 7321,17923,2094904
40317-22,HR 7303,18179,2094941
40317-23,HR 7310,17923,2094978
40317-25,HR 7309,20483,2095015
4031702110,HR 6657,46339,2095052
4031705111,HR 6660,45827,2097207
4031800111,HR 8029,45059,2097246
4031800113,HR 8029,45571,2097285
4031800114,HR 8029,45827,2097324
40322-32,HR 9817,20483,2097363
40325-17,HR 6615,20227,2097437
40325-25,HR 6623,19715,2097474
40325-27,HR 6630,19715,2097511
40325-30,HR 6615,18947,2097548
40325-39,HR 6666,22787,2097585
40325-42,HR 6672,20483,2097622
40325-43,HR 6684,21507,2097659
40325-44,HR 6676,22019,2097696
40325-46,HR 6648,22275,2097733
40325-50,HR 6685,21251,2097770
40325-53,HR 6670,20483,2097807
40325-57,HR 6648,22787,2097844
40325-58,HR 6670,21763,2097881
40325.43,HR 6684,21763,2097400
4032542,HR 6672,8963,2097918
40326-111,HR 9486,33795,2097954
40326-112,HR 9490,32771,2097992
40326-14,HR 9442,19971,2098030
40326-141,HR 9830,32771,2098067
40326-36,HR 9483,22275,2098105
40326-56,HR 9868,24579,2098142
40326-84,HR 9436,22531,2099237
40327-10,HR 8194,19971,2099274
40327-11,HR 8275,20227,2099311
40327-13,HR 7497,22019,2099348
40327-13 C,HR 7497,47363,2099385
40327-15,HR 7944,21763,2099424
40327-16,HR 7653,21251,2099461
40327-17,HR 6599,23555,2099498
40327-18,HR 8204,19971,2099535
40327-19,HR 8221,19971,2099572
40327-20,HR 8232,18435,2099609
40327-21,HR 8575,21251,2099646
40327-24,HR 8326,20483,2099683
40330-10,HR 7360,16899,2099720
40330-11,HR 7360,17155,2099757
40330-12,HR 8228,18435,2099794
40330-13,HR 8280,18179,2099831
40330-14,HR 7344,18435,2099868
40330-15,HR 7284,19459,2099905
40330-18,HR 7398,21763,2099942
40330-19,HR 7394,20995,2099979
40330-22,HR 8005,16899,2100016
40330-25,HR 8089,20739,2100053
40330-26,HR 7360,18691,2100090
40330-27,HR 7360,18947,2100127
40330-28,HR 7340,18691,2100164
40330-30,HR 7385,19203,2103333
40330-35,HR 8005,17923,2103370
40330-38,HR 8024,18947,2103407
40330-39,HR 7338,20995,2103444
40330-40,HR 8055,18179,2103481
40330-42,HR 8032,17411,2103518
40330-43,HR 8069,20227,2103555
40330-44,HR 8228,19715,2103592
40330-46,HR 8604,19715,2103629
40330-49,HR 8056,20739,2103666
40330-51,HR 8071,18179,2103703
40330-53,HR 8117,18947,2103740
40330-55,HR 8469,22019,2103777
40330-56(10640760),HR 8469,16389,2103814
40330-56(10642070),HR 8549,15109,2103861
40330-64,HR 8521,19203,2103908
40331-01,HR 8057,18179,2103982
40331-03,HR 8048,18691,2104019
40331-06,HR 8057,19459,2104056
40331-10,HR 7588,20227,2104093
40331-11,HR 7290,17923,2104130
40331-12,HR 8396,20227,2104167
40331-13,HR 7511,17411,2104204
40331-14,HR 7513,18179,2104241
40331-16,HR 7291,19459,2104278
40331-18,HR 7914,20483,2106429
40331-19,HR 8064,19971,2106466
40331-20,HR 7925,19203,2106503
40331-23,HR 7919,20739,2106540
40331-24,HR 8009,18691,2106577
40331-25,HR 7520,18179,2106614
40331-26,HR 7293,20227,2106651
40331-29,HR 7511,19203,2106688
40331-30,HR 7565,19459,2106725
40331-32,HR 8376,20227,2106762
40331-39,HR 8035,19971,2106799
40331-40,HR 8048,18947,2106836
40331-41,HR 7543,18947,2106873
40331-45,HR 8048,20227,2106910
40331-46,HR 8048,20483,2106947
40331-47,HR 8036,19971,2106984
40331-50,HR 8064,18691,2107021
40331-51,HR 8058,19715,2107058
40331-53,HR 8019,19459,2107095
40331-S3,HR 8048,27651,2103945
40332-02,HR 8442,18179,2107132
40332-06,HR 7535,19715,2107169
40332-08,HR 7535,20227,2107206
40332-09,HR 7535,20483,2107243
40332-10,HR 7535,18435,2107280
40332-10 20608390,HR 7535,1029,2107317
40332-10 47320067,HR 8377,2565,2109477
40332-11,HR 7934,19459,2109523
40332-12,HR 8376,19971,2109560
40332-14,HR 8003,17155,2109597
40332-15,HR 8047,19459,2109634
40332-16,HR 8022,17923,2109671
40332-20,HR 8002,16131,2109708
40332-22,HR 8055,18691,2109745
40332-25,HR 7535,19971,2109782
40332-26,HR 7535,20227,2109819
40332-27,HR 7928,22019,2109856
40332-28,HR 8556,21763,2109893
40332-32,HR 8033,17923,2109930
40332-34,HR 7535,19971,2109967
40332-35,HR 7535,20227,2110004
40332-37,HR 7535,20739,2110041
40332-42,HR 8020,17155,2110078
40332-45,HR 8441,19715,2110115
40332-47,HR 7384,21507,2110152
40332-50,HR 7234,18435,2110189
40332-51,HR 7250,18179,2110226
40332-53,HR 8443,19971,2110263
40333-12,HR 6663,19459,2110300
40337-02,HR 8273,19971,2110337
40337-11,HR 7666,21251,2110374
40337-14,HR 8314,19715,2110411
40337-17,HR 8273,21507,2112562
40337-19,HR 7950,22275,2112599
40337-20,HR 8273,19971,2112636
40337-21,HR 8314,19203,2112673
40337-22,HR 8550,19971,2112710
40337-23,HR 7917,21763,2112747
40337-26,HR 8025,20227,2112784
40337-27,HR 7656,22787,2112821
40337-28,HR 8345,22019,2112858
40337-29,HR 7934,23043,2112895
40337-30,HR 8025,18947,2112932
40337-38,HR 8625,22531,2112969
40337-43,HR 8445,21507,2113006
40337-45,HR 8626,22275,2113043
40337-48,HR 8186,23299,2113080
40337-49,HR 8545,23299,2113117
40337-50,HR 8404,19715,2113154
40337-53,HR 8026,20483,2113191
40337-54,HR 8186,22531,2113228
40337-63,HR 7950,22019,2113265
40339-18,HR 9106,21251,2113302
40341-10,HR 7774,19715,2113339
40342-10,HR 7813,18435,2113376
40347A-14,HR 8405,36867,2113413
40347A-15,HR 8316,37379,2113451
40347A-16,HR 8317,37891,2113489
40348-02,HR 8029,20227,2115641
40348-05,HR 8419,21763,2115678
40348-08,HR 8444,22019,2115715
40348A-01,HR 8320,35075,2115752
40348A-02,HR 8029,36867,2115790
40348A-03,HR 8526,37635,2115828
40348A-05,HR 8419,38403,2115866
40348A-06,HR 8336,38147,2115904
40348A-08,HR 8444,38659,2115942
40348A-09,HR 8553,39171,2115980
40348A-11,HR 8629,38403,2116018
4040403901,HR 9104,45315,2116056
404042.18,HR 6488,35075,2116095
40404218,HR 6488,23299,2116133
404045.61,HR 7285,34307,2116170
40404561,HR 7285,22531,2116208
404046.60,HR 7771,34307,2116245
40404660,HR 7771,22531,2116283
4040504910,HR 9567,49155,2116320
404065.61,HR 7285,34819,2116359
40406561,HR 7285,23043,2116397
4040905110,HR 9566,48131,2116434
404267.60,HR 6650,34307,2116473
40426760,HR 6650,22531,2116511
407600029,HR 2274 T28S,46596,2116548
4090,HR 7303,33794,2117688
4091,HR 7311,33794,2117721
41 100 7001,HR 2280 T8S,45828,2117754
41 165 0022,HR 2280 T10S,58116,2117798
41-320-013,HR 7398,44291,2117843
41-330-013,HR 7398,44547,2117882
410-0238,HR 42075,51203,2117921
410-0238 MD 084 A,HR 42116,37381,2117960
410-0238 MD 084 B,HR 42075,38661,2118008
410-0332,HR 42064,49411,2118056
410-0755,HR 7620,19459,2118095
410-3005,HR 46044,49923,2118132
410-3005 REV B,HR 46044,12805,2118171
41007000,HR 9601,17923,2118216
41027000,HR 9660,19715,2118253
4109,HR 6280,34818,2118290
411 013 00,HRT 227 BP,21764,2118323
411 013 91,HRT 227 BP,24324,2118365
411 07 0013,HR 9352,48643,2118407
411 07 0034,HR 9364,50179,2118447
411 07 0117,HR 9342,49667,2118487
411 07 0120,HR 9349,49923,2118527
411 07 0140,HR 9346,49667,2118567
411 07 0142,HR 9322,48643,2118607
411 07 0220,HR 9556,50179,2121788
411 07 0221,HR 9357,50179,2121828
411 07 1001,HR 9343,48131,2121868
411 07 1005,HR 9350,48643,2121908
411 07 1006,HR 9344,49667,2121948
411 07 1013,HR 9362,49155,2121988
411 07 1059,HR 9400,49923,2122028
411 07 1060,HR 9343,49411,2122068
411 07 1103,HR 9492,50179,2122108
411 07 3001,HR 9356,49667,2122148
411 07 3002,HR 9355,49667,2122188
411 07 3003,HR 9354,49667,2122228
411.016,HRT 202,11523,2122268
411.017,HRT 505,13315,2122304
411.077,HRT 507,15363,2122340
411.264,HRT 216 P,42755,2122376
411.352,HRT 216 P,42243,2122414
411.353,HRT 507,14595,2122452
411.372,HRT 216 P,42755,2122488
411.373,HRT 216 P,43011,2122526
411.564,HRT 226 BS,61443,2122564
411.669,HRT 227 BP,62467,2122603
411.699,HRT 227 BP,63235,2122642
411.745,HRT 227 BP,61187,2122681
411.746,HRT 227 BP,61443,2122720
411.830,HRT 227 BP,59907,2124837
4110-0120,HR 9349,30979,2124876
411007001,HR 2280 T8S,29444,2124914
4112,HR 7136,33538,2124956
4113,HR 7164,34050,2124989
411650022,HR 2280 T10S,41732,2125022
4118,HR 6383,35842,2125065
413 799,HR 7565,8707,2125098
413175.72,HR 7234,34307,2125134
41317572.182,HR 7234,8452,2125172
41320013,HR 7398,21251,2125213
4137,HR 8109,35586,2125250
413799,HR 7565,515,2125283
4138,HR 8110,33794,2125318
414 637,HR 7398,7683,2125351
414637,HR 7398,65026,2125387
4148,HR 8112,34562,2125422
4149,HR 8113,35074,2125455
415 855,HR 7398,8451,2125488
415 932,HR 9836,7171,2125524
415855,HR 7398,259,2125560
415932,HR 9836,64514,2125595
416 865,HR 19004,17923,2125630
416 958,HR 7398,9731,2125667
416865,HR 19004,9731,2125703
416931,HR 8260,16131,2125739
416958,HR 7398,1539,2125775
4199.02,HR 6088,9987,2126899
419902,HR 6088,63746,2126935
42 487 4700,HR 185,39939,2127013
42 L 501 AZT,HR 46111,51972,2126970
42-0007-01,HR 42029,8196,2127086
42-0009-01,HR 42007,7684,2127127
42-0010-01,HR 42016,5636,2127168
42-0010-01 B,HR 42016,30724,2127209
42-0012-01,HR 46022,6404,2127252
42-0014-01,HR 42008,6916,2127293
42-0015-01,HR 42036,7428,2127334
42-0015-01 A,HR 42036,32260,2127375
42-0015-01 B,HR 42036,32516,2127418
42-0016-01,HR 2287 T17,52740,2127461
42-0016-01 B,HR 2287 T17,12293,2127505
42-0016-01 C,HR 2287 T17,12549,2127551
42-0017-01,HR 42010,5892,2127597
42-0019-01,HR 46022,8196,2127638
42-0019-02,HR 46022,8452,2127679
42-0020-02,HR 46022,6404,2127720
42-0025-00,HR 7495,63235,2127761
42-0025-01,HR 7495,63491,2127801
42-0031-01,HR 42033,6148,2127841
42-0719-00,HR 8599,1796,2129957
42-9009-01,HR 42011,8708,2129997
42-9014-01,HR 42012,7940,2130038
42-9014-01 C,HR 42012,33284,2130079
42-9014-01 D,HR 42012,33540,2130122
42-9014-01 E,HR 42012,33796,2130165
42-9014-02 B,HR 42013,33540,2130208
42-9014-02 D,HR 42013,34052,2130251
42-9025-01,HR 42080,9732,2130294
42.18,HR 3542,46338,2127052
420.116,HR 7041,4611,2130335
420007-01,HR 42029,62211,2130371
420009-01,HR 42007,61699,2130411
420010-01,HR 42016,59651,2130451
420010-01 B,HR 42016,19204,2130491
420012-01,HR 46022,60419,2130533
42001201,HR 46022,48899,2130573
420014-01,HR 42008,60931,2130612
420015-01,HR 42036,61443,2130652
420015-01 A,HR 42036,20740,2130692
420016-01,HR 2287 T17,41220,2130734
420016-01 B,HR 2287 T17,773,2130777
420016-01 C,HR 2287 T17,1029,2130822
420016-01 REV. B,HR 2287 T17,15878,2130867
420017-01,HR 42010,59907,2132005
420019-01,HR 46022,62211,2132045
420019-02,HR 46022,62467,2132085
42001902,HR 46022,50947,2132125
420020-02,HR 46022,60419,2132164
42002002,HR 46022,48899,2132204
420025-01,HR 7495,51971,2132243
420031-01,HR 42033,60163,2132282
42005000,HR 1522,16131,2132322
420116,HR 7041,58370,2132359
4202,HR 7718,54786,2132394
420388,HR 8089,64514,2132428
4221502001,HR 46041,9988,2132463
422741.00,HR 6487,34051,2132504
423 971,HR 9821,6147,2132582
423 972,HR 7934,7171,2132618
423 TX 0837,HR 9215,4612,2132542
4232,HR 6364,34818,2132654
4237.00,HR 7026,5891,2132687
423700,HR 7026,59650,2132723
423971,HR 9821,63490,2132758
423972,HR 7934,64514,2132793
425 763,HR 9824,7171,2132828
425 765,HR 7924,7427,2132864
425 766,HR 7922,7171,2132900
4250,HR 6131,32770,2132936
4251,HR 6363,34818,2132969
425763,HR 9824,64514,2135077
425764,HR 9820,63746,2135112
425765,HR 7924,64770,2135147
425766,HR 7922,64514,2135182
427975,HR 8529,1027,2135217
4280000901,HR 7047,46083,2135252
429009-01,HR 42011,62723,2135291
429014-01,HR 42012,61955,2135331
429014-01 C,HR 42012,21764,2135371
429014-01 D,HR 42012,22020,2135413
429014-01 E,HR 42012,22276,2135455
429014-01 F,HR 42012,22532,2135497
429014-02,HR 42013,62467,2135539
429014-02 B,HR 42013,22020,2135579
429014-02 D,HR 42013,22532,2135621
429025-01,HR 42080,63747,2135663
429041-01,HR 46196,772,2135703
43-74-1003,HR 8224,43523,2135743
43-74-1003 A,HR 8224,2820,2135782
43-74-1003 B,HR 8224,3076,2135823
43-74-1402,HR 8361,44803,2135864
43-74-1402 A,HR 8361,4100,2135903
43-74-1402 F,HR 8361,5380,2135944
430 495,HR 18024,16899,2135985
43002000,HR 1912,16387,2136022
4301,HR 7888,37122,2137147
430103,HR 7503,58370,2137180
4302,HR 7883,36098,2137215
430231,HR 7452,59650,2137248
4303,HR 7892,36354,2137283
430302,HR 7141,58114,2137316
430368,HR 7527,63234,2137351
4304,HR 8099,36610,2137386
4304 979 97030,HR 2277 TS,14853,2137419
430410,HR 8621,59138,2137465
430430,HR 7452,59906,2137500
430445,HR 7452,61442,2137535
430483,HR 6146,61698,2137570
430495,HR 18024,8707,2137605
4305105,HR 6471,7683,2137641
4306,HR 7468,36866,2137677
432 888,HR 9835,9219,2137710
43213009 F,HR 8169,48643,2137746
43214002,HR 7742,19971,2137785
432140021,HR 7742,32515,2137822
43214003,HR 7743,20483,2137860
432140031,HR 7743,33027,2137897
43214008,HR 7913,21507,2137935
432140081,HR 7913,34051,2137972
432200101,HR 7989,34819,2138010
43220011,HR 7636,19715,2138048
432200111,HR 7636,32259,2138085
432200121,HR 7989,35331,2140197
43220013,HR 7636,20227,2140235
432200131,HR 7636,32771,2140272
43220015,HR 7636,20739,2140310
432200151,HR 7636,33283,2140347
432200161,HR 7829,34563,2140385
432200162,HR 7829,34819,2140423
43220018,HR 7696,23043,2140461
4322096,HR 6208,9219,2140498
432270012,HR 8131,31747,2140534
432270022,HR 8133,32515,2140572
432270042,HR 8131,32515,2140610
4324111,HR 6219,7171,2140648
432811,HR 6138,61186,2140684
432888,HR 9835,1027,2140719
433 TF 0699,HR 9814,3076,2140754
433 TX 0639,HR 9813,5892,2140794
433 TX 0693,HR 7315,4612,2140834
433 TX 0901,HR 7535,3588,2140874
433171,HR 7206,60418,2140914
433701,HR 6361,60418,2140949
433704,HR 6579,64002,2140984
433953,HR 7356,64002,2141019
434381,HR 7757,64258,2141054
434391,HR 7699,259,2141089
434402,HR 7757,62722,2141124
434641,HR 7722,61954,2141159
434652,HR 7622,62210,2143269
434654,HR 7700,61954,2143304
435 220,HR 8230,1795,2143339
435057,HR 8368,64258,2143375
435084,HR 8499,3,2143410
4352 00 01,HR 6088,36611,2143445
435220,HR 8230,59138,2143484
43700000,HR 7460,18691,2143519
43714002,HR 7460,20483,2143556
437140021,HR 7460,33027,2143593
437202.26,HR 6569,35843,2143631
43720226,HR 6569,24067,2143669
4374-1402 F,HR 8361,59395,2143706
439 161,HR 8387,7171,2143746
439 162,HR 16027,17155,2143782
439161,HR 8387,64514,2143819
439162,HR 16027,8963,2143854
440 057 F,HR 8395,32003,2143890
4400 005 00,HR 42006,12292,2143928
4400 006 00,HR 42006,12548,2143970
440760.00,HR 7126,32003,2144012
44076000,HR 7126,20227,2144050
440761.00,HR 7127,32515,2144087
44076100,HR 7127,20739,2144125
4409 603 115,HR 5126,63747,2144162
4409 606 965,HR 5157,3332,2144203
4409 609 098,HR 5157,3332,2145338
4409 613 585,HR 1165,1028,2145379
4409 613 627,HR 3765,2308,2145420
4409 613 709,HR 3522,260,2145461
4409 614 733,HR 3763,1540,2145502
4409 615 572,HR 3766,2820,2145543
4409 616 509,HR 3131,65027,2145584
4409 616 582,HR 3766,3332,2145625
4409 618 166,HR 3768,3844,2145666
4409 619 627,HR 3765,3844,2145707
441100300,HR 8561,31491,2145748
444 00 0021,HR 2121,44803,2145786
444 00 0048,HR 2121,47107,2145826
444 00 0056,HR 2121,46851,2145866
444 00 0072,HR 3641,48387,2145906
444 00 0080,HR 3640,47875,2145946
444 00 0099,HR 3639,52483,2145986
444 00 0142,HR 5646,49667,2146026
444 00 0169,HR 5645,51715,2146066
444 00 0204,HR 5737,49667,2146106
444 00 0205,HR 5645,49411,2146146
444 00 0220,HR 5738,49411,2146186
444 00 0325,HR 5738,50947,2146226
444 50 0015,HR 6637,50947,2146266
444 50 0015/509,HR 6637,37892,2148383
444 50 0023,HR 8241,48899,2148427
444 50 0023/508,HR 8241,35588,2148467
444 50 0058,HR 6593,52995,2148511
444 50 0058/511,HR 6593,38148,2148551
444 50 0066,HR 6567,52995,2148595
444 50 0074,HR 6594,52739,2148635
444 50 0090,HR 6567,52227,2148675
444 50 0101,HR 6621,48131,2148715
444 50 0136,HR 6594,52483,2148755
444 50 0144,HR 6620,49667,2148795
444 50 0152,HR 6560,50179,2148835
444 50 0160,HR 6675,51715,2148875
444 50 0160-810,HR 6675,36868,2148915
444 50 0179,HR 6560,52483,2148959
444 50 0214,HR 6632,49923,2148999
444000021,HR 2121,28419,2149039
444000048,HR 2121,30723,2149077
444000056,HR 2121,30467,2149115
444000072,HR 3641,32003,2149153
444000080,HR 3640,31491,2149191
444000099,HR 3639,36099,2149229
444000142,HR 5646,33283,2149267
444000169,HR 5645,35331,2149305
4444 50 0058,HR 6593,772,2149343
4444500058,HR 6593,49923,2151461
444500058,HR 6593,36611,2151500
444500090,HR 6567,35843,2151538
444500101,HR 6621,31747,2151576
444500136,HR 6594,36099,2151614
444500144,HR 6620,33283,2151652
444500152,HR 6560,33795,2151690
444500160,HR 6675,35331,2151728
444500160810,HR 6675,8964,2151806
444500160KD,HR 6675,6404,2151766
444500179,HR 6560,36099,2151847
44500179,HR 6560,22787,2151885
4453,HR 7254,35842,2151922
4454,HR 7787,38914,2151955
447 F 001,HR 6020,26627,2151988
447 P 001,HR 6076,32003,2152026
447 P 004,HR 6081,31747,2152064
447 U 500,HR 2280 T13,22276,2152102
44700,HR 2287 T6,26115,2152144
4470001,HR 2269 T9S,7428,2152181
4470002,HR 2269 T6S,6916,2152221
4470010,HR 253,58370,2152261
4470011,HR 721/213,43523,2152296
4470022,HR 6060,6403,2152335
4470028,HR 3214,7427,2152371
4470034,HR 7287,10243,2152407
449 609 098,HR 5157,56579,2155580
449 613 709,HR 3522,53507,2155620
45 000 1006,HR 9414,48131,2155660
45 000 1009,HR 9342,48899,2155700
45 000 1010,HR 9353,47363,2155740
45 000 1014,HR 9349,49667,2155780
45 000 1023,HR 9360,47875,2155820
45 000 1050,HR 9343,48131,2155860
45 000 1055,HR 9343,49411,2155900
45 000 1064,HR 9359,51203,2155940
45 000 2017,HR 9415,49155,2155980
45 000 2022,HR 9638,49923,2156020
45 000 2024,HR 9365,49667,2156060
45 000 2026,HR 9363,49667,2156100
45 000 2029,HR 9682,51459,2156140
45 000 2037,HR 9346,50435,2156180
45 000 2039,HR 9408,50691,2156220
45 000 2051,HR 9668,51203,2156260
45 000 2055,HR 9343,49667,2156300
45 000 2057,HR 9348,51459,2156340
45 200 1003,HR 6018,47107,2156380
45 300 2005,HR 3768,50435,2156420
45 300 2006,HR 3131,46595,2156460
45 300 2008,HR 5566,50691,2156500
45 300 2015,HR 3765,49923,2158657
45 300 2017,HR 3603,48131,2158697
45 300 3121,HR 6192,48899,2158737
450001006,HR 9414,31747,2158777
450001009,HR 9342,32515,2158815
450001010,HR 9353,30979,2158853
450001014,HR 9349,33283,2158891
450001023,HR 9360,31491,2158929
450001050,HR 9343,31747,2158967
450001064,HR 9359,34819,2159005
450002017,HR 9415,32771,2159043
450002022,HR 9638,33539,2159081
450002024,HR 9365,33283,2159119
450002026,HR 9363,33283,2159157
450002029,HR 9682,35075,2159195
450002037,HR 9346,34051,2159233
450002039,HR 9408,34307,2159271
450002051,HR 9668,34819,2159309
450002055,HR 9343,33283,2159347
450002057,HR 9348,35075,2159385
4500200.6,HR 3768,33027,2159423
4501 03 45,HR 6160,36099,2159461
4511 34 84,HR 5800,38147,2159500
4513 03 51,HR 6057,37379,2159539
4514 01 01,HR 025,20739,2159578
4514 01 05,HR 2270 V5,13316,2161693
4514 01 06,HR 2270 V5,13572,2161735
4514 01 08,HR 2270 V5,14084,2161777
4514 01 50,HR 2266 R,4,2161819
4514 01 52,HR 2270 V4,13572,2161860
4514 01 56,HR 2270 V4,14596,2161902
4514 01 59,HR 2270 V4,15364,2161944
4514 01 66,HR 2270 V4,14852,2161986
4514 01 68,HR 2270 V4,15364,2162028
4514 01 69,HR 2274 T18S,50948,2162070
4514 02 04,HR 2063/02,6660,2162114
4514 03 57,HR 7217,38915,2162156
4514 90 02,HR 025,23043,2162195
4514 90 07,HR 2267,39171,2162233
4514 98 11,HR 2267,39939,2162272
4514 98 13,HR 025,25603,2162311
4515 01 03,HR 1150,33795,2162349
4515 01 04,HR 1153,34819,2162388
4515 01 05,HR 1177,36611,2162427
4515 01 06,HR 1117,35331,2162466
4515 01 08,HR 2080/06,8452,2162505
4515 01 09,HR 1117,36099,2162547
4515 01 10,HR 1177,35587,2162586
4515 01 12,HR 1127,34819,2162625
4515 01 15,HR 1101,33539,2163749
4515 01 16,HR 1194,36867,2163788
4515 01 17,HR 1194,37123,2163827
4515 01 18,HR 1127,36355,2163866
4515 01 19,HR 6009,37635,2163905
4515 01 20,HR 1127,34563,2163944
4515 01 21,HR 1127,34819,2163983
4515 01 24,HR 1147,36099,2164022
4515 01 41,HR 3697,38915,2164061
4515 01 45,HR 1101,34307,2164100
4515 01 46,HR 1101,34563,2164139
4515 01 47,HR 3626,38403,2164178
4515 01 60,HR 3627,37379,2164217
4515 01 61,HR 3628,37891,2164256
4515 01 65,HR 3628,38915,2164295
4515 01 67,HR 5644,39427,2164334
4515 01 69,HR 5643,39683,2164373
4515 02 02,HR 2063/02,6404,2164412
4515 02 03,HR 1150,34051,2164454
4515 02 04,HR 2063/02,6916,2164493
4515 03 01,HR 6009,35843,2164535
4515 03 02,HR 7100,34307,2164574
4515 03 04,HR 6009,36611,2164613
4515 03 05,HR 6062,36611,2164652
4515 03 06,HR 6003,35587,2164691
4515 03 09,HR 6045,37891,2166846
4515 03 10,HR 6003,34307,2166885
4515 03 11,HR 6180,36099,2166924
4515 03 13,HR 6113,35587,2166963
4515 03 14,HR 6032,35843,2167002
4515 03 15,HR 6005,36099,2167041
4515 03 18,HR 6145,38147,2167080
4515 03 19,HR 6113,37123,2167119
4515 03 20,HR 6144,36099,2167158
4515 03 21,HR 6158,37635,2167197
4515 03 22,HR 6154,36867,2167236
4515 03 24,HR 6150,36355,2167275
4515 03 25,HR 6005,36355,2167314
4515 03 26,HR 6089,39683,2167353
4515 03 28,HR 6057,38915,2167392
4515 03 29,HR 6149,39683,2167431
4515 03 30,HR 6060,35587,2167470
4515 03 31,HR 6181,36867,2167509
4515 03 34,HR 6182,37891,2167548
4515 03 35,HR 6149,38915,2167587
4515 03 38,HR 6057,39171,2167626
4515 03 40,HR 6157,37635,2167665
4515 03 41,HR 6182,37379,2167704
4515 03 42,HR 6179,39171,2167743
4515 03 43,HR 6154,37635,2168869
4515 03 44,HR 6182,38147,2168908
4515 03 45,HR 6160,37379,2168947
4515 03 46,HR 6159,39683,2168986
4515 03 48,HR 6175,39683,2169025
4515 03 50,HR 6057,37635,2169064
4515 03 51,HR 6057,37891,2169103
4515 03 57,HR 7217,39171,2169142
4515 03 60,HR 7217,37635,2169181
4515 03 68,HR 8078,41219,2169220
4515 03 75,HR 6182,39171,2169259
4515 03 78,HR 6160,38915,2169298
4515 03 79,HR 6293,40963,2169337
4515 03 80,HR 6284,38915,2169376
4515 05 03,HR 5809,38659,2169415
4515 05 04,HR 7214,36867,2169454
4515 05 06,HR 7355,38915,2169493
4515 05 07,HR 7285,39683,2169532
4515 05 08,HR 7224,38147,2169571
4515 05 09,HR 7230,37635,2169610
4515 05 10,HR 7238,37635,2169649
4515 05 11,HR 7295,38659,2169688
4515 05 13,HR 7287,39427,2169727
4515 05 14,HR 7225,37635,2169766
4515 05 17,HR 7355,39427,2169805
4515 05 20,HR 7228,37635,2171960
4515 05 21,HR 7214,36611,2171999
4515 05 22,HR 7230,36355,2172038
4515 05 23,HR 7224,37379,2172077
4515 05 24,HR 7225,37891,2172116
4515 05 25,HR 7229,39171,2172155
4515 05 26,HR 7351,38403,2172194
4515 05 27,HR 7353,39171,2172233
4515 05 28,HR 7253,39171,2172272
4515 05 30,HR 6057,37635,2172311
4515 05 81,HR 5805,39171,2172350
4515 05 83,HR 5802,38915,2172389
4515 07 81,HR 5805,39683,2172428
4515 07 83,HR 5802,39427,2172467
4515 07 84,HR 5807,40963,2172506
4515 07 85,HR 5801,39683,2172545
4515 08 00,HR 6228,37635,2172584
4515 09 80,HR 2063/00,9220,2172623
4515 88 15,HR 7713,41219,2172665
4515 88 25,HR 5808,42243,2172704
4515 88 27,HR 6543,41987,2172743
4515 88 66,HR 7737,44291,2172782
4515 88 67,HR 7443,43011,2172821
4515 88 68,HR 7483,44291,2172860
4515 99 01,HR 51/01,49667,2172899
4515 99 03,HR 51/01,50179,2176037
4516 16 01,HR 6005,36099,2176077
452001003,HR 6018,30723,2176116
4522,HR 8075,35586,2176154
4523 11 10,HR 7230,34563,2176187
4523 16 31,HR 6088,39171,2176226
452502.01,HR 6163,31491,2176265
453002005,HR 3768,34051,2176303
453002006,HR 3131,30211,2176341
453002008,HR 5566,34307,2176379
453002012,HR 3604,30723,2176417
453002015,HR 3765,33539,2176455
453002017,HR 3603,31747,2176493
453003121,HR 6192,32515,2176531
4531,HR 8609,36354,2176569
4532 00 01,HR 8218,35843,2176602
4532 00 03,HR 8218,36355,2176641
4536 00 02,HR 8000,34307,2176680
4536 00 03,HR 7253,36867,2176719
4536 00 07,HR 8027,37891,2176758
4536 00 10,HR 7229,37123,2176797
4536 00 14,HR 6566,38915,2176836
4536 00 15,HR 7229,38403,2176875
4536 00 17,HR 7353,38403,2176914
4536 00 18,HR 7388,40707,2176953
4536 00 20,HR 8218,37123,2176992
4536 00 24,HR 8009,37635,2178085
4536 00 28,HR 6646,39939,2178124
4536 00 31,HR 7353,37379,2178163
4536 00 32,HR 7388,39683,2178202
4536 00 33,HR 8561,38403,2178241
4536 00 34,HR 8218,38403,2178280
4536 00 36,HR 8535,39427,2178319
4536 00 38,HR 7351,38659,2178358
4536 00 41,HR 8434,37891,2178397
4536 00 44,HR 8238,39171,2178436
4545 88 27,HR 6543,42755,2178475
4563 00 44,HR 8238,39171,2178514
46 000 1003,HR 7063,47107,2178553
46 000 1004,HR 6178,48899,2178593
46 155 0016,HR 8073,5380,2178633
46 155 0022,HR 7179,6148,2178674
46 155 0024,HR 7212,3588,2178715
46 155 0041,HR 7396,6660,2178756
46 155 0043,HR 46110,16132,2178797
46 155 0044,HR 7395,7172,2178839
46 200 1003,HR 7072,47619,2178880
46 200 1007,HR 6174,49155,2178920
46 200 1008,HR 6119,49155,2178960
46 200 1010,HR 7014,46083,2179000
46 200 1012,HR 7203,46595,2179040
46 200 1016,HR 6129,49155,2182181
46 200 1020,HR 7342,47363,2182221
46 200 1021,HR 6061,46851,2182261
46 200 1021.00,HR 7027,18436,2182301
46 200 1022,HR 7028,48131,2182344
46 200 1025,HR 6063,48387,2182384
46 200 1026,HR 7114,48131,2182424
46 200 1027,HR 7013,47875,2182464
46 200 1029,HR 6288,51715,2182504
46 200 1030,HR 7113,46595,2182544
46 200 1031,HR 7063,47875,2182584
46 200 1032,HR 6178,49667,2182624
46 200 1035,HR 7026,48643,2182664
46 200 1036,HR 7018,49155,2182704
46 200 1038,HR 7018,49667,2182744
46 200 1040,HR 7201,46339,2182784
46 300 3009,HR 6018,49667,2182824
46 300 3011,HR 6044,47619,2182864
46 300 3109,HR 6018,49923,2182904
46 300 3110,HR 6041,46851,2182944
46 300 3111,HR 6044,47875,2182984
46 300 3114,HR 6042,48131,2183024
46 300 3117,HR 7113,48899,2183064
46 300 3121,HR 6192,49155,2183104
46 300 3123,HR 7070,48643,2184229
46 450 0004,HR 7547,5380,2184269
46 450 0010,HR 42072,14852,2184310
46-801032-3,HR 7724,58115,2184352
460 90311,HR 7503,28931,2184392
460-31,HR 2110,55554,2184502
460-31-C,HR 2110,18691,2184537
460.4,HR 602,32258,2184430
460.7,HR 2269 T12S,58883,2184463
460001003,HR 7063,30723,2184574
460001004,HR 6178,32515,2184612
4602,HR 7455,35586,2184650
4606600,HR 6500,6915,2184683
4609 062 045,HR 5737,1028,2184719
4609 162 563,HR 6256,1796,2184760
4609 166 029,HR 3650,772,2184801
46090 62 045,HR 5737,1028,2184842
46091 62 563,HR 6256,1796,2184883
46091 66 563,HR 6256,2820,2184924
46091 66 569,HR 6253,3588,2184965
46092 52 261,HR 2270 V4,41988,2185006
46092 52 271,HR 2270 V4,42244,2185050
46092 52 276,HR 2270 V4,43524,2185094
46092 52 341,HR 2274 T18S,11525,2185138
46092 52 351,HR 2274 T18S,11781,2188325
461550016,HR 8073,54531,2188371
461550022,HR 7179,55299,2188410
461550024,HR 7212,52739,2188449
461550041,HR 7396,55811,2188488
461550043,HR 46110,65283,2188527
461550044,HR 7395,56323,2188567
462001003,HR 7072,31235,2188606
462001007,HR 6174,32771,2188644
462001008,HR 6119,32771,2188682
462001010,HR 7014,29699,2188720
462001012,HR 7203,30211,2188758
462001016,HR 6129,32771,2188796
462001020,HR 7342,30979,2188834
462001021,HR 6061,30467,2188872
462001021.00,HR 7027,2052,2188910
46200102100,HR 7027,55811,2188951
462001022,HR 7028,31747,2188991
462001025,HR 6063,32003,2189029
462001026,HR 7114,31747,2189067
462001027,HR 7013,31491,2189105
462001029,HR 6288,35331,2189143
462001030,HR 7113,30211,2189181
462001031,HR 7063,31491,2189219
462001032,HR 6178,33283,2189257
462001036,HR 7018,32771,2191410
462001038,HR 7018,33283,2191448
462001040,HR 7201,29955,2191486
463003009,HR 6018,33283,2191524
463003011,HR 6044,31235,2191562
463003109,HR 6018,33539,2191600
463003110,HR 6041,30467,2191638
463003111,HR 6044,31491,2191676
463003114,HR 6042,31747,2191714
463003117,HR 7113,32515,2191752
463003121,HR 6192,32771,2191790
463003123,HR 7070,32259,2191828
463100.56,HR 8194,34563,2191866
46310056,HR 8194,22787,2191904
4645.0010,HR 42072,63491,2191941
464500004,HR 7547,54531,2191981
464500010,HR 42072,64003,2192020
4647 609 562,HRT 507,11012,2192060
4647 613 509,HRT 227 BP,55300,2192101
4647 613 725,HRT 242 BP,54532,2192145
4647 615 035,HRT 227 BP,54276,2192189
4647 615 085,HRT 244 BP,55300,2192233
4647 615 571,HRT 227 BP,55556,2192277
4647 615 685,HRT 225 BP,56580,2192321
4647 619 692,HRT 230 BP,56068,2193462
4648 601 218,HRT 202,6660,2193506
4649 601 389,HRT 202,9220,2193547
4649 603 110,HRT 202,5124,2193588
4649 606 677,HRT 202,10500,2193629
47 F 00 0060,HR 42082,28164,2193670
47 F 13 0050,HR 46002,27908,2193713
47 F 13 0130,HR 46002,27652,2193756
47 F 13 0161,HR 46003,28932,2193799
47 F 13 0190,HR 46004,29700,2193842
47 F 13 0210,HR 46005,28164,2193885
47 F 13 0210 C,HR 46005,53508,2193928
47 F 13 0210 M,HR 46005,56068,2193973
47 F 13 0210 S,HR 46005,57604,2194018
47 F 13 0212,HR 46005,28676,2194063
47 F 13 0212 M,HR 46005,56580,2194106
47 F 13 0420,HR 7972,19204,2194151
47 F 13 0460,HR 46005,29956,2194193
47 F 13 0630,HR 46171,30724,2194236
47 F 13 0639,HR 46147,33796,2194279
47 F 13 0691,HR 46171,32516,2194322
47 F 13 0770,HR 46129,32772,2194365
47 F 13 0770 S,HR 46129,62212,2197554
47 F 13 0770 Y,HR 46129,63748,2197599
470012.00,HR 6020,28163,2197644
470014.00,HR 6024,29699,2197682
470014.01,HR 6024,29955,2197720
470014.02,HR 6024,30211,2197758
470016.00,HR 5638,32771,2197796
470034.81,HR 7140,32515,2197834
470034.83,HR 6088,35587,2197872
470034.84,HR 6270,34051,2197910
470034.84 C,HR 6270,59395,2197948
470034.94,HR 7058,35587,2197988
47003481,HR 7140,20739,2198026
47003483,HR 6088,23811,2198063
47003484,HR 6270,22275,2198100
47003494,HR 7058,23811,2198137
470035.64,HR 7159,35587,2198174
47003564,HR 7159,23811,2198212
470036.60,HR 6352,33283,2198249
470036.62,HR 6665,35587,2198287
470036.75,HR 6277,36355,2198325
470036.76,HR 9560,36099,2198363
47003660,HR 6352,21507,2198401
47003662,HR 6665,23811,2198438
47003675,HR 6277,24579,2198475
47003676,HR 9560,24323,2200632
470054.81,HR 7140,33027,2200669
47005481,HR 7140,21251,2200707
470181.00,HR 6017,31491,2200744
470662.00,HR 7035,32771,2200782
470662.01,HR 7035,33027,2200820
470662.02,HR 7035,52995,2200858
470943.00,HR 6024,32515,2200897
470943.01,HR 6024,32771,2200935
470943.02,HR 6024,33027,2200973
470971.00,HR 7311,32771,2201011
470971.00/000,HR 7311,16132,2201049
470980.00,HR 6085,34563,2201091
470980.01,HR 6085,34819,2201129
470980.02,HR 6085,35075,2201167
470980.03,HR 6085,35331,2201205
470980.04,HR 6085,35587,2201243
470980.05,HR 6085,35843,2201281
470980.06,HR 6085,36099,2201319
470986.00,HR 6548,37123,2201357
470986.01,HR 6548,37379,2201395
470986.02,HR 6548,37635,2201433
471-05200,HR 7750,32003,2201471
471-05220,HR 7745,33539,2201509
4710/0260,HR 025,17411,2201547
471004.63,HR 6292,33795,2202675
47100436,HR 6292,22019,2202713
47100463,HR 6292,22019,2202750
47100502,HR 7483,21251,2202787
471011.82,HR 6292,33539,2202824
47101182,HR 6292,21763,2202862
47105125,HR 6495,23299,2202899
47105177,HR 8357,24835,2202936
47105178,HR 8357,25091,2202973
47105180,HR 7651,22275,2203010
47105189,HR 7865,26371,2203047
47105198,HR 7678,26883,2203084
47105200,HR 7750,20483,2203121
47105220,HR 7745,22019,2203158
47105230,HR 7638,22531,2203195
47105231,HR 7865,23299,2203232
47105266,HR 8231,22275,2203269
47105283,HR 7637,24323,2203306
47105289,HR 7865,26627,2203343
47105293,HR 7865,25347,2203380
47105648,HR 7766,46083,2203417
47105649,HR 7798,47619,2203455
47105651,HR 7798,45827,2203493
47105660,HR 7798,45827,2203531
47105673,HR 46138,56835,2203569
471063.00,HR 6020,29955,2203608
471073.00,HR 6021,7168,2206747
471074.00,HR 6028,32515,2206785
471075.00,HR 6020,30723,2206823
471076.00,HR 6178,34563,2206861
471077.00,HR 6156,33795,2206899
471077.01,HR 6156,34051,2206937
471079.00,HR 6039,34307,2206975
471079.01,HR 6039,34563,2207013
4711/0010,HR 51/01,40195,2207051
4711/0013,HR 51/01,40963,2207090
4711/0030,HR 3615,30723,2207129
4711/0041,HR 5126,30979,2207167
4711/0060,HR 3103,29443,2207205
4711/0080,HR 5157,32771,2207243
4711/0090,HR 5163,32259,2207281
4711/0100,HR 2075,29955,2207319
4711/0140,HR 1165,30723,2207357
4711/0170,HR 2050,29955,2207395
471160.00,HR 6074,31747,2207433
471160.01,HR 6074,32003,2207471
471160.02,HR 6074,32259,2207509
471160.03,HR 6074,32515,2207547
471160.04,HR 6074,32771,2207585
471240.00,HR 6020,29187,2207623
471240.01,HR 6020,29443,2207661
471257.00,HR 6171,33027,2207699
471282.00,HR 7154,33027,2209852
471316.00,HR 7112,30979,2209890
471316.01,HR 7112,31235,2209928
471320.00,HR 6086,32003,2209966
471320.01,HR 6086,32259,2210004
471320.02,HR 6086,32515,2210042
47134,HR 7483,49922,2210080
472-20001-09,HR 7679,6660,2210114
472-20002-09,HR 7474,5124,2210155
472160.00,HR 6067,32515,2210196
472160.01,HR 6067,32771,2210234
472160.02,HR 6067,33027,2210272
4722/4900,HR 6147,34563,2210310
4722000109,HR 7679,49155,2210348
4722000209,HR 7474,47619,2210387
472249.00,HR 6178,35331,2210426
472253.00,HR 7062,32259,2210464
472263.00,HR 7062,32515,2210502
472352.00,HR 7035,32259,2210540
472352.01,HR 7035,32515,2210578
472359.00,HR 6067,35075,2210616
472359.01,HR 6067,35331,2210654
472359.10,HR 6067,35331,2210692
47235901,HR 6067,23555,2210730
472360.00,HR 6075,32771,2210767
472360.02,HR 6075,33283,2211896
472384.00,HR 6245,34051,2211934
472395.00,HR 6067,35075,2211972
472395.01,HR 6067,35331,2212010
472403.00,HR 7053,31491,2212048
472403.01,HR 7053,31747,2212086
472421.00,HR 6165,32259,2212124
472421.01,HR 6165,32515,2212162
472467.00,HR 7200,32515,2212200
472471.00,HR 9537,35075,2212238
4725.02,HR 3501,5379,2212276
472502.00,HR 6163,31747,2212312
472502.01,HR 6163,32003,2212350
472560.00,HR 9699,37123,2212388
472560.01,HR 9699,37379,2212426
472596.00,HR 6146,35331,2212464
472597.00,HR 7065,35843,2212502
472597.01,HR 7065,36099,2212540
472614.00,HR 6093,33283,2212578
472623.00,HR 6068,33795,2212616
472623.01,HR 6068,34051,2212654
472623.02,HR 6068,34307,2212692
472623.02 C,HR 6068,59651,2212730
47262300,HR 6068,22019,2212770
47262301,HR 6068,22275,2212807
47262302,HR 6068,22531,2214949
472625.00,HR 7155,33795,2214986
472625.01,HR 7155,34051,2215024
472637.00,HR 7161,33795,2215062
472681.00,HR 9556,36099,2215100
472692.00,HR 6068,35331,2215138
472692.01,HR 6068,35587,2215176
472692.02,HR 6068,35843,2215214
472692.03,HR 6068,36099,2215252
472725.00,HR 6152,33027,2215290
472725.01,HR 6152,33283,2215328
472725.02,HR 6271,34051,2215366
47272502,HR 6271,22275,2215404
472739.00,HR 6504,34563,2215441
472740.00,HR 6356,33795,2215479
472740.01,HR 6356,34051,2215517
472741.00,HR 6069,34307,2215555
472741.01,HR 6069,34563,2215593
47274100,HR 6069,22531,2215631
472742.00,HR 6177,34563,2215668
472745.00,HR 6271,34051,2215706
472745.01,HR 6271,34307,2215744
472745.02,HR 6271,34563,2215782
472749.00,HR 6120,33283,2215820
472839.00,HR 19007,47619,2215858
472839.01,HR 19007,47875,2215897
472863.00,HR 7134,34051,2218013
472863.01,HR 7134,34307,2218051
472884.00,HR 6099,37123,2218089
472884.01,HR 6099,37379,2218127
472884.10,HR 6099,37379,2218165
472895.00,HR 7154,35843,2218203
472914.00,HR 6088,35075,2218241
472914.01,HR 6088,35331,2218279
472914.02,HR 6088,35587,2218317
472920.00,HR 7162,32771,2218355
472920.01,HR 7162,33027,2218393
472920.02,HR 7162,33283,2218431
472941.00,HR 6170,33027,2218469
472941.01,HR 6170,33283,2218507
472941.02,HR 6170,33539,2218545
472949.00,HR 6120,33795,2218583
472961.00,HR 7163,34307,2218621
472961.01,HR 7163,34563,2218659
472961.02,HR 7163,34819,2218697
472977.00,HR 7361,36099,2218735
472977.01,HR 7361,36355,2218773
47297701,HR 7361,24579,2218811
472994.00,HR 8080,35587,2218848
473 034 00,HR 7311,35587,2218886
473 035 00,HR 7303,36099,2218925
473 036 00,HR 7303,36355,2218964
473 039 00,HR 7309,38659,2221119
473 040 00,HR 7309,36611,2221158
47300188,HR 7495,44803,2221197
473014.00,HR 7058,32515,2221235
473014.01,HR 7058,32771,2221273
473017.00,HR 6043,31491,2221311
473026.00,HR 7325,32515,2221349
47302600,HR 7325,20739,2221387
473027.00,HR 7322,32003,2221424
47302700,HR 7322,20227,2221462
473028.00,HR 7323,32515,2221499
47302800,HR 7323,20739,2221537
473034.00,HR 7311,30979,2221574
47303400,HR 7311,19203,2221612
473035.00,HR 7303,31491,2221649
47303500,HR 7303,19715,2221687
473036.00,HR 7303,31747,2221724
47303600,HR 7303,19971,2221762
473037.00,HR 7310,31491,2221799
47303700,HR 7310,19715,2221837
473038.00,HR 7315,33027,2221874
473038.01,HR 7315,33283,2221912
47303800,HR 7315,21251,2221950
473039.00,HR 7309,34051,2221987
47303900,HR 7309,22275,2222025
47304000,HR 7309,20227,2224177
473046.00,HR 7319,33795,2224214
47304600,HR 7319,22019,2224252
473056.00,HR 6237,33539,2224289
473056.01,HR 6237,33795,2224327
473056.02,HR 6237,34051,2224365
47305602,HR 6237,22275,2224403
473058.00,HR 6193,34307,2224440
473058.01,HR 6193,34563,2224478
473063.00,HR 7180,32515,2224516
473081.00,HR 7031,31235,2224554
473081.01,HR 7031,31491,2224592
473081.02,HR 7031,31747,2224630
47308100,HR 7031,19459,2224668
473082.00,HR 1823,32259,2224705
473083.00,HR 1824,32771,2224743
473084.00,HR 1825,33283,2224781
473099.00,HR 7359,36867,2224819
473099.01,HR 7359,37123,2224857
473099.02,HR 7359,37379,2224895
473099.03,HR 7359,37635,2224933
47309903,HR 7359,25859,2224971
4731,HR 7986,38658,2225008
473100.00,HR 7317,30979,2227433
473100.01,HR 7317,31235,2227471
473100.03,HR 7317,31747,2227509
473100.35,HR 7321,31747,2227547
473100.39,HR 7309,34307,2227585
473100.41,HR 6469,34051,2227623
473100.44,HR 6246,33027,2227661
473100.45,HR 6372,33283,2227699
473100.49,HR 7196,35587,2227737
473100.50,HR 7269,33795,2227775
473100.74,HR 7195,34819,2227813
473100.88,HR 7234,34563,2227851
473100.91,HR 7270,33027,2227889
473100.96,HR 7234,34307,2227927
473100.A3,HR 7317,36099,2225041
473100.A3/P1,HR 7317,15620,2225079
473100.D5/P1,HR 7321,15620,2225120
473100.D6/P1,HR 7303,15876,2227237
473100.D7/P1,HR 7310,15620,2227278
473100.E4,HR 6246,37379,2227319
473100.E9,HR 7196,39939,2227357
473100.P1,HR 7317,39427,2227395
47310003,HR 7317,19971,2228125
47310035,HR 7321,19971,2228162
47310036,HR 7303,20227,2229285
47310037,HR 7310,19971,2229322
47310039,HR 7309,22531,2229359
47310041,HR 6469,22275,2229396
47310044,HR 6246,21251,2229433
47310045,HR 6372,21507,2229470
47310049,HR 7196,23811,2229507
47310050,HR 7269,22019,2229544
47310074,HR 7195,23043,2229581
47310088,HR 7234,22787,2229618
47310091,HR 7270,21251,2229655
47310096,HR 7234,22531,2229692
473100A3.P1,HR 7317,3588,2227965
473100D5.P1,HR 7321,3588,2228005
473100D9.P1,HR 7309,6148,2228045
473100F0.P2,HR 7269,5892,2228085
473125.72,HR 7234,34563,2229729
47312572,HR 7234,22787,2229767
473151.00,HR 9559,35075,2229804
473151.01,HR 9559,35331,2229842
473151.02,HR 9559,35587,2229880
473151.03,HR 9559,35843,2229918
473151.10,HR 9559,35331,2229956
473151.20,HR 9559,35587,2229994
473152.00,HR 7158,33539,2230032
473156.00,HR 6468,35331,2230070
473175,HR 7229,63746,2230108
473175.31,HR 9457,36867,2232372
473175.41,HR 6372,35331,2232410
473175.44,HR 6372,36099,2232448
473175.51,HR 7195,36611,2232486
473175.53,HR 6120,33795,2232524
473175.54,HR 6543,36355,2232562
473175.55,HR 6532,36099,2232600
473175.56,HR 7187,38147,2232638
473175.58,HR 7238,37891,2232676
473175.66,HR 7127,36867,2232714
473175.72,HR 7234,35843,2232752
473175.72-182,HR 7234,21508,2232790
473175.90,HR 6394,37379,2232832
473175.91,HR 6650,36355,2232870
473175.93,HR 6394,38147,2232908
473175.97,HR 8001,55555,2232946
473175.99,HR 6390,38659,2232985
473175.E4,HR 6372,40451,2230143
473175.F1,HR 7195,40963,2230181
473175.F8,HR 7238,42243,2230219
47317531,HR 9457,25091,2233140
47317541,HR 6372,23555,2233177
47317544,HR 6372,24323,2233214
47317551,HR 7195,24835,2233251
47317553,HR 6120,22019,2233288
47317554,HR 6543,24579,2235429
47317555,HR 6532,24323,2235466
47317556,HR 7187,26371,2235503
47317558,HR 7238,26115,2235540
47317566,HR 7127,25091,2235577
47317572,HR 7234,24067,2235614
47317572.182,HR 7234,9988,2235651
47317590,HR 6394,25603,2235692
47317591,HR 6650,24579,2235729
47317593,HR 6394,26371,2235766
47317597,HR 8001,43779,2235803
47317599,HR 6390,26883,2235841
473175D1.P1,HR 9457,8708,2233023
473175E4.P1,HR 6372,7940,2233063
473175F8,HR 7238,30467,2233103
473188.00,HR 7234,34563,2235878
473189.00,HR 7066,35587,2235916
473189.01,HR 7007,34563,2235954
473189.02,HR 7066,36099,2235992
473191.00,HR 9805,34563,2236030
473197.00,HR 6373,35331,2236068
47319700,HR 6373,23555,2236106
473198.00,HR 7074,35331,2236143
473198.01,HR 7074,35587,2236181
473200.00,HR 7233,30467,2236257
473200.02,HR 6134,30723,2236295
473200.03,HR 6134,30979,2236333
473200.04,HR 6134,31235,2236371
473200.11,HR 6534,31747,2237500
473200.12,HR 6498,34307,2237538
473200.16,HR 8044,32515,2237576
473200.19,HR 8044,33283,2237614
473200.36,HR 7195,34563,2237652
473200.40,HR 8395,34051,2237690
473200.41,HR 7269,34051,2237728
473200.48,HR 7271,34051,2237766
473200.65,HR 7271,33795,2237804
473200.67,HR 8377,36355,2237842
473200.82,HR 7159,34819,2237880
473200.89,HR 6559,37379,2237918
473200.99,HR 6496,37635,2237956
473200.D6,HR 7195,38915,2236219
47320011,HR 6534,19971,2238034
47320012,HR 6498,22531,2238071
47320016,HR 8044,20739,2238108
47320019,HR 8044,21507,2238145
47320036,HR 7195,22787,2238182
47320040,HR 8395,22275,2238219
47320041,HR 7269,22275,2238256
47320048,HR 7271,22275,2238293
47320065,HR 7271,22019,2238330
47320067,HR 8377,24579,2238367
47320082,HR 7159,23043,2238404
47320089,HR 6559,25603,2242597
47320099,HR 6496,25859,2242634
473200E8.P1,HR 7271,5892,2237994
473201.00,HR 7140,29955,2242671
473201.01,HR 7140,30211,2242709
473201.02,HR 7140,30467,2242747
473201.03,HR 7140,30723,2242785
473201.04,HR 7140,30979,2242823
473201.12,HR 7250,31235,2242861
473201.15,HR 6649,34819,2242899
473201.88,HR 6568,37379,2242937
47320112,HR 7250,19459,2242975
47320115,HR 6649,23043,2243012
47320188,HR 6568,25603,2243049
473202.03,HR 7140,30979,2243086
473202.24,HR 6497,35331,2243124
473202.26,HR 6569,35843,2243162
473202.76,HR 6565,36099,2243200
47320203,HR 7140,19203,2243238
47320224,HR 6497,23555,2243275
47320226,HR 6569,24067,2243312
47320276,HR 6565,24323,2243349
473203.11,HR 6613,32003,2243386
47320311,HR 6613,20227,2243424
47320311.P1,HR 6613,65027,2243461
4732100.74,HR 7195,47619,2243501
473210074,HR 7195,35843,2243540
473244.00,HR 7207,32771,2245693
473259.00,HR 6067,35075,2245731
473259.01,HR 6067,35331,2245769
473261.00,HR 7169,34307,2245807
473266.00,HR 6479,36355,2245845
473266.01,HR 6479,36611,2245883
473282.00,HR 6353,33539,2245921
473282.01,HR 6353,33795,2245959
473282.02,HR 6353,34051,2245997
473284.00,HR 6245,34051,2246035
473284.01,HR 6245,34307,2246073
473287.00,HR 6239,35587,2246111
473287.01,HR 6239,35843,2246149
47328700,HR 6239,23811,2246187
4733 17599,HR 6390,48131,2246224
473331.00,HR 6356,33027,2246263
473339.00,HR 6244,34051,2246301
473339.01,HR 6244,34307,2246339
473342.00,HR 6243,32259,2246377
473345.00,HR 7129,34051,2246415
473356.00,HR 6468,35843,2246453
473356.01,HR 6468,36099,2246491
473357.00,HR 7137,34563,2246529
47337-50,HR 8404,21507,2246567
478014.00,HR 6259,34307,2246604
478023.00,HR 7196,34563,2247733
478040.00,HR 7208,32771,2247771
478045.00,HR 6647,35587,2247809
47804500,HR 6647,23811,2247847
478047.00,HR 7514,34563,2247884
47804700,HR 7514,22787,2247922
47980.06,HR 6085,23811,2247959
479914.01,HR 6036,35331,2247996
4802 140 10152,HR 6012,20228,2248034
4802 140 17047,HR 1490,24068,2248077
4802 140 17072,HR 3642,23812,2248120
4802 140 17078,HR 2176,25604,2248163
4802 142 17003,HR 8184,24324,2248206
4802 218 27043,HRT 507,33540,2248249
4802 218 27125,HRT 507,33796,2248292
4806 130 37162,HRT 506,33284,2248335
4806 140 17010,HR 1610,20996,2248378
4806 140 17011,HR 2064,22276,2248421
4806 140 17013,HR 2277 T10S,34565,2248464
4806 140 17018,HR 2277 T11S,36101,2248512
4806 140 17020,HR 6133,22532,2248560
4806 140 17022,HR 6285,25092,2248603
4806 140 17023,HR 6357,25348,2248646
4806 140 17026,HR 2277 T13S,36357,2250809
4806 140 17028,HR 8233,25348,2250857
4806 140 17029,HR 7611,25348,2250900
4806 140 17031,HR 6218,24068,2250943
4806 140 17032,HR 7650,24580,2250986
4806 140 17033,HR 7662,25604,2251029
4806 140 17034,HR 6546,25860,2251072
4806 140 17037,HR 7660,26116,2251115
4806 140 17038,HR 7659,28420,2251158
4806 140 17042,HR 7860,25604,2251201
4806 140 17043,HR 2277 T12S,35845,2251244
4806 140 17045,HR 7650,25604,2251292
4806 140 17046,HR 7662,26628,2251335
4806 140 17047,HR 6218,25860,2251378
4806 140 17049,HR 2277 T12S,37381,2251421
4806 140 17051,HR 7259,26116,2251469
4806 140 17052,HR 8292,25860,2251512
4806 140 17053,HR 7936,27140,2251555
4806 140 17054,HR 7662,26372,2251598
4806 140 17055,HR 7650,25860,2251641
4806 140 17056,HR 6285,26884,2251684
4806 140 17057,HR 46126,58628,2251727
4806 140 17059,HR 7662,27652,2252868
4806 140 17061,HR 8252,24836,2252911
4806 140 17062,HR 8255,25860,2252954
4806 140 17063,HR 8290,25860,2252997
4806 140 17064,HR 8305,25348,2253040
4806 140 17065,HR 7660,26372,2253083
4806 140 17066,HR 7662,27140,2253126
4806 140 17067,HR 7963,28420,2253169
4806 140 17068,HR 8124,26116,2253212
4806 140 17069,HR 7962,28676,2253255
4806 140 17072,HR 8253,25604,2253298
4806 140 17073,HR 7963,27652,2253341
4806 140 17074,HR 7962,27652,2253384
4806 140 17075,HR 7259,27652,2253427
4806 140 17076,HR 7649,28676,2253470
4806 140 17077,HR 8333,26628,2253513
4806 140 17078,HR 8291,27652,2253556
4806 140 17079,HR 7650,27396,2253599
4806 140 17081,HR 7662,26372,2253642
4806 140 17084,HR 8323,25860,2253685
4806 140 17085,HR 8291,27140,2253728
4806 140 17087,HR 8334,27140,2253771
4806 140 17089,HR 8388,29956,2255934
4806 140 17090,HR 8240,24580,2255977
4806 140 17091,HR 8373,26628,2256020
4806 148 87021,HR 7259,29188,2256063
4806 148 87056,HR 8240,28932,2256106
4806 148 87057,HR 8329,31236,2256149
4806 148 87059,HR 8332,30212,2256192
4806 158 87059,HR 8332,30468,2256235
4811 130 17013,HRT 202,28676,2256278
4811 130 17015,HRT 507,31236,2256321
4811 130 17016,HRT 507,31492,2256364
4811 140 10275,HR 6489,46084,2256407
4811 140 17017,HR 3085,23812,2256451
4811 140 17033,HR 3531,22276,2256494
4811 140 17038,HR 6082,24580,2256537
4811 140 17064,HR 3061,22788,2256580
4811 140 17069,HR 6083,25860,2256623
4811 140 17074,HR 3111 TS,7429,2256666
4811 140 17078,HR 3118 TS,10245,2256712
4811 140 17081,HR 6186,25348,2256758
4811 140 17083,HR 6184,25348,2256801
4811 140 17084,HR 6185,25860,2256844
4811 140 17087,HR 6168,26884,2260031
4812 140 10062,HR 3122 RSI,23813,2260074
4812 140 10075,HR 2265,23044,2260121
4812 140 10101,HR 3122 RSI,22277,2260164
4812 140 10138,HR 2031/22,58372,2260211
4812 140 10139,HR 3112 TS,6661,2260257
4812 140 10145,HR 2045,21508,2260303
4812 140 10161,HR 1610,20228,2260346
4812 140 10167,HR 2282 T1,5,2260389
4812 140 10169,HR 6059,25348,2260435
4812 140 10171,HR 6030,20740,2260478
4812 140 10185,HR 6059,24836,2260521
4812 140 10197,HR 6059,25604,2260564
4812 140 10198,HR 6096,26116,2260607
4812 140 10236,HR 6096,24324,2260650
4812 140 10246,HR 6040,21764,2260693
4812 140 10247,HR 6196,25092,2260736
4812 140 10254,HR 6133,22276,2260779
4812 140 10269,HR 6205,23812,2260822
4812 140 10271,HR 6196,24324,2260865
4812 140 10272,HR 7203,22020,2260908
4812 140 10274,HR 6141,22532,2260951
4812 140 10275,HR 6489,46340,2262047
4812 140 10282,HR 7505,23556,2262091
4812 140 10283,HR 6030,21764,2262134
4812 140 10294,HR 6140,22788,2262177
4812 140 10306,HR 7503,22276,2262220
4812 140 10325,HR 6214,22020,2262263
4812 140 10326,HR 7505,23300,2262306
4812 140 10349,HR 7506,44548,2262349
4812 140 10353,HR 7503,22788,2262393
4812 140 10359,HR 7503,24324,2262436
4812 140 10363,HR 6619,24836,2262479
4812 140 10369,HR 7527,26116,2262522
4812 140 10378,HR 6216,24580,2262565
4812 140 10383,HR 5714,24068,2262608
4812 140 10384,HR 6213,23044,2262651
4812 140 10421,HR 7527,23300,2262694
4812 140 17002,HR 002,6660,2262737
4812 140 17007,HR 1707,23556,2262779
4812 140 17008,HR 002,8196,2262822
4812 140 17009,HR 6059,25348,2262864
4812 140 17045,HR 025,9732,2262907
4812 140 17063,HR 2265,24068,2262949
4812 140 17065,HR 025,10244,2262992
4812 218 20155,HRT 507,33028,2265154
4812 218 20282,HRT 507,33284,2265197
4812 218 20526,HRT 507,33540,2265240
4812 320 11001,HR 1674,21252,2265283
4812 320 20079,HR 1674,25092,2265326
4812 320 20095,HR 1674,24580,2265369
4812 320 20096,HR 1674,24836,2265412
4812 320 20097,HR 1681,24580,2265455
4812 320 20104,HR 1681,21764,2265498
4812 320 20113,HR 1674,22276,2265541
4819 140 10002,HR 602,8196,2265584
4819 140 10139,HR 3112 TS,8453,2265626
4819 140 17009,HR 2274 T35S,37893,2265672
4819 140 17056,HR 025,12036,2265720
4819 140 17058,HR 3122 RSI,28677,2265762
4819 140 17062,HR 2265,25604,2265809
4819 140 17063,HR 3215,24836,2265852
4819 140 17067,HR 3118 TS,11781,2265895
4819 140 17072,HR 6076,26884,2265941
4821 140 17002,HR 1613,21252,2265984
4821 140 17006,HR 3119 TS,8453,2266027
4821 140 17007,HR 1614,22788,2266073
4822 107 99600,HR 025,12548,2267173
4822 108 10152,HR 2282 T1,65284,2267215
4822 108 30980,HR 3123,24580,2267261
4822 108 32430,HR 6082,24324,2267304
4822 117 00336,HR 3122 RSI,25861,2267347
4822 117 00366,HR 3122 RSI,26629,2267394
4822 117 00416,HR 3122 RSI,25605,2267441
4822 138 31361,HR 46170,58116,2267488
4822 140 10009,HR 2265,22532,2267533
4822 140 10049,HR 2265,23556,2267576
4822 140 10051,HR 2265,21764,2267619
4822 140 10062,HR 3122 RSI,24069,2267662
4822 140 10074,HR 2265,23044,2267709
4822 140 10075,HR 2265,23300,2267752
4822 140 10076,HR 2265,23556,2267795
4822 140 10101,HR 530,6660,2267838
4822 140 10138,HR 2031/22,58628,2267880
4822 140 10139,HR 3112 TS,6917,2267926
4822 140 10142,HR 2046,21252,2267972
4822 140 10145,HR 2045,21764,2268015
4822 140 10146,HR 1481,22788,2268058
4822 140 10147,HR 6011,21508,2268101
4822 140 10149,HR 1490,23556,2270268
4822 140 10151,HR 6012,20484,2270311
4822 140 10152,HR 2282 T1,64260,2270354
4822 140 10153,HR 3215,21508,2270400
4822 140 10154,HR 3212,20996,2270443
4822 140 10159,HR 3215,23044,2270486
4822 140 10161,HR 1610,20484,2270529
4822 140 10165,HR 3215,22276,2270572
4822 140 10167,HR 2282 T2,517,2270615
4822 140 10169,HR 6059,25604,2270661
4822 140 10171,HR 6030,20996,2270704
4822 140 10172,HR 2282 T2,65028,2270747
4822 140 10174,HR 3215,22276,2270793
4822 140 10175,HR 3215,22532,2270836
4822 140 10176,HR 2176,24068,2270879
4822 140 10179,HR 3215,23556,2270922
4822 140 10185,HR 6059,25092,2270965
4822 140 10186,HR 2282 T1,517,2271008
4822 140 10194,HR 6094,24836,2271054
4822 140 10196,HR 6098,26372,2271097
4822 140 10197,HR 6059,25860,2271140
4822 140 10198,HR 6098,26884,2271183
4822 140 10235,HR 2277 T8S,23301,2273346
4822 140 10236,HR 6096,24580,2273393
4822 140 10246,HR 6040,22020,2273436
4822 140 10247,HR 6094,24580,2273479
4822 140 10254,HR 6133,22532,2273522
4822 140 10257,HR 7203,23044,2273565
4822 140 10263,HR 6142,22532,2273608
4822 140 10265,HR 3215,22532,2273651
4822 140 10269,HR 6205,24068,2273694
4822 140 10271,HR 6196,24580,2273737
4822 140 10272,HR 7203,22276,2273780
4822 140 10274,HR 6141,22788,2273823
4822 140 10275,HR 6489,46596,2273866
4822 140 10282,HR 7505,23812,2273910
4822 140 10283,HR 6030,22020,2273953
4822 140 10294,HR 6140,23044,2273996
4822 140 10298,HR 6139,26116,2274039
4822 140 10306,HR 7503,22532,2274082
4822 140 10325,HR 6214,22276,2274125
4822 140 10326,HR 7505,23556,2274168
4822 140 10327,HR 42041,54276,2274211
4822 140 10328,HR 7564,25348,2274256
4822 140 10345,HR 42059,56580,2277443
4822 140 10349,HR 7506,44804,2277488
4822 140 10351,HR 6236,23044,2277532
4822 140 10352,HR 7500,22020,2277575
4822 140 10353,HR 7524,23812,2277618
4822 140 10356,HR 7524,24580,2277661
4822 140 10362,HR 6537,24580,2277704
4822 140 10363,HR 6619,25092,2277747
4822 140 10367,HR 7549,26884,2277790
4822 140 10368,HR 6571,25604,2277833
4822 140 10369,HR 7527,26372,2277876
4822 140 10371,HR 6217,23300,2277919
4822 140 10375,HR 6489,46852,2277962
4822 140 10378,HR 6216,24836,2278006
4822 140 10379,HR 2101,22276,2278049
4822 140 10381,HR 7533,43780,2278092
4822 140 10382,HR 6478,26116,2278136
4822 140 10383,HR 5714,24324,2278179
4822 140 10384,HR 6213,23300,2278222
4822 140 10386,HR 6206,24324,2278265
4822 140 10388,HR 7641,42500,2278308
4822 140 10395,HR 6098,26628,2278352
4822 140 10399,HR 6484,27396,2280515
4822 140 10405,HR 7706,43524,2280558
4822 140 10406,HR 7488,25860,2280602
4822 140 10407,HR 6478,25604,2280645
4822 140 10408,HR 6581,24580,2280688
4822 140 10412,HR 6622,22276,2280731
4822 140 10414,HR 6483,24068,2280774
4822 140 10417,HR 6485,25348,2280817
4822 140 10418,HR 7785,26628,2280860
4822 140 10421,HR 7527,23556,2280903
4822 140 10422,HR 7527,23812,2280946
4822 140 10424,HR 6547,24580,2280989
4822 140 10426,HR 6626,24580,2281032
4822 140 10427,HR 6640,23812,2281075
4822 140 10431,HR 6535,23300,2281118
4822 140 10432,HR 6627,24068,2281161
4822 140 10433,HR 46109,56068,2281204
4822 140 10434,HR 7641,43524,2281249
4822 140 10435,HR 6624,24068,2281293
4822 140 10441,HR 7808,24580,2281336
4822 140 10442,HR 7781,24836,2281379
4822 140 10443,HR 6538,24836,2281422
4822 140 10445,HR 7848,46340,2282561
4822 140 10447,HR 6636,25604,2282605
4822 140 10451,HR 6478,25348,2282648
4822 140 10452,HR 7848,45828,2282691
4822 140 10465,HR 8318,25348,2282735
4822 140 10466,HR 7641,44804,2282778
4822 140 10468,HR 6629,26884,2282822
4822 140 10469,HR 8258,27140,2282865
4822 140 10471,HR 8246,24580,2282908
4822 140 10473,HR 46118,57092,2282951
4822 140 10474,HR 7279,26628,2282996
4822 140 10475,HR 6626,25604,2283039
4822 140 10476,HR 6639,26884,2283082
4822 140 10477,HR 6499,28164,2283125
4822 140 10479,HR 6607,26372,2283168
4822 140 10482,HR 7693,46084,2283211
4822 140 10483,HR 7299,27140,2283255
4822 140 10484,HR 7298,27140,2283298
4822 140 10486,HR 7793,27652,2283341
4822 140 10487,HR 7641,45572,2283384
4822 140 10489,HR 46108,58628,2283428
4822 140 10491,HR 7693,46084,2283473
4822 140 10495,HR 7980,27140,2284613
4822 140 10496,HR 7848,47876,2284656
4822 140 10498,HR 7792,47876,2284700
4822 140 10499,HR 7681,27652,2284744
4822 140 10501,HR 7683,24068,2284787
4822 140 10502,HR 6608,23300,2284830
4822 140 10503,HR 7684,24836,2284873
4822 140 10505,HR 7442,23300,2284916
4822 140 10506,HR 7860,24580,2284959
4822 140 10507,HR 7859,26884,2285002
4822 140 10511,HR 7860,23556,2285045
4822 140 10513,HR 46109,55812,2285088
4822 140 10514,HR 46111,54276,2285133
4822 140 10515,HR 7682,25092,2285178
4822 140 10516,HR 8581,25092,2285221
4822 140 10517,HR 46126,56580,2285264
4822 140 10518,HR 8245,24836,2285309
4822 140 10521,HR 46109,55556,2285352
4822 140 10522,HR 46108,55556,2285397
4822 140 10525,HR 7789,27396,2285442
4822 140 10526,HR 7820,24068,2285485
4822 140 10527,HR 8242,24068,2285528
4822 140 10528,HR 7818,26372,2289701
4822 140 10533,HR 8243,23556,2289744
4822 140 10543,HR 7862,25348,2289787
4822 140 10544,HR 7839,26628,2289830
4822 140 10545,HR 7965,26884,2289873
4822 140 10548,HR 7980,26884,2289916
4822 140 10549,HR 8322,24836,2289959
4822 140 10551,HR 7951,24836,2290002
4822 140 10552,HR 7816,25092,2290045
4822 140 10554,HR 8244,24580,2290088
4822 140 10557,HR 7815,26116,2290131
4822 140 10559,HR 8225,25604,2290174
4822 140 10561,HR 7814,24580,2290217
4822 140 10562,HR 7774,26116,2290260
4822 140 10563,HR 7813,24836,2290303
4822 140 10564,HR 7839,27140,2290346
4822 140 10566,HR 7772,26628,2290389
4822 140 10567,HR 7817,26884,2290432
4822 140 10568,HR 7811,25604,2290475
4822 140 10569,HR 8304,25348,2290518
4822 140 10572,HR 7936,46084,2290561
4822 140 10574,HR 8245,25348,2290605
4822 140 10582,HR 7693,46340,2290648
4822 140 10583,HR 8370,25092,2291749
4822 140 10584,HR 8144,25092,2291792
4822 140 10585,HR 46112,56580,2291835
4822 140 10586,HR 8119,26116,2291880
4822 140 10588,HR 8312,25348,2291923
4822 140 10592,HR 46170,57092,2291966
4822 140 10595,HR 8125,25348,2292011
4822 140 10602,HR 46120,53764,2292054
4822 140 10608,HR 46170,56580,2292099
4822 140 10609,HR 8126,24580,2292144
4822 140 10611,HR 8378,25092,2292187
4822 140 10612,HR 7963,25092,2292230
4822 140 10615,HR 8116,23556,2292273
4822 140 10618,HR 8225,24580,2292316
4822 140 10621,HR 8242,22788,2292359
4822 140 10622,HR 46175,56836,2292402
4822 140 10623,HR 7977,26884,2292447
4822 140 10632,HR 46185,57348,2292490
4822 140 10634,HR 7962,25860,2292535
4822 140 10635,HR 8188,26372,2292578
4822 140 10637,HR 8124,24324,2292621
4822 140 10639,HR 8162,25348,2292664
4822 140 10641,HR 46118,56324,2294821
4822 140 10643,HR 8216,24068,2294866
4822 140 10649,HR 8333,25604,2294909
4822 140 10651,HR 8474,25348,2294952
4822 140 10655,HR 8448,26628,2294995
4822 140 10664,HR 8430,24324,2295038
4822 140 10665,HR 8419,26372,2295081
4822 140 10669,HR 8342,26116,2295124
4822 140 10765,HR 8189,47364,2295167
4822 140 17002,HR 002,6916,2295211
4822 140 17007,HR 1707,23812,2295253
4822 140 17009,HR 6059,25604,2295296
4822 140 17022,HR 6285,24580,2295339
4822 140 17032,HR 7650,24068,2295382
4822 140 17033,HR 3113,21764,2295425
4822 140 17045,HR 025,9988,2295468
4822 140 17053,HR 3750,24068,2295510
4822 140 17056,HR 025,10500,2295553
4822 140 17069,HR 6083,26372,2295595
4822 140 17078,HR 1610,24068,2295638
4822 140 17084,HR 6185,26372,2295681
4822 140 17089,HR 2089,27396,2295724
4822 140 17092,HR 2092,24324,2295767
4822 140 17112,HR 6197,25092,2296863
4822 140 17113,HR 6197,25348,2296906
4822 140 17161,HR 1610,22276,2296949
4822 140 30067,HR 6298,26628,2296992
4822 140 31892,HR 6489,48644,2297035
4822 140 36832,HR 6141,24836,2297079
4822 140 36943,HR 7564,28164,2297122
4822 140 37091,HR 6133,24580,2297165
4822 140 37970,HR 6216,26628,2297208
4822 140 38822,HR 6478,28420,2297251
4822 140 40325,HR 6214,23044,2297294
4822 140 53862,HR 6213,25348,2297337
4822 140 66650,HR 3122 RSI,27653,2297380
4822 140 80017,HR 1707,24068,2297427
4822 140 81397,HR 7592,29188,2297470
4822 142 17003,HR 8184,24836,2297513
4822 142 60380,HR 6206,41220,2297556
4822 144 66650,HR 3122 RSI,28677,2297600
4822 146 10961,HR 7650,26628,2297647
4822 146 10966,HR 7650,27908,2297690
4822 146 11063,HR 46188,59396,2297733
4822 146 21814,HR 7858,48644,2297778
4822 148 60321,HR 7488,28164,2297822
4822 148 80017,HR 1707,26116,2299941
4822 148 81331,HR 8179,48388,2299984
4822 148 81397,HR 7592,31236,2300028
4822 148 81404,HR 9463,28164,2300071
4822 148 87021,HR 7259,28676,2300114
4822 157 53862,HR 6213,27396,2300157
4822 212 23346,HRT 250,31748,2300200
4822 218 20073,HRT 507,33028,2300243
4822 218 20155,HRT 507,33284,2300286
4822 218 20256,HRT 212,32004,2300329
4822 218 20282,HRT 507,33540,2300372
4822 218 20526,HRT 507,33796,2300415
4822 310 31892,HR 6489,48388,2300458
4822 320 11001,HR 1674,21508,2300502
4822 320 20073,HR 1674,23812,2300545
4822 320 20095,HR 1674,24836,2300588
4822 320 20096,HR 1674,25092,2300631
4822 320 20097,HR 1681,24836,2300674
4822 320 20104,HR 1681,22020,2300717
4822 320 20109,HR 1674,23812,2300760
4822 320 20113,HR 1674,22532,2300803
4822 320 20199,HR 1687,27140,2300846
4822 720 37651,HR 002,11012,2300889
4830 140 17005,HR 6098,25092,2303013
4830 140 17006,HR 6096,24836,2303056
4830 140 17007,HR 6098,25604,2303099
4830 140 17017,HR 7039,24836,2303142
4835 140 67017,HR 6541,26628,2303185
4835 140 67098,HR 7282,29700,2303228
4835 140 67099,HR 7347,30468,2303271
4835 140 67106,HR 6472,27140,2303314
4835 140 67113,HR 6474,27140,2303357
4835 140 67116,HR 7592,28420,2303400
4835 140 67122,HR 6474,27140,2303443
4835 148 87048,HR 6261,29956,2303486
4835 148 87054,HR 6263,29700,2303529
4835 148 87139,HR 6262,30468,2303572
4835 310 57238,HR 7702,27396,2303615
484,HR 0082 S,50946,2303658
4848000,HR 7503,8451,2303692
486,HR 2920,22786,2303728
4861600,HR 7665,30723,2303760
487,HR 2921,23298,2303797
489,HR 2922,24066,2303829
490-10255,HR 9414,33539,2303861
490-79764,HR 9416,39171,2303899
490-80792,HR 9638,38915,2303937
490-82038,HR 9414,35587,2306085
490-82516,HR 9414,35843,2306123
490-95774,HR 3215,36611,2306161
4900 020 073,HR 6020,60163,2306199
4900 032 025,HR 3589,64515,2306240
4900 034 798,HR 3183,1284,2306281
4900 039 661,HR 7041,64515,2306322
4900 041 746,HR 7134,64515,2306363
4900 041 991,HR 3183,65027,2306404
4900 049 101,HRT 227 BP,50948,2306445
4900 051 860,HR 7108,64259,2306489
4900 063 776,HR 7035,772,2306530
4900 065 160,HR 6190,63747,2306571
4900 065 922,HR 7134,65027,2306612
4900 067 861,HR 7127,1028,2306653
4900 068 298,HR 7128,2564,2306694
4900 069 299,HR 7140,1540,2306735
4900 071 471,HR 7172,64515,2306776
4900 071 821,HR 7140,62979,2306817
4900 075 419,HR 7275,1540,2306858
4900 075 983,HR 6354,2308,2306899
4900 076 153,HR 7140,63747,2306940
4900 076 983,HR 6272,2308,2306981
4900 078 247,HR 7272,1284,2307022
4900 078 458,HR 7172,2052,2310205
4900 078 955,HR 7336,3076,2310246
4900 078 955 S,HR 7336,32516,2310287
4900 079 480,HR 7233,516,2310330
4900 079 586,HR 7234,2564,2310371
4900 079 601,HR 6399,2308,2310412
4900 079 643,HR 6394,2564,2310453
4900 080 100,HR 6391,62211,2310494
4900 080 541,HR 7264,64515,2310535
4900 080 794,HR 7264,1540,2310576
4900 080 866,HR 7264,1540,2310617
4911 07 0145,HR 9351,64515,2310658
4911 07 1005,HR 9350,63235,2310699
4922 204 00356,HR 2265,24068,2310740
4922-038,HR 7727,23043,2310783
49380,HR 6081,49410,2310820
49381,HR 1357,49922,2310854
49382,HR 1515,49154,2310888
49383,HR 1516,49666,2310922
49637 49746,HR 46182,30468,2310956
4992-002,HR 8087,22531,2310998
4992-003,HR 7881,23043,2311035
4992-015,HR 7780,43011,2311072
4992-015 A,HR 7780,2308,2311110
4992-024,HR 7978,25603,2312229
4992-038,HR 7727,24835,2312266
4992002,HR 8087,11011,2312303
4K4L10905013,HR 1548,19972,2075514
4KB4L10901140,HR 1927,36356,2075387
4KB4L10902050,HR 1574,36100,2075429
4KB4L19401053,HR 18003,48644,2075471
5 F 13064 B 1,HR 7490,10756,2312339
5 F 13423 A,HR 7705,8964,2312381
5 LC 05110 U 00,HR 7918,45828,2312422
5 RH 0000054,HR 46145,41732,2312466
5 S 50 A 1,HR 2080/10,8964,2312509
5 TH 0000060,HR 6375,9732,2312551
5 TH 0000061,HR 6385,10244,2312592
5 TH 0000063,HR 7494,11268,2312633
5 TH 0000072,HR 7456,10756,2312674
5 TH 0000075,HR 7455,11268,2312715
5 TH 0000089,HR 7482,12548,2312756
5 TH 1000063,HR 7494,11524,2312797
5 TH 1000069,HR 7468,13316,2312838
5 TH 1000072,HR 7456,11012,2312879
5 TH 1000075,HR 7455,11524,2312920
5 THU 000063,HR 7494,20740,2312961
5 THU 000069,HR 7468,22532,2313002
5 X 90 A 1,HR 2130,38915,2313043
5-001-120,HR 6292,28675,2313082
5-052-120,HR 9495,32259,2313120
5-057-120,HR 9834,32771,2313158
50 850 0520,HR 1544/20,20996,2318948
50 BN 0085,HR 8073,2820,2316337
50 BN 0093,HR 8073,2564,2316377
50 BN 0095,HR 8072,2820,2316417
50 BN 0100,HR 7276,772,2316457
50 H 0000075,HR 7455,2052,2316497
50 H 0000088,HR 7736,3588,2316538
50 H 0000089,HR 7482,3332,2316579
50 H 0000091,HR 7481,1284,2316620
50 H 0000096,HR 7475,3332,2316661
50 H 0000119,HR 7916,2308,2316702
50 H 0000120,HR 7644,65283,2316743
50 H 0000121,HR 7797,2308,2316784
50 H 0000124,HR 7493,1284,2316825
50 H 0000130,HR 7710,64003,2316866
50 H 0000132,HR 7725,516,2316907
50 H 0000134,HR 7770,1028,2316948
50 H 0000142,HR 7770,772,2316989
50 H 0000151,HR 7970,1284,2317030
50 H 0000152,HR 7880,1540,2317071
50 H 0000155,HR 7770,1796,2317112
50 H 0000164,HR 8572,2052,2317153
50 H 0000166,HR 7916,2820,2317194
50 H 0000167,HR 7927,3588,2317235
50 H 0000174,HR 7930,1540,2317276
50 H 0000177,HR 7880,3332,2318373
50 H 0000181,HR 7927,2564,2318414
50 H 0000190,HR 7880,2052,2318455
50 H 0000200,HR 8633,64771,2318496
50 H 0000202,HR 8554,260,2318537
50 H 0000204,HR 8537,1028,2318578
50 H 0000205,HR 8532,4,2318619
50 H 0000211,HR 8537,516,2318660
50 H 0000214,HR 8554,1028,2318701
50 H 0000216,HR 8539,2308,2318742
50 H 0000225,HR 8236,772,2318783
50 H 0000229,HR 8523,1540,2318824
50 H 0000233,HR 8522,4,2318865
50 TH 1000069,HR 7468,25604,2318906
50-95718-1,HR 42086,14596,2318991
501 407 80,HR 3612,36611,2319032
5023,HR 2181,32770,2319071
5023 167 692,HR 2181,65283,2319104
50270127,HR 8088,23043,2319145
50270128,HR 7443,21763,2319182
50270130,HR 8621,19715,2319219
50270143,HR 7437,21763,2319256
50270147,HR 7398,24323,2319293
50274001,HR 7141,18947,2319330
50274004,HR 7608,21763,2322469
50550903,HR 7281,22275,2322506
5062027520,HR 46119,14596,2322543
5062602001,HR 42096,12804,2322584
5062614003,HR 46068,14852,2322625
5062614072,HR 46068,16388,2322666
5062614202,HR 46066,14596,2322707
5062617003,HR 46012,12804,2322748
5062618501,HR 46032,14340,2322789
5062618503,HR 46013,14596,2322830
5062620001,HR 46046,12548,2322871
5062661390,HR 42106,14852,2322912
5062661462,HR 42100,13316,2322953
5062663462,HR 42099,18180,2322994
5062663861,HR 42024,15876,2323035
5062664865,HR 7122,4868,2323076
5062664866,HR 7142,5636,2323116
5062664867,HR 7122,5380,2323156
5062664869,HR 7122,5892,2323196
5062665501,HR 42035,14596,2323236
5062666101,HR 7122,1028,2323277
5062666201,HR 42044,14084,2323317
5062666202,HR 42044,14340,2323358
5062666204,HR 42044,14852,2323399
5062667404,HR 46157,17924,2324534
5062667474,HR 46157,19716,2324575
5062678101,HR 42039,15620,2324616
506520900,HR 7550,34307,2324657
506521100,HR 6496,34563,2324695
5066200,HR 7280,7683,2324733
508,HR 2274 T30S,32771,2324769
508500520,HR 1544/20,4612,2324806
5087155,HR 6466,12035,2324847
509302.90,HR 6669,36611,2324883
50930290,HR 6669,24835,2324921
51 F 4-05001 A-00,HR 7918,62468,2324958
51 JE 05110 U 20,HR 8358,58628,2325004
51 JE 05110 V 20,HR 8358,58884,2325049
51 JE 05110-20,HR 8358,32004,2325094
51 JE 051100-00,HR 7918,44036,2325137
51 JE 051100-20,HR 8358,44292,2325181
51 JE 05110000,HR 7918,32516,2325225
51 LC  051100-00,HR 7918,52228,2325268
51 LC 05110 U 00,HR 7918,58372,2325313
51 LC 051100-00,HR 7918,44036,2325358
51 LC 05110000,HR 7918,32516,2325402
51-13057-1,HR 7462,44547,2326740
51-13057-2,HR 7462,44803,2326779
51-13914-1,HR 7639,46595,2326818
51-14145-1,HR 7462,44291,2326857
51-14184-1,HR 7462,45059,2326896
51-41484-1,HR 7462,45827,2326935
51.592,HR 7218,61442,2325445
51.624,HR 7583,61698,2325480
51.645,HR 7578,63490,2326565
51.656,HR 7218,61698,2326600
51.658,HR 7578,64514,2326635
51.659,HR 7218,62466,2326670
51.663,HR 7566,62722,2326705
510,HR 2280 T9S,19459,2326974
510.000,HR 2467,4355,2327010
510.048,HR 2114,4611,2327046
510.230,HR 2171,3587,2327082
5101-051100-00,HR 8649,27908,2327118
5101-051101-00,HR 8358,27396,2327161
5101-051104-00,HR 8466,28164,2327204
5101-051104-001,HR 8466,40708,2327247
5107 140 00181,HR 42045,53764,2327291
5107 140 00892,HR 46067,58116,2327336
5107 140 00893,HR 46067,58372,2327381
5107 140 01781,HR 46071,56324,2327426
5107 140 02151,HR 46036,54532,2327471
5107 140 03092,HR 46069,57348,2327516
5107 140 04121,HR 46075,55044,2329637
51139141,HR 7462,22019,2329682
51141451,HR 7462,21251,2329719
51297300,HR 6257,22787,2329756
5154002,HR 5154,26371,2329793
51550,HR 7503,47362,2329830
51551,HR 7503,47618,2329864
51552,HR 7503,47874,2329898
51553,HR 7503,48130,2329932
51554,HR 7503,48386,2329966
52 299 0652,HR 9343,54531,2330000
52 300 2017,HR 3610,47107,2330040
52 301 0141,HR 2041,45571,2330080
52 301 0541,HR 3518,49155,2330120
52 301 0542,HR 3518,49411,2330160
52 390 0451,HR 2080/10,20740,2330200
52 399 0251,HR 1161,50947,2330243
52 399 0301,HR 1162,50179,2330283
52 399 0331,HR 3512,51203,2330323
52 399 0421,HR 2268 TRSI,12549,2330363
52 399 0451,HR 3512,51971,2330408
52 399 0541,HR 3518,53507,2330448
52 399 0542,HR 3518,53763,2330488
52 399 0551,HR 3610,51971,2330528
52 399 0621,HR 6192,53507,2330568
52 399 0671,HR 7342,54275,2331701
52 399 0672,HR 7201,52995,2331741
52 399 0673,HR 7342,54787,2331781
52 399 0712,HR 6387,55299,2331821
52 399 0721,HR 6288,55299,2331861
52 399 0731,HR 6291,54019,2331901
52 399 0732,HR 6289,56067,2331941
52 522 9002,HR 3529,51203,2331981
52 560 0250,HR 2080/10,19716,2332021
52 560 1251,HR 3512,49155,2332064
52 561 5256,HR 3557,54019,2332104
52 561 6256,HR 3518,53507,2332144
52 900 1060,HR 1162,47875,2332184
52 900 1110,HR 3515,47875,2332224
52 900 1200,HR 2082,47363,2332264
52 900 2580,HR 5505,51203,2332304
52 900 3004,HR 3602,48131,2332344
52 900 4165,HR 2053,50179,2332384
52 900 4180,HR 2050,48643,2332424
52 900 5163,HR 3657,52739,2332464
52 900 9130,HR 3602,49667,2332504
52 920 1200,HR 2082,47875,2332544
52 970 0220,HR 3612,49411,2332584
52 970 0231,HR 2115,49155,2332624
52 970 0240,HR 3502,49411,2334781
52 975 0150,HR 2110,49155,2334821
5217 002190112,HR 9567,29700,2334861
522990652,HR 9343,38147,2334904
523002017,HR 3610,30723,2334942
523010141,HR 2041,29187,2334980
52359648,HR 46088,60163,2335018
523900451,HR 2080/10,4356,2335057
523990251,HR 1161,34563,2335098
523990301,HR 1162,33795,2335136
523990331,HR 3512,34819,2335174
523990421,HR 2268 TRSI,61700,2335212
523990451,HR 3512,35587,2335255
523990541,HR 3518,37123,2335293
523990542,HR 3518,37379,2335331
523990551,HR 3610,35587,2335369
523990621,HR 6192,37123,2335407
523990652,HR 9343,38403,2335445
523990671,HR 7342,37891,2335483
523990672,HR 7201,36611,2335521
523990673,HR 7342,38403,2335559
523990712,HR 6387,38915,2335597
523990721,HR 6288,38915,2335635
523990731,HR 6291,37635,2335673
523990732,HR 6289,39683,2335711
524,HRT 511,28674,2337829
525.223,HR 1152,5123,2337861
525.223.13,HR 2063/00,14084,2337897
525.228,HR 2063/00,43523,2337939
525.229,HR 3529,9219,2337978
525.233,HR 1154,5891,2338014
525.235,HR 2063/00,43011,2338050
525.238,HR 2063/00,43779,2338089
525.239,HR 1152,6915,2338128
525.242,HR 1120,4099,2338164
525.244,HR 2080/00,42755,2338200
525.253,HR 2080/00,42755,2338239
525.254,HR 5525,8195,2338278
525.255,HR 5525,8451,2338314
525.263,HR 2116,6403,2338350
525.266,HR 2116,7171,2338386
525.275,HR 3575,9731,2338422
525.278,HR 3578,11267,2338458
525.283,HR 3583,9219,2338494
525.284,HR 3120,6147,2338530
525.286,HR 1197,9731,2338566
525.501,HR 1818,7171,2338602
525.509,HR 3120,6147,2338638
525.519,HR 5571,9475,2338674
525.534,HR 1198,8963,2338710
525.537,HR 5571,9475,2338746
525.553,HR 3645,8963,2338782
525.563,HR 1197,9219,2340895
525.567,HR 6043,8963,2340931
525.568,HR 3589,12291,2340967
525.575,HR 6043,8707,2341003
525.577,HR 6155,10243,2341039
525.579,HR 7041,9475,2341075
525.582,HR 6020,6915,2341111
525.583,HR 6020,7171,2341147
525.584,HR 6024,8451,2341183
525.585,HR 6024,8707,2341219
525.586,HR 5638,11523,2341255
525.588,HR 5642,10755,2341291
525.589,HR 6020,8707,2341327
525.590,HR 6024,7683,2341363
525.591,HR 5642,9219,2341399
525.592,HR 6024,8195,2341435
525.593,HR 7035,9219,2341471
525.594,HR 7041,8707,2341507
525.595,HR 6036,9731,2341543
525.596,HR 7035,9987,2341579
525.597,HR 6067,11267,2341615
525.598,HR 6075,11267,2341651
525.599,HR 6067,11779,2341687
525.620,HR 6075,7683,2341723
525.634,HR 6165,8963,2341759
52500001,HR 42095,51203,2341795
52500001-01,HR 42095,22020,2341834
52500027,HR 42079,53763,2345016
52514270-1,HR 46061,12292,2345055
525142701,HR 46061,772,2345096
525229002,HR 3529,34819,2345136
525600250,HR 2080/10,3332,2345174
525601251,HR 3512,32771,2345215
525615256,HR 3557,37635,2345253
525616256,HR 3518,37123,2345291
527 01 030 00,HR 7141,2308,2345329
5274142,HR 6477,11011,2345371
528045065,HR 9833,37891,2345407
528046091,HR 8015,55299,2345445
528156158,HR 7689,41219,2345484
529001060,HR 1162,31491,2345522
529001110,HR 3515,31491,2345560
529001200,HR 2082,30979,2345598
529002580,HR 5505,34819,2345636
529004165,HR 2053,33795,2345674
529004180,HR 2050,32259,2345712
529005163,HR 3657,36355,2345750
529009130,HR 3602,33283,2345788
529201200,HR 2082,31491,2345826
529700220,HR 3612,33027,2345864
529700231,HR 2115,32771,2345902
529700232,HR 3657,36099,2345940
529750150,HR 2110,32771,2349117
53 30 1251,HR 1161,34563,2349241
53 330 1251,HR 1161,47619,2349280
53 X 0528-001,HR 7717,39428,2349155
53 X 0624-001,HR 8599,40964,2349198
530 TX 0002,HR 3105,63747,2349320
530.001.12,HR 3131,39427,2349360
530165-12,HRT 512,39427,2349399
531 02020,HR 7641,46595,2349437
531 02021,HR 7641,46851,2349476
531 02022,HR 7641,47107,2349515
531 02023,HR 7641,47363,2349554
531 02024,HR 7641,47619,2349593
531 02025,HR 7641,47875,2349632
531 02026,HR 7641,48131,2349671
531 02134,HR 7789,31747,2349710
531 02136,HR 7789,32259,2349748
531 02140,HR 7980,29187,2349786
531 02141,HR 7980,29443,2349824
531 02142,HR 7980,29699,2349862
531 02143,HR 7980,29955,2349900
531 02144,HR 7980,30211,2349938
531 02145,HR 7980,30467,2349976
531 02146,HR 7980,30723,2350014
531 02147,HR 7980,30979,2350052
531 02148,HR 7980,31235,2351141
531 02149,HR 7980,31491,2351179
531 02154,HR 7774,30723,2351217
531 02156,HR 7813,29699,2351255
531 02160,HR 7815,28931,2351293
531 02161,HR 7815,29187,2351331
531 02162,HR 7815,29443,2351369
531 02163,HR 7815,29699,2351407
531 02164,HR 7815,29955,2351445
531 02165,HR 7815,30211,2351483
531 02166,HR 8304,28931,2351521
531 02167,HR 8304,29187,2351559
531 02168,HR 8304,29443,2351597
531 02170,HR 7814,28931,2351635
531 02171,HR 7814,29187,2351673
531 02172,HR 7814,29443,2351711
531 02173,HR 7814,29699,2351749
531 02177,HR 7817,31491,2351787
531 02178,HR 7817,31747,2351825
531 02179,HR 8370,30723,2351863
531 02197,HR 7662,31491,2351901
531 02200,HR 8119,27139,2351939
531 02201,HR 8119,27395,2351977
531 02202,HR 8119,27651,2352015
531 02203,HR 8119,27907,2352053
531 02204,HR 8119,28163,2352091
531 02205,HR 8119,28419,2354206
531 02206,HR 8225,28163,2354244
531 02207,HR 8531,28419,2354282
531 02208,HR 8541,28931,2354320
531 02221,HR 7774,29443,2354358
531 02223,HR 8225,27907,2354396
531 02229,HR 7963,31491,2354434
531 02232,HR 7817,29443,2354472
531 02233,HR 7811,28163,2354510
531 02234,HR 7839,30979,2354548
531 02279,HR 8323,30467,2354586
531 02282,HR 8333,29187,2354624
531 02285,HR 8474,31491,2354662
531 02323,HR 8342,28163,2354700
531 02324,HR 8419,29699,2354738
531 02325,HR 8430,28163,2354776
531 02341,HR 8450,28163,2354814
531 02361,HR 8419,29955,2354852
531 02365,HR 8563,30979,2354890
531 02393,HR 8450,29955,2354928
531 02397,HR 8449,33027,2354966
531 02421,HR 8444,28675,2355004
531 02431,HR 8552,28931,2355042
531 02452,HR 8381,29699,2355080
531 98001,HR 7592,31747,2355118
531 98002,HR 7592,32003,2355156
531 98004,HR 7592,32515,2357309
531 98005,HR 7592,32771,2357347
531 98006,HR 7592,33027,2357385
531 98025,HR 8373,32771,2357423
531 98026,HR 8373,33027,2357461
531100000,HR 7140,28675,2357499
531100020,HR 8060,29699,2357537
531100040,HR 7258,32259,2357575
531100050,HR 8011,29443,2357613
531100090,HR 8060,31491,2357651
5322 140 10333,HR 6081,21508,2357689
5322 140 10344,HR 6051,37892,2357732
5322 148 80276,HR 6050,45572,2357776
533 TX 0002,HRT 202,6916,2357820
533 TX 0005,HRT 507,9732,2357860
534 TX 0002,HR 3105,64771,2357900
534 TX 0005,HRT 505,9476,2357940
534 TX 0010,HR 3500,64259,2357980
534 TX 0013,HRT 209,9476,2358020
534 TX 0014,HR 3510,4,2358060
534 TX 0015,HR 3514,1284,2358100
534 TX 0017,HR 3510,772,2358140
534 TX 0020,HR 3528,1540,2358180
534 TX 0021,HR 3186,1796,2358220
534 TX 0032,HRT 240 BS,54788,2360377
534 TX 0033,HR 3567,3332,2360420
534 TX 0040,HR 3181,772,2360460
534 TX 0042,HR 3189,3332,2360500
534 TX 0044,HR 3562,2564,2360540
534 TX 0047,HRT 240 BS,56324,2360580
534 TX 0048,HR 3183,3332,2360623
534 TX 0049,HRT 227 BP,57348,2360663
534 TX 0050,HR 3561,1540,2360706
534 TX 0065,HR 3581,3588,2360746
534 TX 0066,HR 6017,3076,2360786
534 TX 0073,HR 3149,3332,2360826
534 TX 0096,HR 3183,4100,2360866
534 TX 0103,HR 6020,65027,2360906
534 TX 0112,HR 6020,65027,2360946
534 TX 0113,HR 2287 T15,58372,2360986
534 TX 0120,HR 6024,260,2361030
534 TX 0121,HR 7134,1284,2361070
534 TX 0122,HR 6021,4,2361110
534 TX 0133,HR 7041,1284,2361150
534 TX 0137,HR 5638,4868,2361190
534 TX 0138,HRT 227 BP,57092,2361230
534 TX 0140,HRT 208,9476,2361273
534 TX 0142,HR 7035,2052,2361313
534 TX 0148,HR 7108,3844,2363429
534 TX 0151,HRT 245 BS,56580,2363469
534 TX 0152,HR 6036,2308,2363512
534 TX 0173,HR 6067,4100,2363552
534 TX 0175,HR 7200,2052,2363592
534 TX 0178,HR 6067,5380,2363632
534 TX 0182,HR 6086,4356,2363672
534 TX 0183,HR 6548,5380,2363712
534 TX 0188,HRT 210 BF,53764,2363752
534 TX 0189,HR 6075,5636,2363795
534 TX 0190,HR 7313,2564,2363835
534 TX 0191,HRT 210 BF,52228,2363875
534 TX 0192,HR 7313,3076,2363918
534 TX 0194,HR 3686,5892,2363958
534 TX 0196,HR 7305,4356,2363998
534 TX 0197,HR 3687,6916,2364038
534 TX 0198,HR 7306,5124,2364078
534 TX 0199,HR 3506,4868,2364118
534 TX 0201,HR 7309,2052,2364158
534 TX 0202,HR 3684,2820,2364198
534 TX 0203,HR 7309,2564,2364238
534 TX 0204,HR 7305,1796,2364278
534 TX 0205,HR 3683,3332,2364318
534 TX 0208,HR 6165,3588,2364358
534 TX 0213,HRT 507,10244,2366515
534 TX 0214,HR 7035,2052,2366555
534 TX 0219,HR 7316,3844,2366595
534 TX 0220,HR 7311,516,2366635
534 TX 0222,HR 7316,2308,2366675
534 TX 0225,HR 7032,1796,2366715
534 TX 0226,HR 7312,2308,2366755
534 TX 0227,HR 7320,2308,2366795
534 TX 0228,HR 7311,2564,2366835
534 TX 0229,HR 6239,4868,2366875
534 TX 0231,HR 6239,3076,2366915
534 TX 0233,HR 3125,1284,2366955
534 TX 0238,HR 6245,4100,2366995
534 TX 0239,HR 7307,4356,2367035
534 TX 0240,HR 7309,2820,2367075
534 TX 0242,HR 3085,2564,2367115
534 TX 0245,HR 7105,2564,2367155
534 TX 0246,HR 7032,2564,2367195
534 TX 0249,HR 7127,4612,2367235
534 TX 0257,HR 7234,4100,2367275
534 TX 0258,HR 7126,4356,2367315
534 TX 0261,HR 6260,2308,2367355
534 TX 0262,HR 7140,2052,2367395
534 TX 0263,HR 7323,3076,2367435
534 TX 0269,HR 7172,5124,2369592
534 TX 0270,HR 7176,4100,2369632
534 TX 0271,HR 6354,3588,2369672
534 TX 0272,HR 7159,4868,2369712
534 TX 0273,HR 7140,2564,2369752
534 TX 0274,HR 6399,6660,2369792
534 TX 0275,HR 7128,4612,2369832
534 TX 0277,HR 7323,4356,2369872
534 TX 0278,HR 7275,6148,2369912
534 TX 0279,HR 7127,5380,2369952
534 TX 0280,HR 7234,3076,2369992
534 TX 0281,HR 6260,2820,2370032
534 TX 0285,HR 7172,4612,2370072
534 TX 0286,HR 6272,4868,2370112
534 TX 0287,HR 7272,5380,2370152
534 TX 0291,HR 7336,4356,2370192
534 TX 0293,HR 6394,5636,2370232
534 TX 0294,HR 6392,5380,2370272
534 TX 0295,HR 7264,5380,2370312
534 TX 0296,HR 7264,5636,2370352
534 TX 0297,HR 7264,5892,2370392
534 TX 0298,HR 8048,6404,2370432
534 TX 0299,HR 7269,7684,2370472
534 TX 0300,HR 6461,1540,2370512
534 TX 0302,HR 721/213,38404,2372669
534 TX 0303,HR 6459,4100,2372712
534 TX 0304,HR 6456,3588,2372752
534 TX 0305,HR 7127,2820,2372792
534 TX 0306,HR 7261,2820,2372832
534 TX 0307,HR 7317,3588,2372872
534 TX 0308,HR 7270,3332,2372912
534 TX 0311,HR 6457,3332,2372952
534 TX 0313,HR 7099,4612,2372992
534 TX 0314,HR 6024,1540,2373032
534 TX 0315,HR 6306,2564,2373072
534 TX 0316,HR 1197,3588,2373112
534 TX 0318,HR 6460,3588,2373152
534 TX 0319,HR 7273,4612,2373192
534 TX 0320,HR 7043,1284,2373232
534 TX 0322,HR 7035,2052,2373272
534 TX 0325,HR 6093,3588,2373312
534 TX 0326,HR 7158,4612,2373352
534 TX 0328,HR 7233,3588,2373392
534 TX 0329,HR 7301,2820,2373432
534 TX 0334,HR 6173,3332,2373472
534 TX 0338,HR 6020,2052,2373512
534 TX 0339,HR 7271,4612,2373552
534 TX 0342,HR 6464,3844,2373592
534 TX 0343,HR 8092,3844,2374685
534 TX 0346,HR 6463,4612,2374725
534 TX 0347,HR 7336,4868,2374765
534 TX 0348,HR 6462,4868,2374805
534 TX 0349,HR 7271,4868,2374845
534 TX 0350,HR 7269,4612,2374885
534 TX 0353,HR 6576,5380,2374925
534 TX 0354,HR 6575,5380,2374965
534 TX 0356,HR 6615,4612,2375005
534 TX 0357,HR 7310,3076,2375045
534 TX 0364,HR 6165,4356,2375085
534 TX 0366,HR 6067,5124,2375125
534 TX 0373,HR 7234,3844,2375165
534 TX 0406,HR 7310,1796,2375205
534 TX 0407,HR 8048,4356,2375245
534 TX 0408,HR 8057,4612,2375285
534 TX 0410,HR 7535,2820,2375325
534 TX 0411,HR 7360,2052,2375365
534 TX 0412,HR 6615,2820,2375405
534 TX 0414,HR 6630,2564,2375445
534 TX 0415,HR 6623,3332,2375485
534 TX 0416,HR 7234,3332,2375525
534 TX 0420,HR 7042,1284,2375565
534 TX 0426,HR 7360,3588,2375605
534 TX 0432,HR 7303,2052,2375645
534 TX 0435,HR 7535,4612,2377765
537,HRT 511,29698,2377805
538,HRT 512,30210,2377837
54 930 0002,HR 9631,50179,2377869
54 930 0003,HR 9673,51971,2377909
54 930 0007,HR 9648,53507,2377949
54 930 0008,HR 9638,53507,2377989
54 930 0009,HR 9634,52739,2378029
54 930 0010,HR 9678,52739,2378069
54 930 0011,HR 9634,50947,2378109
54 930 0014,HR 9674,52739,2378149
54 930 0015,HR 9684,53251,2378189
54 930 0019,HR 9302,50947,2378229
54 930 0021,HR 9682,51971,2378269
54 940 0001,HR 9629,51971,2378309
54 940 0002,HR 9627,51715,2378349
54 940 0003,HR 9673,52227,2378389
54 940 0006,HR 9671,52483,2378429
54 940 0008,HR 9344,52227,2378469
54 940 0009,HR 9642,52739,2378509
54 940 0010,HR 9627,51459,2378549
54 940 0013,HR 9415,50947,2378589
54 980 0261,HR 9533,53507,2378629
546620130 K,HR 6522,61187,2378669
546620210 K,HR 6519,62467,2378709
546620370 K,HR 6687,260,2379842
549300002,HR 9631,33795,2379882
549300003,HR 9673,35587,2379920
549300007,HR 9648,37123,2379958
549300008,HR 9638,37123,2379996
549300009,HR 9634,36355,2380034
549300010,HR 9678,36355,2380072
549300011,HR 9634,34563,2380110
549300014,HR 9674,36355,2380148
549300015,HR 9684,36867,2380186
549300019,HR 9302,34563,2380224
549300021,HR 9682,35587,2380262
549400001,HR 9629,35587,2380300
549400002,HR 9627,35331,2380338
549400003,HR 9673,35843,2380376
549400006,HR 9671,36099,2380414
549400008,HR 9344,35843,2380452
549400009,HR 9642,36355,2380490
549400010,HR 9627,35075,2380528
549400013,HR 9415,34563,2380566
549800261,HR 9533,37123,2380604
55 100 0101,HR 3634,46851,2380642
55 100 1001,HR 6077,47875,2380682
55 100 1002,HR 6052,46339,2380722
55 100 1003,HR 6050,46083,2380762
55 100 2002,HR 6076,48131,2383903
55 100 7699,HR 6012,52483,2383943
55 200 1012,HR 3131,45571,2383983
55 218,HR 2110,54018,2384023
55 300 0101,HR 3634,47363,2384058
55 300 0102,HR 3131,45571,2384098
55 300 1001,HR 3634,47363,2384138
55 300 1004,HR 2057,47619,2384178
55 300 1005,HR 3635,48643,2384218
55 300 1010,HR 3766,48899,2384258
55 300 1011,HR 3766,49155,2384298
55 300 1012,HR 3131,45827,2384338
55 300 1014,HR 3636,48899,2384378
55 300 1018,HR 3501,47619,2384418
55 300 1020,HR 3611,46339,2384458
55 300 2017,HR 3610,47875,2384498
55 301 1018,HR 3501,47875,2384538
55 310 0007,HR 3605,2564,2384578
55 500 5007,HR 7028,50691,2384619
55 750 0502,HR 1871,51203,2384659
55 900 1003,HR 3658,50947,2384699
55 900 2002,HR 1160,47363,2384739
55 900 3004,HR 3602,48899,2384779
55 900 3005,HR 3601,48899,2384819
55 900 3008,HR 2057,50691,2384859
55 900 4006,HR 3522,49923,2386981
55 922 0427,HR 51/01,62467,2387021
55 922 0495 N,HR 2270 V1,58116,2387062
55 922 0706,HR 025,38147,2387107
550 235,HRT 507,11779,2387146
550 235/6,HRT 507,37635,2387182
551000101,HR 3634,30467,2387220
551001001,HR 6077,31491,2387258
551001002,HR 6052,29955,2387296
551001003,HR 6050,29699,2387334
551002002,HR 6076,31747,2387372
551007699,HR 6012,36099,2387410
552,HR 2269 T12S,33539,2387448
552001012,HR 3131,29187,2387485
5530-6330,HR 6250,32003,2387523
553000101,HR 3634,30979,2387561
553000102,HR 3131,29187,2387599
553001001,HR 3634,30979,2387637
553001004,HR 2057,31235,2387675
553001005,HR 3635,32259,2387713
553001010,HR 3766,32515,2387751
553001011,HR 3766,32771,2387789
553001012,HR 3131,29443,2387827
553001014,HR 3636,32515,2387865
553001018,HR 3501,31235,2387903
553001020,HR 3611,29955,2387941
553002017,HR 3610,31491,2389029
553011018,HR 3501,31491,2389067
553100007,HR 3605,32003,2389105
55331.00,HR 1331,16643,2389143
55331.01,HR 1331,16899,2389180
55336.00,HR 1336,19203,2389217
55336.01,HR 1336,19459,2389254
55345.00,HR 1345,19203,2389291
55345.01,HR 1345,19459,2389328
55357.00,HR 1357,20739,2389365
55357.01,HR 1357,20995,2389402
55357.90,HR 1357,23043,2389439
55365.00,HR 1342,18947,2389476
55366.00,HR 1366,20739,2389513
55371.00,HR 1371,18691,2389550
555005007,HR 7028,34307,2389587
5555.00.0463,HR 6130,4356,2389625
5555.00.5007,HR 7027,5636,2389666
5555.00463,HR 6130,45827,2389707
5555.005007,HR 6061,58627,2389746
55602.00,HR 1382,18435,2389786
55604.00,HR 1308,18435,2389823
55606.00,HR 1307,18691,2389860
55607.00,HR 13013,30467,2389897
55608.00,HR 1304,18435,2389935
55611.00,HR 1303,16643,2389972
55620.00,HR 1310,16131,2392124
55626.00,HR 1301,17667,2392161
55626.01,HR 1301,17923,2392198
55638.00,HR 13021,31235,2392235
55656.00,HR 13037,33027,2392273
55658.00,HR 13032,32259,2392311
557500502,HR 1871,34819,2392349
559 391 012,HRT 202,58627,2392387
559 391 013,HRT 202,58883,2392427
559001003,HR 3658,34563,2392467
559002002,HR 1160,30979,2392505
559003004,HR 3602,32515,2392543
559003005,HR 3601,32515,2392581
559003008,HR 2057,34307,2392619
559004006,HR 3522,33539,2392657
559220427,HR 51/01,46083,2392695
559220706,HR 025,21763,2392734
56 TRNS FB 3005,HR 6382,27653,2392771
5608-05008A-AA,HR 7483,44292,2392816
5630054,HR 46114,40451,2392859
564018,HR 3132,60162,2392897
56960.00,HR 1560,19971,2392932
57 529,HR 6243,58626,2392969
570007001902,HR 8300,5124,2393004
5711.00,HR 1559,6659,2393045
571391001902,HR 7357,9732,2395198
571395001902,HR 8239,10756,2395239
571418001902,HR 8269,10500,2395280
571418001902 D,HR 8269,36100,2395321
571448001902,HR 8268,11012,2395364
571476001902,HR 7484,11012,2395405
5730001 A,HR 7173,32003,2395446
5730011,HR 7480,7683,2395484
5730101 A,HR 7146,32259,2395520
5731001,HR 7476,8963,2395558
5731011 A,HR 7146,32515,2395594
5731013 A,HR 7145,32771,2395632
5731161 A,HR 7146,34051,2395670
5731167 A,HR 7022,33795,2395708
574,HR 2274 T28S,35331,2395746
575,HR 0068 T3S,21251,2395783
58 0671,HR 6018,5123,2395819
58 1120,HR 6018,2563,2395855
58 1210,HR 6228,3331,2395891
58 1210/5,HR 6228,28931,2395927
58 1327,HR 7296,7171,2395965
58 1327/6,HR 6228,31491,2396001
58 1362,HR 6393,6147,2396039
58 1369,HR 7037,6915,2396075
58-10012-01,HR 2063/00,24580,2396111
58-10032-01,HR 2118,54275,2397250
58-10032-02,HR 2118,54531,2397290
58-10032-03,HR 2118,54787,2397330
58-10032-04,HR 2118,55043,2397370
58-10032-05,HR 2118,55299,2397410
58-10041-01,HR 1130,52483,2397450
58-10041-02,HR 1130,52739,2397490
58-10041-04,HR 1130,53251,2397530
58-10081-01,HR 5668,58627,2397570
58-10094-01,HR 1124,55299,2397610
58-10106-01,HR 6174,56323,2397650
58-10106-02,HR 6174,56579,2397690
58-10110-01,HR 6119,54787,2397730
58-10110-02,HR 6119,55043,2397770
58-10132-01,HR 5805,56067,2397810
58-10144-01,HR 5808,57603,2397850
58-59413-01,HR 2267,59651,2397890
58-59948-01,HR 2268 TRSI,22789,2397930
58-61036-01,HR 2272 R,20740,2397975
58-61943-01,HR 7607,60675,2398017
58-62420-01,HR 3615,57091,2398057
58-62507-01,HRT 202,65027,2398097
58-62507-02,HRT 202,65283,2398137
58-62507-03,HRT 507,2052,2398177
58-62507-04,HRT 202,260,2401317
58-62507-05,HRT 202,516,2401357
58-62630-00,HR 2118,56835,2401397
58-63703 C-03,HR 8205,18692,2401437
58-63703 L-03,HR 8205,20996,2401479
58-63748-01,HR 7971,62979,2401521
58-63748-02,HR 7971,63235,2401561
58-63748-03,HR 7971,63491,2401601
58-63748-04,HR 7971,63747,2401641
58-63748-07,HR 7971,64515,2401681
58-63748-61,HR 7971,64515,2401721
58-65145-01,HR 7810,59139,2401761
58-65164-01,HR 7474,60931,2401801
58-65199-01,HR 7459,63747,2401841
58-65431-01,HR 7459,60931,2401881
58-65431-02,HR 7459,61187,2401921
58-67155-01,HR 7971,61955,2401961
580.317/0,HR 3103,30211,2402001
580.372/7,HR 2053,33027,2402039
580.495/6,HR 2050,33539,2402077
580.571/4,HR 6018,33795,2402115
580.671,HR 6018,8707,2402153
580.671/4,HR 6018,34051,2402189
580317-00,HR 3103,30211,2402227
581.120,HR 6018,6147,2402265
581.210,HR 6228,6915,2405441
581.210/5,HR 6228,32515,2405477
581.327,HR 7296,10755,2405515
581.327/6,HR 7296,36611,2405551
581.346,HR 7494,11011,2405589
581.362,HR 6393,9731,2405625
581.369,HR 7037,10499,2405661
58111.00,HR 1511,16387,2405697
58111.01,HR 1511,16643,2405734
5813276,HR 6228,11267,2405771
581362,HR 6393,63490,2405807
581369,HR 7037,64258,2405842
581410,HR 7484,62466,2405877
58180.00,HR 1581,19715,2405912
58225.00,HR 1544,19459,2405949
58272.00,HR 1522,18947,2405986
5830011,HR 7480,7939,2406023
58588.00,HR 1588,24579,2406059
58602.00,HR 1502,17667,2406096
5861 09 05,HR 2270 V5,16900,2406133
5861 64 42,HR 6009,40195,2406175
5861 64 43,HR 6009,40451,2406214
5861 64 44,HR 6009,40707,2406253
5861 64 81,HR 6009,40963,2406292
5861 69 45,HR 6182,42755,2406331
5861-943-01,HR 7607,60675,2406370
5862 507 01,HRT 202,58371,2407461
5862 507 02,HRT 202,58627,2407501
5862 507 03,HRT 507,60931,2407541
5862 507 04,HRT 202,59139,2407581
5862 507 05,HRT 202,59395,2407621
58629.00,HR 1529,22275,2407661
58630.00,HR 1530,18179,2407698
58631.00,HR 1531,18691,2407735
586374807,HR 7971,41475,2407772
586516401,HR 7474,37891,2407810
586543101,HR 7459,37891,2407848
58657.00,HR 1857,23555,2407886
586715501,HR 7971,38915,2407923
58714.00,HR 1544,20227,2407961
58730.00,HR 1583,20483,2407998
58783.00,HR 1553,21763,2408035
58818.00,HR 1518,21763,2408072
58819.00,HR 1519,22275,2408109
58825.00,HR 1525,20739,2408146
58877.00,HR 1577,24323,2408183
58878.00,HR 1522,22019,2408220
58878.01,HR 1522,22275,2408257
59 E 0029 AA-J 20,HR 8600,4357,2408294
59-00340-01,HR 1130,52995,2408340
5902-05004A-AA,HR 7452,41476,2408380
5902-05009A-AA,HR 7457,44036,2410533
5908-05004A-AA,HR 7452,43012,2410576
5908-05007A-AA,HR 7496,45828,2410619
5908-05008A-AA,HR 7483,45060,2410662
5908-05009A-AA,HR 7452,44292,2410705
5908-05010A-AA,HR 7452,42244,2410748
5908-05012A-AA,HR 7620,41988,2410791
5908-05014A-AA,HR 7441,42756,2410834
5908-05015A-AA,HR 7450,43012,2410877
5908-05016A-AA,HR 8088,45316,2410920
5908-05019A-AA,HR 7823,45060,2410963
5911-05012A-AA,HR 7620,40452,2411006
5911-05018A-AA,HR 7483,43780,2411049
59218.00,HR 1528,20739,2411092
59267.00,HR 1884,23043,2411129
59270.00,HR 1538,20483,2411166
59270.01,HR 1538,20739,2411203
59272.00,HR 1836,21251,2411240
59272.01,HR 1836,21507,2411277
59274.00,HR 1574,21507,2411314
59274.93,HR 1514,23043,2411351
59276.00,HR 1576,22531,2411388
59277.00,HR 18001,32771,2411425
59277.91,HR 18001,35331,2411463
5927791,HR 18001,23555,2413605
59292.00,HR 1592,21507,2413642
59292.02,HR 1592,22019,2413679
59384.00,HR 1546,21763,2413716
59392.00,HR 1883,22531,2413753
59392.01,HR 1883,22787,2413790
59430.00,HR 1885,21251,2413827
59491.00,HR 1823,20995,2413864
59491.90,HR 1823,23299,2413901
5949190,HR 1823,11523,2413938
59492.00,HR 1824,21507,2413974
59492.90,HR 1824,23811,2414011
5949290,HR 1824,12035,2414048
59493.00,HR 1825,22019,2414084
59493.90,HR 1825,24323,2414121
5949390,HR 1825,12547,2414158
59500.76,HR 7308,23043,2414194
59801.00,HR 1513,18691,2414231
59809.00,HR 1548,22787,2414268
59839.00,HR 1567,23811,2414305
6 F 39817,HR 42069,1028,2414342
6-026-606-10,HR 1687,4612,2414382
6-026-607-40,HR 1687,5636,2414423
6-062-700-50,HR 2110,65283,2414464
6-062-704-40,HR 6076,4356,2414505
60.2035.000,HR 6044,54275,2414546
602 470 003 391,HR 9828,34820,2415683
602035000,HR 6044,30723,2415727
602202-39,HR 7506,52739,2415765
602202-69,HR 7506,53507,2415804
602210-39,HR 46025,64515,2415843
602241-91,HR 42065,65027,2415883
602241191,HR 42065,516,2415923
602281-69,HR 7533,55299,2415963
602313-141,HR 46025,10756,2416002
602313141,HR 46025,64771,2416043
604 200 000 171,HR 7787,31748,2416083
604 200 000 210,HR 7537,28420,2416127
604 200 000 230,HR 7577,29956,2416171
604 200 000 240,HR 7386,29700,2416215
604 200 000 261,HR 7128,28932,2416259
604 200 000 271,HR 7386,30724,2416303
604 200 000 721,HR 7456,30212,2416347
604 200 243 270,HR 7140,29700,2416391
604 200 370 110,HR 6021,27396,2416435
604 200 370 120,HR 6036,29188,2416479
604 288 243 260,HR 7126,34564,2416523
604 550 0,HR 7731,24579,2416567
60412893,HR 6260,22787,2416605
604200000230,HR 7577,5380,2418719
604200000240,HR 7386,5124,2418760
604200000261,HR 7128,4356,2418801
604200000271,HR 7386,6148,2418842
604200000291,HR 7577,7172,2418883
604200000551,HR 8553,5636,2418924
604200000581,HR 8584,7428,2418965
604200000721,HR 7494,6148,2419006
604200001551,HR 7577,7172,2419047
604200230,HR 7577,34051,2419088
604220000240,HR 7386,5636,2419126
604220000271,HR 7386,6660,2419167
6045500,HR 7731,8195,2419208
6050,HR 502,19458,2419244
6052,HR 052,19970,2419276
606 120 0,HR 6362,23043,2419308
6061,HR 046,20738,2419346
6061200,HR 6362,6659,2419378
609311952,HR 7035,36099,2419414
61 612 00,HR 6372,23555,2419452
61.2006.000,HR 1536,54275,2419490
610 017 8540,HR 7624,64771,2419530
610 017 8564,HR 7624,772,2419571
610 017 8991,HR 7875,3844,2419612
610 017 9615,HR 7874,2052,2419653
610 017 9974,HR 7713,2052,2420788
610 018 0055,HR 7715,63491,2420829
610 018 3896,HR 8086,2564,2420870
610 018 6347,HR 6137,65283,2420911
610 018 6620,HR 6143,62979,2420952
610 018 6637,HR 6267,1284,2420993
610 018 6859,HR 6482,2564,2421034
610 207 8022,HR 7740,63491,2421075
610 213 3721,HR 7627,64003,2421116
610 218 9674,HR 7712,1796,2421157
610 232 6536,HR 7712,64771,2421198
6108,HR 2269 T10S,46083,2421239
612006000,HR 1536,30723,2421277
6133048060,HR 46088,16388,2421315
6133048061,HR 46088,16644,2421356
6133048062,HR 46088,16900,2421397
6133048100,HR 8189,2820,2421438
6133048130,HR 46093,14852,2421478
6133048131,HR 46093,15108,2421519
6133048133,HR 46093,15620,2421560
6133057040,HR 46095,15364,2421601
6133057042,HR 46095,15876,2421642
6133064130,HR 46093,14340,2421683
6135500,HR 6362,7939,2421724
6157 1311,HR 5804,29699,2424861
6157 6692,HR 5802,33539,2424899
6158 0915,HR 6119,32259,2424937
6161200,HR 6372,7171,2424975
61646-3243,HR 6498,50435,2425011
61692-3243,HR 6649,50179,2425050
6174 T 13003 C,HR 46162,64004,2425089
6174 V 6002 G,HR 8300,19460,2425134
6174 V 7001 A,HR 8300,17924,2425176
6174 V 7002 B,HR 7438,21252,2425218
6174 V 7002 C,HR 8605,20740,2425260
6174 V 8001 A,HR 7896,23044,2425302
6174 V 8004 A,HR 8300,18948,2425344
6174 V 8004 D,HR 8300,19716,2425386
6174 V 8005 A,HR 8300,19204,2425428
6174 V 8008 A,HR 8558,23812,2425470
6174 Z 1003 D,HR 46148,53764,2425512
6174 Z 1003 G,HR 46176,54788,2425556
6174 Z 1006 C,HR 46129,54020,2425600
6174 Z 1010 B,HR 46201,50180,2425644
6174 Z 1012 B,HR 46159,53764,2425688
6174 Z 1012 C,HR 46174,53252,2425732
6174 Z 1017 A,HR 46187,55044,2425776
6174 Z 1017 H,HR 46177,56580,2425820
6174 Z 1020 B,HR 46201,50436,2426917
6174 Z 1024 B,HR 46162,52996,2426961
6174 Z 1029 A,HR 46180,54020,2427005
6174 Z 1388 L,HR 46186,60420,2427049
6174 Z 2001 A,HR 46127,51972,2427093
6174 Z 2001 B,HR 46165,52740,2427137
6174 Z 2001 D,HR 46148,53508,2427181
6174 Z 2001 E,HR 46127,52996,2427225
6174 Z 2001 F,HR 46127,53252,2427269
6174 Z 2001 G,HR 46135,53252,2427313
6174 Z 2001 J,HR 46148,55044,2427357
6174 Z 2001 Z,HR 46127,58372,2427401
6174 Z 2002 F,HR 46191,53764,2427445
6174 Z 2003 C,HR 46122,51716,2427489
6174 Z 2003 F,HR 46123,52740,2427533
6174 Z 6012 J,HR 8645,24580,2427577
6174 Z 6022 E,HR 8574,23812,2427619
6174 Z 6032 A,HR 8276,22788,2427661
6174 Z 6238 L,HR 8164,26628,2427703
6174 Z 6238 N,HR 8634,27652,2427745
6174 Z 8001 A,HR 7896,24068,2427787
6174 Z 8002 A,HR 7906,22276,2427829
6174 Z 8004 A,HR 8300,19972,2427871
6174 Z 8005 C,HR 8300,20740,2428965
6174 Z 8005 E,HR 8123,22020,2429007
6174 Z 8006 A,HR 8273,22788,2429049
6174 Z 8008 A,HR 8558,24836,2429091
6174 Z 8008 A 2,HR 8558,45828,2429133
62.2046.000,HR 9648,58627,2429177
62.2067.000,HR 6352,56579,2429217
62.2088.000,HR 9407,58371,2429257
62.2111.000,HR 9470,55043,2429297
62.2124.000,HR 9492,57091,2429337
62.2142.000,HR 9492,57091,2429377
62.2170.000,HR 9446,57091,2429417
62.8 324 800 038,HRT 904,54532,2429457
622046000,HR 9648,35075,2429502
622067000,HR 6352,33027,2429540
622088000,HR 9407,34819,2429578
622111000,HR 9470,31491,2429616
622124000,HR 9492,33539,2429654
627 0061,HR 1689,18435,2429692
627 0125,HR 1689,18691,2429729
627 0185,HR 1689,20227,2429766
627 0209,HR 1689,19459,2429803
627.006,HR 1122,4867,2429840
6270.06,HR 1122,4867,2429876
627006,HR 1122,58626,2429912
6281.15.348,HR 2110,57347,2433084
6282,HR 2110,32770,2433124
6282.15,HR 2110,5123,2433157
6282.15.348,HR 2110,57603,2433193
63-50000-01,HRT 202,60163,2439006
63-60000-01,HRT 507,62467,2439046
63-60000-02,HRT 507,62723,2439086
63-60000-03,HRT 507,62979,2439126
63-60002-01,HRT 202,7680,2443291
63-60002-02,HRT 507,63235,2443331
63-60003-01,HRT 216 P,25604,2443371
63-60006-01,HRT 508 P,27396,2443413
63-60007-01,HRT 227 BP,44036,2443455
63-60008-01,HR 6119,56579,2443498
63-60008-02,HR 6119,56835,2443538
63.1456.201,HR 502,43267,2433233
63.2001.000,HR 2115,51971,2433272
63.2001.001,HR 2115,52227,2433312
63.2004.000,HR 3658,56067,2433352
63.2007.000,HR 3657,56579,2433392
63.2017.000,HR 3658,57091,2433432
63.2022.000,HR 6052,53763,2433472
63.2030.000,HR 6050,52995,2433512
63.2031.000,HR 6044,54019,2433552
63.2035.000,HR 6044,55043,2433592
63.2037.000,HR 6039,56579,2433632
63.2038.000,HR 6156,56835,2433672
63.2039.000,HR 7013,55299,2433712
63.2041.000,HR 7018,54787,2433752
63.2042.000,HR 7069,56579,2433792
63.2043.000,HR 6163,55299,2433832
63.2044.000,HR 7062,55299,2433872
63.2045.000,HR 7070,55299,2433912
63.2047.000,HR 6068,57347,2433952
63.2048.000,HR 6271,56579,2433992
63.2054.000,HR 7520,55299,2436149
63.2054.100,HR 7520,55555,2436189
63.2055.000,HR 6177,57347,2436229
63.2057.000,HR 6282,57091,2436269
63.2058.000,HR 7169,58627,2436309
63.2059.000,HR 6277,58627,2436349
63.2060.000,HR 7532,55299,2436389
63.2060.100,HR 7532,55555,2436429
63.2061.000,HR 6282,55811,2436469
63.2063.000,HR 6248,56835,2436509
63.2070.000,HR 6557,57091,2436549
63.2071.000,HR 6369,57603,2436589
63.2075.000,HR 6486,58627,2436629
63.2076.000,HR 6556,58371,2436669
63.2077.000,HR 6554,58115,2436709
63.2078.000,HR 6248,58371,2436749
63.2078.100,HR 6583,59139,2436789
63.2079.000,HR 6369,59651,2436829
63.2085.000,HR 7291,57603,2436869
63.2089.000,HR 6555,59139,2436909
63.2090.000,HR 7293,57091,2436949
63.2091.000,HR 7877,59395,2436989
63.2092.000,HR 7291,57091,2437029
63.2094.000,HR 8120,55555,2437069
63.2096.000,HR 7394,59139,2438202
63.2097.000,HR 6585,59651,2438242
63.2098.000,HR 7376,59651,2438282
63.2099.000,HR 6671,59139,2438322
63.2100.000,HR 7385,55555,2438362
63.2104.000,HR 7442,55043,2438402
63.2106.000,HR 6681,56579,2438442
63.2300.000,HR 6050,52995,2438482
63.6000.001,HRT 507,62979,2438522
63.6000.002,HRT 507,63235,2438562
63.6000.003,HRT 507,63491,2438602
63.6000.201,HRT 203,61699,2438642
63.6000.202,HRT 203,61955,2438682
63.6000.301,HRT 203,61955,2438722
63.6000.601,HRT 203,62723,2438762
63.6000.701,HRT 203,62979,2438802
63.6000.802,HR 6113,55811,2438842
63.6001.001,HRT 203,61443,2438882
63.6001.101,HRT 203,61699,2438922
63.7001.000,HR 2280 T6S,53252,2438962
631360010035,HR 46190,38660,2443578
631456201,HR 502,19715,2443621
632001000,HR 2115,28419,2443658
632001001,HR 2115,28675,2443696
632004000,HR 3658,32515,2443734
632007000,HR 3657,33027,2443772
632017000,HR 3658,33539,2443810
632022000,HR 6052,30211,2443848
632030000,HR 6050,29443,2443886
632031000,HR 6044,30467,2443924
632035000,HR 6044,31491,2443962
632037000,HR 6039,33027,2444000
632038000,HR 6156,33283,2444038
632039000,HR 7013,31747,2444076
632041000,HR 7018,31235,2444114
632042000,HR 7069,33027,2444152
632043000,HR 6163,31747,2444190
632044000,HR 7062,31747,2444228
632045000,HR 7070,31747,2445349
632047000,HR 6068,33795,2445387
632048000,HR 6271,33027,2445425
632049000,HR 7073,33539,2445463
632054000,HR 7520,31747,2445501
632054100,HR 7520,32003,2445539
632055000,HR 6177,33795,2445577
632057000,HR 6282,33539,2445615
632058000,HR 7169,35075,2445653
632059000,HR 6277,35075,2445691
632060000,HR 7532,31747,2445729
632061000,HR 6282,32259,2445767
632063000,HR 6248,33283,2445805
632070000,HR 6557,33539,2445843
632071000,HR 6369,34051,2445881
632075000,HR 6486,35075,2445919
632076000,HR 6556,34819,2445957
632077000,HR 6554,34563,2445995
632078000,HR 6248,34819,2446033
632078100,HR 6583,35587,2446071
632079000,HR 6369,36099,2446109
632085000,HR 7291,34051,2446147
632089000,HR 6555,35587,2446185
632090000,HR 7293,33539,2446223
632091000,HR 7877,35843,2446261
632092000,HR 7291,33539,2446299
632094000,HR 8120,32003,2448414
632095000,HR 6584,35331,2448452
632096000,HR 7394,35587,2448490
632097000,HR 6585,36099,2448528
632098000,HR 7376,36099,2448566
632099000,HR 6671,35587,2448604
632106000,HR 6681,33027,2448642
632300000,HR 6050,29443,2448680
6360,HR 2275 R,64258,2448718
636000001,HRT 507,39427,2448753
636000002,HRT 507,39683,2448791
636000003,HRT 507,39939,2448829
636000201,HRT 203,38147,2448867
636000202,HRT 203,38403,2448905
636000301,HRT 203,38403,2448943
636000601,HRT 203,39171,2448981
636000701,HRT 203,39427,2449019
636000802,HR 6113,32259,2449057
636001001,HRT 203,37891,2449095
636001101,HRT 203,38147,2449133
637001000,HR 2280 T6S,29700,2449171
638 A 502,HR 46143,61955,2449213
64 411,HR 6063,55554,2449253
64 420,HR 6063,55554,2449288
64 424,HR 6063,56578,2449323
64 429,HR 6063,57858,2449358
64 431,HR 6063,56066,2451505
64 434,HR 6063,56834,2451540
64 436,HR 7114,56834,2451575
64 441,HR 7114,55810,2451610
64 442,HR 6063,56578,2451645
64 444,HR 6063,57090,2451680
64 445,HR 6063,57346,2451715
64 447,HR 6063,57858,2451750
64 448,HR 6063,58114,2451785
64 450,HR 6063,56322,2451820
64 457,HR 6063,58114,2451855
64 461,HR 6063,56834,2451890
64 462,HR 6063,57090,2451925
64 463,HR 6063,57346,2451960
64 465,HR 7114,57346,2451995
64 476,HR 6063,58370,2452030
64 481,HR 6063,57346,2452065
64 486,HR 6063,58626,2452100
64 487,HR 6063,58882,2452135
64 488,HR 6063,59138,2452170
6405282703,HR 1697,50691,2452205
645 000 0089,HR 7619,260,2452244
645 000 0881,HR 7726,4,2452285
645 000 1414 32,HR 7726,32260,2452326
645 000 2458,HR 7619,772,2452370
645 003 3094,HR 8615,4,2452411
645 004 1501,HR 7739,65027,2453541
645 021 2574,HR 8516,516,2453582
6450000881,HR 7726,49155,2453623
646-7059,HR 42014,54275,2453662
6467059,HR 42014,42755,2453701
64797.00,HR 7238,23811,2453739
6538,HR 6547,38402,2453776
6557800,HR 7673,32003,2453809
656 2020,HR 6076,16899,2453846
6562020,HR 6076,8707,2453883
6564000,HR 1651,7171,2453919
6569200,HR 7140,8707,2453955
6577-00,HR 6577,10499,2453991
6578-00,HR 6578,11011,2454027
66 403,HR 7114,55810,2454103
66 406,HR 7114,56578,2454138
66 411,HR 6063,56066,2454173
66 420,HR 6100,54018,2454208
66 423,HR 6100,54786,2454243
66 425,HR 6100,55298,2454278
66 426,HR 6100,55554,2454313
66 445,HR 6100,55810,2454348
66 448,HR 6100,56578,2454383
66 449,HR 6100,56834,2454418
66 450,HR 6100,54786,2454453
66 452,HR 6100,55298,2454488
66 472,HR 6100,55810,2456635
66 480,HR 6100,55554,2456670
66 490,HR 6100,55810,2456705
66 X 9939,HR 42068,7428,2454063
660-302-1448,HR 7664,27140,2456740
660-302-1448 A,HR 7664,51972,2456782
6617000,HR 1651,6915,2456826
67 445,HR 6100,56066,2456906
67 452,HR 6100,55554,2456941
67 TRNS FB 1053,HR 6215,7429,2456862
67025,HR 025,34050,2456976
672-0039,HR 42005,51715,2457009
679 G,HR 2121,48386,2457048
680 G,HR 3640,48130,2457082
6808.03,HRT 507,16643,2457116
6808.03-00.00,HRT 507,23556,2457152
6808.03-01,HRT 507,52995,2457194
6808.03-01.00,HRT 507,23812,2457233
6808.03-1,HRT 507,40707,2457275
6808.04-00.00,HR 5664,16900,2457313
6808.05-00.00,HR 5666,17668,2457355
6808.08,HR 5667,11779,2457397
6808.08-00.00,HR 5667,18692,2457433
681 G,HR 3639,50434,2457475
682 G,HR 3639,50690,2457509
6830 605 003,HR 51/01,7940,2457543
6882.15,HR 2110,6659,2459704
68870210400,HR 6320,59651,2459740
693 99 0359,HR 6637,58627,2459780
6932 617 003,HR 1703,64003,2459820
695 99 0052,HR 6594,57091,2459861
696.741,HRT 227 BP,64003,2459901
7 GVZ 1079,HR 8455,65283,2459940
70 523 00,HR 7443,23811,2459979
70.20.1,HR 2274 T20S,14340,2460017
700 300 1410,HR 42053,25860,2460058
700 300 1410-8822,HR 42053,26117,2460101
700 300 5500,HR 46000,25860,2460149
700180020456 A,HR 46150,63748,2460192
700400100,HR 5505,29955,2460237
700400900,HR 5505,32003,2460275
700401009,HR 5505,32259,2460313
700401010,HR 2053,28931,2460351
7004020088,HR 6360,46595,2460389
700402013,HR 7072,31491,2460428
700402026,HR 2057,32003,2460466
700402044,HR 6018,32259,2460504
700402046,HR 9361,33795,2460542
700402048,HR 7020,31747,2460580
700402051,HR 7020,30211,2460618
700402056,HR 7078,34819,2461747
700402057,HR 7078,35075,2461785
700402060,HR 6177,33283,2461823
700402061,HR 9400,31491,2461861
700402068,HR 7031,32771,2461899
700402073,HR 6177,34307,2461937
700402074,HR 7031,32003,2461975
700402075,HR 7031,32259,2462013
700402079,HR 7190,54531,2462051
700402080,HR 6177,33795,2462090
700402081,HR 9400,32003,2462128
700402082,HR 6121,31491,2462166
700402083,HR 9400,32515,2462204
700402084,HR 6121,32003,2462242
700402086,HR 6228,34563,2462280
700402088,HR 7296,36611,2462318
700402092,HR 6228,33795,2462356
700402093,HR 6228,34051,2462394
700402097,HR 6228,35075,2462432
700402098,HR 7335,35331,2462470
700402100,HR 7567,33027,2462508
700402101,HR 9400,30211,2462546
700402107,HR 7297,34819,2462584
700402108,HR 7290,33283,2462622
700402109,HR 7588,36099,2462660
700402112,HR 6591,32771,2465829
700402113,HR 7250,31235,2465867
700402127,HR 6591,34307,2465905
700402131,HR 7250,31235,2465943
700402140,HR 8047,32515,2465981
700402153,HR 7856,35331,2466019
700402164,HR 6592,34819,2466057
700402165,HR 7884,36355,2466095
700402178,HR 8325,35075,2466133
700402181,HR 8325,33539,2466171
700402187,HR 8321,34051,2466209
700402208,HR 8540,33283,2466247
700402210,HR 7250,30723,2466285
700402215,HR 8586,35331,2466323
700402216,HR 8325,33283,2466361
7020 624 003,HR 51/01,6148,2466399
702022,HR 6052,58370,2466441
702130,HR 6050,57858,2466476
702139,HR 6044,60930,2466511
702250,HR 6077,60930,2466546
702252,HR 6039,60930,2466581
702253,HR 7014,59650,2466616
7032 624 003,HR 51/01,6916,2466651
704031.37,HR 7336,33795,2466693
70403137,HR 7336,22019,2466731
7047200,HR 8621,7939,2466768
705 030 5 D 11,HR 46113,49156,2468926
705 030 5D11,HR 46113,32772,2468971
7050301070,HR 42085,12548,2469014
7050301070 B,HR 42085,37636,2469055
7050301140,HR 46029,12548,2469098
7050301140 A,HR 46029,37380,2469139
7050301140 B,HR 46029,37636,2469182
7050301250,HR 42063,11524,2469225
7050301440,HR 42089,13828,2469266
7050301500,HR 46194,13316,2469307
7050301510,HR 42074,11780,2469348
7050302030,HR 42057,11524,2469389
7050302030 B,HR 42057,36612,2469430
7050302040,HR 42111,9476,2469473
7050304090,HR 46034,13316,2469514
7050304090-426,HR 46034,64772,2469555
7050304215,HR 7799,4612,2469600
7050304300,HR 46139,13316,2469640
705030431 A,HR 7845,14084,2469681
7050304380,HR 46196,16132,2469722
7050304600,HR 46081,13060,2469763
7050304610,HR 46139,14340,2469804
7050305 D 11,HR 46113,32772,2469845
7050305 M 11,HR 46194,37380,2470941
7050305011,HR 46113,11268,2470984
7050307 Y 10,HR 46128,39940,2471025
7050307 Y 11,HR 46202,38404,2471068
7050314300,HR 7664,1284,2471111
7050324090,HR 46034,13828,2471151
7050324300,HR 7664,1540,2471192
707952001,HR 2274 T20S,45316,2471232
707952302,HR 2274 T29S,48644,2471275
707952401,HR 2269 T11S,47364,2471318
707952501,HR 2269 T11S,47620,2471361
707952701,HR 2274 T26S,48644,2471404
707952901,HR 2274 T36S,49412,2471447
707953001,HR 2280 TS,19716,2471490
707953201,HR 7072,35843,2471531
707955301,HR 42048,3588,2471569
707955361,HR 42048,5124,2471609
707955801,HR 7221,56579,2471649
707955901,HR 7221,56835,2471688
707956201,HR 8260,56323,2471727
707956701,HR 7666,40195,2471766
707956901,HR 7671,39683,2471804
7110101,HR 8642,6403,2471842
711010577,HR 8642,35587,2471878
71300,HR 2282 T2,22787,2474021
71301,HR 2282 T2,23043,2474058
71302,HR 2282 T2,23299,2474095
71303,HR 2282 T2,23555,2474132
71304,HR 2282 T2,23811,2474169
71305,HR 2282 T2,24067,2474206
71306,HR 2282 T2,24323,2474243
71307,HR 2282 T2,24579,2474280
71308,HR 2282 T2,24835,2474317
71309,HR 2282 T2,25091,2474354
7135 200 753,HRT 507,6916,2474391
7135 213 003,HR 3513,61187,2474432
71352 130 03,HR 3513,61187,2474473
7136,HR 025,20994,2474514
7137,HR 025,21250,2474546
714002 J,HR 7460,21251,2474578
7140021,HR 7460,6659,2474615
7151 R,HR 3016,62466,2474651
72 3164,HR 6312,3331,2474686
7200.779.000,HRT 906,14596,2474722
7200.857.900,HR 7220,5892,2474763
720203,HR 8047,60162,2474804
7205 350 000,HR 253,47619,2474839
72053 500 00,HR 253,47619,2474879
7211 520 074,HRT 507,5892,2474919
7211 523 500,HR 721/213,33540,2474960
722 692 1,HR 6489,48899,2477125
722-75,HR 6018,60674,2477164
724 678 8,HR 7506,49923,2477199
7246-053,HR 2101,17923,2477238
725 021 0,HR 6178,24835,2477275
725 357 8,HRT 906,37379,2477313
725 384 2,HRT 901,34563,2477351
725 403 0,HR 5703,24067,2477389
725 442 8,HR 6305,26627,2477427
725 442 8 P 002,HR 6340,35076,2477465
725 442 8 P 102,HR 6330,35076,2477509
725 552 4,HR 6401,25347,2477553
725 736 3,HR 6178,28931,2477591
725 813 0,HR 6063,25347,2477629
725 877 5,HRT 904,37891,2477667
725 888 2,HR 5715,29699,2477705
726 015 1,HR 7472,25603,2477743
726 074 8,HR 6402,26627,2477781
726 112 6,HR 7401,24323,2477819
726 129 0,HR 5703,25603,2477857
726 227 2,HR 7407,26627,2477895
726 279 3,HR 6113,26883,2477933
726 387 4,HR 7472,29443,2477971
726 419 5,HR 7472,28675,2478009
726 536 6,HRT 906,36867,2478047
726 537 4,HR 5707,28419,2480165
726 572 1,HR 7402,25859,2480203
726 579 6,HR 6402,28675,2480241
726 757 6,HR 6088,30723,2480279
726 757 8,HR 6088,31235,2480317
726 842 8,HR 7874,30979,2480355
726 893 1,HR 6100,25859,2480393
726 932 7,HR 7113,27139,2480431
726 970 7,HR 6182,28931,2480469
7267576,HR 6088,14339,2480507
7267578,HR 6088,14851,2480543
727 173 7,HR 6100,25347,2480579
727 265 1,HR 7716,27907,2480617
727 326 6,HR 6170,26883,2480655
727 362 6,HR 6170,26883,2480693
727 479 8,HR 7244,30467,2480731
727 563 9,HR 7668,31747,2480769
727 646 2,HR 7411,26883,2480807
727 689 2,HR 6057,29955,2480845
727 864 1,HR 6157,28675,2480883
727 891 4,HR 5713,28675,2480921
727 907 8,HR 6182,29443,2480959
727 944 1,HR 5717,28675,2480997
728 253 6,HR 6193,28163,2481035
728 400 3,HR 7472,26115,2481073
728 481 3,HR 7751,28419,2481111
728 519 0,HR 7731,27651,2483264
728 548 9,HR 7731,30467,2483302
728 600 8,HR 7601,26371,2483340
728 634 7,HR 6088,29955,2483378
728 675 0,HR 6203,26627,2483416
728 804 6,HR 7452,28419,2483454
728 844 2,HR 7452,28419,2483492
728 892 1,HR 7484,30211,2483530
728 930 9,HR 7728,30723,2483568
7286347,HR 6088,13571,2483606
729 044 8,HR 7472,28675,2483642
729 095 0,HR 6603,26883,2483680
729 117 2,HR 7472,27395,2483718
729 188 3,HR 7494,30723,2483756
729 194 1,HR 7455,28675,2483794
729 208 9,HR 7669,31491,2483832
729 234 5,HR 7666,29443,2483870
729 293 1,HR 6201,25603,2483908
729 324 4,HR 7484,28675,2483946
729 348 3,HR 7483,29699,2483984
729 415 0,HR 7294,27651,2484022
729 458 0,HR 7460,28163,2484060
729 491 1,HR 7572,28675,2484098
729 546 2,HR 7740,28419,2484136
729 588 4,HR 7731,30467,2484174
729 642 9,HR 7477,31235,2486327
729 748 4,HR 6248,30467,2486365
729 883 9,HR 7244,30979,2486403
72903.305.00,HR 2279 T11S,16389,2486441
7291883,HR 7494,14339,2486487
73 170,HR 7188,58370,2486523
730 102 1433,HR 7664,17924,2486558
730 102 1433 A,HR 7664,42756,2486600
730 302 0564,HR 46122,29700,2486820
730 302 0564 A,HR 46122,54532,2486863
730 302 0570,HR 46121,28676,2486908
730 302 0850 C,HR 46124,55044,2486951
730 302 0850 D,HR 46124,55300,2486996
730 302 0850 M,HR 46123,57348,2487041
730 302 0850 N,HR 46123,57604,2487086
730 302 1433,HR 7664,18436,2487131
730 302 1433 A,HR 7664,43268,2487173
730 302 1433 B,HR 7664,43524,2487217
730 302 1772,HR 46160,30724,2487261
730 302 1772 I,HR 46160,57604,2490405
730 302 17721,HR 46160,43268,2490450
730 302 564 A,HR 46124,42756,2490494
730 302 564 I,HR 46124,44804,2490538
730 302 5641,HR 46124,30468,2490582
730 302 850 C,HR 46124,42756,2490625
730 302 850 D,HR 46124,43012,2490669
730 302 850 M,HR 46123,45060,2490713
730 302 X462,HR 46125,39940,2486644
730 302 X462 A,HR 46125,64772,2486687
730 302 X570,HR 46121,38916,2486732
730 302 X570 A,HR 46121,63748,2486775
730 312 1424,HR 7686,19716,2490757
730 312 1433,HR 7664,18692,2490799
730302 0570,HR 46121,20484,2490929
730302 X 570,HR 46121,38916,2490841
730302 X 570 A,HR 46121,63748,2490884
731003,HR 7470,59906,2490971
73170,HR 7188,50178,2491006
73212,HR 7873,49666,2491040
7325 323 500,HR 732/235,36100,2491074
733402,HR 46007,27395,2491118
7334021400506,HR 46014,51460,2491155
7334021400603,HR 46011,50180,2491199
7334021400808,HR 46007,53252,2491243
7334021401006,HR 46055,51716,2491287
7334021401103,HR 46073,51204,2491331
7334021401502,HR 46055,51972,2493496
7334021403106,HR 46200,50436,2493540
7334031200505,HR 2279 T18,30981,2493584
7334031301101,HR 46055,50692,2493631
7334031400105,HR 42110,48644,2493675
7334031401004,HR 42108,50180,2493719
7334031500509,HR 46015,52996,2493763
7350-01,HR 7350,25347,2493807
74 0025,HR 6311,1795,2493844
74 1481,HRT 202,11011,2493880
74 1809,HRT 202,12035,2493916
74 2549,HR 2161,4867,2493952
74 2843,HR 2460,4611,2493988
74 2902,HR 5157,5123,2494024
74 3013,HR 2461,2307,2494060
74 3245,HRT 242 BP,57603,2494096
74 3247,HR 2440,3843,2494135
74 3268,HR 2450,4867,2494171
74 3459,HR 2445,6403,2494207
74 3605,HR 6310,3331,2494243
74 3624,HR 1165,4355,2494279
74 3625,HRT 505,13059,2494315
74 3641,HR 1671,4611,2494351
740400100,HR 5505,30979,2494387
74235901,HR 6067,23555,2494425
7445520,HR 6634,6656,2495515
7445532,HR 7074,10755,2495551
744553247,HR 7074,38147,2495587
746 002 0063,HR 42015,28420,2495625
7460020063,HR 42015,12036,2495668
7460020113,HR 42054,11780,2495709
747-75,HR 6018,62466,2495750
74730101337,HR 42091,27396,2495785
74730102538,HR 2279 T18,8197,2495827
74730103330,HR 42107,25604,2495872
74730103437,HR 46030,27396,2495914
74736103330,HR 8219,16388,2495956
75 0025,HR 6311,2051,2495997
75 0103,HR 5505,2307,2496033
75 0816,HR 6312,4355,2496069
75 0842,HR 1671,4867,2496105
75 1155,HR 3615,4355,2496141
75 1243,HR 9616,5635,2496177
75 1355,HR 6313,4355,2496213
75 1425,HR 6320,3331,2496249
75 1426,HR 1670,4355,2496285
75 1427,HR 6321,4099,2496321
75 1593,HR 6323,5635,2496357
75 1596,HR 6322,6147,2496393
75 1972,HR 6301,4867,2496429
75 2068,HR 6300,3843,2496465
75 2682,HR 6304,5379,2498614
75 3206,HR 6305,3843,2498650
75 3206/730733,HR 6330,29444,2498686
75 3206/730975,HR 6340,31748,2498729
75 3530,HR 6307,4355,2498772
75 3530/730733,HR 6332,29956,2498808
75 3530/730975,HR 6342,32260,2498851
75 3543,HR 6308,5635,2498894
75 3543/730733,HR 6333,31236,2498930
75 3543/730975,HR 6343,33540,2498973
75 3588,HR 6309,8195,2499016
75 3588/730733,HR 6334,33796,2499052
75 3588/730975,HR 6344,36100,2499095
75 3766,HR 1661,6659,2499138
75 4139,HRT 902,13827,2499174
75 4141,HR 5703,3843,2499210
75 4367,HRT 903,14851,2499246
75 4368,HR 5709,8195,2499282
75 4549,HR 5707,7939,2499318
75 4574,HRT 906,15619,2499354
75 4794,HRT 904,16131,2499390
75 4795,HR 5705,8195,2499426
75 5035,HR 5703,4611,2499462
75 5036,HR 5716,5891,2499498
75 5057,HR 5707,6659,2499534
75 5512,HRT 911,12803,2500658
75 5513,HR 5717,6147,2500694
75 5536,HRT 906,15363,2500730
75 5587,HR 5701,7171,2500766
75 5728,HR 5713,7171,2500802
75 6172,HR 5711,5123,2500838
75 6240,HRT 906,13571,2500874
75 6241,HR 5722,4867,2500910
75 6353,HR 6501,4867,2500946
75 6570,HR 6500,4867,2500982
75 6598,HR 5718,9987,2501018
75 6820,HRT 250,12547,2501054
75 6947,HR 6502,7427,2501090
75 7031,HR 5720,3843,2501126
75 7033,HRT 906,13827,2501162
75 7184,HR 6501,5635,2501198
75 8266,HR 6504,6915,2501234
75 8364,HRT 402,13571,2501270
75 8485,HR 6509,8963,2501306
75 8496,HR 5730,8195,2501342
75 8498,HRT 400,15107,2501378
75 8503,HR 6509,6659,2501414
75 8871,HR 6505,7683,2501450
75 8914,HR 6513,6915,2501486
75.9880-1730,HR 7592,11268,2501522
75.9880-2117,HR 7772,11268,2501563
75.9880-2518,HR 7839,13572,2503717
75.9880-2644,HR 7839,13572,2503758
75.9902-0048,HR 7511,7940,2503799
75.9903-0017,HR 7511,7172,2503840
75.9903-0018,HR 7511,7428,2503881
75.9903-0033,HR 7919,9732,2503922
750 304 380,HR 46196,20228,2503963
7520 020 000,HRT 208,2052,2504005
7520 020 070,HRT 242 BP,48900,2504046
7520 024 000,HRT 244 BP,48644,2504090
7520 123 500,HR 3774,63491,2504134
7520 420 000,HRT 507,3588,2504175
7520 420 070,HRT 507,5380,2504216
7520 420 071,HRT 507,5636,2504257
7520 420 072,HRT 507,5892,2504298
7520 420 073,HRT 507,6148,2504339
7520 422 000,HRT 507,4100,2504380
7520 423 500,HR 3523,62211,2504421
7520 623 500,HR 3523,62723,2504462
75206 236 00,HR 6178,65283,2504503
75390,HR 42059,17155,2504544
75391,HR 42059,17411,2504580
75392,HR 42059,17667,2504616
75393,HR 42059,17923,2504652
75395,HR 42059,18435,2505777
75430111,HR 7590,21763,2505813
759 Z 003-20,HR 46164,40196,2505850
759 Z 003-20 B,HR 46164,65284,2505893
7598.801.730,HR 7592,11524,2505938
7598.802.117,HR 7772,11524,2505979
75988.017.30,HR 7592,11524,2506020
75988.021.17,HR 7772,11524,2506061
75988.025.18,HR 7839,13828,2506102
75988.025.20,HR 7811,9476,2506143
75988.026.44,HR 8378,13572,2506184
7599.020.048,HR 7511,8196,2506225
7599.030.018,HR 7511,7684,2506266
7599.030.033,HR 7919,9988,2506307
75990.200.18,HR 7511,7428,2506348
75990.200.48,HR 7511,8196,2506389
75990.300.17,HR 7511,7428,2506430
75990.300.18,HR 7511,7684,2506471
75990.300.33,HR 7919,9988,2506512
7599020048,HR 7511,50179,2506553
76 6052 5,HR 6321,25859,2506592
76 6154 5,HR 6321,26627,2506630
76 6357 5,HR 6321,27907,2506668
76 6445 5,HR 6321,27395,2506706
765017502,HR 602,21251,2509882
766 654 8,HR 7533,49923,2509919
77 1155,HR 3615,4867,2509958
77 1823,HR 5126,5123,2509994
77 20 84,HR 732,515,2510030
77 30 43,HR 730,64514,2510066
77 33 79 1,HR 731,23043,2510140
77 33 79 U,HR 731,32259,2510102
77118,HR 1622,48386,2510178
7720 223 500,HR 3679,65283,2510212
77202 235 00,HR 3679,65283,2510253
775 084 7,HR 6543,29187,2510294
775 248 8,HR 6488,32003,2510332
775 531 7,HR 7565,29699,2510370
775 597 8,HR 7731,31747,2510408
775 711 5,HR 5726,28419,2510446
775 765 1,HR 6501,27651,2510484
775 771 5,HR 5726,29955,2510522
775 788 3,HR 6500,29187,2510560
775 914 5,HR 5800,27907,2510598
776 054 9,HR 7571,29699,2510636
776 091 1,HR 6501,25859,2510674
776 127 3,HR 6488,29955,2510712
776 144 8,HR 7484,30211,2510750
776 145 5,HR 7906,29443,2510788
776 155 4,HR 6504,27651,2512933
776 189 3,HR 7520,28931,2512971
776 394 9,HR 6488,33027,2513009
776 424 4,HR 7244,27907,2513047
776 779 1,HR 7532,30467,2513085
776 816 1,HR 7018,28163,2513123
776 918 5,HR 6362,30211,2513161
77604066,HR 2270 V2,260,2513199
777 094 4,HR 7229,29699,2513239
777 181 9,HR 6506,29443,2513277
777 183 5,HR 6512,28163,2513315
777 186 8,HR 6505,30211,2513353
777 283 3,HR 6371,28675,2513391
78 1966,HR 7537,9475,2513601
78 TF 2041/01,HR 3616,23044,2513429
78 TF 2041/01 Z,HR 3616,54276,2513471
78 TF 2041/02,HR 3615,23044,2513515
78 TF 2041/02 Z,HR 3615,54276,2513557
7807 020 080,HRT 227 BP,51972,2513637
7811 020 070,HRT 226 BS,50948,2513681
7811 020 071,HRT 227 BP,50692,2513725
7811 022 070,HRT 242 BP,50180,2513769
7811 022 071,HRT 246 BS,52228,2513813
7818 022 400,HRT 226 BS,52484,2513857
781966,HR 7537,1283,2514981
785.517,HR 6075,11011,2515016
789010,HR 6362,62466,2515052
79 4304,HR 6515,5635,2517591
79 4315,HR 5736,7171,2517627
79 A 302-1,HR 6161,39939,2515087
79 A 302-2,HR 6296,42499,2515126
79 A 302-7,HR 7193,43011,2515165
79 A 302-9,HR 7193,43523,2515204
79 A 303-5,HR 46038,9476,2515243
79 A 307-1,HR 46038,55299,2515284
79 A 307-2,HR 46038,9732,2515324
79 A 307-3,HR 46038,55811,2515365
79 A 307-5,HR 46038,56323,2515405
79 A 313-1,HR 42055,7428,2515445
79 A 313-1 A,HR 42055,32260,2515486
79 A 327-7,HR 7692,4,2515529
79 A 338-1,HR 2287 T17,54020,2515569
79 A 348-1,HR 46099,12548,2515613
79 A 348-2,HR 46099,12804,2515654
79 A 348-3,HR 46099,13060,2515695
79 A 355-1,HR 7744,63747,2515736
79 A 355-2,HR 7744,64003,2515776
79 A 355-3,HR 7744,64259,2515816
79 A 355-4,HR 7744,64515,2515856
79 A 355-4 A,HR 7744,23812,2515896
79 A 361-1,HR 46099,11268,2515938
79 A 361-2,HR 7775,64259,2517029
79 A 361-3,HR 7775,64515,2517069
79 A 366-2,HR 7744,64515,2517109
79 A 366-2 A,HR 7744,23812,2517149
79 A 369-1,HR 46099,13316,2517191
79 A 369-1 A,HR 46099,38148,2517232
79 A 369-3,HR 46099,13828,2517275
79 A 369-4,HR 46099,14084,2517316
79 TD 0025,HR 6375,52739,2517357
79 TD 0308,HR 7767,55299,2517396
79 TD 0498,HR 7468,57347,2517435
79 TD 0574,HR 7455,55043,2517474
79 TD 0688,HR 7494,57347,2517513
79 TD 0943,HR 7468,56067,2517552
79.20.1,HR 2274 T20S,16644,2517663
79.21.1,HR 2269 T11S,17924,2517704
791,HR 3112 TS,6403,2517745
7916 020 070,HRT 240 BS,51460,2517780
7916 024 000,HRT 242 BP,50436,2517824
79160 240 00,HRT 245 BS,51972,2517868
794,HR 3215,22786,2517912
799,HR 2282 T2,1795,2517944
8 324 800 038,HRT 904,16132,2517979
8 327 105 495,HR 6300,7940,2520101
8 619 139 229,HR 7592,13060,2520143
8 627 000 311,HR 6311,4356,2520185
8 627 000 841,HR 6311,6404,2520227
8 627 000 842,HR 6312,6916,2520269
8 627 000 843,HR 6313,7428,2520311
8 627 000 845,HR 6315,8452,2520353
8 627 002 444,HR 5126,7428,2520395
8 627 002 467,HR 2082,8196,2520437
8 627 105 490,HR 6320,7940,2520479
8 627 105 491,HR 6321,8452,2520521
8 627 105 492,HR 6322,8964,2520563
8 627 105 493,HR 6323,9476,2520605
8 627 105 494,HR 6324,9988,2520647
8 627 105 495,HR 6300,8708,2520689
8 627 105 496,HR 6301,9220,2520731
8 627 105 497,HR 6302,9732,2520773
8 627 105 498,HR 6304,10500,2520815
8 627 105 499,HR 6349,32772,2520857
8 627 105 500,HR 6305,6660,2520900
8 627 105 501,HR 6307,7428,2520942
8 627 105 502,HR 6309,8196,2520984
8 627 105 503,HR 6316,7940,2521026
8 627 105 505,HR 6319,9220,2522163
8 627 140 499,HR 6349,32516,2522205
8 627 210 435,HR 6328,28676,2522248
8 634 260 500,HR 8589,10756,2522291
8 664 490 085,HR 1671,11012,2522333
8 664 490 086,HR 1671,11268,2522375
8 664 490 385,HR 1670,11524,2522417
8 664 490 44.,HR 1660,8708,2522459
8 664 490 440,HR 1673,10244,2522501
8 664 490 447,HR 1661,11268,2522543
8 664 490 507,HR 1661,10500,2522585
8 664 490 585,HR 1661,12036,2522627
8 664 490 607,HR 1661,10756,2522669
8 664 490 716,HR 1662,11268,2522711
8 664 490 789,HR 1673,14340,2522753
8 667 133 201,HR 2175,7684,2522795
8 667 210 001,HR 3616,6404,2522837
8 667 210 002,HR 3615,6404,2522879
8 667 210 067,HR 2467,10244,2522921
8 667 210 068,HR 2110,6660,2522963
8 667 210 069,HR 2169,10500,2523005
8 667 210 082,HR 2082,7684,2523047
8 667 210 110,HR 2114,4612,2523089
8 667 210 112,HR 2110,4100,2525250
8 667 210 113,HR 2467,8196,2525292
8 667 210 114,HR 2114,5636,2525334
8 667 210 115,HR 2111,5124,2525376
8 667 210 116,HR 3511,6660,2525418
8 667 210 117,HR 2458,9220,2525460
8 667 210 118,HR 2118,7684,2525502
8 667 210 141,HR 2169,8196,2525544
8 667 210 150,HR 2459,8708,2525586
8 667 210 152,HR 2152,6660,2525628
8 667 210 155,HR 2155,8196,2525670
8 667 210 158,HR 1130,6916,2525712
8 667 210 172,HR 9672,10756,2525754
8 667 210 173,HR 9613,9732,2525796
8 667 210 174,HR 9610,9220,2525838
8 667 210 179,HR 9613,11268,2525880
8 667 210 214,HR 5705,8196,2525922
8 667 210 241,HR 2141,5892,2525964
8 667 210 242,HR 2118,7172,2526006
8 667 210 243,HR 2143,6916,2526048
8 667 210 244,HR 2440,7172,2526090
8 667 210 245,HR 2450,7684,2526132
8 667 210 247,HR 5165,9732,2526174
8 667 210 262,HR 2467,9476,2531365
8 667 210 310,HR 6310,5636,2531407
8 667 210 311,HR 6311,6148,2531449
8 667 210 312,HR 6312,6660,2531491
8 667 210 313,HR 6313,7172,2531533
8 667 210 314,HR 6314,7684,2531575
8 667 210 315,HR 6315,8196,2531617
8 667 210 350,HR 9610,8196,2531659
8 667 210 351,HR 9621,8964,2531701
8 667 210 354,HR 9616,10756,2531743
8 667 210 355,HR 9625,11012,2531785
8 667 210 356,HR 9616,11268,2531827
8 667 210 359,HR 9609,12548,2531869
8 667 210 374,HR 2460,8708,2531911
8 667 210 376,HR 2461,9476,2531953
8 667 210 390,HR 9690,11268,2531995
8 667 210 400,HR 6320,5892,2532037
8 667 210 401,HR 6321,6404,2532079
8 667 210 402,HR 6322,6916,2532121
8 667 210 403,HR 6323,7428,2532163
8 667 210 404,HR 6324,7940,2532205
8 667 210 420,HR 6303,6660,2532247
8 667 210 421,HR 2141,5892,2532289
8 667 210 431,HR 6005,6916,2533426
8 667 210 432,HR 6349,29700,2533468
8 667 210 433,HR 6327,9220,2533511
8 667 210 434,HR 6328,29444,2533553
8 667 210 435,HR 6328,26628,2533596
8 667 210 450,HR 2445,8196,2533639
8 667 210 470,HR 6300,7172,2533681
8 667 210 471,HR 6301,7684,2533723
8 667 210 472,HR 6302,8196,2533765
8 667 210 473,HR 6304,25604,2533807
8 667 210 495,HR 9695,14084,2533850
8 667 210 520,HR 6305,7428,2533892
8 667 210 520 P 002,HR 6340,15877,2533934
8 667 210 520 P 102,HR 6330,15877,2533982
8 667 210 520/730,HR 6330,58372,2534030
8 667 210 521,HR 6326,8452,2534076
8 667 210 522,HR 6307,8452,2534118
8 667 210 522 P 002,HR 6342,16901,2534160
8 667 210 522 P 102,HR 6332,16901,2534208
8 667 210 522/730,HR 6332,59396,2534256
8 667 210 523,HR 6308,8964,2534302
8 667 210 523 P 002,HR 6343,17413,2534344
8 667 210 524,HR 6309,9476,2536517
8 667 210 524 P 002,HR 6344,17925,2536559
8 667 210 524 P 102,HR 6334,17925,2536607
8 667 210 524/730,HR 6334,60420,2536655
8 667 210 525,HR 6316,9220,2536701
8 667 210 525 P 002,HR 6345,18437,2536743
8 667 210 525 P 102,HR 6335,18437,2536791
8 667 210 527,HR 6325,9732,2536839
8 667 210 528,HR 6317,10244,2536881
8 667 210 528 P 002,HR 6346,19461,2536923
8 667 210 529,HR 6319,11012,2536971
8 667 210 529 P 002,HR 6348,20229,2537013
8 667 210 630,HR 9663,10500,2537061
8 667 210 805,HR 6309,9988,2537103
8 667 210 806,HR 6306,9476,2537145
8 667 210 806 P 002,HR 6341,17925,2537187
8 667 210 806 P 102,HR 6331,17925,2537235
8 667 210 808,HR 6318,10756,2537283
8 667 210 808 P 002,HR 6347,19973,2537325
8 667 210 868,HR 9547,14084,2537373
8 667 246 356,HR 6321,11012,2537415
8 667 434 207,HR 5707,11268,2538552
8 667 434 520,HR 6330,8964,2538594
8 668 210 201,HRT 202,13316,2538636
8 668 210 203,HRT 505,15364,2538678
8 668 500 100,HRT 202,13316,2538720
8 668 810 002,HRT 507,16644,2538762
8 668 810 200,HRT 202,14596,2538804
8 668 810 201,HRT 202,14852,2538846
8 668 810 202,HRT 205,15876,2538888
8 668 810 203,HRT 205,16132,2538930
8 668 810 205,HRT 242 BP,62468,2538972
8 668 810 400,HRT 202,15108,2539017
8 668 810 560,HRT 202,16900,2539059
8 668 810 561,HRT 202,17156,2539101
8 668 810 562,HRT 205,18180,2539143
8 668 810 563,HRT 205,18436,2539185
8 668 810 574,HRT 216 A,44292,2539227
8 668 810 710,HRT 205,16900,2539271
8 668 810 711,HRT 205,17156,2539313
8 668 810 712,HRT 205,17412,2539355
8 668 810 715,HRT 218 B,44292,2539397
8 668 810 890,HRT 205,19204,2539441
8 668 810 990,HRT 202,18692,2539483
8 668 811 130,HRT 205,16132,2542629
8 669 133 201,HR 2175,8196,2542671
8 669 133 211,HR 2175,8452,2542713
8 669 143 600,HRT 202,15620,2542755
8 669 433 072,HRT 906,19716,2542797
8 669 433 200,HR 5705,9220,2542839
8 669 433 202,HR 5703,9220,2542881
8 669 433 205,HR 5717,11268,2542923
8 669 433 207,HR 5707,11524,2542965
8 669 433 208,HR 5705,11268,2543007
8 669 433 209,HR 5713,11268,2543049
8 669 433 212,HR 5707,10500,2543091
8 669 433 213,HR 5719,11524,2543133
8 669 433 214,HR 5705,10500,2543175
8 669 433 260,HR 6503,9988,2543217
8 669 433 274,HR 6504,11524,2543259
8 669 433 403,HRT 903,18436,2543301
8 669 433 405,HRT 904,19204,2543343
8 669 433 410,HRT 910,17412,2543385
8 669 434 202,HR 5703,9476,2543427
8 669 434 402,HRT 902,18180,2543469
8 669 435 201,HR 6501,8708,2543511
8 669 435 203,HR 5721,9988,2543553
8 669 435 208,HR 5717,12548,2545714
8 669 435 211,HR 5718,11268,2545756
8 669 435 213,HR 5722,10500,2545798
8 669 435 216,HR 5720,10756,2545840
8 669 435 220,HR 6500,8708,2545882
8 669 435 222,HR 6502,9732,2545924
8 669 435 246,HR 6501,11012,2545966
8 669 435 256,HR 5729,14084,2546008
8 669 435 260,HR 6503,10500,2546050
8 669 435 274,HR 6504,12036,2546092
8 669 435 284,HR 6501,11524,2546134
8 669 435 285,HR 6511,12036,2546176
8 669 435 288,HR 5726,14596,2546218
8 669 435 295,HR 5730,12804,2546260
8 669 435 416,HRT 911,19716,2546302
8 669 435 422,HRT 251,18180,2546344
8 669 435 432,HRT 248 BP,5,2546386
8 669 435 448,HRT 250,19972,2546431
8 669 443 405,HRT 904,19460,2546473
8 669 443 410,HRT 906,18948,2546515
8 669 485 028,HR 6512,12292,2546557
8 669 485 030,HR 6506,11268,2546599
8 669 485 034,HR 6514,12036,2546641
8 669 485 049,HR 6518,14596,2547778
8 669 485 052,HR 6509,13060,2547820
8 669 485 057,HR 5734,14084,2547862
8 669 485 060,HR 6572,12804,2547904
8 669 485 065,HR 5725,13828,2547946
8 669 485 069,HR 6522,13828,2547988
8 669 485 073,HR 6573,14084,2548030
8 669 485 075,HR 6573,14596,2548072
8 669 485 078,HR 6520,13316,2548114
8 669 485 080,HR 6580,13060,2548156
8 669 485 085,HR 6587,16132,2548198
8 669 485 087,HR 6586,16388,2548240
8 669 485 092,HR 6519,14340,2548282
8 669 485 202,HRT 402,17924,2548324
8 669 485 203,HRT 404,18692,2548366
8 669 485 204,HRT 400,17924,2548408
8 669 485 205,HRT 402,18692,2548450
8 669 485 328,HR 6505,13572,2548492
8 669 485 338,HR 6574,15364,2548534
8 669 485 341,HR 5727,13572,2548576
8 669 485 346,HR 7292,14596,2548618
8 669 495 049,HR 6518,14852,2548660
8 677 210 068,HR 2110,6916,2548702
8 677 210 082,HR 2082,7940,2550821
8 677 210 374,HR 2460,8964,2550863
8 677 210 376,HR 2461,9732,2550905
8 677 210 450,HR 2445,8452,2550947
8 678 210 572,HRT 201,16132,2550989
8 678 810 205,HRT 242 BP,62724,2551031
8 678 810 211,HRT 202,15364,2551076
8 678 810 400,HRT 202,15364,2551118
8 678 810 572,HRT 205,18692,2551160
8 678 810 574,HRT 205,19204,2551202
8 678 840 572,HRT 201,18436,2551244
8-598-803-00,HR 8372,7684,2551286
8-598-818-00,HR 8187,10244,2551327
8-598-818-10,HR 8187,10500,2551368
8-598-822-00,HR 8520,6660,2551409
8-598-822-01,HR 8520,6916,2551450
8-598-824-10,HR 8534,8708,2551491
8-598-825-00,HR 8592,9732,2551532
8-598-825-10,HR 8592,9988,2551573
8-598-825-20,HR 8592,10244,2551614
8-598-831-00,HR 8577,9732,2551655
8-598-831-01,HR 8577,9988,2551696
8-598-834-10,HR 8579,11268,2551737
8-598-834-20,HR 8579,11524,2551778
8-598-834-30,HR 8579,11780,2553893
8-598-834-40,HR 8579,12036,2553934
8-598-834-50,HR 8579,12292,2553975
8-598-836-00,HR 8580,9476,2554016
8-598-836-01,HR 8580,9732,2554057
8-598-836-02,HR 8580,9988,2554098
8-598-838-00,HR 7946,11268,2554139
8-598-838-01,HR 7946,11524,2554180
8-598-838-40,HR 7946,12292,2554221
8-598-843-00,HR 8175,8964,2554262
8-598-844-00,HR 8182,8708,2554303
8-598-851-10,HR 8638,9988,2554344
8-598-851-40,HR 8638,10756,2554385
8-598-851-50,HR 8638,11012,2554426
8-598-852-00,HR 7979,11780,2554467
8-598-852-01,HR 7979,12036,2554508
8-598-855-00,HR 8567,11012,2554549
8-598-922-00,HR 7391,8196,2554590
8-598-928-00,HR 8293,10244,2554631
8-598-928-01,HR 8293,10500,2554672
8-598-928-11,HR 8293,10756,2554713
8-598-938-00,HR 7391,9988,2554754
8-598-951-00,HR 7973,10244,2554795
8-598-951-01,HR 7973,10500,2554836
8-598-952-00,HR 7762,9476,2556995
8-598-952-01,HR 7762,9732,2557036
8-598-952-10,HR 7762,9732,2557077
8-598-952-30,HR 7762,10244,2557118
8-598-952-40,HR 7762,10500,2557159
8-598-959-00,HR 8172,10244,2557200
8-598-959-01,HR 8172,10500,2557241
8-598-959-02,HR 8172,10756,2557282
8-598-961-00,HR 8208,8452,2557323
8-598-968-00,HR 46202,41220,2557364
8-598-968-01,HR 46202,41476,2557407
8-598-968-10,HR 46202,41476,2557450
8-598-969-00,HR 8193,11268,2557493
8-598-976-00,HR 8578,12548,2557534
8-598-986-00,HR 8566,12036,2557575
8-598-986-10,HR 8566,12292,2557616
8-598-988-00,HR 7364,11268,2557657
8-598-992-00,HR 8211,7940,2557698
8-598-994-00,HR 8569,12548,2557739
8-598-994-10,HR 8569,12804,2557780
8-598-994-20,HR 8569,13060,2557821
8-598-998-00,HR 8220,9476,2557862
80 004 008,HR 42029,3076,2557903
80 004 11,HR 42007,53763,2561085
80 004 13,HR 42016,54275,2561125
80 66 1900,HR 7140,37891,2561165
8008 023 500,HR 3670,62467,2561204
8013414,HR 7503,7683,2561245
8014054,HR 6078,9475,2561281
8014066,HR 6070,8195,2561317
8014073,HR 6212,7171,2561353
8014080,HR 6036,7683,2561389
8014084,HR 6356,9987,2561425
8014087,HR 7319,10755,2561461
80140897,HR 7321,23555,2561497
8014094,HR 6259,10755,2561534
8014097,HR 7321,9219,2561570
8014123,HR 6469,9731,2561606
80231500,HR 7275,20995,2561642
802927.00,HR 7140,32771,2561679
8035 020 074,HRT 227 BP,51204,2561717
8038-00,HR 8038,27139,2561761
804073.31,HR 7176,34563,2561798
8042-00,HR 8042,4867,2561836
804484.60,HR 6272,35587,2561872
80448460,HR 6272,23811,2561910
8065621350,HR 8624,49667,2561947
8066 1900,HR 7140,29699,2561986
810.11030,HR 2268 TRSI,55812,2564149
8100 020 002,HR 6036,58883,2564192
8100 020 070,HR 6020,58371,2564233
8100 020 071,HR 6020,58627,2564274
8100 020 073,HR 6137,61443,2564315
8100 020 074,HR 5642,61699,2564356
8100 020 075,HR 3643,61699,2564397
8100 020 078,HRT 227 BP,50436,2564438
8100 020 080,HR 6021,58883,2564482
8100 020 081,HR 3643,60931,2564523
8100 020 082,HR 6020,59139,2564564
8100 020 085,HR 6036,61699,2564605
81000 200 70,HR 6020,58371,2564646
81000 500 60,HR 2051,58883,2564687
81050060,HR 2051,17923,2564728
8110 020 078,HRT 227 BP,50692,2564765
8110 024 400,HR 6114,59907,2564809
8110 244 00,HR 6114,47619,2564850
8114 024 100,HR 6024,60163,2564890
8115 020 085,HR 6024,62467,2564931
8115 021 300,HR 6036,60931,2564972
8115 023 600,HR 5638,64003,2565013
8115 024 000,HR 6024,60163,2565054
8115 024 001,HR 6024,60419,2567205
8115 024 100,HR 6024,60419,2567246
8115 024 200,HR 6024,60675,2567287
8115 024 400,HR 6114,61187,2567328
8115 024 401,HR 6024,61443,2567369
8115 024 500,HR 6024,61443,2567410
8115 024 502,HR 6024,61955,2567451
8115 024 800,HR 6036,62979,2567492
8115 034 500,HR 6024,61699,2567533
8118 524 400,HR 6024,63235,2567574
812100/01,HR 185,17411,2567615
812100/1,HR 185,5123,2567652
8121001,HR 185,58626,2567688
812140/01,HR 185,18435,2567723
8140.601.273,HR 2101,2564,2567760
8155 023 600,HR 5638,65027,2567801
817119,HR 7491,64002,2567842
8172 A,HR 3054,59650,2567877
8172 G,HR 3054,61186,2567912
818801,HR 7443,62978,2567947
81909722,HR 052,9987,2567982
81925512,HR 046,9475,2568018
81928872,HR 046,12547,2568054
82-0205-5,HR 2130,28675,2568090
82-0205-55,HR 2130,42243,2568128
82-0209-7,HR 1730,31491,2569253
82-205-7,HR 2130,16899,2569291
82-207-8,HR 2266 R,49411,2569328
82-209-7,HR 1730,19203,2569367
82-502-7,HR 2130,16899,2569404
8206 270 07171,HR 7662,26628,2569441
8206 270 07181,HR 7650,26116,2569484
8206 270 08021,HR 7650,24580,2569527
8206 270 08031,HR 7662,25604,2569570
8207 100 11721,HR 46075,56068,2569613
822093/5W 18 CE,HR 1730,55556,2569658
8222 280 05627,HR 2049,25860,2569702
8222 280 06590,HR 2045,24836,2569745
8222 280 06598,HR 2045,26884,2569788
822403,HR 8621,60930,2569831
8228 001 09261,HR 7704,25348,2569866
8228 001 33243,HR 8457,26116,2569909
8230 090 00301,HR 1610,19460,2569952
8230 090 07174,HR 7442,25604,2569995
8230 090 07400,HR 9463,24836,2570038
8230 090 07401,HR 9463,25092,2570081
8230 090 07402,HR 9463,25348,2570124
823006,HR 7728,62722,2570167
8239 121 19730,HR 7527,27908,2570202
824 TX 0143,HR 1683,3588,2573349
824404,HR 7918,63746,2573389
826 390 6,HRT 202,33795,2573424
83237.00,HR 9206,20483,2573462
83238.00,HR 9216,20995,2573499
83238.01,HR 9216,21251,2573536
83238.50,HR 9215,22019,2573573
8324.000.040,HRT 906,11780,2573610
8324.800.003,HRT 507,12804,2573651
8324.800.004,HRT 507,13060,2573692
8324.800.005,HRT 507,13316,2573733
8324.800.008,HRT 507,14084,2573774
8324.800.017,HRT 246 BS,60420,2573815
8324.800.023,HRT 240 BS,58116,2573859
8324.800.024,HRT 263,13316,2573903
8324.800.029,HRT 902,14596,2573944
8324.800.030,HRT 209,12548,2573985
8324.800.032,HRT 250,12036,2574026
8324.800.034,HRT 250,12548,2574067
8324.800.035,HRT 248 BP,60164,2574108
8324.800.036,HRT 251,13316,2574152
8324.800.037,HRT 903,14596,2574193
8324.800.038,HRT 904,15108,2574234
8324.800.040,HRT 906,13828,2574275
8324.800.045,HRT 911,14084,2576434
8324.800.047,HRT 920,14596,2576475
8324.800.050,HRT 901,12804,2576516
8324.800.051,HRT 902,13316,2576557
8324.800.052,HRT 234 BP,58628,2576598
8324.800.053,HRT 254,13828,2576642
8324.800.055,HRT 910,14084,2576683
8324.800.058,HRT 230 BP,59140,2576724
8324.800.060,HRT 235 BP,58628,2576768
8324.800.061,HRT 234 BP,58628,2576812
8324.800.086,HRT 208,15108,2576856
8324.800.087,HRT 208,15364,2576897
8324.800.134,HRT 250,12804,2576938
8324.800.186,HRT 218 B,40708,2576979
8324.800.187,HRT 218 B,40964,2577022
8324.800.189,HRT 234 BP,61444,2577065
8324.800.198,HRT 263,16388,2577109
8324.800.308,HRT 400,12804,2577150
8324.800.310,HRT 400,11012,2577191
8324.800.325,HRT 402,13060,2577232
8324.800.326,HRT 402,13316,2577273
8324.800.329,HRT 404,14596,2577314
8324.801.055,HRT 910,14340,2577355
8324.801.073,HRT 900,14084,2578490
8324.801.077,HRT 905,16388,2578531
8324.803.117,HRT 234 BP,59908,2578572
8324.803.124,HRT 234 BP,59396,2578616
83242.00,HR 9204,18947,2578660
83242.01,HR 9204,19203,2578697
83244.00,HR 1804,18947,2578734
83516.00,HR 18516,33795,2578771
83516.01,HR 18516,34051,2578809
83526.00,HR 18526,34307,2578847
83542.00,HR 1843/34,58371,2578885
83592.00,HR 1843/87,61699,2578925
83594.00,HR 1843/38,61187,2578965
83608.00,HR 1808,20995,2579005
83610.00,HR 1810,17411,2579042
83610.01,HR 1810,17667,2579079
83611.00,HR 1811,17923,2579116
83616.00,HR 1816,20483,2579153
83636.00,HR 1863,21507,2579190
83647.00,HR 8647,23811,2579227
83647.01,HR 8647,24067,2579264
83650.00,HR 1815,19715,2579301
83659.00,HR 9208,23043,2579338
83659.01,HR 9208,23299,2579375
83668.00,HR 1868,24067,2579412
83685.00,HR 19027,35075,2581563
83685.01,HR 19027,35331,2581601
83705.00,HR 1832,19715,2581639
8391 320 300,HR 7112,61955,2581676
8391 620 100,HR 7042,62723,2581717
8391 621 000,HR 7035,63235,2581758
8393 810 300,HR 6165,65283,2581799
84000591643,HR 8374,63491,2581840
84230024,HR 5564,21763,2581880
84230034,HR 2279 T4S,20740,2581917
84230036,HR 5576,23299,2581958
84230039,HR 5642,22531,2581995
84230040,HR 5638,21763,2582032
84230137,HR 6036,21763,2582069
84230150,HR 7043,20227,2582106
84230204,HR 6021,18947,2582143
84230207,HR 6024,20483,2582180
84230212,HR 6103,18947,2582217
84230213,HR 7008,20483,2582254
84230214,HR 7042,20227,2582291
84230215,HR 6103,19715,2582328
84230216,HR 6024,20483,2582365
84230217,HR 7099,24067,2582402
84230227,HR 6024,20995,2582439
84230241,HR 7127,21251,2582476
84230252,HR 7140,20483,2583603
84230265,HR 6245,22787,2583640
84230266,HR 6260,22275,2583677
84230282,HR 7233,22019,2583714
84230310,HR 6399,23043,2583751
843,HR 2268 TRSI,48387,2583788
8432.800.053,HRT 254,13828,2583825
84330036,HR 9647,24323,2583866
8433036,HR 9647,12035,2583903
8493 803 500,HR 6067,1284,2583939
8493 803 501,HR 6067,1540,2583980
8493 803 502,HR 6067,1796,2584021
8493 804 100,HR 6075,260,2584062
8493 809 200,HR 6067,2052,2584103
8493 809 300,HR 6075,2052,2584144
8493 810 300,HR 6165,4,2584185
85-0313-3,HR 1730,30211,2584226
85-0335-4,HR 2230,30467,2584264
85-0445-8,HR 2130,31747,2584302
85-1264-7,HR 2080/10,3844,2584340
85-1871-8,HR 5566,36867,2584381
85-3176-5,HR 5601,33539,2584419
85-3878-6,HR 6028,37123,2584457
85-9616-6,HR 6552,36611,2584495
85-9835-5,HR 6237,37123,2584533
85-9846-0,HR 7163,36099,2586686
85-9986-6,HR 1563,38403,2586724
8503,HR 7122,54018,2586762
8514143,HR 6450,8963,2586796
8518603,HR 7519,12035,2586832
85294.00,HR 1367 T5,65027,2586868
8538786,HR 6028,14083,2586908
859880300,HR 8372,38659,2586944
859881800,HR 8187,41219,2586982
859881810,HR 8187,41475,2587020
859882200,HR 8520,37635,2587058
859882201,HR 8520,37891,2587096
859882410,HR 8534,39683,2587134
859882500,HR 8592,40707,2587172
859882510,HR 8592,40963,2587210
859882520,HR 8592,41219,2587248
859883100,HR 8577,40707,2587286
859883101,HR 8577,40963,2587324
859883410,HR 8579,42243,2587362
859883430,HR 8579,42755,2587400
859883440,HR 8579,43011,2587438
859883450,HR 8579,43267,2587476
859883600,HR 8580,40451,2587514
859883601,HR 8580,40707,2587552
859883602,HR 8580,40963,2587590
859883800,HR 7946,42243,2589733
859883801,HR 7946,42499,2589771
859884300,HR 8175,39939,2589809
859884400,HR 8182,39683,2589847
859885110,HR 8638,40963,2589885
859885140,HR 8638,41731,2589923
859885150,HR 8638,41987,2589961
859885200,HR 7979,42755,2589999
859885201,HR 7979,43011,2590037
859885500,HR 8567,41987,2590075
859892200,HR 7391,39171,2590113
859892800,HR 8293,41219,2590151
859892801,HR 8293,41475,2590189
859892811,HR 8293,41731,2590227
859893800,HR 7391,40963,2590265
859895100,HR 7973,41219,2590303
859895101,HR 7973,41475,2590341
859895102,HR 7973,41731,2590379
859895200,HR 7762,40451,2590417
859895201,HR 7762,40707,2590455
859895210,HR 7762,40707,2590493
859895230,HR 7762,41219,2590531
859895240,HR 7762,41475,2590569
859895900,HR 8172,41219,2590607
859895901,HR 8172,41475,2590645
859895902,HR 8172,41731,2590683
859896100,HR 8208,39427,2592798
859896800,HR 46202,6660,2592836
859896801,HR 46202,6916,2592876
859896810,HR 46202,6916,2592916
859896900,HR 8193,42243,2592956
859897600,HR 8578,43523,2592994
859898600,HR 8566,43011,2593032
859898610,HR 8566,43267,2593070
859898800,HR 7364,42243,2593108
859899200,HR 8211,38915,2593146
859899400,HR 8569,43523,2593184
859899410,HR 8569,43779,2593222
859899420,HR 8569,44035,2593260
859899800,HR 8220,40451,2593298
8602 141 10163,HR 7442,23556,2593336
8602 141 11163,HR 7442,23812,2593379
8602 141 91163,HR 7442,25860,2593422
8602 142 21161,HR 7442,23812,2593465
8602 142 21164,HR 7442,24580,2593508
8602 142 41161,HR 7442,24324,2593551
8602 142 41162,HR 7442,24580,2593594
8602 143 11081,HR 7442,24068,2593637
8602 143 11161,HR 7442,23812,2593680
8602 143 31081,HR 7442,24580,2593723
8602 143 31161,HR 7442,24324,2596901
8602 143 52191,HR 7442,25860,2596944
8603 141 11161,HR 7442,23556,2596987
8604 141 10163,HR 7442,24068,2597030
8604 141 11163,HR 7442,24324,2597073
8604 141 31163,HR 7442,24836,2597116
8604 142 42021,HR 7442,23812,2597159
8604 142 42022,HR 7442,24068,2597202
8605 141 11163,HR 7442,24580,2597245
8606 143 11021,HR 7442,23556,2597288
8606 143 11051,HR 7442,24324,2597331
8606 143 11081,HR 7442,25092,2597374
8606 143 30051,HR 7442,24580,2597417
8606 143 31021,HR 7442,24068,2597460
8606 143 31081,HR 7442,25604,2597503
8607 140 11081,HR 7442,24580,2597546
8607 140 21082,HR 7442,25092,2597589
8607 141 11081,HR 7442,24836,2597632
8607 141 21081,HR 7442,25092,2597675
8607 141 21082,HR 7442,25348,2597718
8607 141 31081,HR 7442,25348,2597761
8607 144 11081,HR 7442,25604,2597804
8607 144 31081,HR 7442,26116,2597847
8608 141 11163,HR 7442,25348,2599967
8608 141 12023,HR 7442,24324,2600010
8608 141 12101,HR 7442,23556,2600053
8609 141 12101,HR 7442,23812,2600096
8610 141 14021,HR 7442,22532,2600139
8610 141 31021,HR 7442,22276,2600182
8611 141 10051,HR 7442,22532,2600225
8611 141 30051,HR 7442,23044,2600268
8612 145 10161,HR 7442,24324,2600311
86151-6 F 3981-7 DB,HR 42069,2310,2600354
86189,HR 9517,53250,2600404
866 1900,HR 7140,17411,2600438
8667 210 520/730733,HR 6330,24837,2600475
8667 210 520/730975,HR 6340,27141,2600523
8667 210 522/730733,HR 6332,25861,2600571
8667 210 522/730975,HR 6342,28165,2600619
8667 210 524/730733,HR 6334,26885,2600667
8667 210 524/730975,HR 6344,29189,2600715
8670 000 00863,HR 7442,24836,2600763
8670 000 00865,HR 7442,25348,2600806
8670 000 00868,HR 7442,26116,2600849
8670 000 00872,HR 7442,24836,2600892
8670 000 00873,HR 7442,25092,2602021
8670 000 00874,HR 7442,25348,2602064
8670 000 01207,HR 7442,23044,2602107
8670 000 01447,HR 7442,24580,2602150
8670 000 01452,HR 7442,23556,2602193
8670 000 01454,HR 7442,24068,2602236
8670 000 01986,HR 7442,26628,2602279
8670 000 02017,HR 7442,23044,2602322
8670 000 02136,HR 7442,23556,2602365
8670 000 02137,HR 7442,23812,2602408
8670 000 02542,HR 7442,23812,2602451
8670 000 0872,HR 7442,12548,2602494
8675 222 27051,HR 7527,28164,2602536
8675 222 27101,HR 7527,27140,2602579
8680 222 21021,HR 7527,24836,2602622
8680 222 21030,HR 7527,24836,2602665
8680 222 21031,HR 7527,25092,2602708
8680 222 21033,HR 7527,25604,2602751
8680 222 21081,HR 7527,26372,2602794
8680 222 21111,HR 7527,24836,2602837
8680 222 21161,HR 7527,26116,2602880
8680 222 21251,HR 7527,26116,2602923
8680 222 22161,HR 7527,26372,2602966
8680 222 23281,HR 7527,27396,2606110
8680 222 23361,HR 7527,27140,2606153
8680 222 24051,HR 7527,26372,2606196
8680 222 28141,HR 7527,27396,2606239
87-0016-8,HR 7162,33283,2606282
870,HR 2280 T8S,21507,2606320
8700402098,HR 7335,49667,2606356
8700402100,HR 7567,47363,2606395
8700402109,HR 7588,50435,2606434
8700402112,HR 6591,47107,2606473
8700402113,HR 7250,45571,2606512
8700402131,HR 7250,45571,2606551
8700402140,HR 8047,46851,2606590
8700482113,HR 7250,47619,2606629
87020,HR 7259,49666,2606668
87021,HR 7259,49922,2606702
87022,HR 7259,50178,2606736
87023,HR 7259,50434,2606770
87024,HR 7259,50690,2606804
870310,HR 502,46082,2606838
8719131000,HR 7061,772,2606872
8750,HR 3615,36098,2606912
8752,HR 5126,36354,2606945
88 464500010,HR 42072,35332,2606978
8800.0060/2,HR 1883,58115,2607021
8800.0068/4,HR 9410,59139,2607061
8800.0083/5,HR 9409,60675,2609218
880110,HR 185,47618,2609258
88021,HR 46116,15363,2609292
8804.0056,HR 6010,32259,2609328
8804.0059/1,HR 6010,57603,2609366
8804.0061/7,HR 7119,60163,2609406
8804.0062/6,HR 7512,59395,2609446
884-82870,HR 6063,37635,2609486
884-82950,HR 6063,37379,2609524
884-83100,HR 6063,34307,2609562
884-83110,HR 6063,34563,2609600
884-83400,HR 6100,33027,2609638
884-83400.019,HR 6100,18692,2609676
884-83410,HR 6063,35331,2609718
884-83700,HR 6100,33795,2609756
884-90402,HR 6100,33027,2609794
88502.00,HR 1912,19459,2609832
88520.00,HR 1910,18947,2609869
88520.01,HR 1910,19203,2609906
88536.00,HR 1918,22787,2609943
88556.00,HR 1939,24067,2609980
88700402086,HR 6228,63235,2610017
88700402098,HR 7335,64003,2610057
88700402100,HR 7567,61699,2610097
88700402101,HR 9400,58883,2610137
88700402107,HR 7297,63491,2612254
88700402108,HR 7290,61955,2612294
88700402109,HR 7588,64771,2612334
88700402112,HR 6591,61443,2612374
88700402113,HR 7250,59907,2612414
88700402127,HR 6591,62979,2612454
88700402140,HR 8047,61187,2612494
88700402153,HR 7856,64003,2612534
88700402187,HR 8321,62723,2612574
88700402208,HR 8540,61955,2612614
88700402210,HR 7250,59395,2612654
88700402215,HR 8586,64003,2612694
88700402216,HR 8325,61955,2612734
88708.00,HR 1927,23043,2612774
88708.01,HR 1927,23299,2612811
8871 18 23,HR 6005,39683,2612848
8871 18 52,HR 6003,39683,2612887
8871 88 52,HR 6089,45059,2612926
8871 88 61,HR 7214,42755,2612965
8871 88 87,HR 5802,45059,2613004
8871 88 88,HR 5800,44803,2613043
8871 88 97,HR 7229,46595,2613082
8871 89 84,HR 7358,46595,2613121
8871 90 51,HR 8218,41987,2613160
88719051,HR 8218,25603,2613199
8950.0023/6,HR 1382,58883,2616375
8950.0029/0,HR 1309,58627,2616415
8964.0102/4,HR 1927,60419,2616455
8965.0058/7,HR 1858,64771,2616495
89963215,HR 6020,23811,2616535
9 A 01457500,HR 7464,3844,2616616
9 A TF 02-022,HR 46052,52996,2616572
9 GVZ 0480,HR 7985,772,2616657
9 GVZ 0674,HR 8454,4,2616696
9 GVZ 1389,HR 8163,260,2616735
9010 11 49,HR 6174,38147,2616774
901025,HR 8107,60162,2616813
9012 294 52021,HR 2267-2,48900,2616848
9012 745 20801,HR 2270 V2,1029,2616893
9012 745 23001,HR 2270 V1,65028,2616939
9012 745 23301,HR 2267,24580,2616985
9012 745 23601,HR 236,11524,2617028
9012 924 52021,HR 2267-2,48900,2617070
90156 C,HR 7604,8963,2617115
9019 742 00102,HR 2266 R,52996,2617151
9019 742 00113,HR 2266 R,53508,2617196
9019 742 00115,HR 236,11268,2617241
9019 742 00118,HR 236,12036,2617283
9019 742 00202,HR 2268 TRSI,49669,2618420
9019 742 22222,HR 2272 R,54020,2618468
90197420/0115,HR 236,6916,2618513
90197420/0118,HR 236,7684,2618554
90218.997,HR 7906,39683,2618595
90219.913,HR 7485,37379,2618633
90253.972,HR 8135,36355,2618671
90273.967,HR 7897,41475,2618709
90318.968,HR 8171,38147,2618747
904 900 112,HRT 507,58371,2618785
904 900 115,HRT 216 A,17668,2618825
904 900 126,HRT 216 A,18180,2618867
904 900 127,HRT 507,59907,2618909
904 900 128,HRT 507,60163,2618949
904 900 130,HRT 507,58371,2618989
90490-0112,HRT 507,53507,2619029
90490-0115,HRT 507,54275,2619068
90490-0126,HRT 507,54787,2619107
90490-0127,HRT 507,55043,2619146
90490-0128,HRT 507,55299,2619185
90490-0130,HRT 507,53507,2619224
909 400 085,HRT 507,60675,2619263
909 400 095,HRT 505,60419,2619303
909 400 117,HRT 507,59651,2619343
909 400 119,HRT 507,60163,2621500
909 400 125,HRT 505,58883,2621540
909 400 129,HRT 505,59907,2621580
909 400 131,HRT 507,58627,2621620
90901.00,HR 9459,22019,2621660
90917420/0118,HR 236,7684,2621697
90940-0085,HRT 507,55811,2621738
90940-0095,HRT 505,55555,2621777
90940-0117,HRT 507,54787,2621816
90940-0118,HRT 507,55043,2621855
90940-0119,HRT 507,55299,2621894
90940-0125,HRT 505,54019,2621933
90940-0129,HRT 505,55043,2621972
90940-0131,HRT 507,53763,2622011
9108 31294,HR 7488,47619,2622050
910831550,HR 7816,36867,2622089
911 07 0145,HR 9351,51203,2622127
911 07 1005,HR 9350,49923,2622167
92 29201.024.01,HR 5705,38660,2622207
920 275 5,HR 025,12035,2622251
9202-02,HR 9567,8451,2622288
9202-04,HR 9566,8707,2622324
9202-06,HR 9828,9475,2622360
923460082 DA,HR 7708,33796,2622396
923460151 BB,HR 8247,32516,2623525
923460161 AB,HR 46183,45060,2623567
925 496 2,HR 2155,27651,2623650
925 TX 1054,HR 7140,3076,2623610
926 167 8,HRT 216 A,61187,2623688
926 220 5,HR 5163,25347,2623728
926 389 8,HRT 202,36611,2623766
926 390 6,HRT 202,34051,2623804
926 391 4,HR 2169,28163,2623842
926 530 7,HR 2181,26115,2623880
926 671 9,HR 185,16387,2623918
927 020 6,HRT 205,32515,2623955
927 072 9,HR 5165,28419,2623993
927 109 9,HRT 205,35331,2624031
927 193 3,HR 1121,24835,2624069
927 231 1,HRT 505 P,61699,2624107
927 469 7,HR 2115,28419,2624147
927 496 7,HR 2115,28419,2624185
927 643 6,HR 2440,26883,2624223
927 671 8,HRT 242 BP,16388,2624261
927 674 2,HR 2450,27139,2624302
9279.057.01,HR 2014,58627,2624340
9279.066.01,HR 2017,59395,2624380
928 214 6,HR 3682,27907,2624420
928 216 1,HRT 507,34563,2624458
929 019 8,HR 1165,27907,2626611
929 020 6,HRT 205,33027,2626649
929 257 0,HR 6310,26115,2626687
929 525 4,HR 2450,26883,2626725
929 527 0,HR 6310,26115,2626763
929 630 2,HR 3656,27907,2626801
929 655 9,HRT 218 B,63491,2626839
93 A 99-5,HRT 512,38659,2626879
93 A 99-6,HRT 512,38915,2626917
93 A 99-7,HRT 512,39171,2626955
93 A 99-8,HRT 512,39427,2626993
93 D 99-5,HRT 512,39427,2627031
93 D 99-6,HRT 512,39683,2627069
93 D 99-7,HRT 512,39939,2627107
93 D 99-8,HRT 512,40195,2627145
93-00057/0.7,HR 9505,5636,2627183
93-01001/0.2,HR 9305,1284,2627224
93-01003/0.0,HR 9314,1284,2627265
93-01004/0.9,HR 9637,5892,2627306
93-01006/0.7,HR 9314,3844,2627347
93-01009/0.4,HR 9305,3844,2627388
93-01010/0.1,HR 9649,3844,2627429
93-01012/0.9,HR 9802,4100,2627470
93-01012/1.7,HR 9802,3844,2627511
93-01013/0.8,HR 9507,4612,2627552
93-01014/0.7,HR 9505,4100,2630693
93-01015/1.4,HR 9417,4356,2630734
93-01016/0.5,HR 9418,4868,2630775
93-01019/0.2,HR 9801,3844,2630816
93-01019/1.0,HR 9801,3588,2630857
93-01020/0.9,HR 9526,4612,2630898
93-01021/0.8,HR 9801,3588,2630939
93-01022/0.7,HR 9527,4868,2630980
93-01024/0.5,HR 9802,3844,2631021
93-01025/0.4,HR 9425,4100,2631062
93-01028/0.1,HR 9424,3844,2631103
93-01029/0.0,HR 9431,3332,2631144
93-01037/0.0,HR 9432,3332,2631185
93-01040/0.5,HR 9442,3332,2631226
93-01041/0.1,HR 9527,3588,2631267
93-01043/0.2,HR 9436,4100,2631308
93-01048/1.5,HR 9443,5892,2631349
93-01049/0.6,HR 9444,6404,2631390
93-01050/0.2,HR 9450,2564,2631431
93-01052/0.0,HR 9452,3076,2631472
93-01052/1.8,HR 9452,5380,2631513
93-01053/0.9,HR 9454,6148,2631554
93-01053/1.7,HR 9454,5892,2631595
93-01055/0.7,HR 9442,5380,2631636
93-01057/0.5,HR 9462,5892,2632771
93-01059/0.3,HR 9442,5380,2632812
93-01060/0.0,HR 9483,3844,2632853
93-01061/0.9,HR 9469,7428,2632894
93-01061/1.7,HR 9469,7172,2632935
93-01064/0.6,HR 9476,6916,2632976
93-01065/0.5,HR 9436,5892,2633017
93-01067/0.3,HR 9482,6148,2633058
93-01069/0.1,HR 9491,6148,2633099
93-4372,HR 7841,9987,2633140
930072591,HR 3658,37891,2633176
930072592,HR 3657,37891,2633214
930072614,HR 2115,33539,2633252
930072625,HR 3657,37123,2633290
930074331,HRT 202,40963,2633328
930077119,HR 1622,35331,2633366
930079129,HR 2115,35587,2633404
930079499,HR 3658,41475,2633442
930101514,HR 9417,34563,2633480
9304,HR 9612,35842,2633518
930702022,HR 6052,32771,2633551
930702130,HR 6050,32259,2633589
930702139,HR 6044,35331,2633627
930702187,HR 6044,36099,2633665
930702249,HR 7069,37891,2635813
930702250,HR 6077,35331,2635851
930702252,HR 6039,35331,2635889
930702253,HR 6156,35587,2635927
931800057,HR 7062,35331,2635965
931868102,HR 1628,37123,2636003
93301.00,HR 9101,17155,2636041
93301.01,HR 9101,17411,2636078
93301.02,HR 9101,17667,2636115
93302.00,HR 9445,20227,2636152
93302.01,HR 9445,20483,2636189
93308.00,HR 9101,18947,2636226
93308.01,HR 9101,19203,2636263
93318.00,HR 9489,24067,2636300
93318.01,HR 9489,24323,2636337
933267749003,HR 8169,14084,2636374
93410.00,HR 9804,19971,2636415
93510.00,HR 9801,19459,2636452
93510.01,HR 9801,19715,2636489
93510.02,HR 9801,19971,2636526
93510.03,HR 9801,20227,2636563
93510.04,HR 9801,20483,2636600
93511.00,HR 9802,19971,2636637
93511.01,HR 9802,20227,2636674
93514.00,HR 9802,20739,2636711
93514.01,HR 9802,20995,2636748
93515.01,HR 9803,21507,2638899
93522.00,HR 9809,22275,2638936
93522.01,HR 9809,22531,2638973
93524.00,HR 9810,20739,2639010
93524.01,HR 9810,20995,2639047
93529.00,HR 9812,22531,2639084
93529.01,HR 9812,22787,2639121
93530.00,HR 9811,20227,2639158
93530.01,HR 9811,20483,2639195
93602.00,HR 9612,19971,2639232
93605.00,HR 9608,22019,2639269
93605.01,HR 9608,22275,2639306
93605.02,HR 9608,22531,2639343
93606.00,HR 9606,21763,2639380
93607.00,HR 9607,22275,2639417
93611.00,HR 9611,19715,2639454
93611.01,HR 9611,19971,2639491
93617.00,HR 9617,22787,2639528
93618.00,HR 9618,23299,2639565
93619.00,HR 9619,23811,2639602
93622.00,HR 9622,20739,2639639
93623.00,HR 9623,21251,2639676
93630.00,HR 9630,20227,2639713
93632.00,HR 9632,21251,2639750
93632.01,HR 9632,21507,2639787
93633.00,HR 9633,21763,2639824
93633.02,HR 9633,22275,2640951
93633.03,HR 9633,22531,2640988
93635.00,HR 9635,22787,2641025
93636.00,HR 9685,24323,2641062
93636.01,HR 9685,24579,2641099
93639.00,HR 9639,24835,2641136
93644.00,HR 9644,22787,2641173
93644.01,HR 9644,23043,2641210
93646.00,HR 9646,23811,2641247
93647.00,HR 9647,24323,2641284
93647.01,HR 9647,24579,2641321
93647.02,HR 9647,24835,2641358
93648.00,HR 9648,24835,2641395
93650.00,HR 9650,21251,2641432
93650.01,HR 9650,21507,2641469
93650.02,HR 9650,21763,2641506
93651.00,HR 9651,21763,2641543
93653.00,HR 9653,22787,2641580
93655.00,HR 9655,23811,2641617
93655.01,HR 9655,24067,2641654
93655.02,HR 9657,24835,2641691
93656.00,HR 9636,23811,2641728
93659.00,HR 9659,25859,2641765
93666.00,HR 9666,24835,2641802
93669.00,HR 9669,26371,2641839
93676.00,HR 9676,25347,2641876
93685.00,HR 9305,22531,2644027
93685.01,HR 9305,22787,2644064
93685.02,HR 9305,23043,2644101
93686.00,HR 9686,25859,2644138
93688.00,HR 9688,26883,2644175
93689.00,HR 9306,23811,2644212
93692.00,HR 9692,24323,2644249
93693.00,HR 9693,24835,2644286
93693.01,HR 9693,25091,2644323
93694.00,HR 9694,25347,2644360
93697.00,HR 9697,26883,2644397
93698.00,HR 9698,27395,2644434
93700.00,HR 9314,19459,2644471
93700.01,HR 9314,19715,2644508
93701.00,HR 9637,21763,2644545
93701.01,HR 9637,22019,2644582
93702.00,HR 9313,19715,2644619
93719.00,HR 9322,21763,2644656
93720.00,HR 9320,19203,2644693
93721.00,HR 9316,20739,2644730
93721.01,HR 9316,20995,2644767
93728.00,HR 9203,21251,2644804
93729.00,HR 9626,23811,2644841
93729.01,HR 9626,24067,2644878
93731.00,HR 9550,20995,2644915
93731.01,HR 9550,21251,2644952
93733.01,HR 9560,22019,2648127
93744.00,HR 9324,21763,2648164
93749.00,HR 9649,25603,2648201
93749.01,HR 9649,25859,2648238
93758.00,HR 9505,23299,2648275
93758.01,HR 9505,23555,2648312
93758.02,HR 9505,23811,2648349
93760.00,HR 9644,22531,2648386
93761.00,HR 9313,20995,2648423
93761.01,HR 9313,21251,2648460
93765.00,HR 9507,23299,2648497
93765.01,HR 9507,23555,2648534
93765.02,HR 9507,23811,2648571
93768.00,HR 9518,24579,2648608
93768.01,HR 9518,24835,2648645
93769.00,HR 9601,23043,2648682
93769.01,HR 9601,23299,2648719
93770.00,HR 9705,22275,2648756
93771.00,HR 9313,21251,2648793
93772.00,HR 9707,23299,2648830
93773.00,HR 9509,23555,2648867
93773.01,HR 9509,23811,2648904
93773.02,HR 9509,24067,2648941
93774.00,HR 9510,21763,2648978
93774.01,HR 9510,22019,2649015
93774.02,HR 9510,22275,2649052
93776.00,HR 9661,24067,2651166
93776.01,HR 9661,24323,2651203
93777.00,HR 9531,23299,2651240
93779.00,HR 9512,23555,2651277
93780.00,HR 9513,21763,2651314
93780.01,HR 9513,22019,2651351
93780.02,HR 9513,22275,2651388
93787.00,HR 9624,24323,2651425
93787.01,HR 9624,24579,2651462
93791.00,HR 9527,23555,2651499
93791.01,HR 9527,23811,2651536
93791.02,HR 9527,24067,2651573
93792.00,HR 9526,23555,2651610
93795.00,HR 9559,25859,2651647
93795.01,HR 9559,26115,2651684
93799.00,HR 9214,23811,2651721
93799.01,HR 9214,24067,2651758
93900.00,HR 9566,22275,2651795
93900.01,HR 9566,22531,2651832
93901.00,HR 9459,22787,2651869
93901.01,HR 9459,23043,2651906
93901.02,HR 9459,23299,2651943
93901.03,HR 9459,23555,2651980
93902.00,HR 9428,22019,2652017
93902.01,HR 9428,22275,2652054
93903.00,HR 9527,22275,2652091
93903.01,HR 9527,22531,2652128
93903.02,HR 9527,22787,2654245
93903.03,HR 9527,23043,2654282
93904.00,HR 9467,23299,2654319
93904.01,HR 9467,23555,2654356
93904.02,HR 9467,23811,2654393
93904.03,HR 9467,24067,2654430
93904.04,HR 9467,24323,2654467
93905.00,HR 9426,22275,2654504
93906.00,HR 9466,23555,2654541
93906.01,HR 9466,23811,2654578
93908.00,HR 9434,22787,2654615
93908.01,HR 9434,23043,2654652
93908.02,HR 9434,23299,2654689
93908.03,HR 9434,23555,2654726
93911.00,HR 9437,22019,2654763
93911.01,HR 9437,22275,2654800
93912.00,HR 9438,22531,2654837
93912.01,HR 9438,22787,2654874
93912.99,HR 9438,27139,2654911
9391299,HR 9438,15363,2654948
93913.00,HR 9436,22275,2654984
93913.01,HR 9436,22531,2655021
93915.00,HR 9436,22787,2655058
93915.01,HR 9436,23043,2655095
93972.00,HR 9526,23555,2655132
93972.01,HR 9526,23811,2655169
94 X 2971,HR 42050,2564,2657317
94-00005/0.8,HR 2267,3844,2657357
94-00007/0.6,HR 2266 R,32772,2657398
94-00014/0.7,HR 2277 TS,54788,2657441
94-00020/0.9,HR 2080/10,38404,2657485
94-00021/0.8,HR 3606,2820,2657529
94-00028/0.1,HR 1810,1540,2657570
94-00030/0.7,HR 1808,3076,2657611
94-00031/0.6,HR 5568,4868,2657652
94-00033/0.4,HR 1816,2820,2657693
94-00035/0.2,HR 5565,4100,2657734
94-00037/0.0,HR 1811,1540,2657775
94-00040/0.5,HR 2279 T5SR,23557,2657816
94-01001/0.0,HR 2279 T6SR,22021,2657862
94-01002/0.9,HR 5611,2564,2657908
94-01005/0.6,HR 1868,5124,2657949
94-01006/0.5,HR 6102,1540,2657990
94-01006/2.1,HR 6102,1028,2658031
94-01008/0.3,HR 5649,5380,2658072
94-01009/0.2,HR 5612,2820,2658113
94-01010/0.9,HR 5650,3076,2658154
94-01012/0.7,HR 1811,1796,2658195
94-01013/0.6,HR 5612,2564,2658236
94-01014/0.5,HR 7038,3588,2659365
94-01016/0.3,HR 5650,3076,2659406
94-01017/0.2,HR 6031,1540,2659447
94-01018/1.9,HR 6031,3844,2659488
94-01019/0.0,HR 18001,13828,2659529
94-01020/0.7,HR 7004,1540,2659571
94-01021/0.6,HR 7004,1540,2659612
94-01022/0.5,HR 6035,2308,2659653
94-01023/0.4,HR 6035,2308,2659694
94-01024/0.3,HR 7004,1540,2659735
94-01025/0.2,HR 6125,2308,2659776
94-01025/2.0,HR 9425,3844,2659817
94-01026/0.1,HR 7097,4612,2659858
94-01027/0.0,HR 6124,2052,2659899
94-01028/0.9,HR 7713,5892,2659940
94-01029/0.8,HR 7110,3588,2659981
94-01030/0.5,HR 6035,2052,2660022
94-01031/0.4,HR 18001,13316,2660063
94-01032/0.3,HR 7712,2820,2660105
94-01036/0.9,HR 6195,6404,2660146
94-01037/0.8,HR 7529,6916,2660187
94-01040/0.3,HR 7502,1796,2660228
94-01041/0.2,HR 7528,3844,2660269
94-01042/0.1,HR 7529,4100,2660310
94-01046/0.6,HR 6231,3616,2662428
94-01046/0.7,HR 6220,3332,2662469
94-01046/1.4,HR 6231,3332,2662510
94-01046/1.5,HR 6220,3076,2662551
94-01046/2.2,HR 6231,3076,2662592
94-01046/2.3,HR 6220,2820,2662633
94-01048/0.5,HR 7153,4868,2662674
94-01048/1.3,HR 7153,4612,2662715
94-01049/0.4,HR 6220,3332,2662756
94-01052/0.8,HR 6124,3588,2662797
94-01053/0.7,HR 18003,15620,2662838
94-01054/0.6,HR 7157,5380,2662880
94-01055/2.1,HR 6249,5124,2662921
94-01055/4.7,HR 6249,7172,2662962
94-01055/5.4,HR 6249,6660,2663003
94-01057/1.1,HR 7543,4868,2663044
94-01057/2.9,HR 7543,7172,2663085
94-01058/0.2,HR 6238,5124,2663126
94-01058/1.0,HR 6238,4868,2663167
94-01059/0.1,HR 6246,4868,2663208
94-01060/0.8,HR 7177,5636,2663249
94-01061/0.7,HR 6246,4612,2663290
94-01062/0.6,HR 7186,5636,2663331
94-01062/1.4,HR 7186,5380,2663372
94-01063/0.5,HR 7590,5380,2665531
94-01064/0.4,HR 6286,5636,2665572
94-01064/1.2,HR 6286,5380,2665613
94-01065/0.3,HR 7590,5380,2665654
94-01068/0.0,HR 6299,6660,2665695
94-01068/1.8,HR 6299,8964,2665736
94-01069/0.9,HR 7205,6148,2665777
94-01070/0.6,HR 7543,4612,2665818
94-01070/1.4,HR 7543,4356,2665859
94-01071/0.5,HR 6368,5636,2665900
94-01072/0.4,HR 7213,3076,2665941
94-01072/1.2,HR 7213,2820,2665982
94-01073/0.3,HR 6370,3844,2666023
94-01074/1.0,HR 6368,5380,2666064
94-01074/2.8,HR 6368,7684,2666105
94-01075/0.1,HR 6370,3844,2666146
94-01075/1.9,HR 6370,6148,2666187
94-01075/2.7,HR 6370,5892,2666228
94-01075/3.5,HR 6370,5636,2666269
94-01077/0.9,HR 7241,5892,2666310
94-01077/1.7,HR 7241,5636,2666351
94-01077/2.5,HR 7241,5380,2666392
94-01078/0.8,HR 7346,7428,2666433
94-01078/0.9,HR 7346,7684,2667557
94-01079/0.7,HR 7186,7940,2667598
94-01081/0.3,HR 7339,5124,2667639
94-01082/0.2,HR 8222,3076,2667680
94-01083/0.1,HR 7399,6660,2667721
94-01084/0.0,HR 8046,4100,2667762
94-01085/0.9,HR 8021,4868,2667803
94-01092/0.0,HR 8404,3332,2667844
94-01094/0.8,HR 8411,5380,2667885
94-02011/0.6,HR 18037,15876,2667926
94-20,HR 2080/10,16387,2667968
940102908,HR 7110,33795,2668005
9402-02,HR 9104,5635,2668043
9402-03,HR 9104,5891,2668079
941237,HR 7154,62722,2668115
946.369,HR 6230,10243,2668150
946348,HR 7080,64258,2668186
946349,HR 7058,259,2668221
946369,HR 7037,3,2668256
946369 1,HR 7141,19715,2668291
946391,HR 7055,64258,2668328
946392,HR 7054,64258,2668363
946404,HR 236,49154,2668398
946408,HR 3515,63234,2668432
946408/0340,HR 3515,60675,2668467
946416 A,HR 6358,24323,2668507
946540,HR 7037,63234,2671645
946548,HR 7080,64770,2671680
946548 1,HR 7080,19971,2671752
946548 A,HR 7080,24067,2671715
946549,HR 7144,65282,2671789
94857 H,HR 7600,12291,2671824
94896 01,HR 42042,51203,2671860
95-00907/0.4,HR 1843/87,46084,2671899
95-04372,HR 7841,22787,2671943
95-4134,HR 6642,8963,2671980
95-4134-01,HR 6642,45315,2672016
95-4134-07,HR 6643,47107,2672055
95-4134-15,HR 6645,47363,2672094
95-4134-19,HR 6645,48387,2672133
95-4134-21,HR 6645,46595,2672172
95-4134-31,HR 6645,46851,2672211
95-4136,HR 46020,39939,2672250
95-4136-01,HR 46020,10756,2672288
95-4168,HR 46060,42243,2672329
95-4168-01,HR 42078,14340,2672367
95-4372,HR 7841,10499,2672408
95-4372-01,HR 7841,46851,2672444
95-4376,HR 7765,12803,2672483
95-4617-01,HR 7841,47363,2672519
95-5413-401,HR 6642,58883,2672558
950268960000,HR 7910,10244,2672598
951167001901,HR 7910,8992,2673692
9546584001,HR 6076,50947,2673733
955 061 7,HR 3657,28675,2673772
955 276 1,HR 6137,28163,2673810
955 365 2,HR 6311,26627,2673848
955 384 3,HR 3658,29955,2673886
955 630 9,HRT 210 BF,11780,2673924
955 795 0,HRT 209,37123,2673965
955 949 3,HR 5542,30211,2674003
956,HR 6031,22530,2674041
956 080 6,HRT 227 BP,15620,2674073
956 458 4,HR 6076,30211,2674114
956 966 6,HR 6312,29955,2674152
956 967 4,HR 6312,29699,2674190
957 265 2,HR 6137,28419,2674228
957 305 6,HR 6143,27395,2674266
957 453 4,HR 3655,29187,2674304
957 647 1,HR 2018,27651,2674342
957 801 4,HR 2019,26627,2674380
9576471,HR 2018,11267,2674418
958 111 7,HR 6322,26371,2674454
958 501 9,HR 6267,29699,2674492
958 627 2,HRT 227 BP,16900,2674530
958 658 7,HR 3769,33539,2674571
958 743 7,HR 6321,28931,2674609
958 774 2,HR 5708,30723,2674647
959 007 6,HR 7306,28163,2677824
959 236 1,HR 7624,28675,2677862
959 262 7,HR 7624,29955,2677900
959 584 4,HR 7460,30467,2677938
959 772 5,HR 5702,29699,2677976
959 896 2,HR 6401,29955,2678014
96.011203,HR 7078,33795,2678052
960910 C,HR 7971,24067,2678090
970409 B,HR 7971,24835,2678127
97200,HR 7936,4611,2678164
97201,HR 7936,4867,2678199
97202,HR 7936,5123,2678234
97203,HR 7936,5379,2678269
97204,HR 7936,5635,2678304
97205,HR 7936,5891,2678339
978000180,HRT 239 BP,24324,2678374
990092,HR 7029,63746,2678415
A 1201-0007,HR 7852,55555,61215
A 1201-0016,HR 7992,56835,61255
A 1201-0027,HR 8214,54275,61295
A 1201-0040,HR 8093,54275,61335
A 1201-0047,HR 7843,56579,61375
A 1201-0058,HR 8616,56835,63525
A 22103-13,HR 5126,41475,63565
A 2437462,HR 7695,57091,63604
A 2437465,HR 46089,4612,63643
A 3 319 45,HR 2265,37635,63683
A 774,HR 4003,46082,63722
A 9 M 308,HR 46006,63747,63756
A3 160 52,HR 2265,27395,134291
A3 264 11,HR 2265,27395,134329
A3 264 12,HR 2265,27651,134367
A3 296 31,HR 2265,29187,134405
A3 319 44,HR 2265,29187,134443
A3 319 45,HR 2265,29443,134481
AA 26-00004 A,HR 8491,19460,63796
AA 26-00007 Q,HR 7898,26884,63838
AA 26-00008 A,HR 8585,21508,63880
AA 26-00116 A,HR 8628,20996,63922
AA 26-00132 A,HR 8602,18436,63964
AA 26-30001 C,HR 7605,18948,64006
AA 26-30001 F,HR 7853,20996,64048
AA 26-30001 H,HR 7471,20484,64090
AA 26-30001 J,HR 7680,21508,64132
AA 26-30001 K,HR 7955,23044,64174
AA 26-30001 M,HR 7614,21508,64216
AA 26-30001 N,HR 7959,24836,64258
AA 26-30001 R,HR 7795,25348,64300
AA 26-30001 T,HR 7992,25604,64342
AA 26-30001 X,HR 8214,23556,64384
AA 26-30001 Y,HR 7898,28164,64426
AA 26-30002 B,HR 8393,20228,64468
AA 26-30002 F,HR 8093,8192,64539
AA 26-30002 H,HR 8481,21252,64581
AA 26-30002 J,HR 7843,22020,64623
AA 26-30002 K,HR 7968,24324,64665
AA 26-30002 U,HR 8622,23812,64707
AA 26-30003 A,HR 7974,21252,64749
AA 26-30003 C,HR 7477,21252,64791
AA 26-30003 G,HR 7852,21508,64833
AA 26-30004 D,HR 8614,20228,64875
AA 26-30004 E,HR 8616,20996,64917
AA 26-30004 H,HR 8207,20740,64959
AA 26-30005 C,HR 8494,21764,65001
AA 26-30005 E,HR 8492,21764,65043
AA 26-30005 L,HR 8491,23300,65085
AA 26-30005 Q,HR 8212,22276,65127
AA 26-30005 S,HR 8491,25092,65169
AA 26-30005 U,HR 8477,26628,65211
AA 26-30005 V,HR 8379,27140,65253
AA 26-30005 Y,HR 8170,25092,65295
AA2600007Q,HR 7898,64515,65337
AB50H0000091,HR 7481,18436,65376
AFS 203,HR 7462,19459,65417
AFS 204,HR 7140,17923,65453
AFS 206,HR 7437,20739,65489
AFS 214,HR 7471,19971,67638
AFS 217,HR 8621,20227,67674
AFS 219,HR 7731,20995,67710
AFS 221,HR 7623,19203,67746
AFS 223,HR 6062,18691,67782
AFS 230,HR 7223,18179,67818
AFS 234,HR 7094,20739,67854
AFS 237,HR 7791,22531,67890
AFS 239,HR 7711,20995,67926
AFS 240,HR 7691,20739,67962
AFS 242,HR 8096,21251,67998
AFS 243,HR 7432,19715,68034
AFS 244,HR 8358,22019,68070
AFS 245,HR 7443,20739,68106
AFS 246,HR 7398,23299,68142
AFS 247,HR 7565,22531,68178
AFS 249,HR 8543,22275,68214
AFS 250,HR 8376,21251,68250
AFS 251,HR 7128,19971,68286
AFS 253,HR 7666,22275,68322
AFS 254,HR 7666,22531,68358
AFS 255,HR 7970,22275,68394
AFS 256,HR 7927,23043,68430
AFS 257,HR 7971,23043,68466
AFS 261,HR 7880,21507,68502
AFS 263,HR 7037,20483,68538
AFS 264,HR 7591,22019,68574
AFS 265,HR 7296,22787,71711
AFS 266,HR 7105,20227,71747
AFS 267,HR 7126,21251,71783
AFS 268,HR 7488,24323,71819
AFS 269,HR 7452,22275,71855
AFS 270,HR 8157,20995,71891
AFS 271,HR 8559,22787,71927
AFS 272,HR 7141,19459,71963
AFS 273,HR 7434,20995,71999
AFS 277,HR 8377,23811,72035
AFS 278,HR 7772,23555,72071
AFS 279,HR 7483,23555,72107
AFS 280,HR 7159,21507,72143
AFS 281,HR 7378,22531,72179
AFS 282,HR 7131,19459,72215
AFS 283,HR 7839,23555,72251
AFS 284,HR 7918,23299,72287
AFS 286,HR 7840,22275,72323
AFS 288,HR 7377,24067,72359
AFS 290,HR 7612,20227,72395
AFS 291,HR 7900,20483,72431
AFS 293,HR 7511,20483,72467
AFS 294,HR 8005,20483,72503
AFS 295,HR 7433,21763,72539
AFS 297,HR 7494,24067,72575
AFS 298,HR 8035,22275,72611
AFS 299,HR 7535,23555,72647
AFS 300,HR 7256,19203,73765
AFS 301,HR 7473,19715,73801
AFS 302,HR 7257,19971,73837
AFS 303,HR 8538,20995,73873
AFS 304,HR 7386,21251,73909
AFS 305,HR 8003,18179,73945
AFS 307,HR 7474,21507,73981
AFS 309,HR 7378,22787,74017
AFS 310,HR 7950,19715,74053
AFS 311,HR 7977,22275,74089
AFS 312,HR 7906,20483,74125
AFS 314,HR 7386,21507,74161
AFS 315,HR 7916,21507,74197
AFS 316,HR 8154,20483,74233
AFS 317,HR 7443,20739,74269
AFS 318,HR 8044,20483,74305
AFS 320,HR 8095,20227,74341
AFS 321,HR 7985,22275,74377
AFS 322,HR 7814,20227,74413
AFS 324,HR 7146,20227,74449
AFS 327,HR 8032,19715,74485
AFS 329,HR 7154,21251,74521
AFS 330,HR 7459,21251,74557
AFS 331,HR 8188,21507,74593
AFS 332,HR 8080,19459,74629
AFS 333,HR 7962,21763,74665
AFS 334,HR 7279,22275,74701
AFS 336,HR 7243,20483,76850
AFS 338,HR 8119,21763,76886
AFS 340,HR 7351,19203,76922
AFS 341,HR 8228,20483,76958
AFS 342,HR 7344,20227,76994
AFS 343,HR 7774,22275,77030
AFS 346,HR 7535,21763,77066
AFS 347,HR 7360,20995,77102
AFS 348,HR 7816,22787,77138
AFS 349,HR 7228,22275,77174
AFS 350,HR 8118,19971,77210
AFS 351,HR 7922,20739,77246
AFS 352,HR 8007,19715,77282
AFS 353,HR 7984,23299,77318
AFS 354,HR 8116,20483,77354
AFS 355,HR 7503,20483,77390
AFS 356,HR 7384,22531,77426
AFS 358,HR 7934,23299,77462
AFS 359,HR 8416,22531,77498
AFS 360,HR 8320,18947,77534
AFS 364,HR 7627,22275,77570
AFS 366,HR 8327,22275,77606
AFS 368,HR 8604,22275,77642
AG 06592,HR 4001,23811,77678
AL 12-13,HR 1662,23043,77715
AL 12/520,HR 1662,36611,77752
AL 6/500,HR 1662,24579,77790
AM 1409022,HR 7460,51971,78885
AM 1420111,HR 7612,49667,78924
AM 1422180,HR 6283,52483,78963
AM 152355,HR 7687,43267,79002
AM 152591,HR 7464,41987,79040
AM 170467,HR 6355,61699,79078
AM 170468,HR 7674,63235,79117
AM 171509,HR 7226,60675,79156
AM 175082,HR 7362,60931,79195
AM 175344,HR 46045,8196,79234
AM 175714,HR 46045,8452,79274
AM 175966,HR 46049,11780,79314
AM 175996,HR 46049,12548,79354
AM 176407,HR 46050,7428,79394
AM 181297,HR 7687,45059,79434
AM 1813481,HR 7612,53763,79472
AM 1813482,HR 7687,57091,79511
AM 241174,HR 7612,39683,79550
AM 241612,HR 7679,42243,79588
AM 241691,HR 7443,41219,79626
AM 272556,HR 42018,7940,79664
AM 272593,HR 46045,9220,79704
AMS 012/05,HR 42083,24580,79744
AMS 013/17,HR 7527,60163,79785
AMS 175082,HR 7362,16644,79824
AS 55 595,HR 4003,37379,80956
AT 1. 66070,HR 3123,59907,80994
AT 1. 66078,HR 3123,61955,81034
AT 100/8-25/1505,HR 2171,61444,81074
AT 100/8-25/1506,HR 3506,62468,81119
AT 100/8-25/1507,HR 2181,62212,81164
AT 100/8-25/1508,HR 2161,61956,81209
AT 110/18/817-5B,HR 658 RSI,60677,81254
AT 110/18/822 A,HR 2275 R,14085,81302
AT 110/25/01,HR 7305,9732,81348
AT 110/25/02,HR 7306,10244,81389
AT 110/25/05,HR 7306,11012,81430
AT 110/25/05 F,HR 7309,37892,81471
AT 110/25/06,HR 7307,11524,81514
AT 110/25/06 F,HR 7307,37636,81555
AT 110/25/07,HR 7311,10500,81598
AT 110/25/1000,HR 7305,34308,81639
AT 110/25/15,HR 7307,11524,81682
AT 110/25/15 F,HR 7309,38148,81723
AT 110/25/20,HR 7325,10500,81766
AT 110/25/21,HR 7319,11524,81807
AT 110/25/22,HR 7321,9988,81848
AT 110/25/26,HR 7321,11012,81889
AT 110/25/29,HR 7326,13060,82981
AT 110/26/01,HR 7306,10244,83022
AT 110/26/02,HR 7306,10500,83063
AT 110/26/05,HR 7308,11780,83104
AT 110/26/05 F,HR 7309,38148,83145
AT 110/26/09 F,HR 7312,37636,83188
AT 110/26/15,HR 7307,11780,83231
AT 110/26/15 F,HR 7309,38404,83272
AT 110/27/07,HR 7311,11012,83315
AT 110/27/17,HR 7317,12804,83356
AT 110/27/23,HR 7320,10500,83397
AT 110/27/24,HR 7322,11268,83438
AT 110/8-25/1505,HR 2171,61700,83479
AT 110/8-25/1506,HR 3506,62724,83524
AT 110/8-25/1507,HR 2181,62468,83569
AT 110/8-25/1508,HR 2161,62212,83614
AT 110/8-25/1509,HR 3686,261,83659
AT 110/8-25/1530,HR 3530,61188,83704
AT 110/8-25/1531,HR 3687,64772,83749
AT 1109-201,HR 1127,62723,83794
AT 1116-82,HR 2264 CB,29188,83834
AT 1118-7,HR 2264 CB,16644,83876
AT 1118-7 F,HR 2264 CB,42756,83917
AT 1118-72,HR 2264 CB,29444,85057
AT 1118-8,HR 025,26115,85099
AT 1118-81,HR 025,38659,85136
AT 1118-87,HR 025,40195,85174
AT 1118-90-50,HR 2270 V5,2053,85212
AT 1118-90-51,HR 2270 V5,2309,85257
AT 1118-90-52,HR 2270 V5,2565,85302
AT 1118-90-53,HR 2270 V4,2565,85347
AT 1118-90-54,HR 2270 V4,2821,85392
AT 1118-90-55,HR 2270 V4,3077,85437
AT 1118-90-56,HR 2270 V4,3333,85482
AT 1118-90-560 S,HR 2270 V4,45061,85527
AT 1118-97,HR 2267,55299,85575
AT 2025,HR 025,65282,85614
AT 2025/00,HR 2267,51203,85649
AT 2025/01,HR 2267,51459,85688
AT 2025/01CS,HR 2267-2,48644,85727
AT 2025/02,HR 2267,51715,85770
AT 2025/02C,HR 2267,3332,85809
AT 2025/06,HR 3122 RSI,54020,85849
AT 2035,HR 2266 R,43779,85892
AT 2036,HR 2266 R,44035,85930
AT 2036/00,HR 2266 R,15108,85968
AT 2036/00/36,HR 2270 V1,773,87104
AT 2036/01,HR 2266 R,15364,87149
AT 2036/10,HR 025,37123,87190
AT 2036/17,HR 2270 V4,30212,87228
AT 2036/20,HR 2270 V4,28676,87270
AT 2036/25,HR 2270,51971,87312
AT 2036/36,HR 2272 R,16644,87351
AT 2036/37,HR 2272 R,16900,87392
AT 2037,HR 2272 R,43523,87433
AT 2042,HR 2268 TRSI,39684,87471
AT 2042/01,HR 2268 TRSI,11013,87512
AT 2043,HR 2268 RSI,18436,87556
AT 2044/22.01,HR 2268 TRSI,48901,87596
AT 2048/11,HR 2277 T8S,52996,87643
AT 2048/12,HR 2277 TS,38916,87686
AT 2048/18,HR 3111 TS,37380,87728
AT 2048/18 C,HR 3111 TS,62724,87770
AT 2049/09,HR 7848,11780,87814
AT 2049/49,HR 7848,12804,87854
AT 2051,HR 2051,12035,87894
AT 2051/00,HR 2051,48643,87930
AT 2051/01,HR 51/01,60675,87969
AT 2055,HR 2130,12547,88009
AT 2063/00,HR 2063/00,21252,89137
AT 2063/02,HR 2063/02,22276,89179
AT 2063/03,HR 2063/03,22788,89221
AT 2071 ELTRA,HR 2267,53764,89263
AT 2072,HR 2273 TS,65283,89305
AT 2075-30102,HR 7506,44804,89344
AT 2075/20,HR 2075,52227,89387
AT 2075/25,HR 7694,56579,89426
AT 2075/26,HR 2075,53763,89465
AT 2075/30102,HR 7506,45316,89504
AT 2076/01,HR 6030,50947,89547
AT 2076/02,HR 6012,51203,89586
AT 2076/10,HR 6082,52739,89625
AT 2076/20,HR 6078,54275,89664
AT 2076/26,HR 6079,56067,89703
AT 2076/30,HR 6076,54019,89742
AT 2076/50,HR 6050,52483,89781
AT 2076/51,HR 6051,7172,89820
AT 2076/53,HR 6050,7428,89860
AT 2076/60,HR 6297,10244,89900
AT 2076/70,HR 6070,53507,89940
AT 2076/70 A,HR 6070,12804,89979
AT 2076/71,HR 6071,54019,90020
AT 2076/71 S,HR 6071,17924,90059
AT 2076/80,HR 6080,54019,92218
AT 2076/80 A,HR 6080,13316,92257
AT 2076/81,HR 6081,54531,92298
AT 2076/81 A,HR 6081,13828,92337
AT 2076/84,HR 6050,8452,92378
AT 2076/86,HR 6050,8964,92418
AT 2077/32,HR 6265,8964,92497
AT 2077/33,HR 6455,9476,92537
AT 2077/34,HR 6216,54275,92577
AT 2077/34 K,HR 6216,16132,92616
AT 2077/34 M,HR 6644,17924,92657
AT 2077/35,HR 6603,54531,92698
AT 2077/37,HR 6558,57347,92737
AT 2077/38,HR 6549,57603,92776
AT 2077/39,HR 6550,55811,92815
AT 2077/40,HR 6624,54275,92854
AT 2077/46 A,HR 6378,36356,92893
AT 2077/46 AP,HR 6367,56324,92935
AT 2077/46 R,HR 6367,40196,92978
AT 2077/50,HR 6218,54275,93020
AT 2077/60,HR 6611,53763,93059
AT 2077/8,HR 6211,40963,93098
AT 2077/80,HR 6211,53251,93136
AT 2077/81,HR 6212,53763,93246
AT 2077/81 A,HR 6212,13060,93285
AT 2077/81 T,HR 6212,17924,93326
AT 2077/83,HR 6362,55811,93367
AT 2077/83 E,HR 6362,16132,93406
AT 2077/83 EP,HR 6362,36612,93447
AT 2077/83 ZP,HR 6374,42756,93489
AT 2077/84,HR 6050,8708,93531
AT 2077/85,HR 6467,8964,93571
AT 2077/85 A,HR 6582,36356,93611
AT 2077/88,HR 6214,56067,93653
AT 2077/88 E,HR 6213,16132,93692
AT 2077/93,HR 6641,56067,93733
AT 2077/93 ZP,HR 6641,42244,93772
AT 2077/S0,HR 6218,61955,92458
AT 2078 YA,HR 8334,64515,93814
AT 2078-20311,HR 8124,25348,93853
AT 2078-20421,HR 8026,26116,93895
AT 2078-20571,HR 7650,28164,93937
AT 2078-20611,HR 8448,28420,93979
AT 2078-20671,HR 8329,29444,94021
AT 2078-20882,HR 8237,29956,94063
AT 2078-21151,HR 8334,26884,94105
AT 2078-21391,HR 8386,30212,94147
AT 2078/20,HR 7704,54019,96584
AT 2078/20 AK,HR 7704,32516,96623
AT 2078/20 G,HR 7704,14852,96665
AT 2078/20311,HR 8124,25860,96706
AT 2078/20421,HR 8026,26628,96748
AT 2078/20571,HR 7650,28676,96790
AT 2078/20611,HR 8448,28932,96832
AT 2078/20671,HR 8329,29956,96874
AT 2078/20882,HR 8237,30468,96916
AT 2078/21,HR 7669,56835,96958
AT 2078/21151,HR 8334,27396,96997
AT 2078/21391,HR 8386,30724,97039
AT 2078/24,HR 7808,56323,97081
AT 2078/25,HR 7694,57347,97120
AT 2078/40,HR 7839,56835,97159
AT 2078/50,HR 7259,56067,97198
AT 2078/60,HR 8378,57091,97237
AT 2078/83 I,HR 7354,17924,98368
AT 2078/83 TB,HR 7354,37636,98409
AT 2078/83 TI,HR 7354,39428,98451
AT 2078/98,HR 8448,59395,98493
AT 2078/98 ST,HR 8448,44804,98532
AT 2078/B2,HR 8124,57859,96305
AT 2078/B4,HR 8329,60163,96344
AT 2078/B4 A,HR 8329,19460,96383
AT 2078/S0,HR 7259,63747,96424
AT 2078/U0,HR 8394,64515,96463
AT 2078/U0-1,HR 8394,23044,96502
AT 2078/U0-2,HR 8272,22020,96543
AT 2079,HR 2070,14851,98574
AT 2079-30101,HR 7506,45572,98610
AT 2079-30102,HR 7506,45828,98653
AT 2079-37590,HR 7533,50436,98696
AT 2079-37591,HR 7533,50692,98739
AT 2079-37593,HR 7533,51204,98782
AT 2079-37622,HR 7527,30468,98825
AT 2079/00,HR 7720,53251,101802
AT 2079/09,HR 7519,57091,101841
AT 2079/09 M,HR 7519,19460,101880
AT 2079/09 T,HR 7589,23044,101921
AT 2079/10,HR 7503,53251,101962
AT 2079/10 A,HR 7503,12548,102001
AT 2079/10 B,HR 7503,12804,102042
AT 2079/10 C,HR 7503,13060,102083
AT 2079/10 D,HR 7503,13316,102124
AT 2079/11,HR 7520,53251,102165
AT 2079/12,HR 7586,56579,102204
AT 2079/12 ZP,HR 7586,42756,102243
AT 2079/13,HR 7550,54531,102285
AT 2079/13 A,HR 7550,13828,102324
AT 2079/15,HR 7600,54019,102365
AT 2079/17,HR 7601,54787,105509
AT 2079/18,HR 7541,55811,105548
AT 2079/20 Z,HR 7781,21252,105587
AT 2079/21,HR 7669,57091,105628
AT 2079/23,HR 7604,54787,105667
AT 2079/24,HR 7634,55811,105706
AT 2079/25,HR 7649,57603,105745
AT 2079/26,HR 7781,57091,105784
AT 2079/30101,HR 7506,46084,105823
AT 2079/30102,HR 7506,46340,105866
AT 2079/37590,HR 7533,50948,105909
AT 2079/37591,HR 7533,51204,105952
AT 2079/37593,HR 7533,51716,105995
AT 2079/37622,HR 7527,30980,106038
AT 2079/40,HR 7488,57091,106080
AT 2079/40 V,HR 7488,21764,106119
AT 2079/41,HR 7527,55811,106160
AT 2079/45,HR 7570,56323,106199
AT 2079/45 E,HR 7570,16644,106238
AT 2079/50,HR 7649,57091,106279
AT 2079/51,HR 7527,56067,106318
AT 2079/52,HR 7527,56323,106357
AT 2079/99,HR 7478,60419,106396
AT 2079/A,HR 7656,47363,98867
AT 2079/A0,HR 7656,59651,98905
AT 2079/A1,HR 7802,58115,98944
AT 2079/A2,HR 7656,60163,98983
AT 2079/A3,HR 7656,60419,99022
AT 2079/B0,HR 7650,58371,99061
AT 2079/B1,HR 7662,59395,99100
AT 2079/B10,HR 8252,5124,99139
AT 2079/B11,HR 8255,6148,99179
AT 2079/B12,HR 8257,6916,99219
AT 2079/B13,HR 7817,7428,99259
AT 2079/B4,HR 7659,61699,99299
AT 2079/B5,HR 7660,59907,101413
AT 2079/B6,HR 7650,59907,101452
AT 2079/B7,HR 7662,60931,101491
AT 2079/B8,HR 7650,60419,101530
AT 2079/B9,HR 7662,61443,101569
AT 2079/S,HR 7649,52483,101608
AT 2079/S0,HR 7649,64771,101646
AT 2079/S1,HR 7661,63491,101685
AT 2079/U1,HR 8254,63747,101724
AT 2079/U2,HR 8256,64515,101763
AT 2080,HR 2080,13059,106435
AT 2080/00,HR 2080/00,20740,107557
AT 2080/06,HR 2080/06,23812,107599
AT 2080/10,HR 2080/10,21252,107641
AT 2080/100,HR 2080/10,33540,107683
AT 2080/15,HR 2080/15,23812,107726
AT 2080/20,HR 2080/20,21764,107768
AT 2080/50,HR 2080/50,23300,107810
AT 2080/80,HR 2080/80,24836,107852
AT 2085/15,HR 2085/15,26372,107894
AT 2090-30390,HR 7792,48132,107936
AT 2090-37962,HR 7706,49924,107979
AT 2090/01,HR 7706,6916,108022
AT 2090/01-37962,HR 7706,21253,108062
AT 2090/01-37963,HR 7706,21509,108108
AT 2090/08,HR 7698,11268,108154
AT 2090/09,HR 7848,10756,108194
AT 2090/21,HR 7641,6916,108234
AT 2090/30390,HR 7792,48644,108274
AT 2090/31,HR 46109,19972,108317
AT 2090/33,HR 7693,9476,108358
AT 2090/35,HR 46118,20996,108398
AT 2090/36,HR 7936,10244,108439
AT 2090/37962,HR 7706,50436,108479
AT 2090/38,HR 46126,21508,108581
AT 2090/39,HR 46108,21764,108622
AT 2090/39-30360,HR 46108,32261,108663
AT 2090/39-30361,HR 46108,32517,108710
AT 2090/39-30362,HR 46108,32773,108757
AT 2090/39-30363,HR 46108,33029,108804
AT 2090/39-30364,HR 46108,33285,108851
AT 2090/48,HR 46136,22020,108898
AT 2090/49,HR 7848,11780,108939
AT 2090/51,HR 7792,9476,108979
AT 2090/51-30390,HR 7792,20741,109019
AT 2090/51-30391,HR 7792,20997,109065
AT 2090/51-30392,HR 7792,21253,109111
AT 2090/51-30393,HR 7792,21509,109157
AT 2090/51-30394,HR 7792,21765,109203
AT 2090/51-30395,HR 7792,22021,109249
AT 2090/52,HR 46158,21764,109295
AT 2090/54,HR 46109,21252,109336
AT 2091-20531,HR 8617,26884,109377
AT 2091/02 M,HR 6637,16132,109419
AT 2091/02 SF,HR 8241,33796,109460
AT 2091/17,HR 46103,4,109502
AT 2091/17 D,HR 46103,25604,112677
AT 2091/20531,HR 8617,27396,112719
AT 2092-20461,HR 8595,28932,112761
AT 2092-31491,HR 8590,28932,112803
AT 2092-32371,HR 8363,27908,112845
AT 2092-32372,HR 8363,28164,112887
AT 2092-32491,HR 8363,28676,112929
AT 2092-32492,HR 8363,28932,112971
AT 2092/16,HR 7707,9220,113013
AT 2092/16 SF,HR 7707,56580,113053
AT 2092/20461,HR 8595,29444,113096
AT 2092/28,HR 46101,260,113138
AT 2092/28 M,HR 46101,28164,113178
AT 2092/30,HR 46102,64259,113220
AT 2092/31491,HR 8590,29444,113260
AT 2092/32 TB,HR 8235,34820,113302
AT 2092/32371,HR 8363,28420,113344
AT 2092/32372,HR 8363,28676,113386
AT 2092/32491,HR 8363,29188,113428
AT 2092/32492,HR 8363,29444,113470
AT 2092/38 M,HR 46101,28420,113512
AT 2094/01,HR 7693,9220,113701
AT 2094/02,HR 46108,20228,113741
AT 2094/02-30430,HR 46108,30213,113782
AT 2094/02-30431,HR 46108,30469,113829
AT 2094/02-30432,HR 46108,30725,113876
AT 2094/02-30433,HR 46108,30981,113923
AT 2094/03,HR 46120,18948,113970
AT 2094/23,HR 46170,20740,114011
AT 2094/30431,HR 46108,59396,114052
AT 2094/31,HR 46120,19204,114096
AT 2094/42,HR 7962,56067,114137
AT 2094/B1,HR 8240,56835,113554
AT 2094/B1-8,HR 8240,17156,113593
AT 2094/D1,HR 8468,60419,113634
AT 2097/05,HR 46197,23812,114176
AT 2097/05 B,HR 46197,48900,114217
AT 2097/09,HR 46170,22532,114260
AT 2097/09 A,HR 46170,47364,114301
AT 2101/01,HR 2101,46851,114344
AT 2101/02,HR 2101,47107,114383
AT 2102/02 A,HR 2101,6660,114422
AT 2102/04 C,HR 2277 T4S,29701,114463
AT 2102/06 C,HR 2277 T14S,23045,114509
AT 2109,HR 1611,13315,114555
AT 2140,HR 2277 T9S,14340,114591
AT 2140/01,HR 6493,52227,114631
AT 2250/12,HR 2287 T29,63748,116789
AT 3010/110 C 1,HR 9542,44036,116833
AT 3010/110 LL,HR 9543,45316,116877
AT 3010/110 LS,HR 9543,47108,116920
AT 4021/02/D,HR 0069 T14S,25861,116963
AT 4030,HR 1364 H,39939,117009
AT 4036,HR 1373 T,44547,117047
AT 4042/02,HR 1370,50435,117085
AT 4043/01,HR 1843/01,23044,117124
AT 4043/100,HR 1843/100,47620,117166
AT 4043/34,HR 1843/34,26116,117210
AT 4043/38,HR 1843/38,28164,117252
AT 4043/53,HR 1843/53,26628,117294
AT 4043/60,HR 1843/60,25604,117336
AT 4043/61,HR 1843/61,26116,117378
AT 4043/73,HR 18014,260,117420
AT 4043/86,HR 1843/86,29700,117460
AT 4043/87,HR 1843/87,30212,117502
AT 4043/87 A,HR 1843/87,55044,117544
AT 4044/20,HR 1544/20,23300,117588
AT 4044/26,HR 1544,53251,117630
AT 4044/27,HR 1544,53507,117669
AT 4044/32,HR 1342,51459,117708
AT 90/11 PINOS,HR 7310,3333,118838
AT 90/23/01,HR 7301,63235,118881
AT 90/23/02,HR 7301,63491,118921
AT 90/23/03,HR 7304,64515,118961
AT 90/23/05,HR 7301,64259,119001
AT 90/23/06,HR 7318,1028,119041
AT 90/23/06 F,HR 7303,25604,119081
AT 90/23/760,HR 7301,13060,119123
AT 90/23/760 A,HR 7301,37892,119164
AT 90/25/02,HR 7304,64771,119207
AT 90/25/03,HR 7302,64515,119247
AT 90/25/05,HR 7313,4,119287
AT 90/25/05 F,HR 7314,26372,119327
AT 90/25/06,HR 7302,65283,119369
AT 90/25/08,HR 7315,1284,119409
AT 90/25/10,HR 7316,65283,119449
AT 90/25/15,HR 7304,260,119489
AT 90/25/15 F,HR 7303,26116,119529
AT 90/25/18,HR 7315,1540,119571
AT 90/25/20,HR 7310,64003,119611
AT 90/25/21,HR 7323,65283,119651
AT 90/25/23,HR 7324,516,119691
AT 90/7 PINOS,HR 7303,58372,119731
AT 90/7.7-23/750,HR 2175,65284,119773
AT 90/7.7-23/751,HR 3682,1029,121893
AT 90/7.7-23/752,HR 2151,64260,121938
AT 90/7.7-23/753,HR 3683,1797,121983
AT 90/7.7-23/754,HR 3684,2309,122028
AT 90/7.7-23/800,HR 2175,64260,122073
AT 90/72-23/751,HR 3682,53508,122118
AT 9425,HR 2265,16899,122162
AT/16/1001,HR 1601,52739,122198
AT/16/1002,HR 1602,53251,122237
AT/16/1003,HR 1603,53763,122276
AT/16/1006,HR 1606,55299,122315
AT/16/1024,HR 1624,55299,122354
AT/16/1025,HR 2080/00,25860,122393
AT/16/1026,HR 2080/15,27652,122435
AT/16/1028,HR 2063/00,26884,122477
AT/16/1029,HR 1629,57859,122519
AT/16/1032,HR 1632,54787,122558
AT/16/1033,HR 1633,55299,122597
AT/16/1050,HR 2080/10,25604,122636
AT/16/1051,HR 1651,55299,122678
AT/16/1101,HR 1621,53507,122717
AT/16/1102,HR 1622,54019,122756
AT/16/1107,HR 1627,56579,122795
AT/16/1108,HR 1628,57091,122834
AT/16/1123,HR 1623,55043,123965
AT/16/1124,HR 1624,55555,124004
AT/17/1103,HR 5525,56067,124043
AZ 1-56 CE 3,HR 9688,18436,124082
AZ 1-56 CL 2,HR 9313,16132,124123
AZ 1-56 SA 3,HR 9649,20740,124164
AZ 1-5605 A,HR 9532,1796,124205
AZ 1-5609,HR 9619,45059,124245
AZ 1-5612 A,HR 9648,3332,124283
AZ 1-5614,HR 9635,43523,124323
AZ 1-56250,HR 9332,54787,124361
AZ 1-56403,HR 9334,55299,124400
AZ 1-56403 A,HR 9334,14596,124439
AZ 1-56407 A 1,HR 9556,37892,124480
AZ 1-56415,HR 9556,57603,124523
AZ 2-5601 C,HR 9534,2052,124562
AZ 2101,HR 5126,14083,124602
AZ 2101 A,HR 5126,38915,124638
AZ 2101+13,HR 5126,50691,124676
AZ 2101-113,HR 5126,63747,124715
AZ 2101-13,HR 5126,51203,124755
AZ 2103,HR 5126,14595,124794
AZ 2103-13,HR 5126,51715,124830
AZ 2105,HR 3571,15619,124869
AZ 2105 D,HR 2105,39171,125989
AZ 2106,HR 5163,15619,126027
AZ 2107,HR 5157,16643,126063
AZ 2110,HR 2110,11523,126099
AZ 2111,HR 2155,14083,126135
AZ 2112,HR 1121,12291,126171
AZ 2113,HR 2141,13315,126207
AZ 2114,HR 2115,13827,126243
AZ 2115,HR 5525,16131,126279
AZ 2116,HR 2116,14595,126315
AZ 2118,HR 2075,16131,126351
AZ 2118 A,HR 2075,40963,126387
AZ 2120,HR 1123,12547,126425
AZ 2121,HR 2121,12547,126461
AZ 2302,HR 1357,15363,126497
AZ 2543,HR 1843/34,55555,126533
AZ 3-5650,HR 9675,45059,126572
AZ 31 CE 1,HR 5569,56067,126610
AZ 31 GR 1,HR 2019,57091,126649
AZ 31 GR 2,HR 2018,57091,126688
AZ 31 SA 1,HR 5611,56067,126727
AZ 31 SA 3,HR 5611,56579,126766
AZ 3102,HR 5505,14851,126805
AZ 3102 B,HR 3103,37891,126841
AZ 3102+153,HR 5505,65027,126879
AZ 3102+164,HR 5505,4,126919
AZ 3103,HR 3103,13059,128037
AZ 3104,HR 1117,14083,128073
AZ 3105,HR 2118,14851,128109
AZ 3106,HR 1130,13315,128145
AZ 3107,HR 5515,16387,128181
AZ 3107 A-47,HR 5565,15876,128217
AZ 3108,HR 5512,15875,128258
AZ 3108+175,HR 5512,1540,128294
AZ 3109,HR 2053,15363,128334
AZ 3109+180,HR 2053,4,128410
AZ 3109+18G,HR 2053,5892,128370
AZ 3110,HR 2063/00,50179,128450
AZ 3111,HR 2063/02,50947,128489
AZ 3113,HR 3578,17411,128528
AZ 3114,HR 3114,14083,128564
AZ 3114 A 47,HR 5567,12548,128600
AZ 3115,HR 2050,13827,128641
AZ 3115 A,HR 5570,41219,128677
AZ 3116,HR 3763,17155,128715
AZ 3117,HR 3634,16643,128751
AZ 3117 A,HR 3634,41475,128787
AZ 3118,HR 3635,17155,128825
AZ 3119/47,HR 5566,58115,128861
AZ 3120,HR 3120,12547,128900
AZ 3121,HR 1160,13315,128936
AZ 3122,HR 3522,14595,128972
AZ 3122 C,HR 3131,38915,130099
AZ 3125+19K,HR 5526,8708,130137
AZ 3127,HR 5558,18691,130177
AZ 3127+19H,HR 5558,9732,130213
AZ 3129,HR 3766,18947,130253
AZ 3129 B,HR 3766,44035,130289
AZ 3131,HR 3131,13571,130327
AZ 3131 C,HR 3131,38915,130363
AZ 3136,HR 3603,15875,130401
AZ 3136 A,HR 3650,41219,130437
AZ 3520,HR 1553,15619,130475
AZ 3521,HR 1588,17923,130511
AZ 3522,HR 1522,15107,130547
AZ 3526,HR 1577,18691,130583
AZ 3540,HR 1857,17923,130619
AZ 3541,HR 1502,14851,130655
AZ 3575,HR 3643,18691,130691
AZ 3590,HR 1501,15619,130727
AZ 3614,HR 9400,16387,130763
AZ 3614 B,HR 9400,41475,130799
AZ 363004,HR 8170,42243,130837
AZ 37 SA 3,HR 5611,58115,130875
AZ 3707,HR 5565,19203,130914
AZ 3735,HR 3643,18179,130950
AZ 5-57 SA 1,HR 9314,18692,130986
AZ 56 SA 1/A,HR 9507,23044,131027
AZ 5600,HR 9611,16643,133184
AZ 5600 B,HR 9611,41731,133220
AZ 5601,HR 9612,17155,133258
AZ 5605,HR 9668,20995,133294
AZ 5610,HR 9668,19971,133330
AZ 5612,HR 9648,19971,133366
AZ 56120,HR 9655,31747,133402
AZ 5615,HR 9651,19203,133439
AZ 56250,HR 9332,30723,133475
AZ 56403,HR 9365,32259,133512
AZ 56408,HR 9366,33795,133549
AZ 56415,HR 9556,33539,133586
AZ 5650,HR 9675,20483,133623
AZ 5651,HR 9644,19715,133659
AZ 56510,HR 9659,33539,133695
AZ 57 CE 1,HR 9316,56579,133732
AZ 57 SA 1,HR 9314,59139,133771
AZ 57CE 1,HR 9316,48387,133810
AZ 58070 A,HR 9322,55811,133848
AZ 6-58000,HR 9342,55043,133887
AZ 6-58070 A,HR 9322,15620,133926
AZ 60000 A,HR 9320,51715,133967
AZ 9-60000 A,HR 9320,12292,134006
AZ 9100,HR 3615,15875,134047
AZ 9101,HR 3616,16387,134083
AZV 194/2,HR 3766,53251,134181
AZV 305,HR 5526,25859,134219
AZV 416,HR 1535,25603,134255
B 106,HRT 216 A,12547,134519
B 106 P,HRT 216 P,45059,134555
B 180503,HR 42113,50435,134593
B 1895/641,HRT 507,56579,134632
B 1897/642,HRT 242 BP,36356,134671
B 196-25,HRT 225 BP,7940,134713
B 196-27,HRT 227 BP,8964,134753
B 196/27 M63,HRT 234 BP,63748,134793
B 32 3403,HR 6280,27395,134837
B 32 3403 001,HR 6280,7172,134875
B 32 3403 001 000,HR 6280,52228,134917
B 32 3403 002,HR 6280,7428,134963
B 32 3403 002 000,HR 6280,52484,135005
B 32 3403 003,HR 6280,7684,135051
B 32 3403 009,HR 6280,9220,135093
B 32 3409,HR 6280,28931,135135
B 32 3409 000,HR 6280,8452,138277
B 32 3409 000 000,HR 6280,53508,138319
B 32 3409 001,HR 6280,8708,138365
B 32 3409 001 000,HR 6280,53764,138407
B 32 3409 002,HR 6280,8964,138453
B 32 3409 002 000,HR 6280,54020,138495
B 32 3409 003,HR 6280,9220,138541
B 32 3412,HR 7166,28419,138583
B 32 3412 001,HR 7166,8196,138621
B 32 3412 001 000,HR 7166,53252,138663
B 32 3412 002,HR 7166,8452,138709
B 32 3412 002 000,HR 7166,53508,138751
B 32 3412 003,HR 7166,8708,138797
B 32 3412 003 000,HR 7166,53764,138839
B 32 3413,HR 7164,28163,138885
B 32 3413 001,HR 7164,7940,138923
B 32 3413 001 000,HR 7164,52996,138965
B 32 3413 002,HR 7164,8196,139011
B 32 3413 002 000,HR 7164,53252,139053
B 32 3413 003,HR 7164,8452,139099
B 32 3413 003 000,HR 7164,53508,139141
B 32 3418,HR 6383,29955,139187
B 32 3418 000,HR 6383,9476,139225
B 32 3418 000 000,HR 6383,54532,141349
B 32 3418 001,HR 6383,9732,141395
B 32 3418 001 000,HR 6383,54788,141437
B 32 3418 002 000,HR 6383,55044,141483
B 32 3426,HR 6383,29699,141529
B 32 3426 000,HR 6383,9220,141567
B 32 3426 001 000,HR 6383,54532,141609
B 32 3426 002,HR 6383,9732,141655
B 32 3426 002 000,HR 6383,54788,141697
B 32 3427,HR 8109,29443,141743
B 32 3427 001,HR 8109,9220,141781
B 32 3427 002,HR 8109,9476,141823
B 32 3427 002 000,HR 8109,54532,141865
B 32 3431,HR 7164,28163,141911
B 32 3431 001 000,HR 7164,52996,141949
B 32 3431 002,HR 7164,8196,141995
B 32 3431 002 000,HR 7164,53252,142037
B 32 3437,HR 8109,29699,142083
B 32 3437 001,HR 8109,9476,142121
B 32 3437 001 000,HR 8109,54532,142163
B 32 3437 002,HR 8109,9732,142209
B 32 3437 002 000,HR 8109,54788,142251
B 32 3437 003,HR 8109,9988,142297
B 32 3438,HR 8110,27907,142373
B 32 3438 001,HR 8110,7684,142411
B 32 3438 002,HR 8110,7940,142453
B 32 3438 002 000,HR 8110,52996,142495
B 32 3438 003,HR 8110,8196,142541
B 32 3438 004,HR 8110,8452,142583
B 32 3439,HR 8111,28419,142625
B 32 3439 001,HR 8111,8196,142663
B 32 3439 001 000,HR 8111,53252,142705
B 32 3439 002,HR 8111,8452,142751
B 32 3439 002 000,HR 8111,53508,142793
B 32 3448,HR 8112,28675,142839
B 32 3448 001,HR 8112,8452,142877
B 32 3448 003,HR 8112,8964,142919
B 32 3448 003 000,HR 8112,54020,142961
B 32 3448 004,HR 8112,9220,143007
B 32 3449,HR 8113,29187,143049
B 32 3449 003,HR 8113,9476,143087
B 32 3449 003 000,HR 8113,54532,143129
B 32 3453,HR 8114,28163,143175
B 32 3453 001,HR 8114,7940,143213
B 32 3453 001 000,HR 8114,52996,143255
B 32 3453 003,HR 8114,8452,143301
B 32 3454 001,HR 8115,8452,145458
B 32 3454 001 000,HR 8115,53508,145500
B 32 3454 003,HR 8115,8964,145546
B 82723-G2-A5,HR 1939,28932,145588
B 82723-G2-A8,HR 1918,28932,145630
B 82723-G2-B8,HR 1912,27652,145672
B 82723-G2-B9,HR 1910,27396,145714
B 82723-G2-C81,HR 1927,41988,145756
B 86,HRT 208,43010,145799
B 9045-S8154-M473,HRT 906,31493,145832
B 92-170,HR 3615,19203,145878
B 92924-K8254-M232,HRT 254,41221,145915
B 92945-A3151-M200,HRT 225 BP,15366,145962
B 92945-A7154-M200,HRT 230 BP,16134,146012
B 92945-A7154-M211,HRT 227 BP,18182,146062
B 92945-A7154-M222,HRT 227 BP,18694,146112
B 92945-A7154-M226,HRT 227 BP,19718,146162
B 92945-A7154-M232,HRT 227 BP,18950,146212
B 92945-A8154-M436,HRT 230 BP,19206,146262
B 92945-K7150-M233,HRT 263,40709,146312
B 92945-K7154-M203,HRT 263,40965,146359
B 92945-K7154-M233,HRT 234 BP,21254,146485
B 92945-K7154-M453,HRT 230 BP,21254,146535
B 92945-K7154-M533,HRT 235 BP,22278,146585
B 92945-K8154-M233,HRT 254,41989,146635
B 92945-K8154-M533,HRT 234 BP,22278,146682
B 92945-S7154-M473,HRT 901,45061,146732
B 92945-S7154-M573,HRT 905,46341,146779
B 92945-S7154-M603,HRT 903,44293,146826
B 92945-S7154-M703,HRT 900,43781,146873
B 92945-S8154-M073,HRT 911,44549,146920
B 92945-S8154-M473,HRT 906,46597,146967
B 92945-S8154-M573,HRT 902,45829,147014
B 92945-S8154-M603,HRT 904,44805,147061
B 92945-S8154-M703,HRT 910,44293,147108
B 92945-S8254-M472,HRT 913,46085,147155
B 92950-B3000-M000,HRT 208,32517,147202
B 92950-B3000-M003,HRT 208,33285,147249
B 92950-B3000-M105,HRT 208,34053,147296
B 92951-B3000-M000,HRT 207,32517,147343
B 92952-A3000-M000,HRT 202,31237,147390
B 92955-A3000-M105,HRT 218 B,60421,149563
B 92955-B7000-M200,HRT 244 BP,15366,149612
B 92955-D3000-M109,HRT 218 B,62213,149662
B 92955-D3000-M208,HRT 240 BS,16646,149711
B 92955-D7000-M003,HRT 244 BP,16134,149761
B 92955-S7000-M002,HRT 244 BP,19718,149811
B 92960-A3000-M000,HRT 209,32773,149861
B 92960-A3000-M003,HRT 209,33541,149908
B 92962-A3000-M003,HRT 210 BF,9478,149955
B 92965-A3000-M100,HRT 225 BP,13830,150005
B 92965-A3000-M200,HRT 225 BP,14086,150055
B 92965-A3000-M208,HRT 225 BP,16134,150105
B 92965-A7000-M200,HRT 227 BP,15622,150155
B 92965-K7154-M212,HRT 227 BP,21510,150205
B 92966-A3000-M002,HRT 210 BF,10246,150255
B 92966-A7000-M000,HRT 210 BF,10758,150305
B 92966-A7000-M002,HRT 210 BF,11270,150355
B 92972-A3000-M001,HRT 505,33541,150405
B 92976-A3154-M001,HRT 507,37637,150452
B 92976-B3000-M001,HRT 507,35333,151589
B 92976-B3000-M015,HRT 507,36613,151636
B 92988-B3000-M350,HRT 231 BP,16390,151683
B/113,HR 1831,48386,151733
BB 1990,HR 1376,12803,151767
BE057534 TR 1,HR 8336,37892,151844
BEK057534OG1,HR 8336,36612,151803
BG 100,HRT 209,4867,151886
BG 1885-5184,HRT 202,20484,151921
BG 1885-5184-1,HRT 202,44548,151962
BG 1885-5184-2,HRT 202,44804,152005
BG 1885-5184-3,HRT 202,45060,152048
BG 1885-5184-4,HRT 202,45316,152091
BG 1885-5184-5,HRT 202,45572,152134
BG 1885-5184-6,HRT 202,45828,152177
BG 1885-5184-7,HRT 202,46084,152220
BG 1885-5185-8,HRT 202,46596,152263
BG 1885-5186,HRT 202,20996,152306
BG 1885-5187,HRT 202,21252,152347
BG 1885-5189,HRT 202,21764,152388
BG 1885-5192-6,HRT 203,45828,152429
BG 1886,HRT 203,21251,152472
BG 1886-5189,HRT 202,22020,152508
BG 1886-5189-1,HRT 202,46084,153637
BG 1886-51891,HRT 202,34564,153680
BG 1886-51892,HRT 202,34820,153722
BG 1886-51893,HRT 202,35076,153764
BG 1886-51894,HRT 202,35332,153806
BG 1886-51895,HRT 202,35588,153848
BG 1886-51896,HRT 202,35844,153890
BG 1886-51897,HRT 202,36100,153932
BG 1886-51898,HRT 202,36356,153974
BG 1886-51899,HRT 202,36612,154016
BG 1886-5192,HRT 203,20740,154058
BG 1886-5192-1,HRT 203,44804,154099
BG 1886-5192-3,HRT 203,45316,154142
BG 1886-5192-4,HRT 203,45572,154185
BG 1886-5192-5,HRT 203,45828,154228
BG 1888-5196,HRT 505,23556,154271
BG 1895-321-000,HRT 201,53508,154312
BG 1895-5184,HRT 202,20740,154356
BG 1895-5191,HRT 509,22788,154397
BG 1895-541,HRT 505,7940,154438
BG 1895-541-000,HRT 505,56324,154478
BG 1895-541-001,HRT 505,56580,154522
BG 1895-541-002,HRT 505,56836,154566
BG 1895-541-015,HRT 505,57860,156731
BG 1895-541-021,HRT 505,57092,156775
BG 1895-541-081,HRT 505,58628,156819
BG 1895-541-091,HRT 505,58884,156863
BG 1895-541-092,HRT 505,59140,156907
BG 1895-541-096,HRT 505,60164,156951
BG 1895-541-104,HRT 505,57604,156995
BG 1895-541-109,HRT 505,58884,157039
BG 1895-541-125,HRT 202,56836,157083
BG 1895-541-126,HRT 202,57092,157127
BG 1895-541-444,HRT 505,59396,157171
BG 1895-541-448,HRT 505,60420,157215
BG 1895-541-449,HRT 505,60676,157259
BG 1895-541-449-1,HRT 505,19205,157303
BG 1895-541-449-2,HRT 505,19461,157349
BG 1895-541-449-3,HRT 505,19717,157395
BG 1895-541-449-31,HRT 505,32261,157441
BG 1895-541-449-4,HRT 505,19973,157488
BG 1895-541-449-41,HRT 505,32517,157582
BG 1895-541-449-42,HRT 505,32773,157629
BG 1895-541-449-4H7,HRT 505,52485,157534
BG 1895-541-449-51,HRT 505,32773,158775
BG 1895-641,HRT 507,8708,158822
BG 1895-641-001,HRT 507,57348,158862
BG 1895-641-007,HRT 507,58884,158906
BG 1895-641-008,HRT 507,59140,158950
BG 1895-641-015,HRT 507,58628,158994
BG 1895-641-018,HRT 507,59396,159038
BG 1895-641-028,HRT 509,60164,159082
BG 1895-641-032,HRT 507,58372,159126
BG 1895-641-034,HRT 507,58884,159170
BG 1895-641-034 G,HRT 507,19717,159214
BG 1895-641-039 G,HRT 506,20741,159260
BG 1895-641-044,HRT 507,59140,159306
BG 1895-641-045,HRT 507,59396,159350
BG 1895-641-045 C,HRT 509,19717,159394
BG 1895-641-045 M,HRT 507,21765,159440
BG 1895-641-048,HRT 509,60676,159486
BG 1895-641-051,HRT 507,58628,159530
BG 1895-641-052,HRT 507,58884,159574
BG 1895-641-063,HRT 507,59396,159618
BG 1895-641-070,HRT 507,58884,159662
BG 1895-641-071,HRT 506,58884,159706
BG 1895-641-074,HRT 509,60420,160805
BG 1895-641-075,HRT 509,60676,160849
BG 1895-641-076,HRT 507,60420,160893
BG 1895-641-076-1,HRT 507,18949,160937
BG 1895-641-077,HRT 507,60676,160983
BG 1895-641-078,HRT 507,60932,161027
BG 1895-641-079,HRT 509,61700,161071
BG 1895-641-082,HRT 507,59652,161115
BG 1895-641-082 G,HRT 507,20485,161159
BG 1895-641-089,HRT 506,61188,161205
BG 1895-641-091,HRT 507,59652,161249
BG 1895-641-092,HRT 507,59908,161293
BG 1895-641-093,HRT 507,60164,161337
BG 1895-641-094,HRT 507,60420,161381
BG 1895-641-097,HRT 507,61188,161425
BG 1895-641-106,HRT 507,58884,161469
BG 1895-641-107,HRT 507,59140,161513
BG 1895-641-110,HRT 507,57604,161557
BG 1895-641-112,HRT 506,57860,161601
BG 1895-641-113,HRT 507,58372,161645
BG 1895-641-114,HRT 507,58628,161689
BG 1895-641-115,HRT 506,58628,161733
BG 1895-641-120,HRT 507,57860,162874
BG 1895-641-122,HRT 507,58372,162918
BG 1895-641-123,HRT 310,56580,162962
BG 1895-641-127,HRT 203,57860,163006
BG 1895-641-222,HRT 507,58628,163050
BG 1895-641-223,HRT 507,58884,163094
BG 1895-641-441,HRT 507,59396,163138
BG 1895-641-441-1,HRT 507,17925,163182
BG 1895-641-441-2,HRT 507,18181,163228
BG 1895-641-442,HRT 507,59652,163274
BG 1895-641-442-1,HRT 507,18181,163318
BG 1895-641-442-1 G,HRT 507,44549,163364
BG 1895-641-442-2,HRT 507,18437,163412
BG 1895-641-442-3,HRT 507,18693,163458
BG 1895-641-442-4,HRT 507,18949,163504
BG 1895-641-442-5,HRT 509,19717,163550
BG 1895-641-443,HRT 507,59908,163596
BG 1895-641-444,HRT 507,60164,163640
BG 1895-641-444-4,HRT 507,19461,163684
BG 1895-641-445,HRT 507,60420,163730
BG 1895-641-446,HRT 507,60676,163774
BG 1895-641-449,HRT 507,61444,164917
BG 1895-641-449-0,HRT 507,19717,164961
BG 1895-641-449-1,HRT 507,19973,165007
BG 1895-641-449-1 G,HRT 506,46085,165053
BG 1895-641-449-10,HRT 507,32261,165101
BG 1895-641-449-11,HRT 507,32517,165148
BG 1895-641-449-12,HRT 507,32773,165195
BG 1895-641-449-14,HRT 507,33285,165242
BG 1895-641-449-15,HRT 507,33541,165289
BG 1895-641-449-15G,HRT 507,51717,165336
BG 1895-641-449-16,HRT 506,33541,165384
BG 1895-641-449-17,HRT 506,33797,165431
BG 1895-641-449-18,HRT 507,34309,165478
BG 1895-641-449-2,HRT 507,20229,165525
BG 1895-641-449-21,HRT 507,32773,165571
BG 1895-641-449-3,HRT 507,20485,165618
BG 1895-641-449-31,HRT 507,33029,165664
BG 1895-641-449-4,HRT 507,20741,165711
BG 1895-641-449-4 G,HRT 507,47109,165757
BG 1895-641-449-5,HRT 507,20997,165805
BG 1895-641-449-6,HRT 507,21253,165851
BG 1895-641-449-61,HRT 507,33797,167973
BG 1895-641-449-62,HRT 507,34053,168020
BG 1895-641-449-63,HRT 507,34309,168067
BG 1895-641-449-7,HRT 507,21509,168114
BG 1895-641-449-8,HRT 507,21765,168160
BG 1895-641-449-8 S,HRT 507,51205,168206
BG 1895-641-449-9,HRT 506,21765,168254
BG 1895-641-559-6,HRT 506,21509,168300
BG 1895-641-70,HRT 507,46596,168346
BG 1897-641-0..,HRT 245 BS,37125,168389
BG 1897-641-000,HRT 245 BS,38149,168436
BG 1897-641-001,HRT 245 BS,38405,168483
BG 1897-641-002,HRT 246 BS,38917,168530
BG 1897-641-002 G,HRT 245 BS,65029,168577
BG 1897-641-003,HRT 245 BS,38917,168626
BG 1897-641-004,HRT 245 BS,39173,168673
BG 1897-641-007 G,HRT 246 BS,1030,168720
BG 1897-641-011,HRT 245 BS,38661,168769
BG 1897-641-088 G,HRT 245 BS,3078,168816
BG 1897-641-1..,HRT 245 BS,37381,168865
BG 1897-641-100,HRT 245 BS,38405,168912
BG 1897-641-102,HRT 245 BS,38950,172060
BG 1897-641-103,HRT 245 BS,39173,172107
BG 1897-641-104,HRT 246 BS,39685,172154
BG 1897-641-105,HRT 245 BS,39685,172201
BG 1897-641-115,HRT 245 BS,39941,172248
BG 1897-641-116,HRT 245 BS,40197,172295
BG 1897-641-118,HRT 245 BS,40709,172342
BG 1897-641-2..,HRT 245 BS,37637,172389
BG 1897-641-200,HRT 245 BS,38661,172436
BG 1897-641-3..,HRT 240 BS,36613,172483
BG 1897-641-300,HRT 240 BS,37637,172530
BG 1897-641-300 G,HRT 240 BS,64005,172577
BG 1897-641-301,HRT 240 BS,37893,172626
BG 1897-641-301 G,HRT 240 BS,64261,172673
BG 1897-641-302,HRT 240 BS,38149,172722
BG 1897-641-303,HRT 240 BS,38405,172769
BG 1897-641-304,HRT 240 BS,38661,172816
BG 1897-641-307,HRT 240 BS,39429,172863
BG 1897-641-308,HRT 240 BS,39685,172910
BG 1897-641-309,HRT 240 BS,39941,172957
BG 1897-641-310,HRT 240 BS,37893,173004
BG 1897-641-312,HRT 240 BS,38405,174151
BG 1897-641-313,HRT 240 BS,38661,174198
BG 1897-641-318,HRT 240 BS,39941,174245
BG 1897-642-0..,HRT 242 BP,35845,174292
BG 1897-642-000,HRT 243 BP,37125,174339
BG 1897-642-001,HRT 242 BP,37125,174386
BG 1897-642-002,HRT 242 BP,37381,174433
BG 1897-642-003,HRT 242 BP,37637,174480
BG 1897-642-011,HRT 242 BP,37381,174527
BG 1897-642-068,HRT 242 BP,40453,174574
BG 1897-642-080,HRT 242 BP,38917,174621
BG 1897-642-086,HRT 242 BP,40453,174668
BG 1897-642-090,HRT 243 BP,39429,174715
BG 1897-642-098,HRT 242 BP,41221,174762
BG 1897-642-099,HRT 242 BP,41477,174809
BG 1897-642-1..,HRT 242 BP,36101,174856
BG 1897-642-100,HRT 242 BP,37125,174903
BG 1897-642-103,HRT 242 BP,37893,174950
BG 1897-642-105,HRT 242 BP,38405,174997
BG 1897-642-107,HRT 242 BP,38917,175044
BG 1897-642-119,HRT 242 BP,39685,176191
BG 1897-642-2..,HRT 242 BP,36357,176238
BG 1897-642-200,HRT 242 BP,37381,176285
BG 1897-642-3..,HRT 241 BP,36357,176332
BG 1897-642-300,HRT 241 BP,37381,176379
BG 1897-642-301,HRT 241 BP,37637,176426
BG 1897-642-303,HRT 241 BP,38149,176473
BG 1897-642-304,HRT 244 BP,39173,176520
BG 1897-642-307,HRT 241 BP,39173,176567
BG 1897-642-308,HRT 244 BP,40197,176614
BG 1897-642-309,HRT 244 BP,40453,176661
BG 1897-642-310,HRT 241 BP,37637,176708
BG 1897-642-311,HRT 241 BP,37893,176755
BG 1897-642-312,HRT 241 BP,38149,176802
BG 1897-642-314,HRT 241 BP,38661,176849
BG 1897-642-315,HRT 241 BP,38917,176896
BG 1897-642-316,HRT 241 BP,39173,176943
BG 1897-642-320,HRT 241 BP,37893,176990
BG 1897-642-324,HRT 244 BP,39685,177037
BG 1898-541,HRT 505 P,37380,177084
BG 1898-541-005,HRT 505 P,21509,179249
BG 1898-541-007,HRT 505 P,22021,179295
BG 1898-641,HRT 508 P,38404,179341
BG 1898-641-004,HRT 508 P,22277,179473
BG 1898-641-004 L,HRT 508 P,49925,179519
BG 1898-641-005,HRT 508 P,22533,179567
BG 1898-641-006,HRT 508 PD,40197,179613
BG 1898-641-007,HRT 508 PD,40453,179660
BG 1898-641-007 R,HRT 508 PD,4102,179707
BG 1898-641-008,HRT 508 P,23301,179756
BG 1898-641-009,HRT 508 P,23557,179802
BG 1898-641-014,HRT 508 P,22533,179848
BG 1898-641-018,HRT 508 P,23557,179894
BG 1898-641-045,HRT 508 P,23557,179940
BG 1898-641-051,HRT 508 P,22789,179986
BG 1898-641-072,HRT 508 P,23557,180032
BG 1898-641-082,HRT 508 P,23813,180078
BG 1898-641-083,HRT 508 PD,41477,180124
BG 1898-641-084,HRT 508 P,24325,180171
BG 1898-641-095,HRT 508 P,24837,180292
BG 1898-641-1 FN,HRT 508 P,43013,180338
BG 1898-641-318,HRT 508 P,24325,180385
BG 1898-641-322,HRT 508 P,23045,180431
BG 1898-641-332,HRT 508 P,23301,180477
BG 1898-641-422-3,HRT 508 P,47877,180523
BG 1898-641-442-3,HRT 508 P,48389,180571
BG 1898-641-449,HRT 508 P,25605,180619
BG 1898-641-449-1,HRT 508 P,49669,180665
BG 1898-641-449-2,HRT 508 P,49925,180713
BG 1898-641-449-3,HRT 508 P,50181,180761
BG 1898-641-NM,HRT 508 P,24069,179383
BG 1898-641-ST,HRT 508 P,27141,179428
BG 1899-642-301,HRT 250,58116,180809
BG 1899-642-303,HRT 265,60164,180853
BG 200-43,HRT 205,41987,180897
BG 200-63,HRT 507,43779,180935
BG 200-641,HRT 209,56323,180973
BG 2000-43,HRT 205,54275,181012
BG 2000-541-041,HRT 207,51972,181051
BG 2000-641,HRT 209,3076,181095
BG 2000-641 LK,HRT 209,49924,181135
BG 2000-641-000,HRT 209,51460,181178
BG 2000-641-001,HRT 209,51716,184357
BG 2000-641-002,HRT 209,51972,184401
BG 2000-641-002 G,HRT 209,12805,184445
BG 2000-641-003,HRT 209,52228,184491
BG 2000-641-004,HRT 212,50948,184535
BG 2000-641-005,HRT 209,52740,184579
BG 2000-641-006,HRT 209,52996,184623
BG 2000-641-007,HRT 209,53252,184667
BG 2000-641-008,HRT 209,53508,184711
BG 2000-641-008 G,HRT 209,14341,184755
BG 2000-641-009,HRT 209,53764,184801
BG 2000-641-010,HRT 209,51716,184845
BG 2000-641-011,HRT 209,51972,184889
BG 2000-641-012,HRT 209,52228,184933
BG 2000-641-012 G,HRT 209,13061,184977
BG 2000-641-013,HRT 209,52484,185023
BG 2000-641-014,HRT 209,52740,185067
BG 2000-641-015,HRT 209,52996,185111
BG 2000-641-016,HRT 209,53252,185155
BG 2000-641-017,HRT 208,53252,185199
BG 2000-641-021,HRT 209,52228,185243
BG 2000-641-022,HRT 209,52484,185287
BG 2000-641-801,HRT 211 P,15109,185404
BG 2000-641-802,HRT 211 P,15365,185450
BG 2032-642-3001,HRT 248 BP,47109,185496
BG 2032-642-3002,HRT 249,2053,185544
BG 2032-642-3003,HRT 255,1541,185589
BG 2032-642-3003 M,HRT 255,29445,185634
BG 2032-642-3005,HRT 250,773,185681
BG 2032-642-3006,HRT 264,2309,185726
BG 2032-642-3201,HRT 251,517,185771
BG 2032-642-3202,HRT 250,517,185816
BG 2032-642-3206,HRT 265,3077,185861
BG 2034-642-3008,HRT 400,1285,185906
BG 2034-642-3008 G,HRT 400,27653,185951
BG 2034-642-3010,HRT 400,65028,185998
BG 2034-642-3010 G,HRT 400,25861,186043
BG 2034-642-3011,HRT 401,5,186090
BG 2034-642-3011 M,HRT 401,27909,186135
BG 2034-642-3205,HRT 402,1541,186182
BG 2034-642-3206,HRT 402,1797,186227
BG 2034-642-3206 G,HRT 402,28165,186272
BG 2034-642-3207,HRT 403,2309,186319
BG 2034-642-3209 G,HRT 404,29445,188488
BG 2077-642-1003,HRT 903,3333,188535
BG 2077-642-1003 H,HRT 903,29957,188580
BG 2077-642-1003 HG,HRT 903,48133,188627
BG 2077-642-1004,HRT 904,3845,188675
BG 2077-642-1004 H,HRT 904,30469,188720
BG 2077-642-1004 HG,HRT 904,48645,188767
BG 2077-642-1023 HG,HRT 903,48645,188815
BG 2087-642-1001,HRT 901,2565,188863
BG 2087-642-1001 G,HRT 901,28933,188908
BG 2087-642-1002,HRT 902,3077,188955
BG 2087-642-1002 G,HRT 902,29445,189000
BG 2087-642-1006,HRT 906,5125,189047
BG 2087-642-1006 G,HRT 906,31493,189092
BG 2087-642-1010,HRT 910,2565,189139
BG 2087-642-1010 G,HRT 910,28933,189184
BG 2087-642-1011,HRT 911,3077,189231
BG 2087-642-1011 H,HRT 911,29701,189276
BG 2087-642-1011 HG,HRT 911,47877,189323
BG 2087-642-1013,HRT 913,4101,189371
BG 2087-642-1020,HRT 920,3077,190514
BG 2087-642-1020 G,HRT 920,29445,190559
BG 2087-642-1022 G,HRT 902,29957,190606
BG 2087-642-1024,HRT 911,4101,190653
BG 2096-641,HRT 210 BF,47876,190698
BG 2096-641-0..,HRT 210 BF,29701,190741
BG 2096-641-000,HRT 210 BF,30725,190788
BG 2096-641-001,HRT 210 BF,30981,190835
BG 2096-641-002,HRT 210 BF,31237,190882
BG 2096-641-003,HRT 210 BF,31493,190929
BG 2096-641-004,HRT 210 BF,31749,190976
BG 2096-641-008,HRT 210 BF,32773,191023
BG 2097-641-0..,HRT 222 BS,34053,191070
BG 2097-641-000,HRT 222 BS,35077,191117
BG 2097-641-001,HRT 222 BS,35333,191164
BG 2097-641-1..,HRT 222 BS,34309,191211
BG 2097-641-100,HRT 222 BS,35333,191258
BG 2097-641-2..,HRT 222 BS,34565,191305
BG 2097-641-20 AX,HRT 222 BS,5126,191352
BG 2097-641-200,HRT 222 BS,35589,191401
BG 2097-641-3..,HRT 226 BS,35845,191448
BG 2097-641-300,HRT 226 BS,36869,192549
BG 2097-641-302,HRT 226 BS,37381,192596
BG 2097-641-303,HRT 226 BS,37637,192643
BG 2097-641-305,HRT 226 BS,38149,192690
BG 2097-641-306,HRT 226 BS,38405,192737
BG 2097-641-307,HRT 226 BS,38661,192784
BG 2097-641-308,HRT 226 BS,38917,192831
BG 2097-641-309,HRT 226 BS,39173,192878
BG 2097-641-311,HRT 226 BS,37381,192925
BG 2097-641-312,HRT 226 BS,37637,192972
BG 2097-641-313,HRT 226 BS,37893,193019
BG 2097-641-314,HRT 226 BS,38149,193066
BG 2097-641-315,HRT 226 BS,38405,193113
BG 2097-641-316,HRT 226 BS,38661,193160
BG 2097-641-318,HRT 226 BS,39173,193207
BG 2097-641-319,HRT 226 BS,39429,193254
BG 2097-641-320,HRT 226 BS,37381,193301
BG 2097-641-321,HRT 226 BS,37637,193348
BG 2097-641-330,HRT 226 BS,37637,193395
BG 2097-641-331,HRT 226 BS,37893,193442
BG 2097-641-341,HRT 226 BS,38149,193489
BG 2097-641-342,HRT 226 BS,38405,195613
BG 2097-641-343,HRT 226 BS,38661,195660
BG 2097-641-345,HRT 226 BS,39173,195707
BG 2097-641-353,HRT 226 BS,38917,195754
BG 2097-641-387,HRT 226 BS,40709,195801
BG 2097-641-389,HRT 226 BS,41221,195848
BG 2097-641-502,HRT 258 BS,39173,195895
BG 2097-641-507,HRT 258 BS,40453,195942
BG 2097-642-0..,HRT 225 BP,34309,195989
BG 2097-642-000,HRT 225 BP,35333,196036
BG 2097-642-001,HRT 225 BP,35589,196083
BG 2097-642-002,HRT 225 BP,35845,196130
BG 2097-642-003,HRT 225 BP,36101,196177
BG 2097-642-004,HRT 225 BP,36357,196224
BG 2097-642-005,HRT 225 BP,36613,196271
BG 2097-642-006,HRT 225 BP,36869,196318
BG 2097-642-007,HRT 225 BP,37125,196365
BG 2097-642-008,HRT 225 BP,37381,196412
BG 2097-642-011,HRT 225 BP,35845,196459
BG 2097-642-011 G,HRT 225 BP,62213,196506
BG 2097-642-015,HRT 225 BP,36869,196555
BG 2097-642-100,HRT 225 BP,35589,197702
BG 2097-642-2..,HRT 225 BP,34821,197749
BG 2097-642-200,HRT 225 BP,35845,197796
BG 2097-642-259,HRT 225 BP,39429,197843
BG 2097-642-3..,HRT 227 BP,35589,197890
BG 2097-642-3.. I,HRT 227 BP,62469,197937
BG 2097-642-300,HRT 227 BP,36613,197986
BG 2097-642-301,HRT 227 BP,36869,198033
BG 2097-642-303,HRT 230 BP,35845,198080
BG 2097-642-306,HRT 230 BP,36613,198127
BG 2097-642-307,HRT 230 BP,36869,198174
BG 2097-642-308,HRT 227 BP,38661,198221
BG 2097-642-309,HRT 227 BP,38917,198268
BG 2097-642-310,HRT 227 BP,36869,198315
BG 2097-642-311,HRT 227 BP,37125,198362
BG 2097-642-313,HRT 231 BP,36357,198409
BG 2097-642-314,HRT 231 BP,36613,198456
BG 2097-642-315,HRT 230 BP,36613,198503
BG 2097-642-316,HRT 229 BP,38917,198550
BG 2097-642-317,HRT 230 BP,37125,198597
BG 2097-642-321,HRT 230 BP,35845,199744
BG 2097-642-321 M2,HRT 231 BP,11270,199791
BG 2097-642-322,HRT 227 BP,37637,199841
BG 2097-642-323,HRT 227 BP,37893,199888
BG 2097-642-324,HRT 227 BP,38149,199935
BG 2097-642-325,HRT 227 BP,38405,199982
BG 2097-642-326,HRT 227 BP,38661,200029
BG 2097-642-327,HRT 236 BP,38917,200076
BG 2097-642-328,HRT 227 BP,39173,200123
BG 2097-642-329,HRT 230 BP,37893,200170
BG 2097-642-332,HRT 227 BP,37893,200217
BG 2097-642-333,HRT 231 BP,36869,200264
BG 2097-642-334,HRT 230 BP,36869,200311
BG 2097-642-335,HRT 230 BP,37125,200358
BG 2097-642-336,HRT 227 BP,38917,200405
BG 2097-642-337,HRT 231 BP,37893,200452
BG 2097-642-338,HRT 227 BP,39429,200499
BG 2097-642-339,HRT 227 BP,39685,200546
BG 2097-642-340,HRT 263,57604,200593
BG 2097-642-340 G,HRT 263,18437,200637
BG 2097-642-343,HRT 227 BP,38405,201783
BG 2097-642-344,HRT 231 BP,37381,201830
BG 2097-642-346,HRT 231 BP,37893,201877
BG 2097-642-347,HRT 236 BP,39429,201924
BG 2097-642-348,HRT 230 BP,38149,201971
BG 2097-642-349,HRT 227 BP,39941,202018
BG 2097-642-350,HRT 230 BP,36357,202065
BG 2097-642-351,HRT 230 BP,36613,202112
BG 2097-642-352,HRT 230 BP,36869,202159
BG 2097-642-354,HRT 230 BP,37381,202206
BG 2097-642-355,HRT 227 BP,39173,202253
BG 2097-642-356,HRT 236 BP,39429,202300
BG 2097-642-357,HRT 231 BP,38405,202347
BG 2097-642-358,HRT 227 BP,39941,202394
BG 2097-642-359,HRT 230 BP,38661,202441
BG 2097-642-360,HRT 230 BP,36613,202488
BG 2097-642-361,HRT 227 BP,38405,202535
BG 2097-642-362,HRT 227 BP,38661,202582
BG 2097-642-363,HRT 233 BP,38149,202629
BG 2097-642-364,HRT 227 BP,39173,202676
BG 2097-642-366,HRT 227 BP,39685,205861
BG 2097-642-367,HRT 230 BP,38405,205908
BG 2097-642-368,HRT 227 BP,40197,205955
BG 2097-642-369,HRT 234 BP,39941,206002
BG 2097-642-369 G,HRT 234 BP,774,206049
BG 2097-642-370,HRT 254,58372,206098
BG 2097-642-370 G,HRT 254,19205,206142
BG 2097-642-373,HRT 227 BP,39173,206188
BG 2097-642-374,HRT 227 BP,39429,206235
BG 2097-642-376,HRT 227 BP,39941,206282
BG 2097-642-377,HRT 227 BP,40197,206329
BG 2097-642-378,HRT 231 BP,39173,206376
BG 2097-642-381,HRT 227 BP,38917,206423
BG 2097-642-382,HRT 227 BP,39173,206470
BG 2097-642-383,HRT 230 BP,37893,206517
BG 2097-642-384,HRT 227 BP,39685,206564
BG 2097-642-385,HRT 230 BP,38405,206611
BG 2097-642-385 G,HRT 230 BP,64773,206658
BG 2097-642-388,HRT 227 BP,40709,206707
BG 2097-642-390,HRT 235 BP,38661,206754
BG 2097-642-390 G,HRT 235 BP,65029,206801
BG 2097-642-391,HRT 234 BP,38661,207903
BG 2097-642-392,HRT 230 BP,37893,207950
BG 2097-642-393,HRT 227 BP,39685,207997
BG 2097-642-400,HRT 254,56836,208044
BG 2097-642-401,HRT 227 BP,37125,208088
BG 2097-642-403,HRT 254,57604,208135
BG 2097-642-404,HRT 227 BP,37893,208179
BG 2097-642-405,HRT 237 BP,38405,208226
BG 2097-642-410,HRT 227 BP,37125,208273
BG 2097-642-411,HRT 230 BP,35845,208320
BG 2097-642-417,HRT 227 BP,38917,208367
BG 2097-642-419,HRT 227 BP,39429,208414
BG 2597-643-0001,HR 6119,62212,208461
BH 25-10335 C,HR 46168,56580,208506
BH 26-00015 A,HR 46153,53252,208550
BH 26-00016 A,HR 46153,53508,208594
BH 26-10303 K,HR 46183,56836,208638
BH 26-10334 J,HR 46152,56580,208682
BH 26-10335 A,HR 46117,54788,208726
BH 26-10335 B,HR 46199,57604,208770
BH 26-10335 C,HR 46168,56836,208814
BH 26-10335 E,HR 46168,57348,208858
BH 26-10335 N,HR 46192,58884,210981
BH 26-10336 B,HR 46179,57348,211025
BH 26-10336 F,HR 46179,58372,211069
BH 26-30005 S,HR 8491,27140,211113
BI 6080,HR 2080/00,48131,211155
BS 1-20,HR 1520,9987,211194
BS 1-21,HR 1521,10499,211230
BSC 0102,HR 7405,29955,211266
BSC 0103,HR 7408,30979,211303
BSC 0104,HR 6408,30979,211340
BSC 0106,HR 7245,31491,211377
BSC 0108,HR 6410,30211,211414
BSC 0109,HR 6413,31235,211451
BSC 0113,HR 7245,30979,211488
BSC 0201,HR 8308,30723,211525
BSC 0207,HR 6452,31747,211562
BSC 0208,HR 6452,32003,211599
BSC 0243,HR 7439,33283,211636
BSC 0307,HR 7624,32515,211673
BSC 0371,HR 7437,33283,211710
BSC 0371 B,HR 7437,58371,211747
BSC 0402,HR 7518,32003,211786
BSC 0403,HR 7136,31235,211823
BSC 0405,HR 7132,30723,211860
BSC 0406,HR 7184,32771,211897
BSC 0407,HR 7022,30723,211934
BSC 0408,HR 7145,32515,212005
BSC 0409,HR 7135,32515,212042
BSC 0410,HR 7800,30211,212079
BSC 0414,HR 6190,31491,212116
BSC 0421,HR 7976,34307,212153
BSC 0425,HR 7239,33283,212190
BSC 0426,HR 7518,33539,212227
BSC 0432,HR 7976,34819,212264
BSC 0455 B,HR 7434,58371,212301
BSC 0455 C,HR 7434,58627,212340
BSC 0501,HR 7254,31235,212379
BSC 0504,HR 7462,32259,212416
BSC 0506,HR 7451,32259,212453
BSC 0508,HR 7083,33027,212490
BSC 0514,HR 7479,34563,212527
BSC 0515,HR 7657,34307,212564
BSC 0517,HR 7983,35331,212601
BSC 0519,HR 7654,34563,212638
BSC 0534 B,HR 7433,57603,212675
BSC 0581 B,HR 7439,59651,212714
BSC 0601,HR 7753,32515,212753
BSC 0603,HR 8310,30467,212790
BSC 0604,HR 7050,30723,212827
BSC 0609,HR 6396,35075,212864
BSC 0612,HR 7748,34051,212901
BSC 0613,HR 7812,32259,212938
BSC 0629,HR 8351,33795,215089
BSC 0639,HR 7870,35331,215126
BSC 0706,HR 7461,33027,215163
BSC 08-17064,HR 2011,15620,215200
BSC 0904,HR 7865,35075,215241
BSC 1001,HR 6098,31491,215278
BSC 1002,HR 6133,29187,215315
BSC 1003,HR 6098,32003,215352
BSC 1004,HR 7503,30211,215389
BSC 1005,HR 1610,28675,215426
BSC 1006,HR 7505,31235,215463
BSC 1008,HR 6051,30467,215500
BSC 1009,HR 6012,29955,215537
BSC 1010,HR 6478,32003,215574
BSC 1012,HR 1490,29699,215611
BSC 1013,HR 1147,29699,215648
BSC 1101,HR 7301,28675,215685
BSC 1102,HR 7103,28931,215722
BSC 1201,HR 2018,28931,215759
BSC 1202,HR 5701,29699,215796
BSC 1203,HR 2019,29699,215833
BSC 1204,HR 2016,29187,215870
BSC 1301,HR 1194,30211,215907
BSC 1302,HR 6009,30467,215944
BSC 1303,HR 1127,29699,215981
BSC 1304,HR 6003,29443,216018
BSC 1306,HR 1101,28419,217148
BSC 1307,HR 6089,33795,217185
BSC 1308,HR 6009,32003,217222
BSC 1310,HR 1127,29187,217259
BSC 1311,HR 6005,29443,217296
BSC 1312,HR 3627,31491,217333
BSC 1313,HR 3628,32003,217370
BSC 1314,HR 1117,29955,217407
BSC 1502,HR 7042,30467,217444
BSC 1503,HR 7041,30467,217481
BSC 17-08481,HR 46035,51972,217518
BSC 19-03448,HR 7628,40964,217561
BSC 19-23561,HR 7775,41220,217603
BSC 1901,HR 7460,32259,217645
BSC 20-08524,HR 7190,37380,217682
BSC 20-13567,HR 6260,17668,217724
BSC 20-14023,HR 7301,13828,217765
BSC 2004,HR 7462,31491,217806
BSC 21-04449,HR 46032,49924,217843
BSC 21-04751,HR 8197,39172,217886
BSC 21-08364,HR 46079,52740,217928
BSC 21-22532,HRT 227 BP,4357,217971
BSC 2102,HR 7731,30979,218015
BSC 22-001,HR 7184,55299,218052
BSC 22-0106,HR 7170,2308,219173
BSC 22-01177 A,HR 7145,42244,219213
BSC 22-0134,HR 7041,1796,219256
BSC 22-01422,HR 46002,46340,219296
BSC 22-02703,HR 7725,17412,219339
BSC 22-04018,HR 8310,15364,219380
BSC 22-04187 A,HR 7731,43524,219421
BSC 22-04305,HR 46034,48388,219464
BSC 22-06 F,HR 7170,3588,219507
BSC 22-08103,HR 7136,16388,219547
BSC 22-08132,HR 7254,17156,219588
BSC 22-08205,HR 7184,17924,219629
BSC 22-08617,HR 7500,17668,219670
BSC 22-10030,HR 6296,15876,219711
BSC 22-14611,HR 7306,16388,219752
BSC 22-15041,HR 7405,15876,219793
BSC 22-17168,HR 6133,18180,219834
BSC 22-21114,HR 7460,15620,219875
BSC 22-21563,HR 7455,18692,219916
BSC 22-21725,HR 7455,18692,219957
BSC 22-21735,HR 7455,18948,219998
BSC 22-23436,HR 7448,39172,220039
BSC 22-23683,HR 7970,20484,220081
BSC 22-2501,HR 7865,5380,220122
BSC 22-2903,HR 8600,3844,221215
BSC 22-2952,HR 8190,5892,221255
BSC 22-6501,HR 7971,5892,221295
BSC 2201 A,HR 7474,56835,221335
BSC 2203,HR 7474,32515,221374
BSC 23-0167,HR 7136,4868,221411
BSC 23-03693,HR 7744,39940,221451
BSC 23-0374,HR 7686,27140,221493
BSC 23-0374 T,HR 7686,56836,221534
BSC 23-03749,HR 7686,41732,221577
BSC 23-0801,HR 8499,6916,221619
BSC 23-08102,HR 7136,16388,221659
BSC 23-08130,HR 7132,15620,221700
BSC 23-08616,HR 7506,38916,221741
BSC 23-1108,HR 7679,6916,221783
BSC 23-1108 J,HR 7679,34052,221823
BSC 23-14021,HR 6060,14340,221865
BSC 23-14042,HR 6009,15876,221906
BSC 23-14058,HR 7103,16644,221947
BSC 23-14183,HR 6003,15876,221988
BSC 23-17317,HR 6478,20484,222029
BSC 23-17498,HR 7311,19716,222070
BSC 23-21419,HR 46007,49924,222111
BSC 23-21550,HR 46045,49412,222154
BSC 23-82509,HR 7522,19460,223290
BSC 24-0108,HR 7041,2564,223331
BSC 24-01082,HR 6396,18436,223371
BSC 24-01113,HR 7462,15876,223412
BSC 24-01194,HR 7245,17924,223453
BSC 24-01318,HR 46031,48388,223494
BSC 24-0156,HR 7145,4612,223537
BSC 24-0175,HR 7032,3588,223577
BSC 24-0176,HR 7108,4868,223617
BSC 24-03185,HR 7483,19460,223657
BSC 24-03663,HR 7437,19460,223698
BSC 24-04055,HR 7731,17668,223739
BSC 24-04131,HR 7474,17412,223780
BSC 24-04171,HR 7472,17924,223821
BSC 24-04187,HR 7472,19716,223862
BSC 24-06046,HR 8308,18436,223903
BSC 24-06240,HR 7462,17412,223944
BSC 24-06298,HR 7193,20996,223985
BSC 24-08007,HR 7042,16644,224026
BSC 24-08009,HR 7083,18436,224067
BSC 24-08164,HR 7041,17412,224108
BSC 24-08313,HR 7184,18436,224149
BSC 24-09074,HR 7624,19460,224190
BSC 24-1101,HR 7983,4868,227365
BSC 24-1102,HR 8351,2564,227405
BSC 24-14059,HR 6408,18948,227445
BSC 24-14367,HR 5701,18180,227486
BSC 24-15020,HR 7408,16388,227527
BSC 24-15024,HR 7408,17412,227568
BSC 24-16005,HR 7668,19460,227609
BSC 24-16036,HR 7716,18948,227650
BSC 24-17220,HR 1610,14596,227691
BSC 24-1801,HR 8351,4100,227732
BSC 24-19579,HR 7244,21764,227772
BSC 24-2105 A,HR 8597,31492,227813
BSC 24-23486,HR 7706,40196,227855
BSC 24-23547,HR 46137,52228,227897
BSC 24-2951,HR 8351,5892,227940
BSC 2402,HR 7716,32515,227980
BSC 2403,HR 7731,32003,228017
BSC 25 N 0401,HR 8107,27652,228054
BSC 25-01 H,HR 7022,2564,228096
BSC 25-0101,HR 7022,772,228136
BSC 25-0115,HR 7145,3588,228176
BSC 25-0120,HR 7146,2820,228216
BSC 25-0120 F,HR 7146,28932,228256
BSC 25-0125,HR 7145,3844,228298
BSC 25-0143,HR 7022,2308,228409
BSC 25-0157,HR 7146,5380,228449
BSC 25-0177,HR 46076,39172,228489
BSC 25-02 P,HR 7173,6660,228531
BSC 25-02248,HR 7731,18436,228571
BSC 25-0317 S,HR 7459,36100,228612
BSC 25-0317-5,HR 7459,31748,228654
BSC 25-03189,HR 7451,19460,228696
BSC 25-03191,HR 7654,18948,228737
BSC 25-04004,HR 46038,29444,228778
BSC 25-04026,HR 46038,30468,228820
BSC 25-0541,HR 7976,7428,228862
BSC 25-0561,HR 8558,7172,228902
BSC 25-08286,HR 6385,21508,228942
BSC 25-0906,HR 8269,7684,228983
BSC 25-14172,HR 6089,19460,229023
BSC 25-15 F,HR 7145,4868,229064
BSC 25-17210,HR 6012,14852,229104
BSC 25-17545,HR 2176,19460,229145
BSC 25-2059 S,HR 8447,36868,229186
BSC 25-2068 S,HR 8544,36356,229228
BSC 25-21475,HR 7690,20228,229270
BSC 25-21714,HR 7474,19204,229311
BSC 25-23629,HR 46081,52228,231461
BSC 25-2505,HR 7607,5636,231504
BSC 25-2701,HR 7484,5892,231544
BSC 25-2701 A,HR 7484,30724,231584
BSC 25-5508,HR 7880,7940,231626
BSC 25-5509,HR 8480,7428,231666
BSC 25-6102,HR 7351,3844,231706
BSC 2502 P,HR 7173,60675,231746
BSC 2506,HR 6296,34307,231785
BSC 2513,HR 6296,33795,231822
BSC 26-04369,HR 7736,21508,231901
BSC 26-0901,HR 8527,5892,231942
BSC 26-2121,HR 8358,5380,231982
BSC 26-3902,HR 8562,6660,232022
BSC 26-5601,HR 7103,3588,232062
BSC 26-N 2119,HR 8300,32004,231859
BSC 2601,HR 7462,32259,232102
BSC 2601 A,HR 7462,57091,232139
BSC 2602,HR 7483,33283,232178
BSC 2604,HR 7468,34563,232215
BSC 27-17413,HR 6030,16644,232252
BSC 27-21708,HR 7460,19204,232293
BSC 28-03518,HR 7439,20740,232334
BSC 28-17498,HR 7311,20996,232375
BSC 28-23647,HR 8335,20996,232416
BSC 2902,HR 7668,35331,232485
BSC 2903,HR 7455,34051,232522
BSC 30-23553,HR 7721,17668,232559
BSC 3001 SF,HR 7462,12804,232600
BSC 3103,HR 7434,31491,232640
BSC 3201,HR 7472,31747,232677
BSG 2516,HR 8205,33539,232714
BSM 31-3102,HR 7664,26372,232751
BV 4-06,HR 9400,13827,232792
BV 42-25,HR 9629,30211,232828
BV 42-30,HR 9634,28163,232865
BV 42-44,HR 6018,27651,232902
BV 42-46,HR 9363,29699,232939
BV 42-50,HR 9408,28419,232976
BV 42-54,HR 9355,29699,233013
BV 42-60,HR 6228,27907,233050
BV 42-75,HR 7031,27651,233087
BV 52-50,HR 9408,28675,233124
BV 7279-047.01,HR 2011,38404,233161
BV 9279-057.01,HR 2014,39940,233204
BV 9279-066.01,HR 2017,40708,233247
BV 9279-068.01,HR 3621,41732,233290
BW 00101,HR 7860,27139,233333
BW 00102,HR 7859,29443,233370
BW 00221,HR 7764,48387,233407
BW 00231,HR 8599,50435,233445
BW 00422,HR 7980,29443,235557
BWF 2-9236-05,HR 42075,64772,235594
C/15/9,HR 1871,64258,235638
CC 6044/20,HR 1544/20,19972,235673
CC 6044/26,HR 1544,49923,235715
CC 6044/27,HR 1544,50179,235754
CCFT 602,HR 46105,49667,235793
CCFT 610 A,HR 7916,63747,235831
CCFT 613,HR 7266,39171,235870
CE 41101 A 0 A,HR 8269,29700,235907
CE 41101-00 A,HR 8269,20484,235950
CE 41193,HR 8505,26115,235992
CE 41193-00 C,HR 8505,22020,236029
CE 41225-00 A,HR 7901,20228,236200
CE 41225-00 A KD,HR 7901,65028,236242
CE 41225-A 0 A,HR 7901,32772,236071
CE 41225-A 0 AKD,HR 7901,3845,236114
CE 41225-AOA,HR 7901,24324,236159
CE 41233-00 A,HR 7915,21252,236329
CE 41233-A 00,HR 7915,21252,236287
CE 41286-A 0 A,HR 7909,36612,236371
CE 41286-AOA,HR 7909,28164,236414
CE 41294 A,HR 7907,52739,236455
CE 41294-00 A,HR 7907,23300,236494
CE 41479-00 B,HR 7911,23556,238658
CE 41479-00 C,HR 7911,23812,238700
CE 41479-00 C KD,HR 7911,3077,238742
CE 4188-002 JI,HR 6549,45316,238787
CE 41888-00 AJ 1,HR 6549,5,238830
CE 41888-002 J 1,HR 6549,61700,238875
CE 41903-00 AJ 1,HR 6558,62468,238920
CE 41903-001 J 1,HR 6558,58372,238965
CE 41903-001 JI,HR 6558,56324,239010
CE 42295-00 AJ 1,HR 6550,61700,239054
CE 42295-00 AJ 1 S,HR 6550,25605,239099
CE 42295-001 J 1,HR 6550,57604,239146
CE 42374,HR 8330,25603,239191
CE 42374-00 CKJ 1,HR 8330,14853,239228
CE 42374-001,HR 8330,8708,239274
CE 42586,HR 8512,27395,239315
CE 42586-001 J 1,HR 8512,58372,239352
CETH 007-00 AJ 1,HR 46101,18949,239397
CETH 007-001 J 1,HR 46101,14853,239443
CETH 014-00 AJ 1,HR 46102,18693,239489
CETH 014-001 J 1,HR 46102,14597,239535
CETH 015-00 AJ 1,HR 46103,19205,239581
CETH 015-001 J 1,HR 46103,15109,239653
CETH 019-00 AJ 1,HR 8363,9477,239699
CETH 019-00 AJ 1 S,HR 8363,38917,239744
CETH 019-00 AJ 1 SA,HR 8363,55557,239791
CETH 019-001 J 1,HR 8363,5381,239839
CETH 022-00 AJ 1,HR 8363,7941,239884
CETH 022-001 J 1,HR 8363,3845,239929
CETH 026-00 A,HR 8425,34564,239974
CETH 026-001,HR 8425,22276,240016
CF 0165,HR 7823,13059,240057
CF 0168,HR 46056,46083,240093
CF 0168 A,HR 46062,4612,240131
CF 0225,HR 46043,43523,240171
CF 0296,HR 46024,45315,240209
CF 0301,HR 7443,10499,240247
CF 0304,HR 7491,12035,240283
CF 0313,HR 46043,43011,240319
CF 0321,HR 7819,12803,240357
CF 0341,HR 7443,11523,240393
CF 0361,HR 7491,12803,240429
CF 0365,HR 7628,34051,240465
CF 0394,HR 46096,47363,240502
CF 0431,HR 7443,11523,240540
CF 0441,HR 7819,13571,240576
CF 0456,HR 46150,44803,240612
CF 0456 A,HR 46150,4100,242725
CF 0467,HR 7918,15619,242765
CF 0484,HR 46098,47875,242801
CF 0519,HR 7823,13827,242839
CF 0532,HR 7693,33539,242875
CF 0536,HR 7686,35075,242912
CF 0539,HR 42051,44291,242949
CF 0589,HR 46200,45571,242987
CF 0612,HR 46126,44035,243025
CF 0612 A,HR 46126,3332,243063
CF 0625,HR 7764,34051,243103
CF 06281,HR 7435,26371,243140
CF 0698,HR 7764,36611,243177
CF 0698 A,HR 7764,61443,243214
CF 0724 A,HR 46143,4100,243253
CF 0756,HR 46115,45827,243293
CF 0853,HR 46093,46595,243331
CF 0895,HR 46170,47107,243369
CF 0905,HR 46175,46339,243407
CF 0905 A,HR 46175,5636,243445
CF 0932,HR 7648,14851,243485
CF 0959,HR 46186,49155,243521
CF 1,HR 7505,38146,243559
CF 1009,HR 46185,45571,243592
CF 1009 A,HR 46185,4868,243630
CF 1010,HR 46186,43779,243670
CF 1032,HR 46197,45315,244797
CF 1109,HR 46201,43011,244835
CF 1110,HR 46180,42499,244873
CF 1123,HR 46171,43523,244911
CF 1208,HR 46188,46595,244949
CF 1208 A,HR 46188,5892,244987
CF 122 A,HR 8088,24835,245027
CF 124 B,HR 7630,23555,245064
CF 124 E,HR 7630,24323,245101
CF 134,HR 7441,64258,245138
CF 143,HR 46055,31747,245173
CF 1463,HR 46193,46339,245210
CF 165,HR 7823,771,245248
CF 168 A,HR 46062,57859,245283
CF 2302,HR 1357,10755,245322
CF 249,HR 42074,32771,245358
CF 3107,HR 5565,13059,245395
CF 3107 A 47,HR 5565,7940,245431
CF 3119,HR 5566,14083,245472
CF 3520,HR 1553,11011,245508
CF 3522,HR 1522,10499,245544
CF 3540,HR 1857,13315,245580
CF 3661,HR 7468,15363,245616
CF 4042/38,HR 1342,49411,245652
CF 4043/34,HR 1843/34,23044,245691
CF 4043/38,HR 1843/38,25092,246821
CF 4043/87,HR 1843/87,27140,246863
CF 4044/20,HR 1544/20,20228,246905
CF 4044/26,HR 1544,50179,246947
CF 4044/27,HR 1544,50435,246986
CF 44,HR 7639,54274,247025
CF 44 A,HR 7639,13571,247059
CF 51 A,HR 46014,42499,247095
CF 5612,HR 9658 C,40963,247133
CF 5645,HR 9645,16131,247171
CF 5651,HR 9644,15107,247207
CF 65,HR 7452,53250,247243
CF 65 A,HR 7452,12547,247277
CF 68 A,HR 7483,14339,247313
CF 82,HR 7452,52994,247349
CF 83,HR 7900,52738,247383
CF 83516,HR 18516,40707,247417
CF 83610,HR 1810,24323,247455
CF 93 A,HR 7452,12803,247492
CF 94,HR 46000,18179,247528
CFB 2-005,HR 8224,39171,247564
CFB 2-005 A,HR 8224,64003,247602
CFB 2-005 B,HR 8224,64259,247642
CFB 2-030,HR 8361,39171,247682
CFB 2-065,HR 8361,41219,247720
CFB 2/005,HR 8224,39683,247758
CFB 2/005 B,HR 8224,64771,249913
CFB 2/030,HR 8361,39683,249953
CFB 4-121,HR 46167,7940,249991
CFB 4/121,HR 46167,8452,250031
CFE 2/12,HR 1912,26883,250071
CFE 2/18,HR 1918,29955,250108
CH 0007079-2001 B,HR 8562,8965,250145
CJ 27300-00 A,HR 46190,53764,250191
CJ 27300-00 C,HR 46190,54276,250235
CJ 27898,HR 8269,33283,250279
CJ 27898-00 AJ 1,HR 8269,2821,250316
CJ 28069,HR 8269,30979,250361
CJ 28069-00 AJ 1,HR 8269,517,250398
CJ 28212,HR 8268,28163,250443
CJ 28212-00 AJ 1,HR 8268,63236,250480
CJ 28540 A,HR 46132,18436,250525
CL 1411 LK,HR 7770,60419,250566
CM 83131,HR 7474,28675,250605
CP 26,HR 46066,22531,250642
CP 27,HR 46068,23299,250678
CP 334 P 00303,HR 46019,3589,250714
CP 334 P 03001,HR 46097,4613,250759
CP 334 P 031,HR 46097,45572,250804
CP 334 P 13002,HR 7667,38660,250847
CP 334 P 13302,HR 7718,58372,250917
CP 45,HR 46047,22531,250961
CP 63,HR 6406,54786,250997
CP 66,HR 7616,56578,251031
CR 2036/36,HR 2272 R,16644,251065
CR 2080/10,HR 2080/10,21252,251106
CR 9658 C,HR 9658 C,7428,251148
CT 3080/10,HR 2080/10,22020,251188
CT 3107,HR 5515,15363,251230
CT 3107/01,HR 5565,53507,251266
CT 3107/04,HR 5565,54275,251305
CT 3107/47,HR 5565,56067,251344
CT 3212,HR 5546,15619,251383
CT 4/5,HR 7639,4611,251419
CT 8183,HR 46186,51971,251454
CT 8295,HR 46190,51715,251492
CT 8355,HR 7744,39171,251530
CT 8550,HR 46181,50179,251567
CT 8558,HR 46181,52227,251605
CTA 3107,HR 5515,32003,251643
CTA 5043/34,HR 1843/34,43524,251680
CTA 5043/38,HR 1843/38,45572,251723
CTA 5043/87,HR 1843/87,47620,251766
CTF 749/2,HR 7679,51459,251809
CTR 25/5,HR 18516,49923,251847
CTRNF2035BMVO,HR 7340,13061,254002
CTRNF2039BMVO,HR 8022,13573,254044
CTRNF2041BMVO,HR 6497,15365,254086
CTRNF2046BMVO,HR 8595,16901,254128
CTRNF2047BMVO,HR 8033,13829,254170
CTRNF2048BMVO,HR 8033,14085,254212
CTRNF2049BMVO,HR 8032,14085,254254
CTRNF2074BMVO,HR 8181,14853,254296
CV 2094/41,HR 7963,57091,254338
CZ 8600,HR 9611,17923,254377
CZ 8612,HR 9648,21251,254413
CZ 8651,HR 9644,20995,254449
D 001/37,HR 6009,18179,254485
D 002/37,HR 6062,18179,254522
D 003/37,HR 6003,17155,254559
D 004/37,HR 6005,17923,254596
D 005/37,HR 6045,19203,254633
D 012/37,HR 6032,17667,254670
D 014/37,HR 6180,19203,254707
D 016/37,HR 6145,19971,254744
D 022/37,HR 6062,18691,254781
D 023/37,HR 6158,20483,254818
D 026/37,HR 6179,22019,254855
D 030/37,HR 6182,19203,254892
D 032/37,HR 6154,19459,254929
D 041/37,HR 6058,20227,255032
D 046/37,HR 6113,19459,255069
D 047/37,HR 6144,20739,255106
D 049/37,HR 6150,20483,255143
D 050/37,HR 6057,19971,255180
D 052/37,HR 6060,18947,255217
D 053/37,HR 6181,20227,255254
D 056/37,HR 6182,21251,255291
D 059/37,HR 6157,22531,255328
D 060/37,HR 6388,41731,255365
D 063/37,HR 6293,21507,255403
D 064/37,HR 6284,21763,255440
D 066/37,HR 6149,22275,255477
D 067/37,HR 6388,43523,255514
D 069/37,HR 6182,22275,255552
D 070/37,HR 6160,19203,255589
D 071/37,HR 6160,19459,255626
D 076/37,HR 6175,22275,255663
D 081/37,HR 6159,21763,255700
D 102/37,HR 6043,18179,255737
D 108/37,HR 6100,18179,255774
D 118/37,HR 6100,18435,255811
D 171,HRT 225 BP,34307,255848
D 174,HR 1681 S,11523,255885
D 175,HR 1674 S,12291,255921
D 176,HR 1674 S,12547,255957
D 178,HRT 906,57602,258104
D 201/37,HR 6053,18435,258138
D 202/37,HR 6043,18435,258175
D 207/37,HR 6268,22019,258212
D 208/37,HR 6155,20995,258249
D 210/37,HR 6288,20995,258286
D 214/37,HR 6044,19459,258323
D 218/37,HR 6169,22531,258360
D 219/37,HR 6172,21251,258397
D 233/37,HR 6025,19459,258434
D 237/37,HR 6174,21763,258471
D 240/37,HR 6224,19203,258508
D 241/37,HR 6223,19203,258545
D 243/37,HR 6252,20227,258582
D 244/37,HR 6167,21763,258619
D 246/37,HR 6119,21507,258656
D 247/37,HR 6004,19971,258693
D 258/37,HR 6039,22531,258730
D 260/37,HR 6255,20739,258767
D 272/37,HR 6278,22787,258804
D 275/37,HR 6132,20739,258841
D 278/37,HR 6008,22019,258878
D 280/37,HR 6063,20483,258915
D 281/37,HR 6053,20483,258952
D 284/37,HR 6090,21507,258989
D 291/37,HR 6207,20995,259026
D 299/37,HR 6153,23043,262201
D 307/37,HR 6257,21763,262238
D 313/37,HR 6119,20227,262275
D 322/37,HR 6134,19459,262312
D 331/37,HR 6228,20483,262349
D 335/37,HR 6063,20739,262386
D 337/37,HR 6294,22787,262423
D 339/37,HR 6132,20995,262460
D 341/37,HR 6253,20227,262497
D 342/37,HR 6294,21763,262534
D 344/37,HR 6256,21763,262571
D 348/37,HR 6475,23555,262608
D 358/37,HR 6387,24323,262645
D 361/37,HR 7128,21251,262682
D 372/37,HR 6278,23043,262719
D 376/37,HR 6195,23555,262756
D 397/37,HR 6295,24579,262793
D 399/37,HR 6389,26115,262830
D-5,HRT 256,33026,262867
D-5 B,HRT 257,58370,262899
D-6,HRT 262,32514,262933
D92943-A7154-M211,HRT 228 BP,10246,277979
DA 019 E,HR 3533,23555,262965
DCF 1551,HR 6375,30723,263002
DCF 1551 A,HR 6375,55555,263039
DCF 1551 M,HR 6375,58627,263078
DCF 1551 M 7103 P,HR 6375,16389,263117
DCF 1577,HR 7494,33539,264255
DCF 1577 A,HR 7456,57859,264292
DCF 1577 N,HR 7482,60931,264331
DCF 1580,HR 46045,62723,264370
DCF 1580 B,HR 46025,21764,264409
DCF 1580 E,HR 46045,23044,264450
DCF 2052,HR 6385,30211,264491
DCF 2052 A,HR 6385,55043,264528
DCF 2052 P,HR 6385,58883,264567
DCF 2077,HR 7481,31491,264606
DCF 2077 A,HR 7455,56579,264643
DCF 2077 B,HR 7916,57347,264682
DCF 2077 D,HR 7916,57859,264721
DCF 2077 N,HR 7481,59651,264760
DCF 2077 Y,HR 7916,63235,264799
DCF 2077 Z,HR 7468,64003,264838
DCF 2078 A,HR 7458,11780,264877
DCF 2217,HR 7644,30723,264917
DCF 2217 J,HR 7644,57859,264954
DCF 2217 L,HR 7797,60675,264993
DCF 2217 Y,HR 7797,64003,265032
DCS 2034,HR 6385,33539,265071
DCT 1470,HR 7456,34563,265108
DDF 9802 A,HR 7455,57603,265145
DE 50 H 0000134,HR 7770,44292,267301
DE 50 H 0000155,HR 7770,45060,267345
DE 50 H 0000166,HR 7916,46084,267389
DE 50 H 0000177,HR 7880,46596,267433
DE 50 H 0000205,HR 8532,43268,267477
DFF 98020,HR 7455,45571,267521
DFF 98020 A,HR 7455,4868,267559
DG 300000166,HR 42021,39684,267599
DG 300000174,HR 42023,39940,267642
DG 300000182,HR 42022,39428,267685
DG 300000191,HR 42042,39940,267728
DG 300000504,HR 42025,39684,267771
DG 300000512,HR 42026,39684,267814
DG 300000603,HR 42027,40196,267857
DG 300000709,HR 42101,40196,267900
DG 300001004,HR 42025,38660,267943
DG 300003009,HR 42049,41988,267986
DG 300005818,HR 46166,45572,268029
DG 300008507,HR 46184,45060,268072
DG 330000504,HR 42025,40452,268115
DG 330000512,HR 42026,40452,268158
DG 330000603,HR 42027,40964,268201
DG 330001004,HR 42025,39428,268244
DK 42010 B,HR 7522,49694,268316
DM 3510-69428,HR 7898,32260,268355
DMQ 1445,HR 7456,36867,268397
DN-FA 2065,HR 8277,62723,268434
DNF-FA 1426,HR 7468,15364,268473
DNF-FA 2002,HR 7483,12292,268513
DNF-FA 2002 A,HR 7483,37124,268553
DNF-FA 2002 B,HR 7483,37380,268595
DNF-FA 2003,HR 7444,11780,268637
DNF-FA 2003 B,HR 7483,37636,268677
DNF-FA 2014,HR 7736,13316,268719
DNF-FA 2017,HR 8303,11780,268759
DNF-FA 2019,HR 7468,15108,268799
DNF-FA 2040,HR 7605,11780,268839
DNF-FA 2041,HR 7736,13316,268879
DNF-FA 2044,HR 7731,12804,268919
DNF-FA 2044 A,HR 7731,37636,268959
DNF-FA 2044 E,HR 7731,38660,269001
DNF-FA 2065,HR 8277,15108,269043
DNF-FA 2066,HR 46038,46596,269083
DNF-FC 1401,HR 7452,12292,269125
DNF-FC 1404 B,HR 7728,39684,269165
DNF-FC 1406,HR 7460,13316,269207
DNF-FC 1426,HR 7455,14852,269247
DNF-FC 1431 D,HR 7834,39684,271397
DNF-FC 1432,HR 7742,13828,271439
DNF-FC 1434,HR 7729,15620,271479
DNF-FC 1445,HR 7608,15108,271519
DNF-FC 1452,HR 7472,14340,271559
DNF-FDA 0001,HR 8528,29188,271599
DNF-FE 2004,HR 8508,33284,271640
DNF-FL 2700,HR 7708,36100,271681
DNF-FL 2713,HR 7255,36356,271722
DNF-FL 2727,HR 46089,51972,271763
DNF-FL 2732,HR 8369,38404,271805
DNF-FL 2732 A,HR 8369,63236,271846
DNF-FL 2732 B,HR 8369,63492,271889
DNF-FMA 0002,HR 8402,29444,271932
DNF-FN 1419,HR 7695,39428,271973
DNF-FN 1419 A,HR 7695,64260,272014
DNF-FN 1528,HR 46117,49924,272057
DNF-FT 0002,HR 46154,48132,272099
DNF-FXB 0012,HR 8440,33284,272141
DOK 8840 N,HR 8218,64771,272182
DOK 8848 N,HR 7464,1796,272221
DOK 8850,HR 7949,39427,272260
DR 1/TVK 72,HRT 205,26884,272297
DS 01,HR 7052,53250,272337
DS 012,HR 6176,2051,273459
DS 014,HR 7546,3075,273494
DS 02,HR 7052,53506,273529
DS 03,HR 7037,54530,273563
DS 04,HR 7058,55554,273597
DS 07,HR 7088,57090,273631
DS 08,HR 7541,55810,273665
DS 09,HR 6053,55298,273699
DS 1,HR 7052,40962,273733
DS 10,HR 6219,54274,273766
DS 11,HR 6053,53506,273800
DS 12,HR 6257,55298,273834
DS 12-015601,HR 6268,13316,273868
DS 13,HR 6270,54274,273909
DS 14,HR 7546,56322,273943
DS 15,HR 7556,56834,273977
DS 16,HR 7575,57346,274011
DS 16 BLED,HR 7581,5124,274045
DS 17,HR 7584,57602,274084
DS 17 BLED,HR 7596,6916,274118
DS 18,HR 7599,59394,274157
DS 18 B,HR 7286,17155,274191
DS 19,HR 8019,56578,274227
DS 2,HR 7052,41218,274261
DS 20,HR 8560,54786,274294
DS 3,HR 7037,42242,274328
DS 30,HR 6257,55298,274361
DS 31,HR 7338,55810,274395
DS 34,HR 8279,57858,276540
DS 35,HR 8234,55810,276574
DS 4,HR 7053,41986,276608
DS 5,HR 7058,43522,276641
DS 5021 B,HR 7074,40195,276674
DS 6,HR 7087,44290,276712
DS 7,HR 7088,44802,276745
DS 8,HR 7168,44802,276778
DS 9,HR 6053,43010,276811
DS10,HR 6219,46082,276844
DS11,HR 6257,46850,276877
DS12,HR 6268,47618,276910
DS12/015.6.01,HR 6268,29188,276943
DS3/015.6.003,HR 7037,28420,276985
DS6/015.6.003,HR 7087,30468,277027
DS8,HR 7541,35330,277069
DT 2075/26,HR 2075,54531,277101
DT 2076/71,HR 6071,54787,277140
DT 2078/20,HR 7704,54787,277179
DT 2080,HR 1117,13827,277218
DT 2090/01,HR 2282 T1,28676,277254
DT 2094/42,HR 7962,56835,277296
DV 2076-20603,HR 8253,27908,277335
DV 2076/20603,HR 8253,28420,277377
DV 2094-20411,HR 8026,26628,277419
DV 2094/01,HR 7963,56323,277461
DV 2094/20411,HR 8026,27140,277568
DV 2094/20633,HR 8019,29188,277610
DV 2094/20661,HR 8240,28420,277652
DV 2094/20662,HR 8240,28676,277694
DV 2094/2089.1,HR 8371,42756,277736
DV 2094/20891,HR 8371,30980,277779
DV 2094/40,HR 7772,56579,277821
DV 2094/41,HR 7963,57347,277860
DV 2094/42-0,HR 7962,15620,277899
DV 2094/50,HR 8126,55299,277940
E 04200000581,HR 8584,19460,278028
E 160-401,HR 2264 CB,6916,278070
E 160-404,HR 2264 CB,7684,278111
E 34000911,HR 7229,46339,278152
E 42031001030,HR 42046,47620,278191
E 42048044010,HR 46140,50692,278235
E-1142.1515,HR 8019,61443,278279
E-3122-108-31250,HR 7503,57604,278319
E/110/509,HR 2268 TRSI,61700,278364
E/110/575,HR 2269 T12S,48388,278407
E/110/852,HR 2280 T11S,45828,278450
E/160/312,HR 631,21507,278493
E/160/605,HR 236,23043,281631
E/160/611,HR 602,21507,281668
E/160/612,HR 631,22275,281705
E/160/704,HR 2274 T20S,46852,281742
EAF 1176,HR 3642,29699,281785
EAT 0207,HR 2280 T6S,30212,281822
EAT 07,HR 2274 T27S,18948,281863
EAT 09,HR 2274 T36S,19460,281903
EAT 5067,HR 2268 TRSI,59908,281943
EAT 6050,HR 602,18179,281985
EAT 6061,HR 046,19203,282021
EAT 7,HR 2274 T27S,6660,282057
EAT 7008,HR 631,19715,282096
EAT 7030,HR 046,18435,282132
EAT 7031,HR 502,17923,282168
EAT 7060,HR 530,18691,282204
EAT 7068,HR 2268 TRSI,60676,282240
EAT 7078,HR 2266 R,64515,282282
EAT 7079,HR 602,21251,282321
EAT 7090,HR 3122 RSI,35332,282357
EAT 7092,HR 2270 V5,11268,282398
EAT 7093,HR 025,19971,282438
EAT 7094,HR 2267-2,59395,282474
EAT 8011,HR 185,19459,282513
EAT 8022,HR 2274 T20S,43012,282549
EAT 8030,HR 2267,32771,282591
EAT 9,HR 2274 T36S,7172,284709
EAT/E 0185 (3818),HR 2269 T8S,15622,284748
EAT/E 5067,HR 2268 TRSI,24069,284798
EAT/E 6027,HR 2265,62979,284842
EAT/E 6041,HR 046,48387,284881
EAT/E 6052,HR 052,48131,284919
EAT/E 6061,HR 2266 R,26372,284957
EAT/E 6069,HR 2266 R,28420,284998
EAT/E 6096,HR 025,50179,285039
EAT/E 7008,HR 631,49411,285077
EAT/E 7025,HR 634 RS,34820,285115
EAT/E 7031,HR 502,47619,285156
EAT/E 7061,HR 061,48387,285194
EAT/E 7065,HR 502,49411,285232
EATC 7,HR 3516,11523,285270
EATC 8,HR 3519,12547,285305
EATC 9,HR 3519,12803,285340
EB 9425/01,HR 2265,50179,285375
EGP 447.0010,HR 253,3588,285414
EGP 447.0011,HR 721/213,54276,285454
EIA 528 8806,HR 6467,37380,285498
EIA 528 8833,HR 46044,48388,285540
ENIE 31,HR 2269 T9S,25092,285583
ET 3107/47,HR 5565,56579,285623
ETF 33 L 319 AYT,HR 42070,53253,285733
ETF 35 L 502 AZT,HR 7780,42501,285780
ETF 35 L 510 AZT,HR 46126,53765,285826
ETF 35 L 515 AZT,HR 7664,43781,285873
ETF 36 L 304 AYT,HR 46075,54789,285919
ETF 38 L 304 AYT,HR 46075,55301,285966
ETF 39 L 1003 AZ,HR 46194,46341,286013
ETF 39 L 1003 BZ,HR 46194,46597,286060
ETF 39 L 1011 BZ,HR 46005,44037,286107
ETF 39 L 1027 AZ,HR 7664,35333,286154
ETF 39 L 1034 AZ,HR 46122,45061,286200
ETF 39 L 1039 AZ,HR 7972,36613,286247
ETF 39 L 1057 AZ,HR 46130,46085,286293
ETF 39 L 1063 AZ,HR 46113,45573,286340
ETF 39 L 1065 AZ,HR 46130,45829,286387
ETF 39 L 1075 AZ,HR 46124,46853,286434
ETF 39 L 2029 AZ,HR 46132,46597,286481
ETF 39 L 2029 AZT,HR 46132,2566,286528
ETF 39 L 2065 AZ,HR 46130,46085,286576
ETF 39 L 2085 AZ,HR 46188,49925,286623
ETF 39 L 2501 AZ,HR 46128,46597,286670
ETF 39 L 318 AZT,HR 46003,54789,288841
ETF 39 L 338 AZT,HR 46005,55813,288888
ETF 39 L 397 AZT,HR 46196,59909,288935
ETF 39 L 406 BZT,HR 46005,55045,288982
ETF 39 L 426 AZT,HR 7664,45061,289029
ETF 39 L 442 AZT,HR 7845,44805,289075
ETF 39 L 462 AZT,HR 7664,45061,289121
ETF 39 L 470 AZT,HR 7686,45829,289167
ETF 39 L 510 AZT,HR 7693,44037,289213
ETF 39 L 609 AZT,HR 46081,57093,289259
ETF 39 L 614 AZT,HR 7641,43525,289306
ETF 39 L 623 AZT,HR 8179,45317,289352
ETF 39 L 639 AZT,HR 7693,47109,289398
ETF 40 L 1008 AZ,HR 46160,43781,289444
ETF 40 L 1010 AZ,HR 46112,41221,289491
ETF 40 L 1010 CZ,HR 46112,41733,289538
ETF 40 L 30 AY,HR 7746,52740,289585
ETF 42 L 501 AZT,HR 46111,51717,289628
ETF 614 AZT,HR 7641,45572,289675
EW 77 X 006,HR 7465,6148,289716
EW 77 X 6,HR 7465,47107,289756
EX 77 X 19,HR 7499,62467,289823
F 0001 ME,HR 6123,36611,289862
F 0001 PE,HR 6123,37379,289900
F 0004 CE,HR 6376,37379,289938
F 0004 ME,HR 6376,39939,289976
F 0004 PE,HR 6376,40707,290014
F 0004 PE-D,HR 6376,4100,290052
F 0011 CE,HR 6377,37123,290092
F 0011 ME,HR 6377,39683,290130
F 0011 PE,HR 6377,40451,290168
F 0011 PE-D,HR 6377,3844,290206
F 0011 PE-M,HR 6377,6148,290246
F 0015 CE,HR 7626,37635,290286
F 0015 ME-H,HR 7626,4612,290324
F 0015 PE,HR 7626,40963,290364
F 0015 PE-M,HR 7626,6660,290402
F 0027 CE,HR 7675,39427,290442
F 0027 CE-M,HR 7675,5124,290480
F 0027 CEM,HR 7675,59139,290520
F 0027 PE,HR 7675,42755,290559
F 0027 PE-M,HR 7675,8452,290597
F 0027 PEM,HR 7675,62467,290637
F 0036 CE,HR 7635,38403,290676
F 0036 PE,HR 7635,41731,290714
F 0036 PE-M,HR 7635,7428,290752
F 0037 ME,HR 8406,40451,292901
F 0037 MEZZ,HR 8406,20996,292939
F 0063 CE,HR 7809,39171,292979
F 0063 PE,HR 7809,42499,293017
F 0063 PE-M,HR 7809,8196,293055
F 0069 CE,HR 7711,38659,293095
F 0069 PE,HR 7711,41987,293133
F 0069 PE-H,HR 7711,6404,293171
F 0069 PE-M,HR 7711,7684,293211
F 0111 BM,HR 19043,49923,293251
F 0115 PE,HR 7626,41219,293290
F 0148 PE-M,HR 8544,8452,293328
F 0149 PE,HR 8392,43267,293368
F 0149 PESA,HR 8392,15620,293406
F 0151 PE,HR 8544,41219,293446
F 0151 PE-SA,HR 8544,25092,293484
F 0156 PE-B,HR 8544,5380,293525
F 0210,HR 3606,57858,293565
F 0210 A,HR 3606,17155,293600
F 0220 A,HR 3606,17411,293637
F 0227,HR 3607,60162,293674
F 0234,HR 3608,59906,293709
F 0574 BM,HR 18017,53251,293744
F 0575 BM,HR 15008,52739,293783
F 0576 BM,HR 9830,42243,293822
F 1116,HR 6137,59906,293860
F 1117,HR 6137,60162,294949
F 1119,HR 7624,61186,294984
F 1143,HR 6143,59138,295019
F 1143 A,HR 6267,20227,295054
F 1162,HR 6482,60930,295091
F 1166,HR 6166,61698,295126
F 1178,HR 7689,65282,295161
F 1180,HR 7733,60930,295196
F 1182 CE,HR 6396,39939,295231
F 120 H 401,HR 7591,54787,295269
F 120 H 601,HR 7591,55299,295309
F 120 H 602,HR 7537,55555,295349
F 1204-1,HR 7474,19203,295389
F 1205 CE,HR 6396,38915,295426
F 12104-1,HR 7474,31747,295464
F 12105-1,HR 7607,31491,295502
F 1215 CE,HR 6123,36099,295540
F 1216 CE,HR 6123,36355,295578
F 1216 CE-S,HR 6123,3588,295616
F 1216 PE,HR 6123,39683,295656
F 1220 CE,HR 7050,35075,295694
F 1232 CE,HR 6364,37635,295732
F 1247 CE,HR 7348,39939,295770
F 1250 CE,HR 6131,35587,295808
F 1251 CE,HR 6363,37635,295846
F 1252 CE,HR 6395,39171,295884
F 1308 CE,HR 6376,39427,297013
F 1308 CE-D,HR 6376,2820,297051
F 1308 PE,HR 6376,42755,297091
F 1366 CE,HR 6610,38147,297129
F 1374 CE,HR 6377,40451,297167
F 1374 CE-D,HR 6377,3844,297205
F 1412 CE,HR 7753,38403,297245
F 1412 CEN1,HR 7753,5380,297283
F 1414 CE,HR 8050,36611,297323
F 1416 CE,HR 7812,38403,297361
F 1417 CE,HR 7847,40707,297399
F 1419 CE,HR 7812,39171,297437
F 1442 CE,HR 7756,39939,297475
F 1470 CE,HR 7847,40451,297513
F 1470 CE-A,HR 7847,3076,297551
F 1483 CE,HR 7761,40195,297591
F 1484 CE,HR 7756,41475,297629
F 1562 CE,HR 6384,39683,297667
F 1563 CE,HR 6266,39683,297705
F 1564 CE,HR 6266,39939,297743
F 1581 CE,HR 7846,40963,297781
F 1582 CE,HR 7760,39939,297819
F 1605 CE,HR 7760,38915,297857
F 1619 CE,HR 7626,40451,297895
F 1619 CE-M,HR 7626,6148,297933
F 1625 CE,HR 7790,40195,300088
F 1627 CE,HR 7851,40195,300126
F 1628 CE,HR 7851,40451,300164
F 1630 CE,HR 7759,40451,300202
F 1643 CE,HR 7807,39939,300240
F 1646 CE,HR 7855,41475,300278
F 1651 CE,HR 7861,39683,300316
F 1665 CE,HR 7752,40707,300354
F 1687 CE,HR 7773,42499,300392
F 1689 CE,HR 7748,43523,300430
F 1691 CE,HR 7763,40963,300468
F 1692 CE,HR 6131,38147,300506
F 1693 CE,HR 8310,38659,300544
F 1694 CE,HR 8310,38915,300582
F 1703 CE,HR 7864,39939,300620
F 171220,HR 8286,21763,300658
F 1717 CE,HR 7758,41731,300695
F 1751 CE,HR 7675,40707,300733
F 1768 BM,HR 6224,41731,300771
F 1768 CE,HR 6224,39939,300809
F 1780 CE,HR 7732,39683,300847
F 1783 BM,HR 6167,42499,300885
F 1783 CE,HR 6167,40707,300923
F 1786 BM,HR 6223,41475,300961
F 1790 CE,HR 7812,39683,300999
F 1802 CE,HR 8141,37123,301093
F 1826 CE,HR 8281,39939,301131
F 1838 CE,HR 7756,42243,301169
F 1839 CE,HR 8217,40707,301207
F 1840 CE,HR 8227,38915,301245
F 1856 CE,HR 7870,41475,301283
F 186 N,HR 42012,41731,301321
F 1881 CE,HR 8142,39171,301359
F 1890 CE,HR 8142,39171,301397
F 1901 CE,HR 8142,37379,301435
F 1923 CE,HR 8143,38659,301473
F 1952 CE,HR 8142,38915,301511
F 2000 BM,HR 6256,37891,301549
F 2000 BM1,HR 6256,50435,301587
F 2000 CE,HR 6256,36099,301626
F 2001 BM,HR 6253,37379,301664
F 2002 BM,HR 7521,37379,301702
F 2002 CE,HR 7521,35587,301740
F 2003 BM,HR 7531,37891,301778
F 2004 BM,HR 7521,37891,301816
F 2004 BMZZ,HR 7521,18436,301854
F 2005 BM,HR 7531,38403,301894
F 2005 CE,HR 8642,37635,301932
F 2006 BM,HR 7531,38659,301970
F 2006 BMZZ,HR 7531,19204,302008
F 2007 BM,HR 7521,38659,302048
F 2008 BM,HR 6475,40707,304165
F 2012 BM,HR 7521,37635,304203
F 2015 BM,HR 7497,41475,304241
F 2018 BM,HR 7497,42243,304279
F 2019 BM,HR 8570,40707,304317
F 2021 BM,HR 7653,39171,304355
F 2022 BM,HR 7558,40451,304393
F 2022 BMZZ,HR 7558,20996,304431
F 2023 BM,HR 7492,39939,304471
F 2023 BMZZ,HR 7492,20484,304509
F 2023 CE,HR 8286,38659,304549
F 2024 BM,HR 7559,41219,304587
F 2024 BMZZ,HR 7559,21764,304625
F 2025 BM,HR 7497,41731,304665
F 2027 BM,HR 7574,41219,304703
F 2029 BM,HR 7574,41731,304741
F 2030 BM,HR 7653,39171,304779
F 2031 BM,HR 7574,39939,304817
F 2032 BM,HR 7256,39427,304855
F 2033 BM,HR 7803,39171,304893
F 2034 BM,HR 7663,40451,304931
F 2035 BM,HR 7340,38659,304969
F 2036 BM,HR 7595,41987,305007
F 2038 BM,HR 7256,40963,305045
F 2039 BM,HR 8022,39171,305083
F 2040 BM,HR 7595,40707,305121
F 2041 BM,HR 6497,40963,306213
F 2042 BM,HR 7340,38147,306251
F 2045 BM,HR 8617,40963,306289
F 2046 BM,HR 8595,42499,306327
F 2047 BM,HR 7345,40707,306365
F 2048 BM,HR 8033,39683,306403
F 2049 BM,HR 8032,39683,306441
F 2050 BM,HR 6253,38403,306479
F 2059 BM,HR 8014,39939,306517
F 2065 BM,HR 8013,38915,306555
F 2069 BM,HR 8014,40195,306593
F 2070 BM,HR 6613,38915,306631
F 2071 BM,HR 6612,38915,306669
F 2072 BM,HR 8191,40195,306707
F 2073 BM,HR 8168,41475,306745
F 2074 BM,HR 8181,40451,306783
F 2075 BM,HR 6614,40451,306821
F 2076 BM,HR 8202,39427,306859
F 2078 BM,HR 6613,40963,306897
F 2082 BM,HR 8229,40963,306935
F 2083 BM,HR 8249,41731,306973
F 2087 BM,HR 8384,42755,307011
F 2089 BM,HR 8375,43267,307049
F 2092 BM,HR 8385,41987,307087
F 2092 CE,HR 8310,37123,307125
F 2092 CEZZ,HR 8310,17668,307163
F 2199 CE,HR 8310,39171,308261
F 5007 PA,HR 8129,60931,308299
F 640 Z 731,HR 9537,63235,308338
F 650 H 401,HR 7063,55299,308378
F 650 H 701,HR 7063,56067,308418
F 650 H 701/31,HR 7063,28164,308458
F 660 H 701,HR 7063,56323,308501
F 740 H 401,HR 7016,54787,308541
F 760 H 401,HR 7016,55299,308581
F 760 H 701,HR 7016,56067,308621
F 760 H 702,HR 7016,56323,308661
F 860 H 401,HR 7065,56579,308701
F 860 H 401 A,HR 7065,15876,308741
F 860 H 701,HR 7065,57347,308783
F 880 H 401,HR 7537,58115,308823
F 880 H 602,HR 7537,58883,308863
F 960 H 401,HR 7090,56323,308903
F 960 H 601,HR 7063,56835,308943
F 960 H 701,HR 6120,55299,308983
F 960 H 702,HR 6292,58115,309023
F 980 H 701,HR 6292,58371,309063
F 990,HR 8100,47874,309103
F 990 H 401,HR 6292,57859,309137
F 990 H 701,HR 6292,58627,309177
F121041,HR 7474,12035,379509
F2-01,HR 2053,47618,379545
FA 1426,HR 7468,14083,309217
FA 2002,HR 7483,11011,311333
FA 2002 A,HR 7483,35843,311369
FA 2002 B,HR 7483,36099,311407
FA 2003,HR 7444,10499,311445
FA 2003 B,HR 7483,36355,311481
FA 2014,HR 7736,12035,311519
FA 2017,HR 8303,10499,311555
FA 2019,HR 7468,13827,311591
FA 2019 P,HR 7468,42499,311627
FA 2040,HR 7605,10499,311665
FA 2041,HR 7736,12035,311701
FA 2044,HR 7731,11523,311737
FA 2044 A,HR 7731,36355,311773
FA 2044 E,HR 7731,37379,311811
FA 2065,HR 8277,13827,311849
FA 2066,HR 46038,45315,311885
FAT 0048,HR 3602,31747,311923
FAT 0049,HR 3612,32259,311960
FAT 30201,HR 7468,46083,311997
FAT 900-1,HR 51/01,53763,312035
FAT 900-3,HR 51/01,54275,312074
FB 1,HR 2279 T18,49411,312113
FB 1047,HR 42092,44035,312151
FB 1053,HR 6215,10499,312189
FB 1053 A,HR 6215,35331,312225
FB 1061,HR 46077,44803,312263
FB 185 C,HR 46013,56835,314418
FB 2023,HR 42028,42499,314457
FB 2030,HR 42030,40195,314495
FB 2059,HR 46044,45315,314533
FB 2059 A,HR 46044,4612,314571
FB 2059 E,HR 46044,5636,314611
FB 2063,HR 42069,44803,314651
FB 2068,HR 42077,45827,314689
FB 3005,HR 6382,31235,314727
FB 3056,HR 46023,44035,314764
FB 3064,HR 46023,43779,314802
FB 3084,HR 46026,45059,314840
FB 4 B,HR 42080,29443,314878
FBA 507,HR 46093,49667,314915
FBM 002,HR 42057,49155,314953
FBM 003,HR 2290 T1,12548,314991
FBT 001,HR 7628,39683,315031
FBT 003,HR 42051,49667,315068
FBT 007,HR 46107,52227,315106
FBT 0189,HR 6241,34051,315144
FBT 042 M,HR 46056,15108,315181
FBT 044042-000,HR 2287 T28,52997,315221
FBT 059,HR 7183,22275,315269
FBT 079,HR 6190,22019,315305
FBT 099,HR 6281,22787,315341
FBT 1061 A,HR 46077,25604,317491
FBT 14 N,HR 8643,36355,317532
FBT 189,HR 6241,21763,317569
FBT 23 F 010 S 1,HR 7776,19973,317605
FBT 23 F 0101 S 1,HR 7776,32517,317651
FBT 23 F 101 S 1,HR 7776,20229,317698
FBT 240,HR 6281,19715,317744
FBT 2990 A,HR 8251,60163,317780
FBT 3380,HR 8296,36099,317819
FBT 402,HR 7149,20739,317856
FBT 412,HR 7150,18947,317892
FBT 520,HR 6221,18435,317928
FBT 7401 C,HR 8606,59651,317964
FBT 820,HR 7148,21507,318003
FBT 970,HR 6222,20995,318039
FBTF 011 S 1,HR 7776,43524,318075
FC 1401,HR 7452,11011,318117
FC 1404 B,HR 7728,38403,318153
FC 1406,HR 7460,12035,318191
FC 1426,HR 7455,13571,318227
FC 1426 P,HR 7455,42243,318263
FC 1431,HR 7834,12803,318301
FC 1431 D,HR 7834,38403,318337
FC 1432,HR 7742,12547,318375
FC 1434,HR 7729,14339,318411
FC 1439,HR 7462,14083,318501
FC 1445,HR 7608,13827,318537
FC 1452,HR 7472,13059,318573
FCA 047,HR 7881,18179,318609
FCA 089,HR 8087,19459,318645
FCA 889,HR 8087,21507,318681
FCC 096,HR 8184,18947,318717
FCC 1415 AL,HR 7254,8196,318753
FCC 1415 DL,HR 7248,9732,318793
FCC 1415 GL,HR 8083,9988,318833
FCC 1415 GN,HR 8083,10500,318873
FCC 1415 IL,HR 7254,10244,318913
FCC 1415 JL,HR 7248,11268,318953
FCC 1415 OL,HR 8082,11780,318993
FCC 1415 SL,HR 7863,34052,319033
FCC 1415 XL,HR 8090,33540,319074
FCC 1445 CL,HR 7719,11012,319115
FCC 1514 AL,HR 7254,8196,319155
FCC 2015 AL,HR 7083,7428,319195
FCC 2015 BE,HR 7188,7428,319235
FCC 2015 CE,HR 7197,7684,319275
FCC 2015 DE,HR 8045,6148,319315
FCC 2015 FL,HR 7787,11524,319355
FCC 2015 GL,HR 8085,9732,319395
FCC 2015 JL,HR 7216,9220,319435
FCC 2215 AE,HR 7873,7940,321592
FCF 98020 A,HR 7455,4612,321632
FCG 1445 CL,HR 7719,12036,321672
FCG 1445 EL,HR 7719,12548,321712
FCG 2011 L 03,HR 7938,26628,321752
FCG 2012 L 06,HR 7853,26628,321794
FCG 2045 AL,HR 7938,11524,321836
FCG 2045 BL,HR 7716,10244,321876
FCG 2045 CL,HR 7716,10500,321916
FCG 2245 BL,HR 7716,10756,321956
FCG 2245 CL,HR 7716,11012,321996
FCK 14 A 009,HR 7728,13572,322036
FCK 14 A 009 D,HR 7728,39172,322077
FCK 14 A 019,HR 7834,13316,322120
FCK 14 A 019 A,HR 7834,38148,322161
FCK 14 A 028,HR 7737,13828,322204
FCK 14 A 028 A,HR 7737,38660,322245
FCK 14 A 033,HR 7843,12292,322288
FCK 14 B 002,HR 7687,13060,322329
FCK 14 B 013,HR 8349,12548,322370
FCK 14 B 025,HR 7782,13316,322411
FCK 14 B 040,HR 7791,12548,322452
FCK 14 B 2,HR 7687,54019,322493
FCK 14 B 2 A,HR 7687,13316,322597
FCK 1412 E 01,HR 46043,55812,322638
FCK 1412 E 07,HR 7728,27140,322682
FCK 1415 AL,HR 7603,9732,322724
FCK 1415 EL,HR 7603,10756,322764
FCK 1415 JL,HR 7670,13060,322804
FCK 1421 E 01,HR 46043,55812,322844
FCK 1464 D,HR 7728,59651,322888
FCK 1464 D 1,HR 7728,14852,322927
FCK 1464 D-1,HR 7728,18180,322968
FCK 1482,HR 7782,34051,323009
FCK 20 B 003,HR 7783,11780,323046
FCK 21 B 003,HR 8492,11524,323087
FCK 21 B 003 S,HR 8492,40964,323128
FCM 1245 RL,HR 42046,46852,323171
FCM 14 A 003,HR 46027,43268,323213
FCM 14 A 004,HR 7469,13316,323256
FCM 14 A 025,HR 7794,14340,323297
FCM 14 A 032,HR 7998,15364,323338
FCM 14 A 033,HR 7843,12804,323379
FCM 14 B 007,HR 8169,13828,323420
FCM 14 B 007 A,HR 8169,38660,323461
FCM 14 B 007 B,HR 8169,38916,323504
FCM 14 B 007 BL,HR 8169,58372,323547
FCM 14 B 009,HR 8087,14084,325669
FCM 1411 L 01,HR 7618,27140,325710
FCM 1415 AL,HR 7469,12804,325752
FCM 1812 E 01,HR 7731,25604,325792
FCM 20 A 001,HR 7738,11524,325834
FCM 20 A 005,HR 7477,12548,325875
FCM 20 A 010,HR 7738,11524,325916
FCM 20 A 015,HR 7471,11268,325957
FCM 20 A 016,HR 7443,11268,325998
FCM 20 A 021,HR 7731,10244,326039
FCM 20 A 023,HR 7617,11524,326080
FCM 20 A 025,HR 7795,13828,326121
FCM 20 A 029,HR 7999,16388,326162
FCM 20 B 003,HR 8094,11268,326203
FCM 20 B 010,HR 7612,9476,326244
FCM 20 B 021,HR 7840,10756,326285
FCM 20 B 022,HR 7432,10244,326326
FCM 20 B 025,HR 7830,11524,326367
FCM 20 B 027,HR 7438,13060,326408
FCM 20 B 031,HR 7473,11524,326449
FCM 20 B 031 A,HR 7473,36356,326490
FCM 20 B 034,HR 7691,12804,326533
FCM 20 B 034 A,HR 7691,37636,326574
FCM 20 B 043,HR 7779,14596,326617
FCM 20 B 057,HR 8564,14084,328735
FCM 2012 E 13,HR 7840,24836,328776
FCM 2012 E 16,HR 8138,25860,328818
FCM 2012 E 16 A,HR 8138,50692,328860
FCM 2012 L 02,HR 7958,28676,328904
FCM 2014 FL,HR 7616,11524,328946
FCM 2015,HR 7477,33027,328986
FCM 2015 AL,HR 7477,11780,329023
FCM 2015 CL,HR 7879,13828,329063
FCM 2015 HE,HR 7929,12292,329103
FCM 2015 KE,HR 7731,10756,329143
FCM 2015 KF,HR 7466,12292,329183
FCM 2015 ML,HR 7605,13060,329223
FCM 2015 MLP,HR 7605,33540,329263
FCM 21 A 003,HR 7443,10500,329304
FCM 21 A 003 A,HR 7443,35332,329345
FCM 21 A 004,HR 7483,11780,329388
FCO 14 A 002,HR 46033,42756,329429
FCO 14 A 002 A,HR 46033,2053,329472
FCO 14 A 003,HR 46027,43780,329517
FCO 14 A 003 A,HR 46027,3077,329560
FCO 14 A 003 L,HR 46027,5893,329605
FCO 14 A 010,HR 46048,44036,329650
FCO 14 A 010 A,HR 46048,3333,329693
FCO 14 A 017,HR 7708,33540,329765
FCO 14 A 019,HR 46027,45572,329807
FCO 14 A 028,HR 8248,34052,329850
FCO 14 A 030,HR 7708,32260,329892
FCO 14 A 030 C,HR 7708,57604,329934
FCO 14 A 030 E,HR 7708,58116,329978
FCO 14 A 031,HR 46072,44036,330022
FCO 14 A 037,HR 8219,33540,330065
FCO 14 A 042,HR 46089,46596,330107
FCO 14 A 042 C,HR 46089,6405,330150
FCO 14 R 001,HR 7249,36100,330195
FCO 1412 E 03,HR 46006,57092,330237
FCO 1412 E 08,HR 7252,46084,330281
FCO 1412 E 10,HR 7255,45060,330324
FCO 1412 L 02,HR 8608,47876,330367
FCO 1414 E 08,HR 7252,46596,330410
FCO 2030 BE,HR 7246,28164,330453
FCR 25 A 003,HR 7623,12804,330494
FCR 25 A 003 R,HR 7623,41988,330535
FCR 25 A 005,HR 7680,14084,330578
FCR 25 A 005 R,HR 7680,43268,330619
FCR 25 A 006,HR 7955,15620,330662
FCR 25 A 006 R,HR 7955,44804,330703
FCR 25 A 007 R,HR 7959,46084,331840
FCR 25 A 013,HR 7992,15364,331883
FCR 25 A 013 R,HR 7992,44548,331924
FCR 2615 AL,HR 7677,15108,331967
FCR 28 A 002,HR 7610,12292,332007
FCR 29 A 001,HR 8506,13572,332048
FCR 29 A 002,HR 7987,16900,332089
FCR 29 A 006,HR 7982,16644,332130
FCR 29 A 006 A,HR 7982,41476,332171
FCR 29 A 014,HR 7614,14340,332214
FCR 29 A 014 R,HR 7614,43524,332255
FCS 230 A 1,HR 46001,29956,332298
FCV 1010 E 02,HR 7273,25860,332340
FCV 14 C 001,HR 7520,12292,332382
FCV 14 C 001 A,HR 7520,37124,332423
FCV 14 C 003,HR 7560,13828,332466
FCV 1410,HR 8239,34051,332507
FCV 1410 E 03,HR 7127,26628,332544
FCV 1410 E 06,HR 8239,28676,332586
FCV 1410 E 07,HR 7336,28164,332628
FCV 1410 E 12,HR 7261,26372,332670
FCV 1410 E 12 A,HR 7261,51204,332712
FCV 1410 E 18,HR 8057,28932,332756
FCV 1411,HR 8239,6912,334875
FCV 1411 E 06,HR 8239,28932,334912
FCV 1412 E 15,HR 8095,29188,334954
FCV 1412 E 15/2,HR 8095,54020,334996
FCV 1412 E 17,HR 7029,28676,335040
FCV 1422 E 03,HR 8080,27140,335082
FCV 1422 L 01,HR 7094,29444,335124
FCV 15 B 001,HR 46058,46596,335166
FCV 1510 E 01,HR 7264,26884,335209
FCV 1610 E 02,HR 8067,27908,335251
FCV 20 A 001,HR 7898,15620,335293
FCV 20 A 002,HR 7577,14340,335334
FCV 20 A 009,HR 7503,13316,335375
FCV 20 A 014,HR 7266,13828,335416
FCV 20 C 001,HR 7384,13572,335457
FCV 20 C 001 R,HR 7384,42756,335498
FCV 20 C 002,HR 7577,14852,335541
FCV 20 C 002 P,HR 7577,43524,335582
FCV 20 C 002 R,HR 7577,44036,335625
FCV 20 C 002 RC,HR 7577,61188,335668
FCV 2010,HR 7357,33283,335712
FCV 2010 E 02,HR 7357,26884,335749
FCV 2010 E 04,HR 8092,26628,335791
FCV 2010 E 07,HR 7535,27652,335833
FCV 2010 E 10,HR 8459,27652,335909
FCV 2011,HR 7357,33539,335951
FCV 2012 B 10,HR 7358,26628,335988
FCV 2012 E 10,HR 7358,27396,336030
FCV 2012 E 11,HR 7355,26884,336072
FCV 21 A 002,HR 7128,12548,336114
FCV 21 A 006,HR 8206,13060,336155
FCV 21 A 006 R,HR 8206,42244,336196
FCV 50 B 01,HR 7094,1284,336239
FCV 50 B 02,HR 7247,1540,336279
FD 00 A 03,HR 42065,9732,336319
FD 0002,HR 7624,10499,336360
FD 0003,HR 7624,10755,336396
FD 0003 A,HR 7624,35587,336432
FD 0039,HR 7875,15107,336470
FD 0067,HR 8611,12547,336506
FD 0094,HR 7874,15107,336542
FD 0113,HR 8364,11779,336578
FD 0125,HR 7713,11779,336614
FD 0125 A,HR 7713,36611,336650
FD 0130,HR 7961,12035,336688
FD 0132,HR 7715,11779,336724
FD 0155,HR 7961,13827,336760
FD 0161,HR 7624,12035,336796
FD 0181,HR 8347,13315,336832
FD 0187,HR 7740,13827,336868
FD 0199,HR 7627,15619,338981
FD 02 A 51,HR 42062,10244,339017
FD 02 A 52,HR 42071,10500,339058
FD 0205,HR 7712,11267,339099
FD 0206,HR 8360,11523,339135
FD 113,HR 8364,65026,339171
FD 125,HR 7713,65026,339206
FD 125 A,HR 7713,24323,339241
FD 125 D,HR 7713,25091,339278
FD 130,HR 7961,65282,339315
FD 132,HR 7715,65026,339350
FD 155,HR 7961,1539,339385
FD 161,HR 7624,65282,339420
FD 181,HR 8347,1027,339455
FD 187,HR 7740,1539,339490
FD 19061,HR 7217,26115,339525
FD 199,HR 7627,3331,339562
FD 2,HR 7624,39170,339597
FD 205,HR 7712,64514,339630
FD 206,HR 8360,64770,339665
FD 206 AB,HR 8360,40963,339700
FD 206 DC,HR 8360,41987,339738
FD 3,HR 7624,39426,339776
FD 3 A,HR 7624,64258,339809
FD 39,HR 7875,56066,339844
FD 67,HR 8611,53506,339878
FD 94,HR 7874,56066,339912
FDA 0001,HR 8528,27907,341041
FDA 001-117 A,HR 42003,54020,341078
FDA 001-117 AA,HR 42004,5381,341122
FDA 004-1230,HR 46001,41988,341167
FDA 004-1230-A,HR 46001,4613,341210
FDA 006,HR 8458,17411,341255
FDA 006 N,HR 8458,45571,341291
FDA 013,HR 7869,37891,341329
FDA 013 HC,HR 7869,16132,341366
FDA 014,HR 7867,17923,341406
FDA 014 HC,HR 7867,61699,341442
FDA 0148 C,HR 7867,57603,341481
FDA 017,HR 42043,46851,341520
FDA 017-111 C,HR 42043,55812,341558
FDA 019,HR 42012,46339,341602
FDA 019 B,HR 42012,5892,341640
FDA 019 C,HR 42013,6404,341680
FDA 019-1170,HR 42012,43780,341720
FDA 019-1170 B,HR 42012,3333,341763
FDA 019-1170 C,HR 42013,3845,341808
FDA 024,HR 42082,47107,341853
FDA 024-111 A,HR 42082,55556,341891
FDA 06,HR 8458,5123,341935
FDA 06 N,HR 8458,33283,341970
FDA 075-1320,HR 42070,44548,343098
FDA 075-1320 A,HR 42070,3845,343141
FDA 087,HR 42051,48387,343186
FDA 087-303123-01,HR 42051,41989,343224
FDA 507,HR 46093,50179,343272
FDA 6,HR 8458,58370,343310
FDB 0003,HR 8365,28419,343344
FDB 01,HR 7712,2051,343381
FDB 03,HR 8365,3843,343416
FDB 05,HR 7712,3075,343451
FDB 1,HR 7712,55298,343486
FDB 3,HR 8365,57090,343520
FDB 5,HR 7712,56322,343554
FDC 014,HR 42028,47363,343588
FDC 014-111 A,HR 42028,55812,343626
FDC 018,HR 42030,46595,343670
FDC 018-1110,HR 42030,42500,343708
FDC 039,HR 46044,49667,343751
FDC 056,HR 42069,50179,343789
FDC 056-111 A,HR 42069,58628,343827
FDC 061,HR 42077,48899,343871
FDC 061-111 A,HR 42077,57348,343909
FDC 063,HR 42076,49155,343953
FDC 063-1170,HR 42076,46596,343991
FDR 11 B 004,HR 42103,42244,345125
FDR 118-004,HR 42103,34820,345168
FE 2004,HR 8508,32003,345210
FE 2024,HR 7188,13571,345247
FE 7547 T,HR 46166,13316,345283
FEA 004,HR 46001,45571,345323
FEA 004 A,HR 46001,4868,345361
FEA 004-1230,HR 46001,42244,345401
FEA 004-1230-A,HR 46001,4869,345444
FEA 013,HR 46002,45827,345489
FEA 013-1090,HR 46002,43524,345527
FEA 026,HR 46044,48387,345570
FEA 026-1350,HR 46044,45828,345608
FEA 027,HR 46196,50691,345651
FEA 033,HR 7692,37123,345689
FEA 039,HR 46043,49155,345726
FEA 039-1370,HR 46043,47108,345764
FEA 047,HR 46005,48387,345807
FEA 047 B,HR 46005,7940,345845
FEA 047-1380,HR 46005,46596,345885
FEA 048,HR 46004,48387,345928
FEA 048-1410,HR 46004,45060,345966
FEA 056,HR 46017,49155,346009
FEA 056 A,HR 46017,8452,346047
FEA 056-1370,HR 46017,47108,347173
FEA 059,HR 46024,49411,347216
FEA 059-1370,HR 46024,47364,347254
FEA 063,HR 7686,38659,347297
FEA 063 B,HR 7686,63747,347334
FEA 065,HR 46056,49923,347373
FEA 065 A,HR 46056,9220,347411
FEA 065-141 A,HR 46056,59140,347451
FEA 065-141 AA,HR 46056,10245,347495
FEA 066,HR 46061,49155,347540
FEA 075,HR 7628,38403,347578
FEA 077,HR 46003,48643,347615
FEA 077-1380,HR 46003,46852,347653
FEA 089,HR 7842,39171,347696
FEA 128,HR 46081,49411,347733
FEA 147,HR 46137,50179,347771
FEA 181,HR 7775,38659,347809
FEA 181 A,HR 7775,63491,347846
FEA 188,HR 7495,40195,347885
FEA 188-420025-01,HR 7495,34053,347922
FEA 207,HR 46196,50691,347969
FEA 210,HR 7658,36867,348007
FEA 223,HR 7744,36867,348044
FEA 229,HR 46139,50947,348081
FEA 237,HR 7775,39171,348119
FEA 241,HR 7664,37123,348224
FEA 258,HR 46088,52227,348261
FEA 261,HR 46166,49923,348299
FEA 284,HR 46143,49923,348337
FEA 287,HR 46122,49923,348375
FEA 288,HR 7744,39683,348413
FEA 306,HR 46088,50691,348450
FEA 306 A,HR 46088,9988,348488
FEA 340,HR 46186,49923,348528
FEA 340 B,HR 46186,9476,348566
FEA 364,HR 46189,52227,348606
FEA 374,HR 46099,52483,348644
FEA 374 C,HR 46099,12292,348682
FEA 410,HR 7972,37123,348722
FEA 419,HR 46188,52227,348759
FEA 426,HR 46156,50435,348797
FEA 426-1510,HR 46156,47364,348835
FEA 448,HR 8189,40195,348878
FEA 452,HR 46005,48387,348915
FEA 454,HR 46160,49411,348953
FEA 480,HR 46115,49155,348991
FEA 488,HR 8189,41219,349029
FEA 503,HR 46132,47875,349066
FEA 507,HR 46093,50435,349104
FEA 515,HR 46124,48899,349142
FEA 583,HR 46132,49923,351295
FEA 622,HR 46121,47875,351333
FEA 627,HR 46166,51459,351371
FEA 634,HR 7744,38403,351409
FEA 641,HR 46133,48899,351446
FEA 645,HR 46123,49667,351484
FEA 662,HR 46155,50691,351522
FEA 663,HR 46161,50179,351560
FEA 663 A,HR 46161,9476,351598
FEA 685,HR 46129,52227,351638
FEA 688,HR 46184,53251,351676
FEA 708,HR 46121,49155,351714
FEA 718,HR 46188,52739,351752
FEA 751,HR 46192,50691,351790
FEA 753,HR 46117,50435,351828
FEA 813,HR 46002,47875,351866
FEA 830,HR 46153,49411,351904
FEA 862,HR 46125,50435,351942
FEA 972,HR 46176,52483,351980
FEC 006,HR 46023,47619,352018
FEC 006-1150,HR 46023,44548,352056
FEC 009,HR 46026,49155,352099
FEC 009-1230,HR 46026,45828,352137
FEC 022,HR 46039,48899,352180
FEC 022-1230,HR 46039,45572,352218
FEC 033,HR 46090,48643,354341
FEC 033 A,HR 46090,7940,354379
FFA 76014 D,HR 46154,36356,354419
FFA 76014 L,HR 46154,38404,354461
FFA 76014 U,HR 46154,40708,354503
FFA 82025 H,HR 46167,38148,354545
FFA 83012 D,HR 7826,23812,354587
FFA 83013 D,HR 7826,24068,354628
FFA 86012 A,HR 46143,34820,354669
FFA 86012 D,HR 46143,35588,354711
FFA 86012 D 1,HR 46143,56324,354753
FFA 86012 D 2,HR 46143,56580,354797
FFA 86012 H,HR 46143,36612,354841
FFA 86012 L,HR 46143,37636,354883
FFA 91001 M,HR 7710,3588,354925
FFA 93021 L,HR 7970,6404,354965
FFA 93034 L,HR 8307,6148,355005
FFA 95001 D,HR 46145,35588,355045
FFA 95001 H,HR 46145,36612,355087
FFA 95002 D,HR 46098,37636,355129
FFA 98001 D,HR 46145,36356,355171
FFA 98001 H,HR 46145,37380,355213
FFA 98001 M,HR 46145,38660,355255
FGC 2045 BL,HR 7716,10244,355297
FK 0164,HRT 505,21507,355365
FK 1009,HR 7728,15619,355401
FKD 14 A 001,HR 46117,42500,355437
FKD 15 A 001,HR 46117,42756,355480
FKD 15 B 002,HR 46199,45828,355523
FKD 15 D 002,HR 46192,44548,355566
FKG 15 A 006,HR 46153,44804,355609
FKH 17 A 001,HR 46179,46340,355652
FKI 17 A 001,HR 46168,46084,355695
FKI 17 A 002,HR 46169,46596,355738
FKY 17 A 001,HR 46168,50180,355781
FKY 17 A 002,HR 46169,50692,355824
FL 12104-1,HR 7474,51203,355867
FL 2700,HR 7708,34819,355906
FL 2705,HR 7252,34563,355943
FL 2713,HR 7255,35075,355980
FL 2727,HR 46089,50691,356017
FL 2732,HR 8369,37123,356055
FL 2732 A,HR 8369,61955,356092
FL 2732 B,HR 8369,62211,356131
FM 0017,HR 8453,14595,356170
FM 0019,HR 6212,12803,356206
FM 0023,HR 8086,14339,356242
FM 0082,HR 2082,13059,356278
FM 0202,HR 1100,8963,356314
FM 0205,HR 2143,6656,358427
FM 0206,HR 1100,9987,358463
FM 0245,HR 2064,13315,358499
FM 0500,HR 5806,13571,358535
FM 0500 A,HR 5806,38403,358571
FM 0500 B,HR 5806,38659,358609
FM 0502,HR 5804,13571,358647
FM 0502 B,HR 5804,38659,358683
FM 0503,HR 5807,14595,358721
FM 0503 A,HR 5807,39427,358757
FM 0503 B,HR 5807,39683,358795
FM 0504,HR 5805,14339,358833
FM 0504 C,HR 5805,39683,358869
FM 0510,HR 5803,13059,358907
FM 0513,HR 5802,13571,358943
FM 0518,HR 5802,14851,358979
FM 0519,HR 5801,14851,359015
FM 0523,HR 5808,15363,359051
FM 0524,HR 5809,15875,359087
FM 0530,HR 5802,13315,359123
FM 0533,HR 5800,13571,359159
FM 0595,HR 46058,50179,359195
FM 0619,HR 46058,49411,359233
FM 0623,HR 46114,46339,359271
FM 0638,HR 46163,48899,359309
FM 17,HR 8453,55554,359347
FM 19,HR 6212,53762,359381
FM 23,HR 8086,55298,361527
FM 245,HR 2064,1027,361561
FM 245 A 407,HR 2064,8196,361596
FM 2812,HR 7614,15363,361637
FM 500 A,HR 5806,26115,361673
FM 500 B,HR 5806,26371,361710
FM 502,HR 5804,1283,361747
FM 502 A,HR 5804,26115,361782
FM 502 B,HR 5804,26371,361819
FM 503,HR 5807,2307,361856
FM 503 A,HR 5807,27139,361891
FM 504,HR 5805,2051,361928
FM 504 B,HR 5805,27139,361963
FM 504 C,HR 5805,27395,362000
FM 510,HR 5803,771,362037
FM 513,HR 5802,1283,362072
FM 519,HR 5801,2563,362107
FM 530,HR 5802,1027,362142
FM 533,HR 5800,1283,362177
FMA 0002,HR 8402,28163,362212
FMC 1245 RL,HR 42046,46852,362249
FMC 20 B 022,HR 7432,10244,362291
FMD 1235 AL,HR 42037,42500,362332
FMD 1235 BL,HR 42037,42756,362374
FMD 1245 DL,HR 42046,43524,362416
FMD 1245 RL,HR 42046,47108,362458
FMG 1235 BL,HR 42017,43012,364581
FMG 1235 CL,HR 42068,44804,364623
FMG 1235 FL,HR 42018,44292,364665
FMG 1245 AL,HR 42066,44036,364707
FMG 1435 CE,HR 42067,43268,364749
FMH 1235 DE,HR 2287 T32,20997,364791
FMH 1245 AL,HR 42060,42756,364836
FMH 1245 IL,HR 42071,45316,364878
FMH 1445 PL,HR 2287 T21,26117,364920
FMMPC 11-2001 A,HR 46127,33029,364965
FMMPC 11-2001 D,HR 46148,34565,365011
FMMPC 11-2001 E,HR 46127,34053,365057
FMMPC 11-2001 G,HR 46135,34309,365103
FMMPC 11-2001 J,HR 46148,36101,365149
FMMPC 21-2002 F,HR 46191,35077,365195
FMMPC 51 M 1003 G,HR 46176,61445,365241
FMMPC 51-1003 D,HR 46148,35845,365289
FMMTC 61-1012 B,HR 46159,37125,365335
FMMTC 61-1017 A,HR 46187,38405,365381
FN 1047,HR 46167,48899,365427
FN 1419,HR 7695,38147,365465
FN 1419 A,HR 7695,62979,365502
FN 1528,HR 46117,48643,365541
FR 0027,HR 2272 R,43523,365605
FR 0029,HR 3615,15363,365643
FR 0057,HR 5126,15363,365679
FR 0066,HR 5126,15363,365715
FR 0075,HR 3615,15619,365751
FR 0082,HR 2082,14339,365787
FR 027,HR 2272 R,31235,365823
FR 029,HR 3615,3075,365860
FR 057,HR 5126,3075,365895
FS 230-009,HR 46001,17924,365930
FSA 14 A 003,HR 46091,44548,365971
FSA 15 A 002,HR 46183,45060,366014
FSA 15002,HR 46183,12036,366057
FSA 17013 M,HR 7493,9220,366097
FSA 24006 S,HR 7770,10244,366137
FSA 24008 S,HR 7770,10756,366177
FSA 25002,HR 7725,45571,366217
FSA 25002 S,HR 7725,9476,366255
FSA 25023,HR 8514,45571,366295
FSA 25023 S,HR 8514,9476,366333
FSA 25027 S,HR 7912,10756,366373
FSA 26012 M,HR 7770,8452,366413
FSA 26013 M,HR 7935,9476,366453
FSA 28013 M,HR 7880,9732,366493
FSA 28014 M,HR 8301,7172,366533
FSA 32014,HR 7522,44547,367666
FSA 32014 M,HR 7522,6916,367704
FSA 36012 M,HR 7880,9220,367744
FSA 36013 M,HR 8480,8708,367784
FSA 37012 M,HR 8480,8708,367824
FSA 38019 S,HR 8491,12804,367864
FSA 38026 S,HR 8491,12292,367904
FSA 39012 S,HR 8300,8452,367944
FSJ 21 B 001,HR 8512,13060,367984
FSM 27 A 001,HR 8511,14852,368025
FSN 14 A 015,HR 8189,37892,368066
FSN 14 A 024,HR 46124,47876,368108
FSN 14 A 028,HR 46171,49412,368151
FSN 14 A 028 N,HR 46171,12037,368194
FSN 14 A 028 S,HR 46171,13317,368239
FSN 14 A 029,HR 46123,48900,368284
FSN 14 A 029 F,HR 46123,9477,368327
FSN 14 A 029 S,HR 46123,12805,368372
FSN 14 B 027,HR 46125,49156,368417
FSN 14 B 027 N,HR 46125,11781,368460
FSN 15 A 008,HR 46122,48132,368505
FSN 15 A 008 F,HR 46122,8709,368548
FSN 15 A 008 S,HR 46122,12037,368593
FSN 15 B 004,HR 46122,8448,369691
FSN 15 B 022,HR 46129,49156,369734
FSN 15 B 022 N,HR 46129,11781,369777
FSN 15 B 032,HR 46188,50692,369822
FSN 15 B 032 N,HR 46188,13317,369865
FSN 15 B 045,HR 46121,48388,369910
FSN 15 B 045 N,HR 46121,11013,369953
FSR 28 A 005,HR 7386,19716,369998
FSR 28 A 005 S,HR 7386,49156,370039
FST 1125 F 012/64,HR 6012,15109,370082
FST 1125 F 120/64,HR 6059,17925,370128
FST 1125 F 640/64,HR 6076,19461,370174
FST 1125-110,HR 6076,20996,370220
FSV 14 A 001,HR 8207,16644,370261
FSV 14 A 004,HR 8491,18692,370302
FSV 14 A 004 H,HR 8628,45828,370343
FSV 14 A 004 H (S),HR 8628,30469,370386
FSV 14 A 004 S,HR 8491,48132,370433
FSV 14001,HR 8207,49155,370476
FSV 20 A 001,HR 7898,19716,370514
FSV 20 A 001 A,HR 7898,44548,370555
FSV 20 A 001 D,HR 7898,45316,370598
FSV 20 A 001 S,HR 7898,49156,370641
FSV 20 B 001 A,HR 8170,40708,371778
FSV 20 B 001 AS,HR 8170,61956,371821
FSV 20 B 001 S,HR 8170,45316,371865
FSV 20 B 013,HR 8438,18436,371908
FSV 20 C 012,HR 8545,18180,371949
FSV 20 C 012 A,HR 8545,43012,371990
FSY 17 A 001,HR 46152,50436,372033
FT 0002,HR 46154,46851,372076
FT 1004 B,HR 42056,6404,372114
FTB 7401 C,HR 8606,59651,372154
FTH 29 A 001,HR 7968,18180,372193
FTH 29 A 001 H,HR 7968,44804,372234
FTH 29 A 001 S,HR 7968,47620,372277
FTH 29 A 002,HR 7974,17668,372320
FTH 29 A 003,HR 8614,15876,372361
FTH 29 A 003 S,HR 8614,45316,372402
FTH 29 A 013,HR 8494,17668,372445
FTH 29 A 013 A,HR 8494,42500,372486
FTH 29 A 013 G,HR 8494,44036,372529
FTH 29 A 013 S,HR 8494,47108,372572
FTI 14 A 005,HR 7933,35588,372615
FTI 14 A 005 A,HR 7933,60420,372657
FTK 14 A 004,HR 7852,16132,372701
FTK 14 A 004 P,HR 7852,44804,373797
FTK 14 R 005,HR 8622,19716,373840
FTK 14 R 005 C,HR 8622,45060,373881
FTK 14004 P,HR 7852,11780,373924
FTK 20 R 002,HR 8093,18692,373964
FTK 20 R 004,HR 8616,19460,374005
FTK 20 R 004 C,HR 8616,44804,374046
FTK 20 R 008,HR 8616,20484,374089
FTK 20 R 008 C,HR 8616,45828,374130
FTK 21 B 003,HR 8492,15876,374173
FTK 21 B 003 A,HR 8492,40708,374214
FTK 21 B 003 AS,HR 8492,61956,374257
FTK 21 B 003 S,HR 8492,45316,374301
FTMPC 11 T 6238 L,HR 8164,35845,374344
FTMPN 51 T 6012 J,HR 8645,37637,374390
FTN 21 A 001,HR 7351,14084,374436
FTO 14 A 010,HR 46048,48388,374477
FTO 14 A 041,HR 7937,38148,374520
FTQ 14 A 003,HR 7786,38660,374562
FTQ 14 A 003 A,HR 7786,63492,374604
FTQ 17 A 003 A,HR 7786,64260,374648
FTR 29 A 002,HR 8214,17156,374692
FTR 29 A 003,HR 8393,19460,374733
FTS 14 A 003 D,HR 46084,9989,376894
FTS 14 A 005,HR 46054,49668,376939
FTS 14 A 007,HR 46054,50180,376982
FTS 14 A 010,HR 46084,49412,377025
FTS 14 A 010 A,HR 46084,8709,377068
FTS 14 A 013,HR 46053,49156,377113
FTS 14 A 013 A,HR 46053,8453,377156
FTS 777 D,HR 9365,55043,377201
FTSPN 11 E 8001 A,HR 7896,33797,377239
FTSPN 13 T 8005 E,HR 8123,36101,377285
FTX 14 A 005,HR 8247,39172,377331
FTX 14 A 013,HR 46183,51460,377373
FTX 14 A 015,HR 46089,53252,377416
FTZ 17 A 007,HR 46054,52740,377459
FTZ 17 A 007 AX,HR 46054,34565,377502
FUH 29 A 001,HR 8212,14084,377548
FUH 29 A 001 S,HR 8212,43524,377589
FUH 29 A 003,HR 8477,17924,377632
FUH 29 A 003 S,HR 8477,47364,377673
FUH 29 A 004,HR 8379,18436,377716
FUH 29 A 004 S,HR 8379,47876,377757
FUH 34 A 001,HR 8585,16388,377800
FUV 14 A 001,HR 7583,18692,378937
FUV 14 A 003,HR 7128,17924,378978
FUV 20 A 002,HR 7577,18948,379019
FUV 20 A 002 B,HR 7577,44036,379060
FUV 20 A 006,HR 8036,17668,379103
FUV 20 A 006 A,HR 8036,42500,379144
FUV 20 A 009,HR 7503,17924,379187
FUV 20 C 001,HR 8036,16900,379228
FUY 20 A 001,HR 7950,18180,379269
FUY 20 C 001,HR 8554,18948,379310
FUY 20 C 001 R,HR 8554,48132,379351
FVC 2012 E 10,HR 7358,27396,379394
FWK 350,HRT 301,29187,379436
FXB 0012,HR 8440,32003,379472
G 20030,HR 6385,7171,379579
G 31100040,HR 7258,45059,379615
G 3939,HR 6075,64258,379654
G 4298,HR 6193,64258,379689
G 4797-00,HR 7238,36099,379724
G 5012-01,HR 8157,31747,379762
G 5679-01,HR 8280,35843,379800
G 6541-01,HR 8037,33027,379838
GN 378 773,HR 7377,55811,379876
GN 378 775,HR 6201,52483,383013
GN 378773,HR 7377,47619,383052
GN 378775,HR 6201,44291,383090
GN 413 799,HR 7565,55043,383128
GN 413799,HR 7565,46851,383167
GN 414 637,HR 7398,54019,383205
GN 414637,HR 7398,45827,383244
GN 415 855,HR 7398,54787,383282
GN 415855,HR 7398,46595,383321
GN 416 958,HR 7398,56067,383359
GN 416958,HR 7398,47875,383398
GN 423 971,HR 9821,52483,383436
GN 423 972,HR 7934,53507,383475
GN 423971,HR 9821,44291,383514
GN 423972,HR 7934,45315,383552
GN 425 765,HR 7924,53763,383590
GN 425 766,HR 7924,54019,383629
GN 425765,HR 7924,45571,383668
GN 425766,HR 7924,45827,383706
GR 581-586,HRT 202,63747,383744
GS 154 165 D,HR 7984,14852,383873
GS FCB 154 164 E,HR 7608,7685,383783
GS FCC 154 165 D,HR 7984,9733,383828
GS-FCB 154 164 E,HR 7608,11013,383914
GT 003,HR 2282 T3,44291,383959
GT 012,HR 7181,2307,384061
GT 042,HR 2274 T37S,15108,384096
GT 3015,HR 7673,37379,384136
GT 42,HR 2274 T37S,2820,384173
GTA 4008,HR 6385,34819,384212
GTA 5001,HR 6130,30211,384249
GTA 5002,HR 6018,31747,384286
GTA 5003,HR 6019,32259,384323
GTA 5005 B,HR 6232,57091,384360
GTA 5007,HR 6126,33027,384399
GTA 5010,HR 6310,30211,384436
GTA 5011,HR 6311,30723,384473
GTA 5015,HR 6129,33539,384510
GTA 5015 A,HR 6129,58371,384547
GTA 5017,HR 6066,34051,384586
GTA 5018,HR 6061,33027,384623
GTA 5019,HR 6130,32515,384660
GTA 5021,HR 6020,30211,384697
GTA 5028,HR 6041,32771,384734
GTA 5029,HR 6046,34307,384771
GTA 5031,HR 6194,33539,384808
GTA 5031/B,HR 6194,62467,384845
GTA 5033,HR 6225,52483,384884
GTA 5033/B,HR 6208,61955,384922
GTA 5036,HR 6192,34307,384961
GTA 5040,HR 6240,31491,384998
GTA 5306,HR 6067,34563,387109
GTA 5307,HR 6256,34819,387146
H 32-01,HR 6567,7427,387183
H 32-02,HR 6590,6659,387219
H 32-10,HR 6593,7171,387255
H 32-11,HR 6594,7683,387291
H 32-11 D,HR 6594,33283,387327
H 32-13,HR 6560,6403,387365
H 32-16,HR 6585,8963,387401
H 32-17,HR 6609,8451,387437
H 32-19,HR 6620,7171,387473
H 32-20,HR 6569,8195,387509
H 32-24,HR 6597,9475,387545
H 32-32,HR 6632,6659,387581
H 32-43,HR 6572,7939,387617
H 32-44,HR 6573,8451,387653
H 32-45,HR 6595,9731,387689
HA 166 63,HR 2265,34819,387725
HA 166 65,HR 2267,35843,387763
HA 166 66,HR 2268 RSI,39940,387801
HCF A 010,HR 7204,59139,387843
HFM 270 M 2,HR 46149,37380,387882
HFR 015,HR 2266 R,49667,387924
HFS 1418,HR 7094,36099,387962
HFT 158 M,HR 7799,9220,387999
HFT 2305,HR 8415,34819,388038
HFT 270 M,HR 46149,18180,389157
HFT 270 M 2,HR 46149,39172,389197
HFT 3661,HR 8408,36867,389239
HFT 3668,HR 8411,37123,389276
HFT 426 M,HR 8407,51203,389313
HFT 718,HR 46032,55299,389351
HFT 721 M,HR 46114,16388,389389
HFT 771,HR 46055,56323,389429
HFT 779,HR 46007,57603,389467
HFT 7798751,HR 46007,46596,389505
HFT 800 L,HR 7664,5124,389547
HFT 805,HR 46046,55811,389586
HFT 814,HR 7776,45315,389624
HFT 814 A,HR 7776,4612,389661
HFT 816,HR 46008,55811,389700
HFT 817,HR 46009,56323,389738
HFT 846,HR 7776,46595,389776
HFT 847,HR 46034,56579,389813
HFT 867 M,HR 8222,52227,389851
HFT 868,HR 46052,57347,389889
HFT 925,HR 46046,56579,389927
HH 000001,HR 46186,4356,389965
HH 000009,HR 46186,6404,390005
HL 1327 DX,HR 46152,30212,390045
HN51-14145-1,HR 7462,17156,390086
HP 51450,HR 7456,30467,391221
HR 0064 RSI,HR 0064 RSI,21509,391258
HR 0069 T3,HR 0069 T3S,58116,391302
HR 0071 T3,HR 0071 T3S,54532,391345
HR 13042,HR 13042,38915,391388
HR 1367 T1-35,HR 1367 T1,9477,391426
HR 1367 T24,HR 1367 T24V,20485,391471
HR 1367 T3,HR 1367 T3,37892,391516
HR 1367 T6,HR 1367 T6,39428,391558
HR 1370,HR 1370,14851,391600
HR 1374,HR 1374,16899,391636
HR 1375,HR 1375,17411,391672
HR 1376,HR 1376,17923,391708
HR 1377,HR 1377,18435,391744
HR 15005,HR 15005,39427,391780
HR 15006,HR 15006,39939,391818
HR 15007,HR 15007,40451,391856
HR 1596,HR 1596,19971,391894
HR 18003,HR 18003,39939,391930
HR 18024,HR 18024,41475,391968
HR 2080-10-1,HR 2080/10/1,5125,392006
HR 2269 T3,HR 2269 T3RSI,34309,392052
HR 2270 R,HR 2270 R,7684,392097
HR 2273 T11 RSI,HR 2273 T11RSI,59398,392137
HR 2274 T10 RSI,HR 2274 T10RSI,59398,392264
HR 2274 T15 RSI,HR 2274 T15RSI,61958,392315
HR 2274 T6S,HR 2274 T6S,15365,392366
HR 2279 T10S,HR 2279 T10S,39941,392452
HR 2279 T11S,HR 2279 T11S,40453,392498
HR 2279 T15S,HR 2279 T15S,62213,392544
HR 2279 T2S,HR 2279 T2S,15877,392591
HR 2279 T3S,HR 2279 T3S,16389,392635
HR 2279 T4S,HR 2279 T4S,16901,392679
HR 2279 T5 SR,HR 2279 T5SR,2054,392723
HR 2279 T6 SR,HR 2279 T6SR,2566,392770
HR 2279 T7S,HR 2279 T7S,18437,392817
HR 2279 T8 SR,HR 2279 T8SR,3590,392861
HR 2279 T9S,HR 2279 T9S,19461,392908
HR 2279 TS,HR 2279 TS,55812,392410
HR 5563,HR 5563,18947,392952
HR 5566,HR 5566,20483,392988
HR 5622,HR 5622,16899,393024
HR 5650,HR 5650,17411,393060
HR 6001,HR 6001,12803,393096
HR 6001 B,HR 6001,37891,393132
HR 6002,HR 6002,13315,393170
HR 6006,HR 6006,15363,395319
HR 6007,HR 6007,15875,395355
HR 6010,HR 6010,12803,395391
HR 6010 H,HR 6010,39427,395427
HR 6013,HR 6013,14339,395465
HR 6013 B,HR 6013,39427,395501
HR 6016,HR 6016,15875,395539
HR 6016-2,HR 6016,40195,395575
HR 6019,HR 6019,17411,395613
HR 6020,HR 6020,13315,395649
HR 6020/01,HR 6020,50179,395685
HR 6021,HR 6021,13827,395724
HR 6023,HR 6023,14851,395760
HR 6024,HR 6024,15363,395796
HR 6025,HR 6025,15875,395832
HR 6026,HR 6026,16387,395868
HR 6026 HB,HR 6026,59907,395904
HR 6027,HR 6027,16899,395943
HR 6027-2,HR 6027,41219,395979
HR 6029,HR 6029,17923,396017
HR 6033,HR 6033,15363,396053
HR 6034,HR 6034,15875,396089
HR 6035,HR 6035,16387,396125
HR 6035 B,HR 6035,41475,396161
HR 6035-1B,HR 6035,57347,396199
HR 6036,HR 6036,16899,396238
HR 6049,HR 6049,18947,398387
HR 6050/01,HR 6050,51715,398423
HR 6054,HR 6054,16899,398462
HR 6055,HR 6055,17411,398498
HR 6056,HR 6056,17923,398534
HR 6064,HR 6064,17411,398570
HR 6066/01,HR 6066,55299,398606
HR 6067 B,HR 6067,44035,398645
HR 6087,HR 6087,19971,398683
HR 6091 B,HR 6091,42499,398719
HR 6092 B,HR 6092,43011,398757
HR 6101 B,HR 6101,38403,398795
HR 6102 B,HR 6102,38915,398833
HR 6103,HR 6103,14339,398871
HR 6104,HR 6104,14851,398907
HR 6105 B,HR 6105,40451,398943
HR 6107,HR 6107,16387,398981
HR 6117,HR 6117,16899,399017
HR 6124,HR 6124,15875,399053
HR 6136-00,HR 6136,53507,399089
HR 6148,HR 6148,18947,399128
HR 6162,HR 6162,16899,399164
HR 6164,HR 6164,17923,399200
HR 6183,HR 6183,18435,399236
HR 6189,HR 6189,41219,399272
HR 6198,HR 6198,41219,399309
HR 6202,HR 6202,14339,399412
HR 6220-00,HR 6220,50435,399448
HR 6220-01,HR 6220,50691,399487
HR 6220-02,HR 6220,50947,399526
HR 6220-03,HR 6220,51203,399565
HR 6231-00,HR 6231,51459,399604
HR 6231-01,HR 6231,51715,399643
HR 6231-02,HR 6231,51971,399682
HR 6233,HR 6233,16387,399721
HR 6234,HR 6234,16899,399757
HR 6238,HR 6238,18947,399793
HR 6238-00,HR 6238,55043,399829
HR 6238-01,HR 6238,55299,399868
HR 6238-02,HR 6238,55555,399907
HR 6246,HR 6246,18435,399946
HR 6249-00,HR 6249,56067,399982
HR 6249-01,HR 6249,56323,400021
HR 6249-02,HR 6249,56579,400060
HR 6249-03,HR 6249,56835,400099
HR 6269-00,HR 6269,57091,400138
HR 6274-00,HR 6274,55043,400177
HR 6275-00,HR 6275,55555,400216
HR 6286-01,HR 6286,56835,400255
HR 6287-00,HR 6287,57091,400294
HR 6299-00,HR 6299,58627,400333
HR 6370-00,HR 6370,53507,402488
HR 6370-10,HR 6370,53763,402527
HR 6370-11,HR 6370,54019,402566
HR 6370-12,HR 6370,54275,402605
HR 6381-00,HR 6381,54531,402644
HR 6398,HR 6398,22531,402683
HR 6540-00,HR 6540,52995,402719
HR 6545-00,HR 6545,55555,402758
HR 6561-01,HR 6561,54787,402797
HR 6562-00,HR 6562,55043,402836
HR 6617,HR 6617,19459,402875
HR 6618,HR 6618,19971,402911
HR 7001,HR 7001,13315,402947
HR 7002,HR 7002,13827,402983
HR 7004,HR 7004,14851,403019
HR 7004 H,HR 7004,41475,403055
HR 7004-02,HR 7004,51459,403093
HR 7006,HR 7006,15875,403132
HR 7006 H,HR 7006,42499,403168
HR 7006 HB,HR 7006,59395,403206
HR 7008,HR 7008,16899,403245
HR 7010,HR 7010,13315,403281
HR 7011,HR 7011,13827,403317
HR 7011 H,HR 7011,40451,403353
HR 7012,HR 7012,14339,403391
HR 7021,HR 7021,14339,403427
HR 7022,HR 7022,14851,404517
HR 7023,HR 7023,15363,404553
HR 7023-01,HR 7023,51715,404589
HR 7023-02,HR 7023,51971,404628
HR 7029,HR 7029,18435,404667
HR 7030,HR 7030,14339,404703
HR 7034,HR 7034,16387,404739
HR 7042,HR 7042,15875,404775
HR 7044 B,HR 7044,41987,404811
HR 7045 B,HR 7045,42499,404849
HR 7048,HR 7048,18947,404887
HR 7049 B,HR 7049,44547,404923
HR 7050,HR 7050,15363,404961
HR 7051,HR 7051,15875,404997
HR 7075,HR 7075,18947,405033
HR 7075-01,HR 7075,55299,405069
HR 7075-02,HR 7075,55555,405108
HR 7096,HR 7096,20483,405147
HR 7096-1,HR 7096,44547,405183
HR 7101,HR 7101,13827,405221
HR 7109,HR 7109,17923,405257
HR 7111,HR 7111,14339,405293
HR 7118,HR 7118,17923,405329
HR 7119,HR 7119,18435,405365
HR 7120,HR 7120,14339,405401
HR 7121,HR 7121,14851,405437
HR 7123,HR 7123,15875,405473
HR 7133,HR 7133,16387,406565
HR 7138,HR 7138,18947,406601
HR 7143,HR 7143,16899,406637
HR 7152,HR 7152,16899,406673
HR 7153,HR 7153,17411,406709
HR 7153-01,HR 7153,53763,406745
HR 7157,HR 7157,19459,406784
HR 7160,HR 7160,16387,406820
HR 7177-01,HR 7177,56835,406856
HR 7177-02,HR 7177,57091,406895
HR 7186-00,HR 7186,56579,406934
HR 7186-01,HR 7186,56835,406973
HR 7189-00,HR 7189,58115,407012
HR 7205-00,HR 7205,52483,407051
HR 7209,HR 7209,18435,407090
HR 7283,HR 7283,19459,407126
HR 7341-00,HR 7341,52995,407162
HR 7368,HR 7368,41219,407201
HR 7379,HR 7379,22531,407238
HR 7392-01,HR 7392,56323,407274
HR 7501-01,HR 7501,52227,407313
HR 7501-02,HR 7501,52483,407352
HR 7501-03,HR 7501,52739,407391
HR 7501-04,HR 7501,52995,407430
HR 7502,HR 7502,16387,407469
HR 7508,HR 7508,39171,407505
HR 7515-01,HR 7515,54787,408631
HR 7515-02,HR 7515,55043,408670
HR 7515-03,HR 7515,55299,408709
HR 7515-04,HR 7515,55555,408748
HR 7517-00,HR 7517,55555,408787
HR 7517-01,HR 7517,55811,408826
HR 7521,HR 7521,16899,408865
HR 7521-00,HR 7521,52995,408901
HR 7521-01,HR 7521,53251,408940
HR 7521-02,HR 7521,53507,408979
HR 7522-00,HR 7522,53507,409018
HR 7522-01,HR 7522,53763,409057
HR 7522-02,HR 7522,54019,409096
HR 7528,HR 7528,20483,409135
HR 7528-00,HR 7528,56579,409171
HR 7529,HR 7529,20995,409210
HR 7529-00,HR 7529,57091,409246
HR 7531,HR 7531,17411,409285
HR 7531-00,HR 7531,53507,409321
HR 7531-01,HR 7531,53763,409360
HR 7531-02,HR 7531,54019,409399
HR 7534,HR 7534,18947,409438
HR 7534-00,HR 7534,55043,409474
HR 7534-01,HR 7534,55299,409513
HR 7534-02,HR 7534,55555,409552
HR 7543-00,HR 7543,55043,411707
HR 7543-01,HR 7543,55299,411746
HR 7551,HR 7551,18435,411785
HR 7552-00,HR 7552,55043,411821
HR 7553-00,HR 7553,55555,411860
HR 7553-50,HR 7553,56835,411899
HR 7555,HR 7555,20483,411938
HR 7558-00,HR 7558,58115,411974
HR 7562-01,HR 7562,55811,412013
HR 7576-00,HR 7576,58115,412052
HR 7580-00,HR 7589,57859,412091
HR 7597-01,HR 7597,59907,412130
HR 7598-01,HR 7598,60419,412169
HR 7923,HR 7923,39683,412208
HR 7926-00,HR 7926,11780,412245
HR 7931-00,HR 7931,55555,412285
HR 7939-00,HR 7939,59651,412324
HR 7942-00,HR 7942,10756,412363
HR 7943-00,HR 7943,11268,412403
HR 7956-00,HR 7956,59139,412443
HR 8040-00,HR 8040,51459,412482
HR 8049-00,HR 8049,56067,412521
HR 8061-00,HR 8061,52995,412560
HR 8065-00,HR 8065,55043,412599
HR 8174,HR 8174,19459,412638
HR 8176,HR 8176,20483,414751
HR 8180,HR 8180,17923,414787
HR 8198,HR 8198,22531,414823
HR 8203,HR 8203,15875,414859
HR 8278,HR 8278,22019,414895
HR 8284,HR 8284,20483,414931
HR 8285,HR 8285,20995,414967
HR 8289,HR 8289,23043,415003
HR 8647,HR 8647,22019,415039
HR 9100,HR 9100,14339,415075
HR 9217,HR 9217,18947,415111
HR 9219,HR 9219,19971,415147
HR 9301,HR 9301,15875,415183
HR 9306-C,HR 9306 C,6916,415219
HR 9312,HR 9312,16899,415259
HR 9313,HR 9313,17411,415295
HR 9331,HR 9331,17411,415331
HR 9335,HR 9335,19459,415367
HR 9345,HR 9345,19971,415403
HR 9404,HR 9404,17923,415439
HR 9404-00,HR 9404,54019,415475
HR 9404-01,HR 9404,54275,415514
HR 9406,HR 9406,18947,415553
HR 9408,HR 9408,19971,415589
HR 9409,HR 9409,20483,415625
HR 9410,HR 9410,16387,415661
HR 9411,HR 9411,16899,415697
HR 9426,HR 9426,19971,416822
HR 9427,HR 9427,20483,416858
HR 9436.01,HR 9436,57091,416894
HR 9439,HR 9442,20483,416933
HR 9441,HR 9441,18435,416969
HR 9449,HR 9449,22531,417005
HR 9450,HR 9450,18435,417041
HR 9451,HR 9451,18947,417077
HR 9452,HR 9452,19459,417113
HR 9454,HR 9454,20483,417149
HR 9462,HR 9462,19971,417185
HR 9464,HR 9464,20995,417221
HR 9498,HR 9498,24579,417257
HR 9515,HR 9515,19459,417293
HR 9516,HR 9516,19971,417329
HR 9517,HR 9517,20483,417365
HR 9518,HR 9518,20995,417401
HR 9519,HR 9519,21507,417437
HR 9520,HR 9520,17411,417473
HR 9521,HR 9521,17923,417509
HR 9522,HR 9522,18435,417545
HR 9523,HR 9523,18947,417581
HR 9524,HR 9524,19459,417617
HR 9525,HR 9525,19971,417653
HR 9528,HR 9528,21507,417689
HR 9535,HR 9535,20483,417725
HR 9545-00,HR 9545,57091,417761
HR 9546,HR 9546,21507,419877
HR 9548-00,HR 9548,58627,419913
HR 9562,HR 9562,20483,419952
HR 9568,HR 9568,23555,419988
HR 9601,HR 9601,17411,420024
HR 9605,HR 9655,20739,420060
HR 9614,HR 9614,19459,420096
HR 9639,HR 9639,23043,420132
HR 9641,HR 9641,19459,420168
HR 9644,HR 9644 C,46339,420204
HR 9654,HR 9654,21507,420242
HR 9655,HR 9655,22019,420278
HR 9658,HR 9658 A,48387,420314
HR 9659,HR 9659,24067,420352
HR 9660,HR 9660,19971,420388
HR 9670,HR 9670,20483,420424
HR 9703-00,HR 9703,55043,420460
HR 9703-01,HR 9703,55299,420499
HR 9704,HR 9704,19459,420538
HR 9710,HR 9710,17923,420574
HR 9820-00,HR 9820,55043,420610
HR 9824-00,HR 9824,57091,420649
HR 9835-00,HR 9835,58115,420688
HR 9836-00,HR 9836,58627,420727
HR 9838,HR 9838,23555,420766
HR 9839,HR 9839,24067,420802
HR 9840,HR 9840,19971,420838
HR 9842,HR 9842,20995,421925
HR 9843,HR 9843,21507,421961
HR 9844,HR 9844,22019,421997
HR 9845,HR 9845,22531,422033
HR 9847,HR 9847,23555,422069
HR 9849,HR 9849,24579,422105
HR 9851,HR 9851,20995,422141
HR 9852,HR 9852,21507,422177
HR 9853,HR 9853,22019,422213
HR 9856,HR 9856,23555,422249
HRF 1060,HR 2290 T1,28676,422285
HSE 176-05,HRT 245 BS,48644,422326
HSE 176-07,HRT 240 BS,47876,422368
HSE 176-07 T,HRT 240 BS,12037,422410
HSE 176-15,HRT 242 BP,47364,422454
HSE 176-17,HRT 241 BP,47620,422496
HSE 176-32-001,HRT 248 BP,31749,422538
HSE 176-32-003,HRT 255,51716,422584
HSE 176-32-005,HRT 251,51204,422627
HSE 176-32-006,HRT 264,52484,422670
HSE 176-32-201,HRT 250,50436,422713
HSE 177-003,HRT 903,14596,422756
HSE 186-05,HRT 218 B,27652,422796
HSE 186-17,HRT 219 BP,49156,422837
HSE 186-5X,HRT 219 BP,58628,422879
HSE 187-006,HRT 911,15364,424997
HSE 187-006-13,HRT 913,52996,425037
HSE 187-32-06,HRT 402,39172,425080
HSE 196-05,HRT 222 BS,47876,425122
HSE 196-07,HRT 226 BS,49412,425164
HSE 196-15,HRT 225 BP,48132,425206
HSE 196-17,HRT 227 BP,49156,425248
HSE 196-27,HRT 227 BP,49412,425290
HSE 196-28,HRT 234 BP,49156,425332
HSE 196-37,HRT 236 BP,49668,425374
HSE 25,HRT 201,14339,425416
HSE 52,HRT 202,14595,425451
HSE 52-6,HRT 203,40195,425486
HSE 72,HRT 505,16643,425523
HSE 76,HRT 507,18179,425558
HSE 78,HRT 508 P,47619,425593
HSE 78-1,HRT 505 P,5380,425630
HSE 82,HRT 207,16643,425669
HSE 86,HRT 208,17923,425704
HSE 96,HRT 209,18435,425739
HSE 96-3,HRT 210 BF,18436,425774
HSK 103,HRT 507,29699,425814
HSK 103/1,HRT 507,54275,425850
HV 69,HRT 202,65282,425888
HV 70,HRT 202,63234,425922
I 09-0502A-00,HR 7483,21508,426063
I 09-0502A-AA,HR 7483,30212,426021
I 09-0503A-00,HR 7452,20740,426147
I 09-0503A-AA,HR 7452,29444,426105
I 12-0501A-00,HR 7452,18692,426231
I 12-0501A-AA,HR 7452,27396,426189
I 12-0502A-00,HR 7483,19972,426315
I 12-0502A-AA,HR 7483,28676,426273
I 66022,HR 3085,8963,426357
I 66024,HR 3085,9475,426393
I 66030,HR 3085,8707,426429
I 66032,HR 3085,9219,426465
I 66038,HR 3085,10755,426501
I 66039,HR 3085,11011,426537
I 66040,HR 3085,8963,426573
I 66041,HR 3085,9219,426609
I 66055,HR 3085,10499,426645
I 66072,HR 3085,10243,426681
IP 12001,HR 2290 T1,22020,426717
IP 14002,HR 46089,61955,426758
IP 14003,HR 7764,49155,426797
IP 14004,HR 7708,48899,426835
IP 14009,HR 46045,61699,426873
IP 14011,HR 7972,49155,426912
IP 14012,HR 46098,62211,426950
IP 14017,HR 7693,50691,429105
IP 14018,HR 46143,61443,429143
IP 14021,HR 8189,49667,429182
IP 14022,HR 46141,59651,429220
IP 14023,HR 46127,60931,429259
IP 14023 B,HR 46127,20484,429298
IP 14024,HR 46145,61187,429339
IP 14027,HR 8369,51203,429378
IP 14028,HR 46005,60931,429416
IP 14029,HR 46096,63747,429455
IP 14032,HR 7937,50179,429494
IP 14033,HR 7664,49667,429532
IP 14034,HR 46147,61955,429570
IP 14035,HR 46088,63235,429609
IP 14039,HR 7658,51971,429648
IP 14040,HR 46186,61955,429686
IP 14044,HR 7744,49923,429725
IP 14045,HR 46117,61699,429763
IP 14046,HR 7826,50691,429802
IP 14047,HR 46140,61187,429840
IP 14048,HR 7194,50691,429879
IP 14049 A,HR 46167,23300,429917
IP 14052,HR 7764,50179,429958
IP 14053,HR 46132,60675,429996
IP 14059,HR 7686,52739,430035
IP 14061,HR 7744,49667,432188
IP 14064,HR 7798,52739,432226
IP 14066,HR 46043,61955,432264
IP 14067,HR 7933,51203,432303
IP 14070,HR 46124,60675,432341
IP 14071,HR 46119,61955,432380
IP 14072,HR 46148,62723,432419
IP 14075,HR 46123,61699,432458
IP 14076,HR 7664,51459,432497
IP 14078,HR 46153,63235,432535
IP 14079,HR 46148,64515,432574
IP 14080,HR 46175,62467,432613
IP 14103,HR 46165,61187,432652
J 020477,HRT 509,31235,432691
J 2432981,HR 7132,36355,432728
J 2433751,HR 7173,36611,432766
J 2433752,HR 7167,37635,432804
J 2435063,HR 7778,38915,432842
J 2435064,HR 7831,36611,432880
J 2436626,HR 8362,37891,432918
J 2436792,HR 7836,40195,432956
J 2436795,HR 7821,39427,432994
J 2436798,HR 7821,40195,433032
J2432981,HR 7132,28163,437079
J2433751,HR 7173,28419,437116
J2433752,HR 7167,29443,437153
J2435064,HR 7831,28419,437190
J2436626,HR 8362,29699,438309
J2436792,HR 7836,32003,438346
J2436796,HR 7835,32771,438383
J2436798,HR 7821,32003,438420
JD 212,HR 1843/87,39683,433070
JE 001,HRT 202,4611,433108
JE 0021,HRT 205,18179,433207
JE 0029,HRT 210 BF,62211,433243
JE 0032,HRT 209,19715,433282
JF 0101-0701,HR 8183,9476,433318
JF 0101-0716,HR 7971,12036,433359
JF 0208-0205,HR 8205,9988,433400
JF 0208-0208 C,HR 8466,38404,433441
JF 0208-0210 A,HR 8397,36868,433484
JF 0208-0210 C,HR 8538,36612,433527
JF 0208-0218,HR 7971,13316,433570
JF 0208-0218 A,HR 7971,38148,433611
JF 0208-0218 C,HR 7971,38660,433654
JF 0208-0230,HR 7971,11780,433697
JF 0208-0236 A,HR 8600,35588,433738
JF 0208-0238,HR 8597,15108,433781
JF 02080210 C,HR 8538,25092,433822
JF 0280-0242,HR 8597,13828,433864
JF 0501-0301,HR 8358,10500,433905
JF 0501-0301 A,HR 8358,35332,433946
JF 0501-0500 B,HR 7918,36100,433989
JF 0501-1204,HR 8397,12036,434032
JF 0501-1212,HR 8358,11012,434073
JF 0501-1215,HR 8649,12548,434114
JF 0501-19223,HR 8601,23812,436273
JF 0501-1928,HR 8517,13828,436315
JK 005,HRT RECTIF. 20 KV,46597,436356
JT 122,HR 6227,23299,436401
JT 124,HR 6219,4355,436437
JT 126,HR 6359,25859,436472
JT 128,HR 8197,26883,436508
JT 135,HR 7367,25859,436544
JT 137,HR 8525,25603,436580
JT 140,HR 7387,25347,436616
JT 145,HR 7365,25603,436652
JT 154,HR 8015,23811,436688
JT 155,HR 8017,24579,436724
JT 156,HR 8018,25091,436760
JT 159,HR 7770,26883,436796
JT 160,HR 8016,23299,436832
JT 161,HR 7365,25091,436868
JT 162,HR 8059,5891,436904
JT 163,HR 8052,4355,436939
JT 164,HR 7849,7939,436974
JT 165,HR 8265,6403,437009
JT 168,HR 8060,5379,437044
K 1228,HR 16514,8963,438457
KA 12-13,HR 1662,22787,438493
KA 12/520,HR 1662,36355,438530
KA 6/500,HR 1662,24323,438568
KF 2825 G,HR 42019,8196,438605
KF 48120 A,HR 46043,18692,438645
KF 48193 P,HR 7858,15620,438686
KF 58383 P,HR 8258,60675,438726
KF 58390 P,HR 8246,59395,438765
KF 58395 S,HR 7497,63235,438804
KF 74163 S,HR 7675,60419,438843
KF 7452 S,HR 6470,65027,438882
KF 9503 C,HR 7664,62211,438921
KF 960506,HR 7444,43011,438960
KFJ 9238 A,HR 46141,26884,438998
KFJ 9303 C,HR 7664,15108,439039
KFJ 9320 C,HR 7664,14852,439079
KFJ 9503 C,HR 7664,15620,439119
KFS 20867,HR 42020,14852,439159
KFS 20989,HR 2287 T12,61700,439199
KFS 21504 B,HR 42009,38916,439242
KFS 60224 B,HR 46043,39940,440379
KFS 60224 B 15,HR 46043,8709,440421
KFS 60226,HR 7455,49923,440466
KFS 60226 B,HR 7494,10244,440504
KFS 60229,HR 8147,50435,440544
KFS 60266,HR 7468,51971,440582
KFS 60266 B,HR 7468,11524,440620
KFS 60280,HR 7767,51459,440660
KFS 60282,HR 7679,52483,440698
KFS 60283 C,HR 7459,11524,440736
KFS 60288,HR 7474,52227,440776
KFS 60289,HR 7474,52483,440814
KFS 60291,HR 8508,4612,440852
KFS 60348 B,HR 7457,11268,440891
KFS 60348 S,HR 7457,15620,440931
KFS 60353,HR 7747,51203,440971
KFS 60371,HR 7437,50179,441009
KFS 60371 A,HR 7648,10500,441047
KFS 60371 B,HR 7437,9732,441087
KFS 60371 C,HR 7437,9988,441127
KFS 60371 D,HR 7437,10244,441167
KFS 60391,HR 7435,50179,441207
KFS 60455 A,HR 7690,10500,441245
KFS 60455 B,HR 7690,10756,441285
KFS 60455 E,HR 7434,10500,442418
KFS 60490,HR 8562,50691,442458
KFS 60505,HR 7463,49667,442496
KFS 60505 A,HR 7463,8964,442534
KFS 60506,HR 7609,50435,442574
KFS 60506 A,HR 7444,8964,442612
KFS 60506 B,HR 7609,9988,442652
KFS 60534 A,HR 7433,8708,442692
KFS 60534 B,HR 7433,8964,442732
KFS 60559,HR 46045,18180,442772
KFS 60581 B,HR 7439,11012,442812
KFS 60581 C,HR 7439,11268,442852
KFS 60636,HR 8349,51971,442892
KFS 60636 D,HR 8349,12036,442930
KFS 60676,HR 7736,52739,442970
KFS 60676 A,HR 7736,12036,443008
KFS 60711,HR 46198,17924,443048
KFS 60711 A,HR 46198,42756,443088
KFS 60717,HR 8178,6148,443130
KFS 60769,HR 7605,52227,443169
KFS 60802,HR 7475,50435,443207
KFS 60807 A,HR 7695,31748,443245
KFS 60823 C,HR 7459,11524,443286
KFS 60832,HR 7246,4356,443326
KFS 60847,HR 7929,53763,443365
KFS 60847 A,HR 7929,13060,445477
KFS 60854,HR 7695,7428,445517
KFS 60893,HR 7608,52483,445556
KFS 60893 B,HR 7608,12036,445594
KFS 60899,HR 7750,53507,445634
KFS 60909,HR 7217,50947,445672
KFS 60909 A,HR 7217,10244,445710
KFS 61043,HR 7199,4868,445750
KFS 61107,HR 46140,14596,445789
KFS 61107 A,HR 46140,39428,445829
KFS 61140,HR 7708,3332,445871
KFS 61140 A,HR 7708,28164,445910
KFS 61164,HR 7985,52483,445951
KFS 61189,HR 7995,54531,445989
KFS 61202,HR 46100,58371,446027
KFS 61202 A,HR 46100,37380,446066
KFS 61240,HR 7695,4868,446108
KFS 61244,HR 46195,17668,446147
KFS 61254,HR 7695,6148,446187
KFS 61262,HR 7468,51203,446226
KFS 61410,HR 46172,15108,446264
KFS 61424,HR 8177,4868,446304
KFS 61424 A,HR 8177,29700,446343
KFT 2 AB 118 F,HR 8513,46340,446384
KFT 2 AB 119 F,HR 8513,46596,446427
KFT 3 AB 054 F,HR 8473,47620,447525
KFT 4 AA 098 F,HR 8591,49924,447568
KFT 4 AB 005,HR 8322,18948,447611
KFT 4 AB 005 PMP,HR 8322,22277,447652
KFT 4 AB 055 F,HR 8429,48388,447697
KJF 9238 A,HR 46141,26884,447740
KJF 9303 C,HR 7664,15108,447781
KJF 9320 C,HR 7664,14852,447821
KJF 9503 C,HR 7664,15620,447861
KON 30000206,HR 8447,21508,447901
KR 347 54,HR 2267,40707,447942
KR 359 75,HR 2265,41731,447980
KST 806 Y 0,HRT 507,21252,448018
KST 806 Z 0,HRT 507,21508,448058
KT 10,HRT 202,61954,448098
KT 10 D 8,HRT 202,44547,448132
KT 10 T 0,HRT 202,46595,448170
KT 10.001,HR 7618,40707,448208
KT 10.002,HR 7616,40451,448246
KT 10.003,HR 7879,43523,448284
KT 101,HRT 202,8963,448322
KT 101 T 0,HRT 202,59139,448357
KT 11.000,HR 8108,39427,448396
KT 11.001,HR 8098,41731,448434
KT 11.002,HR 7986,43267,448472
KT 11.003,HR 8097,7168,449563
KT 11.004,HR 8565,42243,449601
KT 12.000,HR 8606,40451,449639
KT 12.001,HR 8266,41219,449677
KT 12.002,HR 8262,40451,449715
KT 12.004,HR 7667,43011,449753
KT 13.000,HR 8394,41731,449791
KT 13.001,HR 8254,40707,449829
KT 13.002,HR 8256,41475,449867
KT 14.000,HR 7740,40451,449905
KT 14.002,HR 7713,40963,449943
KT 14.005,HR 8458,43523,449981
KT 15.003,HR 8466,43011,450019
KT 1895-641 WO,HRT 507,65028,450057
KT 1897-641-0,HRT 245 BS,19205,450100
KT 1897-641-000,HRT 245 BS,43781,450145
KT 1897-641-2,HRT 245 BS,19717,450192
KT 1897-641-3,HRT 240 BS,18693,450237
KT 1897-641-300,HRT 240 BS,43269,450282
KT 19.000,HR 7117,41219,450329
KT 19.001,HR 6500,40195,450367
KT 20.000,HR 7708,60419,450405
KT 20.001,HR 46089,8708,450444
KT 20.006,HR 46126,7940,450484
KT 20.008,HR 46117,8452,450524
KT 20.009,HR 46148,9732,452645
KT 20.010,HR 46127,6916,452685
KT 2000-641-...,HRT 209,55556,452725
KT 2000-641-005,HRT 209,58372,452769
KT 2000-641-006,HRT 209,58628,452813
KT 2001,HR 7662,16643,452857
KT 2002,HR 7649,18179,452893
KT 2003,HR 7259,17667,452929
KT 2004,HR 8257,17667,452965
KT 2005,HR 7662,17667,453001
KT 2006,HR 7660,17411,453037
KT 2007,HR 7659,19715,453073
KT 2008,HR 7650,17667,453109
KT 2009,HR 7662,18691,453145
KT 2010,HR 7662,16643,453181
KT 2011,HR 7962,17667,453217
KT 2012,HR 7963,18179,453253
KT 2013,HR 8252,16387,453289
KT 2014,HR 8255,17411,453325
KT 2015,HR 8240,16131,453361
KT 2016,HR 8233,16899,453397
KT 205,HRT 202,10243,453433
KT 205 T 0,HRT 202,60419,453468
KT 206,HRT 203,10755,453507
KT 206 D 6,HRT 203,58371,453542
KT 206 S 1,HRT 203,60931,453581
KT 206 T 1,HRT 203,61187,455736
KT 206 TO,HRT 203,60675,455775
KT 206-51,HRT 203,48387,455813
KT 2096-641,HRT 210 BF,53508,455851
KT 2096-641-000,HRT 210 BF,36357,455894
KT 2097-641-0..,HRT 222 BS,39685,455941
KT 2097-641-000,HRT 222 BS,40709,455988
KT 2097-641-1..,HRT 222 BS,39941,456035
KT 2097-641-100,HRT 222 BS,40965,456082
KT 2097-641-2..,HRT 222 BS,40197,456129
KT 2097-641-200,HRT 222 BS,41221,456176
KT 2097-641-3..,HRT 226 BS,41477,456223
KT 2097-641-321,HRT 226 BS,43269,456270
KT 2097-641-345,HRT 226 BS,44805,456317
KT 2097-642-0..,HRT 225 BP,39941,456364
KT 2097-642-004,HRT 225 BP,41989,456411
KT 2097-642-008,HRT 225 BP,43013,456458
KT 2097-642-1..,HRT 225 BP,40197,456505
KT 2097-642-2..,HRT 225 BP,40453,456552
KT 2097-642-3..,HRT 227 BP,41221,456599
KT 2097-642-307,HRT 230 BP,42501,456646
KT 2097-642-310,HRT 230 BP,40965,457793
KT 2097-642-311,HRT 230 BP,41221,457840
KT 2097-642-314,HRT 231 BP,42245,457887
KT 2097-642-317,HRT 230 BP,42757,457934
KT 2097-642-321,HRT 230 BP,41477,457981
KT 2097-642-323,HRT 227 BP,43525,458028
KT 2097-642-328,HRT 227 BP,44805,458075
KT 2097-642-329,HRT 230 BP,43525,458122
KT 2097-642-338,HRT 227 BP,45061,458169
KT 2097-642-364,HRT 227 BP,44805,458216
KT 2097-642-366,HRT 227 BP,45317,458263
KT 2097-642-368,HRT 227 BP,45829,458310
KT 2097-642-380,HRT 227 BP,44293,458357
KT 21,HRT 202,62466,458404
KT 21 T 0,HRT 202,47107,458438
KT 21 TO,HRT 202,46851,458476
KT 211,HRT 202,9475,458513
KT 211 UO,HRT 203,59907,458548
KT 3001,HR 7166,16643,458586
KT 3002,HR 7164,16387,458622
KT 3003,HR 6383,17155,458658
KT 3004,HR 8109,16899,458694
KT 3005,HR 8110,15107,459813
KT 3006,HR 8112,15875,459849
KT 3007,HR 8113,16387,459885
KT 3009,HR 8111,16387,459921
KT 3010,HR 8115,15363,459957
KT 3011,HR 8114,15363,459993
KT 3012,HR 7484,17923,460029
KT 3013,HR 8468,18947,460065
KT 306,HRT 203,11011,460101
KT 306 T 0,HRT 203,61187,460136
KT 306 TO,HRT 203,60931,460175
KT 4002,HR 7656,18179,460213
KT 4003,HR 7802,16643,460249
KT 4004,HR 7656,18691,460285
KT 5001,HR 7313,15619,460321
KT 5002,HR 7310,15107,460357
KT 5003,HR 8239,18179,460393
KT 5004,HR 7535,17923,460429
KT 5005,HR 7484,18947,460465
KT 5006,HR 8300,16131,460501
KT 6001,HR 7888,20227,460537
KT 6002,HR 7888,20483,460573
KT 6003,HR 7892,19459,460609
KT 6004,HR 8099,19715,460645
KT 6006,HR 7468,19971,460681
KT 6007,HR 7494,19971,460717
KT 6008,HR 7890,20227,460753
KT 6010,HR 8103,15363,461878
KT 6011,HR 7889,20739,461914
KT 6012,HR 8101,15363,461950
KT 6013,HR 8102,15875,461986
KT 6014,HR 8104,16643,462022
KT 6015,HR 8106,17411,462058
KT 6016,HR 7468,20227,462094
KT 6017,HR 8295,20227,462130
KT 6018,HR 7456,19971,462166
KT 6019,HR 7879,22531,462202
KT 6020,HR 8283,17923,462238
KT 6021,HR 8261,17155,462274
KT 6022,HR 8105,16643,462310
KT 6023,HR 7891,19715,462346
KT 6024,HR 8606,18691,462382
KT 7001,HR 7455,17923,462418
KT 7002,HR 7094,17923,462454
KT 7003,HR 7787,20483,462490
KT 7004,HR 7455,18691,462526
KT 7005,HR 7468,19971,462562
KT 7006,HR 7984,20995,462598
KT 7007,HR 7608,19459,462634
KT 7008,HR 7737,20483,462670
KT 7009,HR 7484,20483,462706
KT 7010,HR 7083,17155,462742
KT 7012,HR 7455,18435,462778
KT 7013,HR 7468,19715,462814
KT 7014,HR 8303,17155,463903
KT 7016,HR 7443,18691,463939
KT 7019,HR 8300,17667,463975
KT 8001,HR 7841,17923,464011
KT 8002,HR 6645,18435,464047
KT 8003,HR 6642,17923,464083
KT 806 T 0,HRT 507,64259,464119
KT 806 TO,HRT 507,64003,464158
KT 9001,HR 6364,17923,464196
KT 9002,HR 6131,16131,464232
KT 9003,HR 6363,18179,464268
KT 9004,HR 6384,19203,464304
KT 9005,HR 6266,19203,464340
KT 9006,HR 6266,19459,464376
KT 9008,HR 8142,18691,464412
KT 9009,HR 8143,19203,464448
KT 9010,HR 8142,16899,464484
KT 9014,HR 8642,19203,464520
KT 9019,HR 8435,20483,464556
KT 9020,HR 8432,17667,464592
KTB 805 FR 33,HRT 242 BP,25605,464628
KTB 806 FR 33,HRT 242 BP,25861,464673
KTB 806 MO FR 30,HRT 242 BP,7686,464718
KTB 806 NO FR 30,HRT 242 BP,7942,464766
KTB 806 O-FR-O,HRT 245 BS,56581,464814
KTB 806 PO FR 30,HRT 242 BP,8454,466981
KTB 806 PO FR 30/7,HRT 241 BP,34310,467029
KTB 806 PO FR 33,HRT 242 BP,9222,467079
KTB 806 PO FR 337,HRT 225 BP,23558,467127
KTB 806 TO,HRT 218 B,40196,467176
KTB 806 TO 18,HRT 218 B,9733,467312
KTB 806 TO 18 FR,HRT 242 BP,11014,467356
KTB 806 TO FR 0,HRT 245 BS,63493,467217
KTB 806 TO FR 30,HRT 242 BP,9478,467264
KTB 806 TO-FR-O,HRT 218 B,56837,467404
KTB 806 WO,HRT 241 BP,60420,467450
KTB 806 WO 22,HRT 242 BP,28933,467492
KTB 806 XO,HRT 245 BS,62468,467537
KTP 806 TO,HRT 245 BS,65028,467579
KTP 806 TO 18,HRT 245 BS,34565,467668
KTP 806 TO FR 0,HRT 245 BS,1542,467621
KTP 806 XO,HRT 245 BS,517,467713
KTS 801 T 1 FR 56 L,HRT 508 P,27142,467755
KTS 805,HRT 205,33795,467805
KTS 805 FR,HRT 505 P,44804,467841
KTS 805 FR 56 L,HRT 205 P,41733,467882
KTS 805 FR 56 L+R,HRT 205 P,8198,467928
KTS 805 FR 56 R,HRT 205 P,43269,469029
KTS 805 TO,HRT 205,18180,469075
KTS 805 TO FR 56 L,HRT 205 P,26118,469114
KTS 805 TO FR 56 R,HRT 508 PD,46598,469163
KTS 805 TO FR 68L7,HRT 508 P,34310,469213
KTS 805 VO,HRT 205,18692,469262
KTS 806,HRT 507,35331,469301
KTS 806 EO,HRT 216 A,39940,469337
KTS 806 FR 56,HRT 216 P,14853,469378
KTS 806 FR 56 L,HRT 216 P,42501,469422
KTS 806 FR 56 R,HRT 216 P,44037,469468
KTS 806 MO FR 30,HRT 242 BP,12038,469514
KTS 806 NO,HRT 507,18180,469562
KTS 806 PO FR 30,HRT 242 BP,12806,469601
KTS 806 T 1,HRT 507,20228,469649
KTS 806 T 1 FR 56 L,HRT 216 P,27398,469689
KTS 806 T 1 FR 56 R,HRT 216 P,28934,469739
KTS 806 T 2 FR 75 L,HRT 508 P,28934,469789
KTS 806 T1,HRT 507,12036,471216
KTS 806 T1 FR 56 L,HRT 216 P,19206,471255
KTS 806 T1 FR 56 R,HRT 216 PD,38150,471304
KTS 806 T2,HRT 507,12292,471354
KTS 806 T2 FR 75 L,HRT 508 P,20742,471439
KTS 806 T2 FR L,HRT 216 P,49413,471393
KTS 806 TL,HRT 507,18948,469839
KTS 806 TO,HRT 216 A,43780,469878
KTS 806 TO FR 18,HRT 242 BP,15366,469919
KTS 806 TO FR 30,HRT 242 BP,13830,469967
KTS 806 TO FR 56 L,HRT 508 P,27944,471068
KTS 806 TO FR 56 R,HRT 508 PD,46854,471117
KTS 806 TO FR 68L7,HRT 508 P,34566,471167
KTS 806 VO,HRT 507,20228,471488
KTS 806 WO,HRT 507,20484,471527
KTS 806 WO 22,HRT 242 BP,33285,471566
KTS 806 XO,HRT 507,20740,471611
KTS 806 YO,HRT 507,20996,471650
KTS 806 ZO,HRT 216 B,45572,471689
KV 301,HRT 201,9731,471730
KV 301 R,HRT 201,38915,471765
KV 302,HRT 201,9987,471802
KV 302 R,HRT 201,39171,471837
KY 03 310,HR 3213,36355,471874
KY 033 10,HR 3213,36355,471912
L 000697801,HR 6207,62467,471950
L 301,HR 2280 T7S,46083,471990
L 310003,HR 5566,21251,472028
L 310012,HR 2085/15,57603,474142
L 310021,HR 6076,20483,474182
L 380067,HR 7132,23299,474219
L 380076,HR 7173,24579,474256
L 4 FD 8001,HR 7712,60931,474293
L 4 FDB 001,HR 7712,63491,474333
L 40 A 00100,HR 7619,772,474373
L 40 A 00101,HR 7619,1028,474414
L 40 A 00600,HR 7726,1796,474455
L 40 A 00610,HR 8507,1540,474496
L 40 A 00700,HR 8319,1796,474537
L 40 A 00710,HR 8319,2052,474578
L 40 A 00711,HR 8319,2308,474619
L 40 B 00660,HR 8516,3076,474660
L 40 B 02000,HR 8615,516,474701
L 40 B 02401,HR 8510,260,474742
L 40 B 02610,HR 7739,3844,474783
L 40 B 03900,HR 7740,2564,474824
L 40 B 05500,HR 8328,2820,474865
L 40 B 05610,HR 8210,772,474906
L 40 B 05700,HR 8439,4100,474947
L 40 B 06600,HR 8516,3076,474988
L 7000-0026,HR 7898,61955,475029
L 9663,HR 3615,64770,475069
LCE CF 0165,HR 7823,9988,475104
LCE CF 0168,HR 46056,43012,475173
LCE CF 0168 A,HR 46062,1541,475215
LCE CF 0225,HR 46043,40452,475259
LCE CF 0296,HR 46024,42244,475301
LCE CF 0301,HR 7443,7428,475343
LCE CF 0304,HR 7491,8964,475383
LCE CF 0313,HR 46043,39940,475423
LCE CF 0321,HR 7819,9732,475465
LCE CF 0341,HR 7443,8452,475505
LCE CF 0365,HR 7628,30980,475545
LCE CF 0394,HR 46096,44292,475586
LCE CF 0431,HR 7443,8452,475628
LCE CF 0441,HR 7819,10500,475668
LCE CF 0456,HR 46150,41732,475708
LCE CF 0456 A,HR 46150,1029,475750
LCE CF 0467,HR 7918,12548,475794
LCE CF 0484,HR 46098,44804,475834
LCE CF 0519,HR 7823,10756,475876
LCE CF 0532,HR 7693,30468,475916
LCE CF 0536,HR 7686,32004,475957
LCE CF 0539,HR 42051,41220,475998
LCE CF 0589,HR 46200,42500,476040
LCE CF 0612,HR 46126,40964,476082
LCE CF 0612 A,HR 46126,261,476124
LCE CF 0625,HR 7764,30980,478245
LCE CF 0698,HR 7764,33540,478286
LCE CF 0698 A,HR 7764,58372,478327
LCE CF 0724 A,HR 46143,1029,478370
LCE CF 0756,HR 46115,42756,478414
LCE CF 0853,HR 46093,43524,478456
LCE CF 0895,HR 46170,44036,478498
LCE CF 0905,HR 46175,43268,478540
LCE CF 0905 A,HR 46175,2565,478582
LCE CF 0932,HR 7648,11780,478626
LCE CF 0959,HR 46186,46084,478666
LCE CF 1009,HR 46185,42500,478708
LCE CF 1009 A,HR 46185,1797,478750
LCE CF 1010,HR 46186,40708,478794
LCE CF 1032,HR 46197,42244,478836
LCE CF 1109,HR 46201,39940,478878
LCE CF 1110,HR 46180,39428,478920
LCE CF 1123,HR 46171,40452,478962
LCE CF 1208,HR 46188,43524,479004
LCE CF 1208 A,HR 46188,2821,479046
LCE CF 122 A,HR 8088,21764,479090
LCE CF 124 B,HR 7630,20484,479131
LCE CF 124 E,HR 7630,21252,479172
LCE CF 143,HR 46055,28676,480305
LCE CF 1463,HR 46193,43268,480346
LCE CF 168 A,HR 46062,54788,480388
LCE CF 249,HR 42074,29700,480431
LCE CF 3661,HR 7468,12292,480472
LCE CF 44,HR 7639,51203,480512
LCE CF 44 A,HR 7639,10500,480550
LCE CF 51 A,HR 46014,39428,480590
LCE CF 65 A,HR 7452,9476,480632
LCE CF 68 A,HR 7483,11268,480672
LCE CF 82,HR 7452,4100,480712
LCE CF 83,HR 7900,49667,480751
LCE CF 93 A,HR 7452,9732,480789
LCE CF 94,HR 46000,15108,480829
LE 5854 B 1,HR 46115,29188,480869
LEA 5340 X 1,HR 46156,50180,480911
LF 0108 BM,HR 19007,5380,480954
LF 5632/MF2,HR 1687,13828,480994
LM 1458,HR 2458,18435,481034
LM 1459,HR 2459,18947,481070
LM 1460,HR 2460,14851,481106
LM 2025 L,HR 2267,43267,481142
LM 2025 R,HR 2267 R,8452,481180
LM 2025 RS,HR 2267 RS,50948,481220
LM 2025 V,HR 2267,45827,482359
LM 2025/2/3,HR 2267-2,24324,482397
LM 2031/22,HR 2031/22,21764,482439
LM 2036,HR 2266 R,45059,482481
LM 2036/1,HR 2270 V1,16388,482519
LM 2036/2,HR 2270 V2,16900,482560
LM 2036/3,HR 2270 V3,17412,482601
LM 2036/37,HR 2272 R,17924,482642
LM 2063/00,HR 2063/00,22276,482683
LM 2080,HR 2080,14083,482725
LM 2080/00,HR 2080/00,21764,482761
LM 2080/10,HR 2080/10,22276,482803
LM 2080/15,HR 2080/15,24836,482845
LM 2101,HR 5126,13571,482887
LM 2106,HR 5163,15107,482923
LM 2107,HR 5157,16131,482959
LM 2110,HR 2110,11011,482995
LM 2461,HR 2461,15619,483031
LM 3042,HR 2268 TRSI,40964,483067
LM 3042/1,HR 2268 T1RSI,12549,483150
LM 3042/V,HR 2268 RSI,53508,483108
LM 3051,HR 2274 TRSI,40196,483194
LM 3051/10 S,HR 2274 T10S,26117,483235
LM 3051/11,HR 2274 T11RSI,36869,483281
LM 3051/12,HR 2274 T12RSI,37413,485404
LM 3051/3,HR 2274 T3RSI,12805,485450
LM 3051/4,HR 2274 T4RSI,13317,485494
LM 3051/8,HR 2274 T8RSI,15365,485538
LM 3051/9,HR 2274 T9C RSI,41221,485582
LM 3069/15,HR 0069 T15RSI,41221,485628
LM 3069/17,HR 0069 T17RSI,42245,485674
LM 3072,HR 2273 TS,1028,485720
LM 3072/13,HR 2273 T13RSI,38405,485759
LM 3102,HR 5505,14339,485805
LM 3107,HR 5515,15875,485841
LM 3107/04,HR 3107,52227,485877
LM 3107/20,HR 5572,53763,485916
LM 3107/47,HR 5565,56579,485955
LM 3108,HR 5512,15363,485994
LM 3112/S,HR 3112 TS,31236,486030
LM 3115,HR 2450,14339,486071
LM 3119/47,HR 5566,57603,486107
LM 3122,HR 3122 RSI,16644,486146
LM 3123,HR 5523,15107,486186
LM 3126,HR 5526,16643,486222
LM 3127,HR 5527,17155,486258
LM 3135,HR 2135,14851,486294
LM 3154,HR 5554,17155,486330
LM 3160,HR 5560,15619,486366
LM 3164,HR 5564,17667,486431
LM 3168,HR 5568,19715,486467
LM 3169,HR 5569,20227,486503
LM 3172,HR 5572,17155,486539
LM 3176,HR 5576,19203,486575
LM 3183,HR 5583,18179,486611
LM 3248/7S,HR 2277 T7S,64772,486688
LM 3248/S,HR 2277 TS,36612,486647
LM 3269/2,HR 2269 T2RSI,16133,486731
LM 3269/5,HR 2269 T5RSI,17669,486775
LM 3275/S,HR 2275 R,14340,486819
LM 3279/1S,HR 2279 T1S,63236,486900
LM 3279/2S,HR 2279 T2S,63748,486943
LM 3279/5S,HR 2279 T5SR,20741,486986
LM 3279/6S,HR 2279 T6SR,21253,487030
LM 3279/S,HR 2279 TS,38148,486859
LM 3368/2,HR 0068 T2S,40708,487074
LM 3369/1,HR 0069 T1RSI,14853,487116
LM 3369/14,HR 0069 T14S,1797,487160
LM 3369/3S,HR 0069 T3RSI,37125,487204
LM 3448,HR 5148,18435,487249
LM 3465,HR 5165,17923,487285
LM 3466,HR 5166,18435,487321
LM 3469,HR 0071 TRSI,41732,487357
LM 3469/1,HR 0071 T1RSI,13317,489509
LM 3469/3S,HR 0071 T3RSI,35589,489553
LM 3473,HR 5173,17411,489598
LM 3508,HR 1117,15619,489634
LM 3509,HR 1125,15619,489670
LM 3510,HR 1127,14083,489706
LM 3511,HR 1177,15619,489742
LM 3512,HR 1120,12803,489778
LM 3540,HR 1857,17411,489814
LM 3643,HR 1514,15875,489850
LM 3768,HR 0068 TRSI,43780,489886
LM 4044/20,HR 1544/20,24324,489927
LM 4044/26,HR 1544,54275,489969
LM 4044/27,HR 1544,54531,490008
LM 4069,HR 1367 T1,60419,490047
LM 4611,HR 1303,13827,490086
LM 5023,HR 2181,14595,490122
LM 5317,HR 2151,15363,490158
LM 8612,HR 9648,20227,490194
LM 86120 A,HR 9655,56835,490230
LM 86189/02,HR 9404,5380,490269
LM 8651,HR 9644,19971,490309
LM 86510,HR 9659,33795,490345
LM 8712,HR 9633,18947,490382
LM 8720/02,HR 9639,57347,490418
LM 8816,HR 9601,18947,490457
LM 8941,HR 9539,21251,490558
LM 8941-00,HR 9540,55299,490594
LM 9077,HR 2171,17667,490633
LM 9425,HR 2265,17923,490669
LOT 888,HR 7628,50435,490705
LQ 0002 CIA,HR 19043,22276,490742
LS 33 G 4 C,HR 7503,64515,490783
LT 3509,HR 1125,17411,490823
LZ 046 A 025 K,HR 46021,5893,490859
LZ 054 A 000,HR 2287 T11,20485,490904
LZ 065 A 114 T,HR 42081,8709,490950
LZ 073 A 018 K,HR 42055,7173,490995
LZ 073 A 209 K,HR 42055,7685,491040
LZ 076 A 008,HR 46008,46340,491085
LZ 076 A 008 S,HR 46008,10245,491128
LZ 132 A 614 T-A,HR 7735,26373,491173
LZ 174 A 100 T,HR 46137,9221,491219
LZ 174 A 220 T,HR 7698,5,491264
LZ 210 A 008 A,HR 46131,2309,491308
LZ 210 A 008 J,HR 46131,4613,491353
LZ 210 A 008 L,HR 46131,5125,491398
LZ 210 A 008 T,HR 46131,7173,491443
LZ 250 A 00 P,HR 46155,59908,494629
LZ 250 A 000 P,HR 46155,6661,494673
LZ 250 A 013 J,HR 46155,6149,494718
LZ 250 A 013 P,HR 46155,7685,494763
LZ 250 A 013 T,HR 46155,8709,494808
LZ 276 A 002 J,HR 46173,7685,494853
LZ 276 A 002 T,HR 46173,10245,494898
LZ 276 A 028 T,HR 46193,12805,494943
LZ 276 A 028 Y,HR 46193,14085,494988
M 10-01,HR 7214,5123,495033
M 10-02,HR 7230,4867,495069
M 10-03,HR 7231,5379,495105
M 10-04,HR 7224,6147,495141
M 10-05,HR 7225,6659,495177
M 10-06,HR 8166,8195,495213
M 10-07,HR 8066,8195,495249
M 10-08,HR 8074,8195,495285
M 10-09,HR 7353,8195,495321
M 10-10,HR 7253,5891,495357
M 10-13,HR 8000,4355,495393
M 10-15,HR 7253,7171,495429
M 10-20,HR 7230,4867,495465
M 10-40,HR 7224,6147,495501
M 10-50,HR 7225,6659,495537
M 12-02,HR 7127,6659,495573
M 12-04-400,HR 7140,55299,496698
M 12-04-420,HR 7140,55811,496738
M 12-05,HR 7378,9475,496778
M 12-06,HR 7378,9731,496814
M 12-08,HR 6450,7683,496850
M 12-10,HR 7295,7939,496886
M 12-100,HR 7376,20227,496922
M 12-101,HR 7394,20483,496959
M 12-105,HR 8006,19203,496996
M 12-11,HR 7228,7171,497033
M 12-110,HR 8010,16899,497069
M 12-111,HR 7394,20739,497106
M 12-116,HR 7186,21763,497143
M 12-121,HR 8010,17411,497180
M 12-123,HR 8336,20739,497217
M 12-126,HR 7578,23299,497254
M 12-127,HR 7566,22787,497291
M 12-137,HR 8368,23299,497328
M 12-15,HR 7202,6147,497365
M 12-153,HR 8604,20995,497401
M 12-16,HR 8559,10499,497438
M 12-18,HR 7218,8707,497474
M 12-19,HR 7287,10499,497510
M 12-20,HR 8165,7427,497546
M 12-24,HR 7223,6915,497582
M 12-26,HR 7227,8451,497618
M 12-39,HR 8157,10243,498743
M 12-39 A,HR 8157,35075,498779
M 12-45,HR 7229,9219,498817
M 12-46,HR 7351,8451,498853
M 12-72,HR 7397,10755,498889
M 12-75,HR 8077,10499,498925
M 12-77,HR 8543,10499,498961
M 12-85,HR 7344,9731,498997
M 12-92,HR 8604,9219,499033
M 12-93,HR 7195,10499,499069
M 12-94,HR 7218,9731,499105
M 12-96,HR 8007,9475,499141
M 12-97,HR 8055,10499,499177
M 12-98,HR 8376,12291,499213
M 12-99,HR 7128,11011,499249
M 186 N,HR 42012,43523,499285
M 241691,HR 7443,24579,499323
M 25-6 W,HRT 202,32771,499360
M 29201.019.10,HR 5713,31748,499397
M 29201.024.01,HR 5706,31236,499440
M 29201.025.17,HR 5727,34052,499483
M 29201.028.03 A,HR 6501,56068,499526
M 29201.028.53,HR 6506,33796,499571
M 29201.028.54,HR 6505,33796,499614
M 29201.029.01,HR 6500,30724,499657
M 29201.029.04,HR 6503,32260,500796
M 29201.029.05,HR 6504,32772,500839
M 29201.029.11,HR 6515,32516,500882
M 29201.029.11 AL,HR 6515,11269,500925
M 29201.029.51 A,HR 6513,57860,500971
M 29201.029.52 A,HR 6574,59908,501016
M 29201.029.52 H,HR 6574,61700,501061
M 29201.029.58,HR 6522,34820,501106
M 29201.029.59,HR 6517,36100,501149
M 29201.029.60,HR 6519,34564,501192
M 29201.029.69,HR 6688,38660,501235
M 29201.031.54 B,HR 6572,58372,501278
M 29201.031.57,HR 6686,35588,501323
M 29201.033.01,HR 6521,30212,501366
M 29201.680.01,HR 6601,32004,501409
M 29221.022.03,HR 5707,32004,501452
M 29221.022.03 B,HR 5707,57092,501495
M 29221.029.52,HR 6574,35588,501540
M 29221.029.52 A,HR 6574,60420,501583
M 29221.029.52 H,HR 6574,62212,501628
M 29221.029.59 A,HR 6517,61444,501673
M 29221.029.60,HR 6519,35076,501718
M 29221.029.63,HR 6683,36356,502814
M 29221.029.66,HR 6687,38148,502857
M 29221.029.69,HR 6688,39172,502900
M 29221.031.54,HR 6572,33796,502943
M 29221.031.55,HR 6573,34308,502986
M 29221.031.56,HR 6595,35588,503029
M 29221.031.56 A,HR 6595,60420,503072
M 29221.031.57,HR 6686,36100,503117
M 29221.031.63 A,HR 6673,59140,503160
M 29221.031.68,HR 6689,37380,503205
M 29221.031.68 A,HR 6689,62212,503248
M 29221.033.01,HR 6521,30724,503293
M 29221.680.01,HR 6601,32516,503336
M 32-02,HR 6590,7939,503379
M 32-02 C,HR 6590,33283,503415
M 374392,HR 46167,59395,503453
MA5TH0000061,HR 6385,30212,503533
MAD810M180HO,HR 7026,41220,503492
MC-FBM 003,HR 2290 T1,60932,503574
MCFT 404,HR 46012,5636,503617
MCFT 506,HR 46032,6916,503656
MCFT 805,HR 46002,6660,503695
MCFT 808,HR 46031,7940,503734
MD 044 B,HR 42051,56835,503773
MD 080 A,HR 46030,56835,504869
MD 084 A,HR 42116,58115,504908
MD 084 B,HR 42075,59395,504947
MD 091 A,HR 42045,57859,504986
MD 093 A,HR 42088,60163,505025
MD 104 B,HR 42047,57347,505064
MD 119 A,HR 46046,59395,505103
MD 126 B,HR 46064,59139,505142
MD 144 A,HR 46032,57603,505181
MD 148 A,HR 42020,56835,505220
MD 164 A,HR 42057,58883,505259
MD 245 B,HR 42050,57347,505298
MDF 10/358,HR 2290 T1,53252,505337
ME/0330-00,HR 7142,6404,505380
ME/0330-01,HR 42006,18436,505420
ME/0330-02,HR 42017,19204,505461
ME/0330-04,HR 42041,18948,505502
ME/0330-05,HR 42059,21508,505543
ME/0330-06,HR 42034,19972,505584
ME/0330-07,HR 2287 T11,64260,505625
ME/0330-08,HR 42031,19716,505669
ME/0330-09,HR 42032,20228,505710
ME/0330-10,HR 2287 T17,64260,505751
ME/0330-11,HR 46029,20996,505795
ME/0330-14,HR 42000,17924,505906
ME/0330-15,HR 42021,18948,505947
ME/0330-16,HR 42023,19716,505988
ME/0330-17,HR 42022,19716,506029
ME/0330-18,HR 42042,20484,506070
ME/0330-19,HR 42027,21508,506111
ME/0330-20,HR 42029,19972,506152
ME/0330-21,HR 42007,19204,506193
ME/0330-22,HR 42016,19460,506234
ME/0330-23,HR 42033,19460,506275
ME/0330-24,HR 2279 T18,517,506316
ME/0330-26,HR 42043,20484,506360
ME/0330-27,HR 42035,20996,506401
ME/0330-28,HR 42044,21252,506442
ME/0330-29,HR 6388,12036,506483
ME/0330-30,HR 42036,19716,506523
ME/0330-31,HR 42010,17924,506564
ME/0330-32,HR 42005,19204,506605
ME/0330-33,HR 42026,20228,506646
ME/0330-34,HR 42008,20484,506687
ME/0330-35,HR 42025,20484,506728
ME/0330-37,HR 42045,21508,506769
ME/0330-38,HR 46030,21252,506810
ME/0330-46,HR 42046,21764,507941
ME/0330-47,HR 42037,22020,507982
ME/0330-48,HR 42060,21252,508023
ME/0330-49,HR 46015,22532,508064
ME/0330-50,HR 42028,20484,508105
ME/0330-51,HR 42004,19204,508146
ME/0330-52,HR 42061,20228,508187
ME/0330-53,HR 42040,19716,508228
ME/0330-54,HR 42002,19460,508269
ME/0330-55,HR 42020,19716,508310
ME/0330-56,HR 42014,20740,508351
ME/0330-57,HR 42012,20484,508392
ME/0330-58,HR 42013,20996,508433
ME/0330-64,HR 42047,22020,508474
ME/0330-66,HR 42065,22532,508515
ME/0330-67,HR 42018,22276,508556
ME/0330-68,HR 42066,23300,508597
ME/0330-69,HR 42067,23812,508638
ME/0330-70,HR 42068,22020,508679
ME/0334-00,HR 46013,19716,508720
ME/0334-01,HR 46031,19972,508761
ME/0334-02,HR 46016,20996,508802
ME/0334-03,HR 46012,20228,508843
ME/0334-04,HR 7246,9732,508884
ME/0334-06,HR 46063,22532,511041
ME/0334-07,HR 46034,22276,511082
ME/0334-08,HR 7776,12804,511123
ME/0334-09,HR 46021,21764,511163
ME/0334-10,HR 7506,8708,511204
ME/0334-11,HR 6489,11268,511244
ME/0334-13,HR 7533,9476,511284
ME/0334-16,HR 46011,20996,511324
ME/0334-17,HR 42024,21252,511365
ME/0334-18,HR 46064,23556,511406
ME/0334-21,HR 46014,20740,511447
ME/0334-23,HR 46035,22020,511488
ME/0334-25,HR 6367,11268,511529
ME/0334-28,HR 46018,23556,511569
ME/0334-29,HR 6020,8708,511610
ME/0334-30,HR 46019,22020,511650
ME/0334-31,HR 46036,22020,511691
ME/0334-32,HR 42019,21508,511732
ME/0334-33,HR 46044,22276,511773
ME/0334-34,HR 46045,22788,511814
ME/0334-35,HR 7255,10756,511855
ME/0334-40,HR 46046,22276,511895
ME/0334-41,HR 42039,22020,511936
ME/0334-42,HR 46005,21508,512037
ME/0334-43,HR 46020,20996,512078
ME/0334-47,HR 46002,22020,512119
ME/0334-48,HR 42057,23812,512160
ME/0334-55,HR 46006,22788,512201
ME/0334-56,HR 46027,23812,512242
ME/0334-59,HR 42030,22020,512283
ME/0334-60,HR 7246,10244,512324
ME/0334-62,HR 42058,23044,512364
ME/0334-66,HR 7215,10756,512405
ME/0334-69,HR 7221,10756,512445
ME/0334-70,HR 46047,23300,512485
ME/0517-00,HR 2274 T19RS,22277,512526
ME/0562-00,HR 320,39427,512571
ME/0562-01,HR 320,39683,512609
ME/0568-00,HR 2270 V1,32004,512647
ME/0573-00,HR 2275 R,18692,512689
ME/0573-01,HR 2275 R,18948,512730
ME/0574-00,HR 2270 V2,31492,512771
ME/0576-00,HR 2280 T3S,53252,512813
ME/0576-01,HR 2280 T3S,53508,512856
ME/0879-00,HR 2920,56579,512899
ME/0879-01,HR 2920,56835,512938
ME/0882-00,HR 0083 S,18436,512977
ME/0984-01,HR 2921,56323,515134
ME/0986-00,HR 0082 S,19460,515173
ME/1001-00,HR 634 RS,23556,515214
ME/1001-01,HR 634 RS,23812,515255
ME/1003-00,HR 631,38403,515296
ME/1003-01,HR 631,38659,515334
ME/1004-00,HR 634 RS,24324,515372
ME/1006-00,HR 631,39171,515413
ME/1013-00,HR 2269 T12S,64004,515451
ME/1014-00,HR 602,38403,515495
ME/1015-00,HR 2273 T16S,64260,515533
ME/1042-00,HR 2274 T22S,63748,515577
ME/1060-00,HR 046,39171,515621
ME/1065-00,HR 2268 TRSI,14341,515659
ME/1073-00,HR 2267-2,13060,515703
ME/1121-00,HR 2268 TRSI,12549,515744
ME/1123-00,HR 2266 R,16644,515788
ME/1123-01,HR 2266 R,16900,515829
ME/1128-00,HR 2274 T32S,65284,515870
ME/1152-00,HR 502,38915,515914
ME/1152-01,HR 502,39171,515952
ME/1161-00,HR 2265,53251,515990
ME/1161-01,HR 2265,53507,516029
ME/1178-00,HR 2268 TRSI,15621,516133
ME/1179-00,HR 2268 TRSI,15877,516177
ME/1193-00,HR 502,40195,516221
ME/1195-00,HR 2274 T30S,261,516259
ME/1197-00,HR 2280 T9S,54788,516303
ME/1206-00,HR 046,39683,516346
ME/1208-00,HR 2274 T27S,517,516384
ME/1230-00,HR 3122 RSI,54276,516428
ME/1230-01,HR 3122 RSI,54532,516471
ME/1231-00,HR 530,38659,516514
ME/1231-01,HR 530,38915,516552
ME/1332-00,HR 602,39171,516590
ME/1332-01,HR 602,39427,516628
ME/1382-00,HR 2267,55043,516666
ME/1395-00,HR 2270 V4,32516,516705
ME/1395-01,HR 2270 V4,32772,516747
ME/1402-00,HR 052,38403,516789
ME/1445-00,HR 236,41219,516827
ME/1446-00,HR 025,40451,516865
ME/1454-00,HR 236,41219,516903
ME/1477-00,HR 2266 R,19716,516941
ME/1541-00,HR 2274 T23S,65028,516982
ME/1543-00,HR 2280 T8S,53252,517026
ME/1545-00,HR 2274 T29S,2053,517069
ME/1553-00,HR 2274 T20S,65028,519234
ME/1554-00,HR 2280 T7S,53508,519278
ME/1558-00,HR 2274 T21S,1029,519321
ME/1559-00,HR 2274 T33S,2053,519365
ME/1569-00,HR 3112 TS,39684,519409
ME/1572-00,HR 2277 T9S,55556,519451
ME/1573-00,HR 3215,54019,519494
ME/1574-00,HR 2274 T35S,1797,519533
ME/1574-01,HR 2274 T35S,2053,519577
ME/1577-00,HR 2282 T1,32516,519621
ME/1586-00,HR 185,43523,519663
ME/1589-00,HR 2274 T26S,3333,519701
ME/1590-00,HR 0068 T3S,52996,519745
ME/1591-00,HR 2269 T10S,773,519788
ME/1593-00,HR 2274 T28S,2565,519832
ME/1703-00,HR 2282 T1,30212,519876
ME/1762-00,HR 2274 T25S,1285,519918
ME/1763-00,HR 631,41731,519962
ME/1809-00,HR 3118 TS,40452,520000
ME/1810-00,HR 2280 T11S,63236,520042
ME/1814-00,HR 2277 T8S,55044,520086
ME/1815-00,HR 2282 T2,31492,520129
ME/5000-00,HR 3615,52227,521266
ME/5000-01,HR 3615,52483,521305
ME/5001-00,HR 2070,50947,521344
ME/5002-00,HR 2041,50691,521383
ME/5003-00,HR 1161,51459,521422
ME/5004-00,HR 2075,52995,521461
ME/5004-01,HR 2075,53251,521500
ME/5005-01,HR 3616,54019,521539
ME/5006-00,HR 1162,52483,521578
ME/5007-00,HR 3518,54531,521617
ME/5009-00,HR 3610,53251,521656
ME/5011-00,HR 3513,51971,521695
ME/5011-01,HR 3513,52227,521734
ME/5012-00,HR 3523,52483,521773
ME/5013-00,HR 732/235,26116,521812
ME/5014-00,HR 1703,52483,521854
ME/5016-00,HR 5565,55555,521893
ME/5017-00,HR 3611,53251,521932
ME/5021-00,HR 5610,52227,521971
ME/5022-00,HR 5505,53251,522010
ME/5023-00,HR 3604,52995,522049
ME/5024-00,HR 2460,52995,522088
ME/5024-01,HR 2460,53251,522127
ME/5026-00,HR 3612,53507,522166
ME/5027-00,HR 2110,51715,522205
ME/5028-00,HR 3602,53763,524325
ME/5029-00,HR 3601,53763,524364
ME/5031-00,HR 2012,50691,524403
ME/5032-00,HR 2114,51715,524442
ME/5033-00,HR 3621,52995,524481
ME/5034-00,HR 2458,55043,524520
ME/5035-00,HR 2011,51459,524559
ME/5036-00,HR 2460,53763,524598
ME/5038-00,HR 2013,52739,524637
ME/5041-00,HR 2080/06,24836,524676
ME/5042-00,HR 2014,51715,524718
ME/5042-01,HR 2014,51971,524757
ME/5044-00,HR 1120,51459,524796
ME/5045-00,HR 51/01,64515,524835
ME/5045-01,HR 51/01,64771,524875
ME/5046-00,HR 1194,54787,524915
ME/5047-00,HR 3690,55811,524954
ME/5049-00,HR 3613,55043,524993
ME/5051-00,HR 3507,53763,525032
ME/5053-00,HR 3520,52995,525071
ME/5054-00,HR 5525,55043,525110
ME/5054-01,HR 5525,55299,525149
ME/5056-00,HR 1651,54531,525188
ME/5057-00,HR 2063/00,25348,525227
ME/5057-01,HR 2063/00,25604,525269
ME/5058-00,HR 1197,56350,527388
ME/5059-00,HR 2080/00,25604,527427
ME/5059-01,HR 2080/00,25860,527469
ME/5061-00,HR 2046,53251,527511
ME/5062-00,HR 2045,53251,527550
ME/5062-01,HR 2045,53507,527589
ME/5063-00,HR 6078,56067,527628
ME/5064-00,HR 6011,52995,527667
ME/5066-00,HR 1152,53763,527706
ME/5067-00,HR 2459,56835,527745
ME/5068-00,HR 2016,54275,527784
ME/5069-00,HR 2152,54787,527823
ME/5071-00,HR 3529,55299,527862
ME/5071-01,HR 3529,55555,527901
ME/5072-00,HR 2171,53507,527940
ME/5073-00,HR 2116,53507,527979
ME/5074-00,HR 3578,57091,528018
ME/5075-00,HR 3509,55811,528057
ME/5076-00,HR 3583,56579,528096
ME/5076-01,HR 3583,56835,528135
ME/5077-00,HR 3120,53507,528174
ME/5077-01,HR 3120,53763,528213
ME/5079-00,HR 2017,55043,528252
ME/5080-00,HR 1622,53251,528291
ME/5081-00,HR 3501,52995,528330
ME/5082-01,HR 5126,54787,528437
ME/5083-00,HR 3503,54019,528476
ME/5084-00,HR 3609,56067,528515
ME/5086-00,HR 2080/15,27140,528554
ME/5087-00,HR 2121,53763,528596
ME/5088-00,HR 1123,54275,528635
ME/5089-00,HR 2141,54787,528674
ME/5090-00,HR 1490,54275,528713
ME/5092-00,HR 1481,54787,528752
ME/5093-00,HR 1610,53507,528791
ME/5094-00,HR 6059,56835,528830
ME/5095-00,HR 3505,55299,528869
ME/5096-00,HR 3508,56323,528908
ME/5160-00,HR 3534,54019,528947
ME/5165-00,HR 3535,55555,528986
ME/5167-00,HR 3542,55555,529025
ME/5171-00,HR 1121,51971,529064
ME/5172-00,HR 1122,52483,529103
ME/5172-01,HR 1122,52739,529142
ME/5180-00,HR 5126,54275,529181
ME/5210-00,HR 2181,52227,529220
ME/5210-01,HR 2181,52483,529259
ME/5215-00,HR 3682,55299,529298
ME/5215-01,HR 3682,55555,529337
ME/5218-00,HR 1602,53507,529376
ME/5220-00,HR 2175,53251,531493
ME/5222-00,HR 3512,52739,531532
ME/5223-00,HR 2051,52227,531571
ME/5226-00,HR 1603,53507,531610
ME/5228-00,HR 3658,57091,531649
ME/5230-00,HR 2080/10,23556,531688
ME/5230-01,HR 2080/10,23812,531730
ME/5235-00,HR 1627,55043,531772
ME/5240-00,HR 2080/20,24068,531811
ME/5241-00,HR 3504,53251,531853
ME/5243-00,HR 1101,51459,531892
ME/5246-00,HR 2063/02,25860,531931
ME/5246-01,HR 2063/02,26116,531973
ME/5247-00,HR 1100,52227,532015
ME/5248-00,HR 2458,56835,532054
ME/5250-00,HR 1177,54275,532093
ME/5250-01,HR 1177,54531,532132
ME/5251-00,HR 1153,52995,532171
ME/5251-01,HR 1153,53251,532210
ME/5252-00,HR 1117,53251,532249
ME/5252-01,HR 1117,53507,532288
ME/5253-00,HR 1150,52739,532327
ME/5253-01,HR 1150,52995,532366
ME/5261-00,HR 3502,53251,532405
ME/5265-00,HR 3511,54275,532444
ME/5270-00,HR 3515,54275,533541
ME/5272-00,HR 6077,56323,533580
ME/5274-00,HR 6012,54019,533619
ME/5276-00,HR 2031/22,25860,533658
ME/5276-01,HR 2031/22,26116,533700
ME/5280-00,HR 2053,53507,533742
ME/5282-00,HR 2057,55043,533781
ME/5287-00,HR 2461,56067,533820
ME/5287-01,HR 2461,56323,533859
ME/5288-00,HR 2450,55811,533898
ME/5288-01,HR 2450,56067,533937
ME/5289-00,HR 2445,57091,533976
ME/5290-00,HR 2440,53763,534015
ME/5290-01,HR 2440,54019,534054
ME/5291-00,HR 6311,54275,534093
ME/5291-01,HR 6311,54531,534132
ME/5292-00,HR 6310,54275,534171
ME/5292-01,HR 6310,54531,534210
ME/5293-00,HR 2467,56835,534249
ME/5294-00,HR 2155,55555,534288
ME/5295-00,HR 2111,53763,534327
ME/5296-00,HR 6312,55811,534366
ME/5298-00,HR 3571,57347,534405
ME/5299-00,HR 1160,55555,534444
ME/5300-00,HR 2105,51203,534483
ME/5305-00,HR 5163,54275,535614
ME/5306-00,HR 5157,55299,535653
ME/5307-00,HR 3522,54019,535692
ME/5308-00,HR 1165,54531,535731
ME/5310-00,HR 2115,51715,535770
ME/5315-00,HR 5525,55043,535809
ME/5317-00,HR 1127,54019,535848
ME/5318-00,HR 3583,56323,535887
ME/5319-00,HR 1624,55043,535926
ME/5325-00,HR 2082,54019,535965
ME/5327-00,HR 2169,56067,536004
ME/5331-00,HR 3605,53763,536043
ME/5332-00,HR 1601,52483,536082
ME/5333-00,HR 1606,54019,536121
ME/5335-00,HR 1629,55811,536160
ME/5337-00,HR 1632,54787,536199
ME/5338-00,HR 1633,55299,536238
ME/5339-00,HR 1621,54787,536277
ME/5340-00,HR 1623,53251,536316
ME/5341-00,HR 3657,55811,536355
ME/5341-01,HR 3657,56067,536394
ME/5344-00,HR 6052,54531,536433
ME/5345-00,HR 6030,53763,536472
ME/5346-00,HR 3519,56323,536511
ME/5349-00,HR 3516,56323,537637
ME/5400-00,HR 6320,52227,537676
ME/5401-00,HR 6301,52227,537715
ME/5402-00,HR 6300,52227,537754
ME/5403-00,HR 6040,52739,537793
ME/5404-00,HR 6313,53763,537832
ME/5405-00,HR 6314,54275,537871
ME/5406-00,HR 6322,54275,537910
ME/5923-00,HR 2161,54531,537949
ME/5923-01,HR 2161,54787,537988
ME/5926-00,HR 2151,55043,538027
ME/5928-00,HR 3530,56067,538066
ME/5928-01,HR 3530,56323,538105
ME/5929-00,HR 7301,56323,538144
ME/5929-01,HR 7301,56579,538183
ME/5930-00,HR 7305,55299,538222
ME/5930-01,HR 7305,55555,538261
ME/5931-00,HR 6018,55555,538300
ME/5932-00,HR 6044,55555,538339
ME/5934-00,HR 7306,56579,538378
ME/5934-01,HR 7306,56835,538417
ME/5935-00,HR 7302,55811,538456
ME/5935-01,HR 7302,56067,538495
ME/5936-00,HR 6042,56067,538534
ME/5937-00,HR 6041,56067,538573
ME/5939-00,HR 6321,56835,541752
ME/5940-00,HR 2018,54531,541791
ME/5941-00,HR 2019,55043,541830
ME/5942-00,HR 3769,58627,541869
ME/5943-00,HR 5701,55811,541908
ME/5944-00,HR 5702,56323,541947
ME/5945-00,HR 6050,55811,541986
ME/5946-00,HR 6081,57091,542025
ME/5949-00,HR 6009,57859,542064
ME/5950-00,HR 6045,55811,542103
ME/5951-00,HR 3643,56323,542142
ME/5952-00,HR 5571,57091,542181
ME/5953-00,HR 3645,57347,542220
ME/5954-00,HR 6043,56323,542259
ME/5955-00,HR 6020,55299,542298
ME/5956-00,HR 6024,56579,542337
ME/5957-00,HR 5638,59395,542376
ME/5958-00,HR 5642,58371,542415
ME/5958-01,HR 5642,58627,542454
ME/5961-00,HR 3670,56579,542493
ME/5963-00,HR 6080,56579,542532
ME/5964-00,HR 1101,54019,542571
ME/5964-01,HR 1101,54275,542610
ME/5965-00,HR 1198,58371,542649
ME/5966-00,HR 7055,58115,542688
ME/5967-00,HR 7054,58115,543781
ME/5968-00,HR 3589,60675,543820
ME/5970-00,HR 6098,58371,543859
ME/5973-00,HR 6053,56835,543898
ME/5974-00,HR 7541,57859,543937
ME/5975-00,HR 1135,56323,543976
ME/5976-00,HR 1147,57347,544015
ME/5977-00,HR 3697,60675,544054
ME/5978-00,HR 721/213,29700,544093
ME/5985-00,HR 3679,60419,544135
ME/5986-00,HR 3774,59651,544174
ME/5987-00,HR 3627,59139,544213
ME/5988-00,HR 6129,59395,544252
ME/5989-00,HR 6071,58627,544291
ME/5990-00,HR 6142,56323,544330
ME/5991-00,HR 6003,55555,544369
ME/5992-00,HR 6005,56323,544408
ME/5994-00,HR 6094,58883,544447
ME/5996-00,HR 6039,59139,544486
ME/5997-00,HR 6163,58883,544525
ME/5997-01,HR 7070,58627,544564
ME/5998-00,HR 6156,59651,544603
ME/5999-00,HR 7035,59139,544642
ME/6000-00,HR 7042,51971,544681
ME/6001-00,HR 7315,52995,544720
ME/6003-00,HR 7311,52483,545851
ME/6004-00,HR 7018,53763,545890
ME/6005-00,HR 6130,52483,545929
ME/6006-00,HR 6061,53507,545968
ME/6007-00,HR 7080,54275,546007
ME/6008-00,HR 7058,55811,546046
ME/6009-00,HR 7037,55299,546085
ME/6010-00,HR 7093,53763,546124
ME/6011-00,HR 7092,53763,546163
ME/6012-00,HR 7073,53763,546202
ME/6013-00,HR 7069,55299,546241
ME/6014-00,HR 6019,54019,546280
ME/6016-00,HR 6152,54019,546319
ME/6017-00,HR 7066,55555,546358
ME/6018-00,HR 7007,54531,546397
ME/6019-00,HR 7072,55299,546436
ME/6020-00,HR 7031,51971,546475
ME/6021-00,HR 7074,54019,546514
ME/6022-00,HR 7068,55043,546553
ME/6023-00,HR 7116,53763,546592
ME/6024-00,HR 7063,54275,546631
ME/6025-00,HR 7065,55043,546670
ME/6026-00,HR 7016,54275,546709
ME/6027-00,HR 7087,56579,546748
ME/6028-00,HR 6096,56579,546787
ME/6029-00,HR 7314,55299,549925
ME/6030-00,HR 7060,52739,549964
ME/6031-00,HR 7027,53763,550003
ME/6032-00,HR 7028,54275,550042
ME/6033-00,HR 7081,54275,550081
ME/6034-00,HR 7059,55811,550120
ME/6035-00,HR 7053,54531,550159
ME/6036-00,HR 7052,54531,550198
ME/6037-00,HR 7088,57091,550237
ME/6038-00,HR 7005,54531,550276
ME/6039-00,HR 7067,56835,550315
ME/6041-00,HR 7078,55555,550354
ME/6042-00,HR 6121,52739,550393
ME/6043-00,HR 6122,53251,550432
ME/6044-00,HR 7071,54531,550471
ME/6045-00,HR 6068,56067,550510
ME/6046-00,HR 6072,55043,550549
ME/6047-00,HR 7090,55555,550588
ME/6048-00,HR 6120,54019,550627
ME/6049-00,HR 7115,55555,550666
ME/6050-00,HR 7079,55811,550705
ME/6051-00,HR 7085,55299,550744
ME/6052-00,HR 7086,55811,550783
ME/6060-00,HR 6155,54531,550822
ME/6061-00,HR 2063/03,25092,550861
ME/6063-00,HR 6315,54787,550971
ME/6064-00,HR 3634,55299,551010
ME/6066-00,HR 6212,54531,551049
ME/6067-00,HR 1145,54787,551088
ME/6068-00,HR 7041,55299,551127
ME/6068-90,HR 7041,57603,551166
ME/6069-00,HR 7112,55299,551205
ME/6070-00,HR 6141,53507,551244
ME/6071-00,HR 6140,53507,551283
ME/6072-00,HR 7503,54787,551322
ME/6073-00,HR 3652,55299,551361
ME/6075-00,HR 6375,57091,551400
ME/6075-10,HR 7494,58115,551439
ME/6075-15,HR 7456,58883,551478
ME/6075-20,HR 7491,57603,551517
ME/6076-00,HR 6089,57859,551556
ME/6077-00,HR 6057,56835,551595
ME/6078-00,HR 6113,55299,551634
ME/6079-00,HR 6062,56323,551673
ME/6080-00,HR 7113,53763,551712
ME/6081-00,HR 7114,54275,551751
ME/6082-00,HR 7130,54019,551790
ME/6083-00,HR 6153,55299,551829
ME/6084-00,HR 6311,54531,551868
ME/6085-00,HR 6311,54787,551907
ME/6086-00,HR 6310,54787,554021
ME/6087-00,HR 6385,58115,554060
ME/6088-00,HR 6302,55555,554099
ME/6089-00,HR 6304,56323,554138
ME/6090-00,HR 6305,54531,554177
ME/6091-00,HR 6307,55299,554216
ME/6092-00,HR 6308,55811,554255
ME/6093-00,HR 6309,56323,554294
ME/6094-00,HR 6316,56067,554333
ME/6095-00,HR 6306,56067,554372
ME/6096-00,HR 6032,55299,554411
ME/6097-00,HR 6154,56835,554450
ME/6098-00,HR 6150,56067,554489
ME/6099-00,HR 6060,56323,554528
ME/6100-00,HR 6149,54019,554567
ME/6101-00,HR 6119,53507,554606
ME/6102-00,HR 3650,52995,554645
ME/6103-00,HR 3651,53507,554684
ME/6104-00,HR 6067,54787,554723
ME/6105-00,HR 6075,54787,554762
ME/6106-00,HR 5703,54275,554801
ME/6107-00,HR 3607,54787,554840
ME/6108-00,HR 3608,55299,554879
ME/6109-00,HR 6165,55811,554918
ME/6110-00,HR 7134,52995,554957
ME/6113-00,HR 6214,53251,557113
ME/6114-00,HR 7524,54787,557152
ME/6115-00,HR 6236,54787,557191
ME/6118-00,HR 6410,54019,557230
ME/6119-00,HR 6411,54531,557269
ME/6120-00,HR 6409,54275,557308
ME/6121-00,HR 6404,53251,557347
ME/6123-00,HR 6414,54019,557386
ME/6124-00,HR 6407,54787,557425
ME/6125-00,HR 6412,54019,557464
ME/6126-00,HR 6405,54787,557503
ME/6127-00,HR 6413,54787,557542
ME/6128-00,HR 7404,55299,557581
ME/6129-00,HR 7405,55811,557620
ME/6131-00,HR 6408,54531,557659
ME/6132-00,HR 7407,54787,557698
ME/6133-00,HR 7406,54787,557737
ME/6135-00,HR 6400,53507,557776
ME/6136-00,HR 7408,56067,557815
ME/6137-00,HR 7413,55299,557854
ME/6138-00,HR 7403,55299,557893
ME/6143-00,HR 7050,53763,557932
ME/6147-00,HR 7753,57347,557971
ME/6148-00,HR 8050,55299,558010
ME/6149-00,HR 7812,56835,558049
ME/6150-00,HR 7759,57347,558117
ME/6152-00,HR 6396,56835,558156
ME/6153-00,HR 7847,57603,558195
ME/6154-00,HR 7761,56579,558234
ME/6155-00,HR 7756,57859,558273
ME/6156-00,HR 7846,58115,558312
ME/6157-00,HR 7851,57347,558351
ME/6158-00,HR 7807,57859,558390
ME/6159-00,HR 7760,57603,558429
ME/6168-00,HR 7855,58883,558468
ME/6169-00,HR 7861,58371,558507
ME/6170-00,HR 7773,56835,558546
ME/6171-00,HR 7763,56835,558585
ME/6172-00,HR 7720,55299,558624
ME/6173-00,HR 7723,56323,558663
ME/6174-00,HR 7822,56579,558702
ME/6175-00,HR 7519,57603,558741
ME/6176-00,HR 7854,58371,558780
ME/6178-00,HR 6190,56835,558819
ME/6179-00,HR 7132,56323,558858
ME/6180-00,HR 7135,55043,558897
ME/6181-00,HR 7768,58371,558936
ME/6182-00,HR 7136,55811,558975
ME/6189-00,HR 8308,58115,559014
ME/6190-00,HR 8308,56067,559053
ME/6198-00,HR 6451,57347,561208
ME/6200-00,HR 7108,53251,561247
ME/6201-00,HR 7518,54787,561286
ME/6203-00,HR 3628,54787,561325
ME/6212-00,HR 6137,54275,561364
ME/6217-00,HR 6143,54787,561403
ME/6218-00,HR 6267,56835,561442
ME/6224-00,HR 7624,55555,561481
ME/6225-00,HR 7624,55811,561520
ME/6228-00,HR 7875,58627,561559
ME/6231-00,HR 7874,56835,561598
ME/6232-00,HR 6212,53251,561637
ME/6234-00,HR 5715,55555,561676
ME/6235-00,HR 6144,55043,561715
ME/6236-00,HR 6181,55555,561754
ME/6237-00,HR 6157,56579,561793
ME/6238-00,HR 6182,56323,561832
ME/6239-00,HR 6159,57603,561871
ME/6240-00,HR 7312,53507,561910
ME/6241-00,HR 7342,54531,561949
ME/6242-00,HR 7201,53251,561988
ME/6243-00,HR 6365,56067,562027
ME/6244-00,HR 7296,57347,562066
ME/6245-00,HR 6204,54531,562105
ME/6246-00,HR 6242,55299,562144
ME/6247-00,HR 7520,55555,563237
ME/6248-00,HR 7550,56579,563276
ME/6249-00,HR 7190,11012,563315
ME/6250-00,HR 6192,55043,563355
ME/6251-00,HR 6160,54019,563394
ME/6252-00,HR 6175,55811,563433
ME/6254-00,HR 6211,54019,563472
ME/6255-00,HR 6174,56323,563511
ME/6256-00,HR 6132,55043,563550
ME/6257-00,HR 5668,58627,563589
ME/6258-00,HR 1124,54531,563628
ME/6259-00,HR 6255,57347,563667
ME/6260-00,HR 6170,54275,563706
ME/6261-00,HR 7035,54787,563745
ME/6262-00,HR 6403,54531,563784
ME/6263-00,HR 7472,56579,563823
ME/6264-00,HR 7472,56835,563862
ME/6265-00,HR 7032,55043,563901
ME/6266-00,HR 6239,57347,563940
ME/6267-00,HR 6402,55555,563979
ME/6268-00,HR 7414,56835,564018
ME/6269-00,HR 7004,55811,564057
ME/6271-00,HR 5705,55555,564096
ME/6272-00,HR 5707,56323,564135
ME/6273-00,HR 7630,55811,564174
ME/6276-00,HR 7455,57859,565305
ME/6277-00,HR 7025,10500,565344
ME/6278-00,HR 7107,11012,565384
ME/6280-00,HR 6501,54275,565424
ME/6281-00,HR 6203,54275,565463
ME/6282-00,HR 7140,54787,565502
ME/6284-00,HR 6282,56835,565541
ME/6285-00,HR 6277,58115,565580
ME/6286-00,HR 7752,58115,565619
ME/6287-00,HR 7758,59907,565658
ME/6289-00,HR 6288,59651,565697
ME/6290-00,HR 7091,9988,565736
ME/6291-00,HR 6291,56323,565776
ME/6292-00,HR 6289,58371,565815
ME/6293-00,HR 6270,56067,565854
ME/6294-00,HR 7296,58627,565893
ME/6295-00,HR 7532,57091,565932
ME/6296-00,HR 7197,59139,565971
ME/6299-00,HR 6245,58115,566010
ME/6300-00,HR 5709,54787,566049
ME/6301-00,HR 7549,56067,566088
ME/6302-00,HR 7462,54787,566127
ME/6303-00,HR 6158,55299,566166
ME/6304-00,HR 6145,54531,566205
ME/6305-00,HR 7156,55555,566244
ME/6306-00,HR 7125,54787,568357
ME/6307-00,HR 7082,55555,568396
ME/6308-00,HR 7152,55299,568435
ME/6309-00,HR 6173,56067,568474
ME/6310-00,HR 7452,54275,568513
ME/6311-00,HR 7451,54275,568552
ME/6314-00,HR 7026,54531,568591
ME/6315-00,HR 5708,56067,568630
ME/6316-00,HR 6051,54275,568669
ME/6317-00,HR 6178,57091,568708
ME/6318-00,HR 7462,56579,568747
ME/6319-00,HR 6634,56835,568786
ME/6320-00,HR 7128,54531,568825
ME/6322-00,HR 6453,55043,568864
ME/6323-00,HR 7538,56579,568903
ME/6324-00,HR 6223,54275,568942
ME/6325-00,HR 6167,56323,568981
ME/6326-00,HR 6253,55555,569020
ME/6327-00,HR 6224,55299,569059
ME/6328-00,HR 6256,56835,569098
ME/6329-00,HR 7689,59907,569137
ME/6331-00,HR 5646,55811,569176
ME/6332-00,HR 5645,55811,569215
ME/6333-00,HR 7527,56323,569254
ME/6334-00,HR 6216,55043,569293
ME/6336-00,HR 6206,9476,569400
ME/6337-00,HR 7505,56323,569440
ME/6338-00,HR 7506,11012,569479
ME/6339-00,HR 7062,56323,569519
ME/6340-00,HR 6248,55555,569558
ME/6341-00,HR 7065,55299,569597
ME/6342-00,HR 6292,55811,569636
ME/6344-00,HR 7587,58371,569675
ME/6345-00,HR 6204,54787,569714
ME/6347-00,HR 6386,58115,569753
ME/6348-00,HR 6088,58115,569792
ME/6349-00,HR 6468,58883,569831
ME/6350-00,HR 6358,56323,569870
ME/6351-00,HR 6260,54531,569909
ME/6352-00,HR 7172,55555,569948
ME/6353-00,HR 7463,56579,569987
ME/6354-00,HR 7401,54787,570026
ME/6355-00,HR 7460,56323,570065
ME/6357-00,HR 7736,58371,570104
ME/6358-00,HR 7488,59651,570143
ME/6359-00,HR 6260,56579,570182
ME/6360-00,HR 6272,55299,570221
ME/6361-00,HR 5717,56323,570260
ME/6362-00,HR 7823,56579,570299
ME/6363-00,HR 5713,55811,570338
ME/6364-00,HR 6284,57091,572453
ME/6365-00,HR 7173,56835,572492
ME/6366-00,HR 6179,58371,572531
ME/6367-00,HR 7800,56579,572570
ME/6368-00,HR 8364,58371,572609
ME/6369-00,HR 6278,59139,572648
ME/6370-00,HR 6295,56835,572687
ME/6371-00,HR 7214,55043,572726
ME/6372-00,HR 7230,54787,572765
ME/6373-00,HR 7521,55811,572804
ME/6374-00,HR 6201,54531,572843
ME/6375-00,HR 6273,57091,572882
ME/6377-00,HR 7218,57603,572921
ME/6378-00,HR 6293,58371,572960
ME/6379-00,HR 7184,58627,572999
ME/6380-00,HR 7740,56067,573038
ME/6381-00,HR 7675,58115,573077
ME/6382-00,HR 6008,55555,573116
ME/6383-00,HR 6294,57603,573155
ME/6384-00,HR 6004,55043,573194
ME/6385-00,HR 7483,58371,573233
ME/6386-00,HR 6205,56323,573272
ME/6387-00,HR 7237,12292,573311
ME/6389-00,HR 3639,59139,573351
ME/6390-00,HR 6387,57859,573390
ME/6394-00,HR 7938,59651,574521
ME/6395-00,HR 6501,56067,574560
ME/6396-00,HR 5711,56835,574599
ME/6397-00,HR 6500,56323,574638
ME/6398-00,HR 6502,57091,574677
ME/6399-00,HR 6507,58627,574716
ME/6400-00,HR 6503,53251,574755
ME/6401-00,HR 6504,53763,574794
ME/6403-00,HR 7279,56835,574833
ME/6404-00,HR 7279,57091,574872
ME/6405-00,HR 6538,56579,574911
ME/6406-00,HR 6581,56323,574950
ME/6407-00,HR 6581,56579,574989
ME/6408-00,HR 7433,56067,575028
ME/6409-00,HR 7175,57091,575067
ME/6410-00,HR 7217,54275,575106
ME/6411-00,HR 7679,57603,575145
ME/6412-00,HR 7474,56067,575184
ME/6413-00,HR 7224,54531,575223
ME/6414-00,HR 5670,55555,575262
ME/6415-00,HR 6393,56579,575301
ME/6416-00,HR 7437,56835,575340
ME/6417-00,HR 7434,56323,575379
ME/6418-00,HR 7439,57859,575418
ME/6419-00,HR 5719,57859,575457
ME/6420-00,HR 5718,55555,576549
ME/6421-00,HR 5714,54787,576588
ME/6422-00,HR 6390,55299,576627
ME/6423-00,HR 7571,56067,576666
ME/6424-00,HR 7586,57859,576705
ME/6425-00,HR 7671,56835,576744
ME/6426-00,HR 7666,58115,576783
ME/6427-00,HR 7220,54787,576822
ME/6428-00,HR 6488,58883,576861
ME/6430-00,HR 6488,57091,576900
ME/6431-00,HR 7169,56579,576939
ME/6432-00,HR 7591,56579,576978
ME/6433-00,HR 6369,57347,577017
ME/6434-00,HR 7047,56067,577056
ME/6435-00,HR 7175,56835,577095
ME/6436-00,HR 7523,56323,577134
ME/6437-00,HR 7047,56835,577173
ME/6439-00,HR 7457,58627,577212
ME/6440-00,HR 7900,54787,577251
ME/6442-00,HR 7443,55811,577290
ME/6443-00,HR 7146,56067,577329
ME/6444-00,HR 6028,55811,577368
ME/6445-00,HR 7239,57347,577407
ME/6446-00,HR 7325,56579,577446
ME/6447-00,HR 7323,56323,577485
ME/6449-00,HR 7228,57859,579640
ME/6450-00,HR 7469,57603,579679
ME/6451-00,HR 7477,57603,579718
ME/6452-00,HR 7196,57347,579757
ME/6454-00,HR 7203,55043,579796
ME/6455-00,HR 7244,56579,579835
ME/6457-00,HR 7612,56835,579874
ME/6458-00,HR 6372,57603,579913
ME/6459-00,HR 7810,57347,579952
ME/6461-00,HR 7716,56835,579991
ME/6462-00,HR 7257,57091,580030
ME/6463-00,HR 7267,57603,580069
ME/6464-00,HR 7268,58115,580108
ME/6465-00,HR 7268,58371,580147
ME/6467-00,HR 7322,56579,580186
ME/6468-00,HR 7529,59139,580225
ME/6469-00,HR 7531,57603,580264
ME/6470-00,HR 7176,56835,580303
ME/6471-00,HR 6146,56067,580342
ME/6472-00,HR 5807,57091,580381
ME/6473-00,HR 7572,57603,580420
ME/6474-00,HR 7865,59139,580459
ME/6475-00,HR 7441,56835,580498
ME/6476-00,HR 7131,56067,580537
ME/6477-00,HR 7231,56579,580576
ME/6478-00,HR 7225,57603,581669
ME/6479-00,HR 8166,59139,581708
ME/6480-00,HR 7229,56835,581747
ME/6481-00,HR 6389,58627,581786
ME/6482-00,HR 5805,56835,581825
ME/6483-00,HR 5803,56579,581864
ME/6484-00,HR 5802,56579,581903
ME/6485-00,HR 5801,56579,581942
ME/6487-00,HR 2064,56579,581981
ME/6489-00,HR 5800,57347,582020
ME/6490-00,HR 5806,56835,582059
ME/6491-00,HR 5804,56579,582098
ME/6494-00,HR 7188,59139,582137
ME/6495-00,HR 7264,58115,582176
ME/7000-00,HR 9631,53763,582215
ME/7001-00,HR 9673,55555,582254
ME/7002-00,HR 9671,55299,582293
ME/7004-00,HR 9364,55555,582332
ME/7005-00,HR 9349,56579,582371
ME/7006-00,HR 9348,56579,582410
ME/7007-00,HR 9356,56579,582449
ME/7008-00,HR 9356,56835,582488
ME/7011-00,HR 9343,54275,582527
ME/7012-00,HR 9346,55299,582566
ME/7016-00,HR 9675,57603,582605
ME/7018-00,HR 9627,57347,583736
ME/7023-00,HR 9668,57603,583775
ME/7026-00,HR 9677,58371,583814
ME/7030-00,HR 9678,57347,583853
ME/7031-00,HR 9684,56835,583892
ME/7032-00,HR 9682,56579,583931
ME/7036-00,HR 9455,57091,583970
ME/7041-00,HR 9613,55043,584009
ME/7042-00,HR 9610,54531,584048
ME/7044-00,HR 9621,55555,584087
ME/7045-00,HR 9625,56835,584126
ME/7046-00,HR 9616,57091,584165
ME/7053-00,HR 9343,55811,584204
ME/7056-00,HR 9652,57347,584243
ME/7057-00,HR 9609,58115,584282
ME/7058-00,HR 9530,56579,584321
ME/7059-00,HR 9643,58115,584360
ME/7060-00,HR 9537,56579,584399
ME/7062-00,HR 9354,56323,584438
ME/7063-00,HR 9357,57347,584477
ME/7068-00,HR 9400,55811,584516
ME/7070-00,HR 9629,57347,584555
ME/7071-00,HR 9634,56579,584594
ME/7072-00,HR 9363,56579,584633
ME/7073-00,HR 9408,56835,584672
ME/7074-00,HR 9355,57347,585765
ME/7075-00,HR 9400,55299,585804
ME/7077-00,HR 9668,59907,585843
ME/7078-00,HR 9365,58627,585882
ME/7079-00,HR 9414,57603,585921
ME/7081-00,HR 9322,55299,585960
ME/7082-00,HR 9345,56835,585999
ME/7083-00,HR 9332,56067,586038
ME/7084-00,HR 9366,58115,586077
ME/7088-00,HR 9347,58883,586116
ME/7091-00,HR 9638,58115,586155
ME/7098-00,HR 9416,58371,586194
ME/7111-00,HR 9612,54275,586233
ME/7113-00,HR 9635,56067,586272
ME/7120-00,HR 9321,53507,586311
ME/7134-00,HR 9632,56067,586350
MF 1960,HR 7937,37891,586389
MFB 02-128 F,HR 42032,46852,586426
MFB 02/128 F,HR 42032,47364,586469
MFB 03-96 D,HR 42001,34308,586512
MFB 03/96 D,HR 42001,34820,586554
MFB 10-049 B,HR 42015,46340,586596
MFB 10-165 C,HR 42085,48132,586639
MFB 10-180 E,HR 42057,47620,586682
MFB 10-194 E,HR 42044,47876,588837
MFB 10-231,HR 42044,19972,588880
MFB 10-242,HR 42044,20484,588921
MFB 10-242 A,HR 46099,48900,588962
MFB 10-294,HR 2287 T28,2565,589005
MFB 10-310,HR 2287 T28,65284,589049
MFB 10-332 A,HR 2287 T17,25093,589093
MFB 10-377,HR 42012,21508,589139
MFB 10/049 B,HR 42015,46852,589180
MFB 10/165 C,HR 42085,48644,589223
MFB 10/180 E,HR 42057,48132,589266
MFB 10/194 E,HR 42044,48388,589309
MFB 10/231,HR 42044,20484,589352
MFB 10/242,HR 42044,20996,589393
MFB 10/242 A,HR 46099,49412,589434
MFB 10/294,HR 2287 T28,3077,589477
MFB 10/310,HR 2287 T28,261,589521
MFB 10/332 A,HR 2287 T17,25605,589565
MFB 10/377,HR 42012,22020,589611
MFB 12,HR 42013,35075,589652
MFB 12-203 B,HR 42074,46084,589689
MFB 12-238,HR 42012,20996,589732
MFB 12-280 F,HR 42012,46340,589773
MFB 12-335,HR 42032,20996,589888
MFB 12/203 B,HR 42074,46596,589929
MFB 12/238,HR 42012,21508,589972
MFB 12/280 F,HR 42012,46852,590013
MFB 12/325 A,HR 42013,45828,590056
MFB 12/335,HR 42032,21508,590099
MFB 23-402,HR 42019,21508,590140
MFB 23/402,HR 42019,22020,590181
MFT 224,HR 46134,55299,590222
MG/4836-00,HRT 240 BS,44548,590260
MG/4842-00,HRT 202,62467,590302
MG/4844-00,HRT 216 A,23556,590341
MG/4845-00,HRT 216 P,27652,590382
MG/4901-00,HRT 209,63235,590423
MG/4905-00,HRT 210 BF,39684,590462
MG/4907-00,HRT 227 BP,44804,590504
MG/4907-05,HRT 225 BP,45572,590546
MG/4912-00,HRT 218 B,23300,590588
MOF 15551,HR 46045,15620,590629
MRCFT 224,HR 46134,27908,590669
MRCFT 269,HR 46005,29444,590709
MRCFT 270,HR 7972,17668,590749
MSH-1-536,HR 7449,54019,593157
MSH-1ABE16A,HR 42075,61188,593195
MSH-1ADN12,HR 42094,46596,593237
MSH-1CCA02,HR 46022,41988,593278
MSH-1CCA03,HR 46022,42244,593319
MSH-1FAU12,HR 7668,18948,593360
MSH-1FBC01A,HR 7753,29444,593399
MSH-1FBD02,HR 7254,12292,593439
MSH-1FBD22,HR 8081,12548,593478
MSH-1FBL13,HR 7756,16644,593517
MSH-1FBL14,HR 7756,16900,593556
MSH-1FBM10,HR 46034,46084,593595
MSH-1FBS06,HR 7607,17668,593636
MSH-1FBU113,HR 46083,62468,593675
MSH-1FBW03,HR 7640,17156,593717
MSH-1FBW08,HR 7477,20484,593756
MSH-1FBW24A,HR 7490,35332,593795
MSH-1FCB01,HR 7753,12804,593835
MSH-1FCB01A,HR 7753,29444,593874
MSH-1FCB10,HR 7756,13572,596030
MSH-1FCE01,HR 7640,12292,596069
MSH-1FCE47,HR 7679,17924,596108
MSH-1FCF01,HR 7812,12804,596147
MSH-1FCF04,HR 7472,14084,596186
MSH-1FCF09,HR 7847,16900,596225
MSH-1FCF11,HR 7761,13828,596264
MSH-1FCF17,HR 7846,16388,596303
MSH-1FCT18,HR 46045,50692,596342
MSH-1FCT31,HR 46045,49412,596383
MSH-1FCT81,HR 46025,50180,596424
MSH-1FFA04,HR 46034,44804,596465
MSH-1FFE12,HR 7665,35076,596506
MSH-1FFE27,HR 7647,36612,596546
MSH-1FFE47,HR 7647,37124,596586
MSH-1FPL38,HR 7865,22276,596626
MSH-1FST04,HR 8359,23044,596665
MSH-1SCF04,HR 7472,17412,596704
MSH-536,HR 7449,29955,596743
MSH-D516,HR 6654,46083,590788
MSH-D529,HR 6396,47875,592933
MSH-D534,HR 7449,46851,592970
MSH-D536,HR 7449,47363,593007
MSH-S102,HR 7050,45315,593044
MSH-S373,HR 46066,16900,593081
MSH-S386,HR 7103,48643,593120
MSU-1FDR24,HR 7610,19716,596779
MSU-1FFE12,HR 7665,38404,596818
MSU-1FFE27,HR 7647,39940,596858
MSU-1FFE47,HR 7647,40452,596898
MSU-1FGV19,HR 46144,55812,596938
MSU-1FGV99,HR 46145,58116,597048
MSU-1FPW51,HR 7949,27908,597089
MSU-1FPW59,HR 8354,27652,597128
MSU-1FPW59A,HR 8354,44292,597167
MSU-1FST03,HR 8640,24324,597207
MSU-1FVG016,HR 8418,35844,597246
MSU-1FVG214,HR 8436,35844,597286
N 1060,HRT 202,1795,597326
N 1425,HRT 202,3075,597361
N 1481,HRT 202,3587,597396
N 1809,HRT 202,4611,597431
N 1835,HR 2467,64514,597466
N 1900,HRT 202,2563,597501
N 1951,HR 2114,61442,597536
N 2096,HRT 202,4355,597571
N 2134,HRT 201,2307,597606
N 2145,HR 2114,60418,597641
N 2211,HR 2111,58114,597676
N 2314,HRT 202,2563,597711
N 2497,HR 2458,259,597746
N 2500,HRT 208,3331,597781
N 2520,HR 2459,62722,597816
N 2540,HR 2459,63234,597851
N 2549,HR 2152,62978,597886
N 2843,HR 2460,62722,597921
N 2849,HRT 205,6659,597956
N 2902,HR 5157,63234,597991
N 3013,HR 2461,60418,599077
N 3245,HRT 242 BP,50179,599112
N 3247,HR 2440,61954,599150
N 3268,HR 2450,62978,599185
N 3459,HR 2445,64514,599220
N 53-17,HR 2171,8195,599255
N 5314,HR 2270 V3,39171,599291
N 7121,HR 025,47618,599329
N 7122,HR 025,47874,599363
N 7132,HR 2268 TRSI,22788,599397
N 80 FBT 042 M,HR 46056,12549,599437
N525254,HR 5525,16387,612740
N525283,HR 3583,17411,612776
NF 2029 BM,HR 7574,61699,599482
NF 2034 BM,HR 7663,60419,599521
NF 2038 BM,HR 7256,60931,599560
NF 2040 BM,HR 7595,60675,599599
NF 2041 BM,HR 6497,60931,599638
NF 2047 BM,HR 7345,60675,599677
NF 635,HR 46122,34819,599716
NF 7401,HR 8606,15875,599753
NF 7401 C,HR 8606,41219,599789
NF 7404,HR 8606,16643,599827
NF 7404 E,HR 8606,42499,599863
NT 5201,HR 025,2819,599901
NT 5201/01,HR 025,39683,599936
NT 5202,HR 2267-2,42243,599974
NX 1600,HR 7244,18435,602251
NX 1602,HR 7244,18947,602287
NX 1661/A4E,HR 7391,15108,602323
NX 1670/U2B4,HR 7364,32260,602363
NX 1671/U2B4,HR 7337,32516,602404
NX 1680//U,HR 8372,1540,602445
NX 1680/U,HR 8372,55043,602484
NX 1681,HR 8520,20227,602522
NX 1681/U2B4,HR 8520,31492,602558
NX 1701,HR 7416,19203,602599
NX 1710,HR 8518,20227,602635
NX 1731//U,HR 7973,2308,602671
NX 1731/X4E4,HR 8209,33540,602710
NX 1740//U2A,HR 8172,29700,602751
NX 1740/U2A,HR 8172,17668,602792
NX 1740/U2B4,HR 8172,31236,602832
NX 1741(26),HR 7762,3076,602873
NX 1741//Q,HR 7762,516,602913
NX 1741//U2A,HR 7762,30980,602952
NX 1741/U2B,HR 7762,19204,602993
NX 1744/X4E4,HR 8208,34308,603033
NX 1747//M,HR 8592,1540,603074
NX 1747/U2A4,HR 8592,34308,603173
NX 1747/U2B,HR 8592,21252,603214
NX 1748//M,HR 7946,2308,603254
NX 1748//M3A4,HR 7946,45316,603293
NX 1748//X,HR 7946,5124,603335
NX 1748//X4A4,HR 7946,48388,603374
NX 1900,HR 8187,20995,603416
NX 1900/U,HR 8187,54787,603452
NX 1900/U2A4,HR 8187,32004,603490
NX 1910,HR 8175,20483,603531
NX 1911,HR 8182,20227,603567
NX 2609/X4C,HR 8193,21508,603603
NX 2631//A4S,HR 8293,30724,603643
NX 2741/M3B,HR 7777,19204,603684
NX 4002//M,HR 8578,64771,603724
NX 4002/M3B4,HR 8578,30468,603763
NX 4003/U2B4,HR 8566,31748,603804
NX 4004/M3A4,HR 8211,26628,603845
NX 4005//X,HR 8220,64259,603886
NX 4005/X4J4,HR 8220,32260,603925
NX 4007,HR 8569,22275,603966
NX 4007//M3T4,HR 8569,48388,604002
NX 4007//X,HR 8569,3332,604044
NX 4007//X4A4,HR 8569,46596,604125
NX 4007//X4T4,HR 8569,51460,608293
NX 4007//XA4A,HR 8569,49924,604083
NX 4009//C6B4,HR 8577,42244,608335
NX 4009//M,HR 8577,772,608377
NX 4009//M3P,HR 8577,34308,608416
NX 4009//M3P4,HR 8577,47620,608457
NX 4009/M,HR 8577,54275,608499
NX 4010/M3Q4,HR 8635,32516,608537
NX 4012//M,HR 8567,64515,608578
NX 4012//M3T4,HR 8567,46852,608617
NX 4102,HR 46202,49667,608659
NX 4521//M,HR 8579,1028,608697
NX 4521//U,HR 8579,3076,608736
NX 4521//U2B4,HR 8579,46084,608775
NX 4521//X,HR 8579,3844,608817
NX 4521//Z,HR 8579,4356,608856
NX 4521/VQ,HR 8579,12036,608895
NX 4521/Z2I4,HR 8579,37124,608934
NX 4522//J1I4,HR 8638,44036,608975
NX 4522//U,HR 8638,2308,609017
NX 4522//Z,HR 8638,3588,609056
NX 4600//X,HR 8534,1028,609095
NX 4600//X4C4,HR 8534,44804,609134
NX 4601,HR 8580,20483,609176
NX 4601/J1J4,HR 8580,30724,609212
NX A2600(A3),HR 8215,19972,600012
NX M 1601,HR 7245,46851,602171
NX M2602(A3),HR 46106,36100,602209
NZ 0535 BM,HR 9468,2308,612389
NZ 0540 BM,HR 9471,65283,612428
NZ 0545 BM,HR 9472,1284,612467
NZ 0546 BM,HR 9475,2308,612506
NZ 0548 BM,HR 9478,3588,612545
NZ 0549 BM,HR 9477,3588,612584
NZ 0550 BM,HR 9480,4,612623
NZ 0558 BM,HR 9486,3588,612662
NZ 0559 BM,HR 9490,2564,612701
OL 2094/41,HR 7963,57603,612812
OLF 04507 F,HR 8391,9732,612851
OLF 04507 F1,HR 8391,22276,612891
OO H 07012400,HR 6067,28932,612932
OOH07012400,HR 6067,12548,612974
OR-10347370,HR 7574,10244,613014
OR-34300,HR 6056,33539,613054
ORF 0221 H 609,HR 7665,517,613091
OT 2041/3,HR 0069 T1RSI,14341,613135
OT 2048/07,HR 3218 S,20996,613179
OT 2048/11,HR 2282 T1,32516,613220
OT 2048/6,HR 3215,43779,613262
OT 2090/01,HR 2282 T1,31492,613300
OV 2076,HR 7650,20483,613342
OV 2076 M-21131,HR 8457,59396,614431
OV 2076 M/21131,HR 8457,59908,614475
OV 2076-20592,HR 8291,33028,614519
OV 2076-20593,HR 8291,33284,614561
OV 2076-20601,HR 8253,30212,614603
OV 2076-20603,HR 8253,30724,614645
OV 2076-20692,HR 8380,33028,614687
OV 2076-21041,HR 8331,29188,614729
OV 2076-21131,HR 8457,31492,614771
OV 2076-21161,HR 8630,30468,614813
OV 2076-21411,HR 8388,32516,614855
OV 2076/20592,HR 8291,33540,614936
OV 2076/20593,HR 8291,33796,614978
OV 2076/20601,HR 8253,30724,615020
OV 2076/20603,HR 8253,31236,615062
OV 2076/20692,HR 8380,33540,615104
OV 2076/21041,HR 8331,29700,615146
OV 2076/21131,HR 8457,32004,615188
OV 2076/21161,HR 8630,30980,615230
OV 2076/21411,HR 8388,33028,615272
OV 2076/B2,HR 8332,61699,614897
OV 2094-08272,HR 8468,34820,615314
OV 2094-20891,HR 8371,33284,615356
OV 2094-21111,HR 8191,29700,617509
OV 2094-21112,HR 8191,29956,617551
OV 2094-21621,HR 8371,31236,617593
OV 2094-21622,HR 8371,31492,617635
OV 2094-37833,HR 8589,37124,617677
OV 2094/01,HR 7963,59139,617956
OV 2094/08272,HR 8468,35332,617995
OV 2094/09,HR 7811,59139,618037
OV 2094/20090,HR 7543,31492,618076
OV 2094/20091,HR 7543,31748,618118
OV 2094/20092,HR 7543,32004,618160
OV 2094/20093,HR 7543,32260,618202
OV 2094/20410,HR 8026,29700,618244
OV 2094/20411,HR 8026,29956,618286
OV 2094/20470,HR 7921,32004,618328
OV 2094/20471,HR 7921,32260,618370
OV 2094/20633,HR 8019,32004,618412
OV 2094/20661,HR 8240,31236,618454
OV 2094/20662,HR 8240,31492,618525
OV 2094/2089.1,HR 8371,45572,618567
OV 2094/20890,HR 8371,33540,618610
OV 2094/20891,HR 8371,33796,618652
OV 2094/21111,HR 8191,30212,618694
OV 2094/21112,HR 8191,30468,618736
OV 2094/2137.1,HR 8451,43780,618778
OV 2094/21370,HR 8451,31748,618821
OV 2094/21371,HR 8451,32004,618863
OV 2094/21372,HR 8451,32260,618905
OV 2094/21621,HR 8371,31748,618947
OV 2094/21622,HR 8371,32004,618989
OV 2094/37833,HR 8589,37636,619031
OV 2094/40,HR 7772,59395,619073
OV 2094/41,HR 7963,60163,619112
OV 2094/41 A,HR 7963,19460,619151
OV 2094/41-1,HR 7963,18692,619192
OV 2094/41-2,HR 7963,18948,619233
OV 2094/42,HR 7962,60163,619274
OV 2094/42-0,HR 7962,18436,619313
OV 2094/50,HR 8126,58115,619354
OV 2094/B,HR 8240,48387,617719
OV 2094/B1,HR 8240,60931,617757
OV 2094/D1,HR 8468,64515,617796
OV 2094/D1 A,HR 8468,23812,617835
OV 2094/D1-0,HR 8468,22788,617876
OV 2094/D4,HR 8468,65283,617917
OWS 1-20,HR 1520,35587,619393
OWS 1-21,HR 1521,36099,619430
P/050/10,HR 6303,23043,619467
PC 1989,HR 2080/89,57859,622641
PC 2080,HR 2080/15,50691,622680
PC 3755,HR 5602,15875,622719
PC 3824,HR 3132,14083,622755
PC 4405,HR 5603,14339,622791
PET 19-00,HR 7507,48387,623287
PET 19-01,HR 7589,51203,623325
PET 19-03,HR 7131,47363,623363
PET 19-04,HR 7291,49411,623401
PET 19-06,HR 7293,50435,623439
PET 19-13,HR 7520,48131,623477
PET 19-15,HR 7563,50435,623515
PET 19-18,HR 7577,52483,623553
PET 19-18 B,HR 7384,11012,624677
PET 19-21,HR 8039,49411,624717
PET 19-22,HR 7594,50947,624755
PET 19-23,HR 7583,50691,624793
PET 19-24,HR 7504,49155,624831
PET 19-28,HR 7593,52227,624869
PET 19-29,HR 7503,50179,624907
PET 19-A2B,HR 7527,5124,622827
PET 19-C1B,HR 7591,5636,622866
PET 19-C2,HR 7175,54019,622905
PET 19-C3,HR 7503,52995,622943
PET 19-C5B,HR 7196,6916,622981
PET 19-C8,HR 8154,55043,623020
PET 19-D2,HR 7534,54019,623058
PET 19-D3,HR 7513,53507,623096
PET 19-D4,HR 7172,54019,623134
PET 19-D6,HR 7531,54275,623172
PET 19-E1,HR 7131,52227,623210
PET 19-E2B,HR 8377,7172,623248
PET 22-01,HR 7906,47875,625325
PET 22-02,HR 7704,47107,625363
PET 22-03,HR 7709,48643,625401
PET 22-08,HR 7351,48131,625439
PET 22-A3,HR 7601,50691,624945
PET 22-A4,HR 7604,51715,624983
PET 22-A7,HR 7600,51459,625021
PET 22-B6,HR 7666,54531,625059
PET 22-C1,HR 7437,52483,625097
PET 22-C3,HR 7444,52483,625135
PET 22-C4,HR 7916,53763,625173
PET 22-C6,HR 7694,55043,625211
PET 22-E3,HR 7839,55043,625249
PET 22-E4,HR 8358,54531,625287
PET 22/C7,HR 7634,54275,625477
PET 23-02,HR 7704,47363,625515
PET 23-11,HR 8438,48643,625553
PET 23-11 N,HR 8438,11268,625591
PET 32-A5,HR 7229,52995,625631
PET 32-A6,HR 7223,51715,627749
PET 32-A9,HR 7140,51971,627787
PET 32-B2,HR 7218,51971,627825
PET 32-B3,HR 8011,50179,627863
PET 32-B4,HR 7296,54019,627901
PET 32-B5,HR 7228,52995,627939
PET 32-B6,HR 7279,54787,627977
PET 32-B8,HR 7346,54019,628015
PET 32-B9,HR 7398,56067,628053
PET 32-C3,HR 8089,54275,628091
PFB 5108,HR 42049,4,628129
PK 886 29,HR 2265,42243,628168
PK 939 23,HR 025,26115,628206
PLY11-00066,HR 2080/20,50436,628243
Q 4 TRNS FB 1061,HR 46077,56069,628286
QCNH2709BMZZ,HR 16500,9477,628333
QCNW2709BMZZ,HR 16500,13317,628375
QCNW2712BMZZ,HR 1699,2821,628417
QCNW2857BMZZ,HR 16521,15109,628458
QCNW3027BMZZ,HR 16504,12805,628500
QM 835,HR 46056,39427,628542
QQH 0028-001,HR 8511,19204,628579
QQH 0030-001,HR 8515,18436,628620
QQH 0030-002,HR 8515,18692,628661
RC 198622,HR 7280,44035,628702
RC 200418,HR 6466,41987,629797
RC 217656,HR 7281,44035,629835
RCILF0106BMZZ,HR 19282,27141,629873
RCILF0110BMZZ,HR 19233,24837,629916
RCILF0111BMZZ,HR 19043,24837,629959
RCILF0156BMZZ,HR 19118,27909,630002
RCILF0158BMZZ,HR 18011,26117,630045
RCILF0162BMZZ,HR 19007,26373,630088
RCILP0244BMZZ,HR 1888,18949,630174
RCILP0262BMZZ,HR 18008,29189,630216
RCILP0263BMZZ,HR 18009,29701,630259
RCILP0267BMZZ,HR 1889,20485,630302
RCILP0271BMZZ,HR 1893,17925,630344
RCILP0272BMZZ,HR 18010,27653,630386
RCILP0279BMZZ,HR 18013,30213,630429
RCILP0284BMZZ,HR 18015,29701,630472
RCILP0286BMZZ,HR 18016,30469,630515
RCILP0287BMZZ,HR 18018,31237,630558
RCILP0290BMZZ,HR 18019,29957,630601
RCILP0294BMZZ,HR 15017,29701,630644
RCILP0295BMZZ,HR 18023,29957,630687
RCILPA033WJZZ,HR 18036,37381,630131
RCILZ0418BMZZ,HR 13042,30725,630730
RCILZ0704BMZZ,HR 13033,30213,632890
RCILZ0715BMZZ,HR 13041,30469,632933
RCILZ0718BMZZ,HR 13042,31493,632976
RCILZ0720BMZZ,HR 13044,30213,633019
RCILZ0721BMZZ,HR 13046,30981,633062
RCILZ0722BMZZ,HR 13047,31493,633105
RCILZ0724BMZZ,HR 13048,32261,633148
RJ 002,HR 9663,4099,633191
RJ 005,HR 9616,4355,633226
RJ 086,HR 9555,7171,633261
RJ 090,HR 9567,6659,633296
RJ 091,HR 9104,3587,633331
RJ 092,HR 9566,6915,633366
RJ 100,HR 9828,4611,633401
RJ 121,HR 9555,4611,633436
RJ 565,HR 9543,6915,633471
RJ 586,HR 9555,8451,633506
RJ 621,HR 9555,5891,633541
RJ 622,HR 9104,3587,633576
RJ 70,HR 9805,58114,633611
RK 1,HRT 202,49154,633645
RK 2,HRT 509,51970,633678
RK 3,HRT 505,51202,633711
RK 5,HRT 505,51714,633744
RK 929 83,HR 2265,42243,633777
RO 001,HR 6021,1283,633815
RO 004,HR 7175,4867,633914
RO 005,HR 7305,3843,633949
RO 006,HR 7306,4355,633984
RO 007,HR 7301,3331,634019
RO 008,HR 7302,3843,634054
RO 009,HR 7305,4867,634089
RO 01,HR 6021,54530,634124
RO 010,HR 7306,3075,634158
RO 011,HR 7301,2051,634193
RO 012,HR 7302,2563,634228
RO 013,HR 7135,3843,634263
RO 014,HR 7040,2819,634298
RO 015,HR 7026,4099,634333
RO 016,HR 7668,7427,634368
RO 017,HR 6062,4355,634403
RO 018,HR 6089,6915,634438
RO 019,HR 7063,5379,634473
RO 02,HR 6036,56322,634508
RO 020,HR 6120,1539,634542
RO 021,HR 6656,5379,634577
RO 022,HR 6063,3587,634612
RO 023,HR 7065,4611,634647
RO 024,HR 7239,5635,634682
RO 025,HR 42019,36611,634717
RO 026,HR 6057,5379,634754
RO 028,HR 7239,6659,634789
RO 029,HR 7047,6147,634824
RO 030,HR 7145,3843,637989
RO 031,HR 7156,4611,638024
RO 032,HR 6009,3843,638059
RO 033,HR 6003,2563,638094
RO 034,HR 7032,3587,638129
RO 035,HR 7451,5123,638164
RO 036,HR 6250,4355,638199
RO 037,HR 6149,6403,638234
RO 038,HR 6100,3331,638269
RO 04,HR 7175,58114,638304
RO 040,HR 6119,4099,638338
RO 041,HR 6060,3075,638373
RO 042,HR 8079,6403,638408
RO 043,HR 6170,4099,638443
RO 045,HR 6005,3843,638478
RO 046,HR 6032,4099,638513
RO 047,HR 6113,4355,638548
RO 049,HR 6097,7683,638583
RO 050,HR 7505,4355,638618
RO 051,HR 7688,7683,638653
RO 052,HR 7217,4867,638688
RO 053,HR 6349,26115,638723
RO 054,HR 6305,4611,638759
RO 055,HR 6307,5379,638794
RO 057,HR 6159,7171,638829
RO 058,HR 7004,4867,638864
RO 060,HR 7716,5635,638899
RO 061,HR 6175,5379,638934
RO 063,HR 6293,6147,640057
RO 064,HR 7929,8195,640092
RO 066,HR 7037,6147,640127
RO 067,HR 7126,6147,640162
RO 068,HR 7537,7939,640197
RO 069,HR 7647,28419,640232
RO 071,HR 7782,6915,640268
RO 073,HR 7523,5635,640303
RO 075,HR 7217,6147,640338
RO 076,HR 7451,6403,640373
RO 077,HR 7433,6659,640408
RO 078,HR 6144,6403,640443
RO 079,HR 6150,5891,640478
RO 080,HR 7311,3843,640513
RO 081,HR 7316,5379,640548
RO 082,HR 7315,5379,640583
RO 083,HR 7303,4867,640618
RO 084,HR 7309,6659,640653
RO 085,HR 7317,6659,640688
RO 087,HR 6388,28675,640723
RO 088,HR 7325,7171,640759
RO 089,HR 7323,6915,640794
RO 09,HR 7305,58114,640829
RO 090,HR 7322,4611,640863
RO 091,HR 6174,5891,640898
RO 092,HR 6223,4867,640933
RO 093,HR 6167,6915,640968
RO 094,HR 6257,7171,642085
RO 095,HR 6475,7939,642120
RO 096,HR 6278,8451,642155
RO 097,HR 6160,6147,642190
RO 098,HR 6288,9219,642225
RO 099,HR 6255,7939,642260
RO 10,HR 7306,56322,642295
RO 100,HR 6134,2563,642329
RO 101,HR 6155,3587,642364
RO 102,HR 6389,6147,642399
RO 103,HR 6057,4355,642434
RO 104,HR 6252,3843,642469
RO 105,HR 6253,4355,642504
RO 106,HR 6132,3587,642539
RO 107,HR 6294,6147,642574
RO 108,HR 6387,7171,642609
RO 109,HR 6008,4867,642644
RO 11,HR 7301,55298,642679
RO 110,HR 6254,3587,642713
RO 111,HR 6268,5123,642748
RO 112,HR 6157,4611,642783
RO 113,HR 6053,3587,642818
RO 114,HR 7041,3331,642853
RO 115,HR 6004,3075,642888
RO 116,HR 6295,6403,642923
RO 117,HR 6224,4611,642958
RO 118,HR 6179,7171,642993
RO 119,HR 6181,5635,643028
RO 120,HR 6145,3587,646198
RO 121,HR 6154,3843,646233
RO 123,HR 6182,4611,646268
RO 125,HR 7572,6147,646303
RO 126,HR 8165,6147,646338
RO 127,HR 7128,5891,646373
RO 128,HR 6075,6147,646408
RO 129,HR 7127,6147,646443
RO 13,HR 7135,57090,646478
RO 130,HR 6018,3587,646512
RO 133,HR 7035,4355,646547
RO 135,HR 6573,6403,646582
RO 136,HR 6500,4099,646617
RO 137,HR 6502,4867,646652
RO 138,HR 6501,4867,646687
RO 139,HR 7582,7683,646722
RO 14,HR 7040,56066,646757
RO 140,HR 6572,5123,646791
RO 141,HR 6595,6659,646826
RO 142,HR 6573,5891,646861
RO 143,HR 7240,4099,646896
RO 144,HR 6141,4099,646931
RO 145,HR 6133,4611,646966
RO 146,HR 6040,4099,647001
RO 148,HR 8188,8451,647036
RO 149,HR 7839,9219,647071
RO 15,HR 7026,57346,647106
RO 152,HR 7140,3843,647140
RO 157,HR 7787,9475,648229
RO 158,HR 7537,7939,648264
RO 16,HR 7668,60674,648299
RO 161,HR 7254,5379,648333
RO 162,HR 7456,6659,648368
RO 163,HR 7468,7683,648403
RO 164,HR 7128,6147,648438
RO 165,HR 7577,8451,648473
RO 166,HR 7386,8195,648508
RO 167,HR 6178,7939,648543
RO 17,HR 6062,57602,648578
RO 171,HR 8376,7171,648612
RO 174,HR 5705,6147,648647
RO 175,HR 5719,7683,648682
RO 177,HR 6062,6147,648717
RO 178,HR 8055,7427,648752
RO 179,HR 6465,8451,648787
RO 18,HR 6089,60162,648822
RO 180,HR 7317,5635,648856
RO 181,HR 7310,4099,648891
RO 182,HR 7315,5635,648926
RO 183,HR 7309,6659,648961
RO 184,HR 7308,6659,648996
RO 186,HR 7871,8451,649031
RO 187,HR 7578,9731,649066
RO 188,HR 7666,9475,649101
RO 190,HR 7452,5891,649136
RO 191,HR 7452,6147,649171
RO 193,HR 7559,8707,650294
RO 194,HR 7263,6915,650329
RO 196,HR 7140,5891,650364
RO 199,HR 7762,9219,650399
RO 200,HR 6324,3075,650434
RO 204,HR 6306,4099,650469
RO 206,HR 8600,4355,650504
RO 207,HR 6303,4099,650539
RO 208,HR 7796,8707,650574
RO 210,HR 6412,2819,650609
RO 211,HR 7533,24067,650644
RO 212,HR 6413,3587,650680
RO 213,HR 5711,3843,650715
RO 214,HR 7457,6403,650750
RO 215,HR 6200,2819,650785
RO 216,HR 6319,5891,650820
RO 217,HR 6301,3843,650855
RO 218,HR 6300,3843,650890
RO 219,HR 6301,4355,650925
RO 22,HR 6063,56834,650960
RO 220,HR 6302,2563,650994
RO 221,HR 6310,2563,651029
RO 222,HR 6312,3331,651064
RO 223,HR 6320,3331,651099
RO 224,HR 6321,3843,651134
RO 225,HR 6322,4355,651169
RO 226,HR 6323,4867,651204
RO 227,HR 6504,5379,651239
RO 228,HR 7400,4611,652325
RO 229,HR 7401,5123,652360
RO 230,HR 6403,3331,652395
RO 231,HR 7477,6659,652430
RO 232,HR 7443,5123,652465
RO 233,HR 7618,6403,652500
RO 234,HR 7605,5635,652535
RO 235,HR 7918,7683,652570
RO 236,HR 7439,7427,652605
RO 237,HR 7830,6403,652640
RO 238,HR 8349,8195,652675
RO 239,HR 7719,8451,652710
RO 240,HR 8190,4867,652745
RO 241,HR 7736,6403,652780
RO 242,HR 6316,4867,652815
RO 243,HR 7142,24323,652850
RO 245,HR 6404,5123,652886
RO 247,HR 6309,6659,652921
RO 249,HR 7644,7939,652956
RO 253,HR 7018,5379,652991
RO 254,HR 7471,6403,653026
RO 255,HR 7460,6147,653061
RO 26,HR 6057,58626,653096
RO 260,HR 8357,6659,653130
RO 261,HR 7527,6403,653165
RO 262,HR 7789,9219,653200
RO 263,HR 7527,6915,653235
RO 264,HR 7777,8963,653270
RO 267,HR 8352,7171,656441
RO 268,HR 7462,7683,656476
RO 269,HR 8080,7171,656511
RO 270,HR 7196,6915,656546
RO 271,HR 5707,6147,656581
RO 274,HR 7483,7683,656616
RO 278,HR 6400,5635,656651
RO 279,HR 8597,10755,656686
RO 281,HR 6385,7171,656721
RO 282,HR 7608,7171,656756
RO 283,HR 6169,7683,656791
RO 284,HR 8350,6403,656826
RO 285,HR 8351,6915,656861
RO 287,HR 7455,8451,656896
RO 289,HR 7400,6403,656931
RO 29,HR 7047,59394,656966
RO 290,HR 8087,7427,657000
RO 291,HR 7113,4867,657035
RO 292,HR 8205,5891,657070
RO 293,HR 7459,8707,657105
RO 294,HR 7403,6147,657140
RO 295,HR 7500,5891,657175
RO 296,HR 6203,5891,657210
RO 299,HR 7630,7939,657245
RO 301,HR 6409,4611,657280
RO 302,HR 8074,4867,657315
RO 303,HR 7353,4867,657350
RO 304,HR 7253,4867,658469
RO 305,HR 7253,5123,658504
RO 306,HR 7669,8195,658539
RO 307,HR 7195,6915,658574
RO 308,HR 7225,5635,658609
RO 309,HR 7230,4867,658644
RO 310,HR 7231,3075,658679
RO 311,HR 7224,3843,658714
RO 312,HR 8066,5379,658749
RO 313,HR 7224,4355,658784
RO 315,HR 7253,5379,658819
RO 316,HR 7230,4355,658854
RO 317,HR 7627,7171,658889
RO 318,HR 8207,6147,658924
RO 319,HR 7898,10243,658959
RO 320,HR 7094,5123,658994
RO 325,HR 7473,6659,659029
RO 330,HR 7608,5635,659064
RO 335,HR 7679,8963,659099
RO 336,HR 7519,7427,659134
RO 337,HR 6450,5891,659169
RO 34,HR 7032,56834,659204
RO 341,HR 7432,4867,659238
RO 342,HR 7439,6915,659273
RO 343,HR 7437,6659,659308
RO 344,HR 7840,6403,659343
RO 345,HR 7491,7171,659378
RO 346,HR 6062,5635,659413
RO 35,HR 7451,58370,660536
RO 351,HR 7378,7427,660570
RO 352,HR 7378,7683,660605
RO 353,HR 7228,6403,660640
RO 354,HR 7971,7939,660675
RO 355,HR 7223,5635,660710
RO 356,HR 7131,5379,660745
RO 358,HR 7229,7939,660780
RO 36,HR 6250,57602,660815
RO 361,HR 7397,7939,660849
RO 363,HR 8077,7427,660884
RO 364,HR 7488,8963,660919
RO 366,HR 7737,8707,660954
RO 368,HR 7484,8963,660989
RO 369,HR 7906,8963,661024
RO 37,HR 6356,59650,661059
RO 373,HR 7589,9475,661093
RO 375,HR 7203,5635,661128
RO 376,HR 6328,27395,661163
RO 377,HR 7114,6403,661199
RO 382,HR 7344,6659,661234
RO 384,HR 7731,7171,661269
RO 386,HR 7566,9219,661304
RO 387,HR 8157,8707,661339
RO 392,HR 7269,8451,661374
RO 397,HR 6560,7939,661409
RO 398,HR 7214,7427,661444
RO 400,HR 6593,5635,661479
RO 401,HR 6567,6147,662565
RO 402,HR 6590,5379,662600
RO 404,HR 7971,6915,662635
RO 406,HR 6594,7427,662670
RO 41,HR 6060,56322,662705
RO 410,HR 6585,6147,662739
RO 411,HR 6609,5635,662774
RO 413,HR 8397,7683,662809
RO 414,HR 6620,4611,662844
RO 415,HR 6597,8195,662879
RO 417,HR 7728,7939,662914
RO 418,HR 7728,8195,662949
RO 419,HR 8397,9219,662984
RO 420,HR 7227,4867,663019
RO 421,HR 7287,6659,663054
RO 423,HR 8007,4867,663089
RO 424,HR 7351,5379,663124
RO 43,HR 6170,57346,663159
RO 434,HR 7295,7427,663193
RO 435,HR 7434,6403,663228
RO 437,HR 8122,5635,663263
RO 438,HR 7291,7427,663298
RO 441,HR 7589,8451,663333
RO 442,HR 7574,7171,663368
RO 445,HR 7577,8707,663403
RO 446,HR 8041,5635,663438
RO 447,HR 7591,8195,663473
RO 448,HR 7112,5635,663508
RO 45,HR 6005,57090,666679
RO 453,HR 8010,4099,666713
RO 455,HR 8008,6403,666748
RO 456,HR 8030,5379,666783
RO 457,HR 8051,6403,666818
RO 458,HR 8010,5379,666853
RO 459,HR 8030,6147,666888
RO 464,HR 7376,8195,666923
RO 465,HR 7394,8451,666958
RO 466,HR 6177,8195,666993
RO 470,HR 7971,7683,667028
RO 472,HR 7815,7427,667063
RO 473,HR 7774,8707,667098
RO 474,HR 8124,6403,667133
RO 475,HR 7814,7939,667168
RO 476,HR 6205,6403,667203
RO 477,HR 7977,11011,667238
RO 478,HR 7296,9731,667273
RO 49,HR 6097,60930,667308
RO 5,HR 7305,44802,667342
RO 50,HR 7505,57602,667375
RO 504,HR 7578,7939,667409
RO 51,HR 7688,60930,667444
RO 513,HR 6140,3843,667478
RO 52,HR 7217,58114,667513
RO 571,HR 7537,7683,667547
RO 6,HR 7306,45314,667582
RO 604,HR 7566,7427,667615
RO 609,HR 6067,7427,667679
RO 630,HR 7522,5123,667714
RO 631,HR 7503,5123,667749
RO 633,HR 8006,5379,667784
RO 643,HR 8078,7939,667819
RO 649,HR 7218,8195,667854
RO 650,HR 7218,6147,667889
RO 651,HR 6569,8451,667924
RO 654,HR 7506,26883,667959
RO 655,HR 46045,39683,667995
RO 656,HR 46145,40195,668032
RO 657,HR 46056,40707,668069
RO 658,HR 7751,8707,668106
RO 659,HR 7495,29955,668141
RO 667,HR 7523,7939,668177
RO 668,HR 7871,9731,668212
RO 669,HR 8035,8195,668247
RO 670,HR 8036,6403,668282
RO 671,HR 7950,7683,668317
RO 672,HR 7950,7939,668352
RO 673,HR 8118,7427,668387
RO 675,HR 7484,9219,668422
RO 676,HR 7833,8963,668457
RO 677,HR 7950,9219,668492
RO 678,HR 7671,9475,668527
RO 679,HR 8417,9475,668562
RO 68,HR 7537,61186,668597
RO 680,HR 8336,7427,668631
RO 686,HR 8368,10243,670778
RO 687,HR 7242,7939,670813
RO 688,HR 7666,10755,670848
RO 690,HR 8553,7939,670883
RO 691,HR 8545,8451,670918
RO 694,HR 7263,8195,670953
RO 7,HR 7301,44290,670988
RO 712,HR 8604,5891,671021
RO 73,HR 7523,58882,671056
RO 75,HR 7217,59394,671090
RO 757,HR 7583,9475,671124
RO 76,HR 7451,59650,671159
RO 772,HR 7537,8451,671193
RO 78,HR 6144,59650,671228
RO 79,HR 6150,59138,671262
RO 8,HR 7302,44802,671296
RO 80,HR 7311,57090,671329
RO 804,HR 7594,8195,671363
RO 808,HR 8055,7427,671398
RO 81,HR 7316,58626,671433
RO 82,HR 7315,58626,671467
RO 821,HR 7694,8195,671501
RO 822,HR 7601,5379,671536
RO 823,HR 7583,7939,671571
RO 829,HR 8466,9731,671606
RO 83,HR 7303,58114,671641
RO 836,HR 8122,6403,671675
RO 837,HR 6450,7171,671710
RO 84,HR 7309,59906,673822
RO 901,HR 5705,5635,673856
RSY 7030,HR 046,27651,673891
RT 290/II,HR 9544,57859,673927
RT 4035,HRT 216 P,55555,673965
RT 7097,HRT 507,30467,674003
RT 7101,HRT 310,24835,674039
RT 7104,HRT 904,27907,674075
RT 7105,HRT 901,27395,674111
RTRNF0001PEZZ,HR 6123,19461,674147
RTRNF0004CEZZ,HR 6376,19461,674189
RTRNF0004MEZZ,HR 6376,22021,674231
RTRNF0004PEZZ,HR 6376,22789,674273
RTRNF0011CEZZ,HR 6377,19205,674315
RTRNF0011PEZZ,HR 6377,22533,674357
RTRNF0015CEZZ,HR 7626,19717,674399
RTRNF0015MEZZ,HR 7626,22277,674441
RTRNF0015PEZZ,HR 7626,23045,674483
RTRNF0027CEZZ,HR 7675,21509,674525
RTRNF0027PEZZ,HR 7675,24837,674567
RTRNF0036CEZZ,HR 7635,20485,674609
RTRNF0036PEZZ,HR 7635,23813,674651
RTRNF0037MEZZ,HR 8406,22533,674693
RTRNF0063CEZZ,HR 7809,21253,674735
RTRNF0063PEZZ,HR 7809,24581,674777
RTRNF0069CEZZ,HR 7711,20741,674853
RTRNF0069PEZZ,HR 7711,24069,674895
RTRNF0115PEZZ,HR 7626,23301,674937
RTRNF0148PEZZ,HR 8544,24837,674979
RTRNF0149PEZZ,HR 8392,25349,675021
RTRNF0151PEZZ,HR 8544,23301,675063
RTRNF0156PEZZ,HR 8544,24581,675105
RTRNF1182CEZZ,HR 6396,22021,675147
RTRNF1205CEZZ,HR 6396,20997,675189
RTRNF1215CEZZ,HR 6123,18181,675231
RTRNF1216CEZZ,HR 6123,18437,675273
RTRNF1220CEZZ,HR 7050,17157,675315
RTRNF1232CEZZ,HR 6364,19717,675357
RTRNF1247CEZZ,HR 7348,22021,675399
RTRNF1250CEZZ,HR 6131,17669,675441
RTRNF1251CEZZ,HR 6363,19717,675483
RTRNF1252CEZZ,HR 6395,21253,675525
RTRNF1257CEZZ,HR 7348,22277,675567
RTRNF1308CEZZ,HR 6376,21509,675609
RTRNF1308PEZZ,HR 6376,24837,675651
RTRNF1366CEZZ,HR 6610,20229,675693
RTRNF1374CEZZ,HR 6377,22533,675735
RTRNF1412CEN1,HR 7753,6917,675777
RTRNF1414CEZZ,HR 8050,18693,677938
RTRNF1416CEZZ,HR 7812,20485,677980
RTRNF1417CEZZ,HR 7847,22789,678022
RTRNF1419CEZZ,HR 7812,21253,678064
RTRNF1442CEZZ,HR 7756,22021,678106
RTRNF1470CEZZ,HR 7847,22533,678148
RTRNF1483CEZZ,HR 7761,22277,678190
RTRNF1484CEZZ,HR 7756,23557,678232
RTRNF1562CEZZ,HR 6384,21765,678274
RTRNF1563CEZZ,HR 6266,21765,678316
RTRNF1564CEZZ,HR 6266,22021,678358
RTRNF1581CEZZ,HR 7846,23045,678400
RTRNF1582CEZZ,HR 7760,22021,678442
RTRNF1605CEZZ,HR 7760,20997,678484
RTRNF1619CEZZ,HR 7626,22533,678526
RTRNF1625CEZZ,HR 7790,22277,678568
RTRNF1627CEZZ,HR 7851,22277,678610
RTRNF1628CEZZ,HR 7851,22533,678652
RTRNF1630CEZZ,HR 7759,22533,678694
RTRNF1643CEZZ,HR 7807,22021,678736
RTRNF1646CEZZ,HR 7855,23557,678778
RTRNF1651CEZZ,HR 7861,21765,678820
RTRNF1665CEZZ,HR 7752,22789,678862
RTRNF1689CEZZ,HR 7748,25605,679999
RTRNF1691CEZZ,HR 7763,23045,680041
RTRNF1692CEZZ,HR 6131,20229,680083
RTRNF1693CEZZ,HR 8310,20741,680125
RTRNF1694CEZZ,HR 8310,20997,680167
RTRNF1703CEZZ,HR 7864,22021,680209
RTRNF1717CEZZ,HR 7758,23813,680251
RTRNF1751CEZZ,HR 7675,22789,680293
RTRNF1768CEZZ,HR 6224,22021,680335
RTRNF1780CEZZ,HR 7732,21765,680377
RTRNF1783BMZZ,HR 6167,24581,680419
RTRNF1783CEZZ,HR 6167,22789,680461
RTRNF1786BMZZ,HR 6223,23557,680503
RTRNF1786CEZZ,HR 6223,21765,680545
RTRNF1802CEZZ,HR 8141,19205,680587
RTRNF1826CEZZ,HR 8281,22021,680629
RTRNF1838CEZZ,HR 7756,24325,680671
RTRNF1839CEZZ,HR 8217,22789,680713
RTRNF1840CEZZ,HR 8227,20997,680755
RTRNF1856CEZZ,HR 7870,23557,680797
RTRNF1881CEZZ,HR 8142,21253,680839
RTRNF1890CEZZ,HR 8142,21253,680881
RTRNF1901CEZZ,HR 8142,19461,680923
RTRNF1923CEZZ,HR 8143,20741,682021
RTRNF1952CEZZ,HR 8142,20997,682063
RTRNF2000BMZZ,HR 6256,19973,682105
RTRNF2001BMZZ,HR 6253,19461,682147
RTRNF2002BMZZ,HR 7521,19461,682189
RTRNF2002CEZZ,HR 7521,17669,682231
RTRNF2003BMZZ,HR 7531,19973,682273
RTRNF2004BMZZ,HR 7521,19973,682315
RTRNF2005BMZZ,HR 7531,20485,682357
RTRNF2005CE,HR 8642,39172,682399
RTRNF2006BMZZ,HR 7531,20741,682439
RTRNF2007BMZZ,HR 7521,20741,682481
RTRNF2008BMZZ,HR 6475,22789,682523
RTRNF2012BMZZ,HR 7521,19717,682565
RTRNF2015BMZZ,HR 7497,23557,682607
RTRNF2018BMZZ,HR 7497,24325,682649
RTRNF2019BMZZ,HR 8570,22789,682691
RTRNF2021BMZZ,HR 7653,21253,682733
RTRNF2022BMZZ,HR 7558,22533,682775
RTRNF2023BMZZ,HR 7492,22021,682817
RTRNF2023CEZZ,HR 8286,20741,682859
RTRNF2024BMZZ,HR 7559,23301,682901
RTRNF2025BMZZ,HR 7497,23813,682943
RTRNF2027BMZZ,HR 7574,23301,685093
RTRNF2029BMZZ,HR 7574,23813,685135
RTRNF2030BMZZ,HR 7653,21253,685177
RTRNF2031BMZZ,HR 7574,22021,685219
RTRNF2032BMZZ,HR 7256,21509,685261
RTRNF2033BMZZ,HR 7803,21253,685303
RTRNF2034BMZZ,HR 7663,22533,685345
RTRNF2035BMVO,HR 7340,16901,685387
RTRNF2035BMZZ,HR 7340,20741,685429
RTRNF2036BMVO,HR 7595,20229,685471
RTRNF2036BMZZ,HR 7595,24069,685513
RTRNF2038BMVO,HR 7256,19205,685555
RTRNF2038BMZZ,HR 7256,23045,685597
RTRNF2039BMVO,HR 8022,17413,685639
RTRNF2039BMZZ,HR 8022,21253,685681
RTRNF2040BMVO,HR 7595,18949,685723
RTRNF2040BMZZ,HR 7595,22789,685765
RTRNF2041BMZZ,HR 6497,23045,685807
RTRNF2042BMZZ,HR 7340,20229,685849
RTRNF2045BMZZ,HR 8617,23045,685891
RTRNF2046BMZZ,HR 8595,24581,685933
RTRNF2047BMZZ,HR 7345,22789,685975
RTRNF2048BMVO,HR 8033,17925,686017
RTRNF2049BMVO,HR 8032,17925,686130
RTRNF2049BMZZ,HR 8032,21765,686172
RTRNF2050BMZZ,HR 6253,20485,686214
RTRNF2059BMZZ,HR 8014,22021,686256
RTRNF2065BMZZ,HR 8013,20997,686298
RTRNF2069BMZZ,HR 8014,22277,686340
RTRNF2070BMZZ,HR 6613,20997,686382
RTRNF2071BMZZ,HR 6612,20997,686424
RTRNF2072BMZZ,HR 8191,22277,686466
RTRNF2073BMZZ,HR 8168,23557,686508
RTRNF2074BMZZ,HR 8181,22533,686550
RTRNF2075BMZZ,HR 6614,22533,686592
RTRNF2076BMZZ,HR 8202,21509,686634
RTRNF2078BMZZ,HR 6613,23045,686676
RTRNF2082BMZZ,HR 8229,23045,686718
RTRNF2083BMZZ,HR 8249,23813,686760
RTRNF2087BMZZ,HR 8384,24837,686802
RTRNF2089BMZZ,HR 8375,25349,686844
RTRNF2092BMZZ,HR 8385,24069,686886
RTRNF2199CEZZ,HR 8310,21253,686928
RTRNF5007PAZZ,HR 8129,43013,686970
RTRNZ0369BMZZ,HR 9803,29445,687013
RTRNZ0500BMZZ,HR 1832,24581,687055
RTRNZ0502BMZZ,HR 9810,26117,689216
RTRNZ0503BMZZ,HR 9428,27653,689258
RTRNZ0504BMZZ,HR 9434,27141,689300
RTRNZ0505BMZZ,HR 9428,28165,689342
RTRNZ0507BMZZ,HR 9812,27909,689384
RTRNZ0508BMZZ,HR 9437,28933,689426
RTRNZ0509BMZZ,HR 9811,28165,689468
RTRNZ0511BMZZ,HR 9433,26373,689510
RTRNZ0512BMZZ,HR 9428,27653,689552
RTRNZ0514BMZZ,HR 9440,26629,689594
RTRNZ0519BMZZ,HR 9817,29957,689636
RTRNZ0521BMZZ,HR 9451,26629,689678
RTRNZ0524BMZZ,HR 9489,30213,689720
RTRNZ0530BMZZ,HR 9461,26885,689762
RTRNZ0535BMZZ,HR 9468,29957,689804
RTRNZ0540BMZZ,HR 9471,27397,689846
RTRNZ0545BMZZ,HR 9472,28933,689888
RTRNZ0546BMZZ,HR 9475,29957,689930
RTRNZ0548BMZZ,HR 9478,31237,689972
RTRNZ0549BMZZ,HR 9477,31237,690014
RTRNZ0550BMZZ,HR 9480,27653,690056
RTRNZ0552BMZZ,HR 9487,29957,690098
RTRNZ0553BMZZ,HR 9478,30213,690140
RTRNZ0557BMZZ,HR 9484,30469,691237
RTRNZ0558BMZZ,HR 9486,31237,691279
RTRNZ0559BMZZ,HR 9490,30213,691321
RTRNZ0561BMZZ,HR 9486,29701,691363
RTRNZ0562BMZZ,HR 9490,28677,691405
RTRNZ0563BMZZ,HR 9496,30469,691447
RTRNZ0565BMZZ,HR 9499,31749,691489
RTRNZ0566BMZZ,HR 9819,30981,691531
RTRNZ05701BMZZ,HR 9809,41989,691573
RTRNZ05702BMZZ,HR 9810,40197,691616
RTRNZ0571BMZZ,HR 9809,29701,691659
RTRNZ0572BMZZ,HR 9810,27909,691701
RTRNZ0573BMZZ,HR 9837,30469,691743
RTRNZ0574BMZZ,HR 18017,40453,691785
RTRNZ0575BMZZ,HR 15008,39941,691828
RTRNZ0576BMZZ,HR 9830,29445,691871
RTRNZ0577BMZZ,HR 9830,29701,691913
RTRNZ0578BMZZ,HR 9830,29957,691955
RTRNZ0582BMZZ,HR 9848,30981,691997
RTRNZ0583BMZZ,HR 15018,39941,692039
RTRNZ0586BMZZ,HR 15020,38917,692082
RTRNZ0587BMZZ,HR 15021,39429,692125
RTRNZ0588BMZZ,HR 9854,31749,692168
RTV 186-5X-219 BP,HRT 219 BP,31750,693305
RTV 1895-202,HRT 202,34308,693354
RTV 1895-541-449-4,HRT 205,48645,693395
RTV 1895-541-505,HRT 505,22789,693442
RTV 1895-541-505 P,HRT 505 P,14598,693487
RTV 1895-641-045,HRT 507,23301,693536
RTV 1895-641-801,HRT 211 P,49925,693581
RTV 1897-641,HRT 245 BS,19205,693628
RTV 1897-641-002,HRT 218 B,46853,693672
RTV 1897-641-3,HRT 240 BS,42501,693719
RTV 1897-641-303,HRT 240 B,46597,693765
RTV 1897-642-103-00,HRT 242 BP,37894,693812
RTV 1897-642-304,HRT 241 BP,2310,693863
RTV 1897-642-363,HRT 233 BP,3846,693911
RTV 1897-642-3699,HRT 234 BP,20230,693959
RTV 1898-641 508 P,HRT 508 P,13830,694008
RTV 1898-641-004,HRT 216 P,50693,694057
RTV 2000-641-002,HRT 209,15877,694104
RTV 2032-642-3001,HRT 248 BP,11014,694149
RTV 2096-641-002,HRT 210 BF,60677,694198
RTV 2097-642-005,HRT 225 BP,518,696371
RTV 2097-642-3,HRT 227 BP,41477,696419
RTV 2097-642-306,HRT 230 BP,518,696465
RTV 2097-642-314,HRT 231 BP,518,696513
RTV 2097-642-316,HRT 229 BP,2822,696561
RTV 2097-642-346,HRT 232 BP,2054,696609
RTV 76-216,HRT 216 A,34564,696657
RTV 82-207,HRT 207,8964,696698
RTV 86-208,HRT 208,10500,696737
RWT 1017,HR 7142,60163,696776
S 025/44,HR 9513,23811,696814
S 031010020,HR 8624,59395,696851
S 065620000,HR 6468,63491,696891
S 065620709,HR 6212,64259,696931
S 065620900,HR 7550,64003,696971
S 065620909,HR 7550,772,697011
S 065621000,HR 6468,63747,697051
S 065621009,HR 6468,516,697091
S 065621100,HR 6496,64259,697131
S 065621109,HR 6390,64771,697171
S 065621350,HR 8624,64771,697211
S 065621400,HR 8416,63491,697251
S 065621409,HR 8416,260,697291
S 065624009,HR 8526,516,697400
S 065704000,HR 8526,63491,697440
S 067071000,HR 6390,62467,697480
S 164/48,HR 9365,27139,697520
S 25/44,HR 9513,11523,697557
S 31000094,HR 9829,5892,697593
S 31010010,HR 15010,55811,697633
S 31100000,HR 7140,44547,697673
S 31100020,HR 8060,45571,697712
S 31100040,HR 7258,48131,697751
S 31100050,HR 8011,45315,697790
S 31100060,HR 7382,2308,697829
S 31100070,HR 7383,2820,697869
S 31100090,HR 8060,47363,697909
S 31100120,HR 8038,1284,697948
S 32200020,HR 8060,46083,697988
S 32400020,HR 7346,48131,698027
S 3737,HR 7530,3,698066
S 4040 TX,HR 7530,49155,698101
S 503/44,HR 9555,25603,698139
S 5151,HR 7530,63490,698176
S 525/44,HR 9513,25091,698211
S/160/312,HR 631,25091,698248
SCI 003,HR 2080/15,56067,698285
SCI 005,HR 2080/20,55555,698324
SK 12/520,HR 1662,40963,700477
SK 12/520/INA,HR 1662,42756,700515
SK 3309,HRT 512,25347,700557
SK 3310,HRT 511,23043,700593
SK 5/B 10,HR 1688,42499,700629
SK 5/B 16,HR 1688,44035,700667
SK 5/B 5,HR 1688,31235,700705
SK 5/B 9,HR 1688,32259,700742
SK 6/500,HR 1662,28931,700779
SK 6/500/INA,HR 1662,30724,700816
SL 2725,HR 6488,21251,700857
SL 2928,HR 6488,22531,700893
SM 42-2,HR 9674,18691,700929
SM 42/14,HR 9321,29443,700965
SM 42/2,HR 9674,19203,701002
SM 42/208,HR 9677,46595,701038
SM 42/210,HR 9325,42243,701076
SM 42/32,HR 9627,31747,701114
SMT 002190111,HR 9566,38660,701151
SMT 002190112,HR 9567,39172,701193
SMT 11002,HR 9555,51715,701235
SMT 20923322,HR 9566,28420,701273
SMT 9202-02,HR 9567,13572,701314
SMT 9202-04,HR 9566,13828,701354
SMT 9202-06,HR 9828,14596,701394
SMT 9402-03,HR 9104,11012,702527
SN 013,HR 7263,4355,702567
SO 65620000,HR 6468,5892,702602
SO 65620900,HR 7550,6404,702642
SO 65620909,HR 7550,8708,702682
SO 65621009,HR 6468,8452,702722
SO 65621100,HR 6496,6660,702762
SO 65621109,HR 6390,7172,702802
SO 65621400,HR 8416,5892,702842
SO 67071000,HR 6390,4868,702882
SP 103 A,HR 6379,31491,702922
SP 110,HR 7487,6403,702959
SP 112,HR 7498,7427,702994
SP 113,HR 8497,7683,703029
SP 114,HR 7431,4611,703064
SP 130,HR 7436,5379,703099
SP 132,HR 7699,8707,703134
SP 133,HR 7757,7683,703169
SP 137,HR 7477,8451,703204
SP 141,HR 7499,8195,703239
SP 142,HR 7486,7427,703274
SP 143,HR 7621,5379,703309
SP 155,HR 6161,5635,703344
SP 158,HR 7415,7171,703379
SP 159,HR 7409,8195,703414
SP 160,HR 6416,5379,703449
SP 170,HR 7414,5379,704572
SR 005,HR 2277 T13S,16644,704607
SR 007,HR 6133,4867,704647
SR 020,HR 2177,4611,704682
SR 027,HR 2064,5123,704717
SR 219,HR 2277 T10S,17668,704752
SR 220,HR 2277 T11S,15876,704792
SR 443,HR 1612,5123,704832
SR 536,HR 6133,6659,704867
SR 646,HR 6133,7171,704902
ST 194,HR 2280 T9S,6916,704937
ST 202 A,HR 3609,30723,704976
ST 2098,HR 3123,19715,705013
STC 0109,HR 42007,2052,705049
STC 0310,HR 42025,516,705088
STC 0647,HR 7708,59395,705127
SW15 1 SW,HR 7142,12292,705165
SY1-439-416-12,HR 7244,48388,705204
SZ 1-56407 A 1,HR 9556,42500,705247
T 01930 I 04,HR 7568,8708,705290
T 01930104,HR 7568,51715,705331
T 02102063,HR 46005,14340,705370
T 1214,HR 236,49410,705411
T 210 H 301,HR 2280 T3S,54020,705445
T 210 H 302,HR 2280 T3S,54276,705489
T 25,HRT 216 A,4867,707654
T 25 DC,HRT 304,22275,707689
T 25 DD,HRT 303,22275,707725
T 25 F,HRT 209,6659,707761
T 25 FA,HRT 209,23299,707796
T 25 M 102,HRT 202,52483,707832
T 25 Y,HRT 302,9987,707871
T 285 DS 30,HR 2270 V2,43524,707906
T 30,HRT 216 A,3843,707949
T 30 A 01,HRT 509,38147,707984
T 30 A 107,HRT 216 C,10756,708022
T 30 A 180,HRT 217,51459,708063
T 30 AB,HRT 216 S,50179,708102
T 30 AD,HRT 205,20739,708140
T 30 AE,HRT 216 A,46339,708176
T 30 AJ 1,HRT 507,44291,708214
T 30 AK 1,HRT 302,42755,708252
T 30 AM,HRT 216 A,48387,708290
T 30 AN,HRT 216 A,48643,708328
T 30 AO,HRT 216 A,48899,708366
T 30 AP,HRT 217,24579,708404
T 30 AU,HRT 216 A,50435,708440
T 30 AV,HRT 217 A,50947,708478
T 30 J 104,HRT 205,51971,708516
T 30 J 113,HRT 216 A,11780,708555
T 30 L 123,HRT 201,51715,708664
T 30 L 127,HRT 202,52995,708703
T 30 N 229,HRT 240 BS,35588,708742
T 30 N 230,HRT 241 BP,33028,708784
T 30 N 231,HRT 245 BS,35076,708826
T 30 N 232,HRT 245 BS,35332,708868
T 30 P 106,HRT 210 BF,30468,708910
T 30 P 111,HRT 209,54019,708952
T 30 PC 101,HRT 901,5124,708991
T 30 PC 106,HRT 906,7684,709031
T 30 Q 101,HRT 225 BP,33540,709071
T 30 Q 103,HRT 227 BP,34564,709113
T 30 Q 110,HRT 216 S,17412,709155
T 30 Q 117,HRT 234 BP,35332,709196
T 30 Q 119,HRT 227 BP,36356,709238
T 30 Q 120,HRT 225 BP,33796,709280
T 30 Q 121,HRT 236 BP,34564,709322
T 30 Q 124,HRT 227 BP,35332,709364
T 30 Q 213,HRT 227 BP,35076,709406
T 30 Q 214,HRT 222 BS,34820,709448
T 30 Q 215,HRT 226 BS,36100,709490
T 30 Q 217,HRT 230 BP,34564,709532
T 30 W 100,HRT 301,53507,709574
T 30 X 135,HRT 208,57347,711731
T 30 Y 100,HRT 207,55299,711770
T 30 Y 101,HRT 208,55811,711809
T 333 31-1 C,HR 46142,35332,711848
T 360 H 301,HR 2275 R,21764,711891
T 360 H 381,HR 320,45059,711933
T 360 H 382,HR 320,45315,711972
T 393 H 381,HR 320,46595,712011
T 393 H 382,HR 320,46851,712050
T 402,HR 6028,50178,712089
T 402 D,HR 2269 T12S,21764,712123
T 402 D-460.7,HR 2269 T12S,33029,712164
T 421-460.4,HR 602,46595,712211
T 444 DS 30,HR 2270 V1,42500,712250
T 520 U 16,HR 9613,50179,712293
T 520 U 28,HR 9610,50179,712332
T 520 U 34,HR 9621,49923,712371
T 551 (BY11),HR 7911,14596,712410
T 552 (BX11),HR 7901,14340,712451
T 6031 L,HR 7156,26371,712492
T 6033 L,HR 7026,25859,712529
T 6045 L,HR 6173,27139,712566
T 631,HR 631,37378,712603
T 634,HR 634 RS,23811,712636
T 644,HR 631,38402,712672
T 71,HR 6212,37122,713758
T 71 (ZTL 11),HR 6212,32260,713791
T 72,HR 7277,40450,713833
T 90.1,HR 8559,259,713866
T 90.2,HR 7223,62722,713901
T 90.3,HR 8157,64770,713936
T 90.4,HR 7277,3,713971
T 901,HR 2467,51970,714006
T 9031 A,HR 7082,23811,714040
T 9044 A,HR 7152,24323,714077
T 910,HR 2114,49154,714114
T 95.1,HR 7666,1027,714148
T1E/E190,HR 9423,37891,866201
T85/050R,HR 9422,37379,866238
TA 466 101,HR 2282 T1,25604,714183
TA/821L,HR 7666,28163,714225
TA/916,HR 8154,8195,714261
TAC 100,HR 9611,17411,714296
TAC 116,HR 9627,20995,714332
TAC 128,HR 9341,19971,714368
TAC 134,HR 9358,21251,714404
TAC 147,HR 9455,21763,714440
TAC 650199000,HR 2277 T4S,51717,714476
TAT 01-70,HR 2268 TRSI,7173,714523
TAT 1118-630,HR 2274 T18S,33541,714566
TAT 1118-730,HR 2274 T18S,33797,714612
TAT 1401,HR 7888,38915,714658
TAT 1401 A,HR 7888,63747,714695
TAT 1402,HR 7888,39171,715826
TAT 1402 A,HR 7888,64003,715863
TAT 1402 B,HR 7888,64259,715902
TAT 1403,HR 7892,38147,715941
TAT 1403 A,HR 7892,62979,715978
TAT 1403 B,HR 7892,63235,716017
TAT 1404,HR 8099,38403,716056
TAT 1404 A,HR 8099,63235,716093
TAT 1405,HR 8101,34563,716132
TAT 1405 A,HR 8101,59395,716169
TAT 1405 B,HR 8101,59651,716208
TAT 1405 C,HR 8101,59907,716247
TAT 1406,HR 8106,36099,716286
TAT 1406 A,HR 8106,60931,716323
TAT 1407,HR 8295,38659,716362
TAT 1407 A,HR 8295,63491,716399
TAT 1407 B,HR 8295,63747,716438
TAT 1409,HR 8283,38403,716477
TAT 1409 A,HR 8283,63235,716514
TAT 1409 B,HR 8283,63491,716553
TAT 1409 C,HR 8283,63747,716592
TAT 1412,HR 8460,36099,716631
TAT 1412 A,HR 8460,60931,716668
TAT 1414 A,HR 8461,61699,716707
TAT 2001,HR 7890,36355,716746
TAT 2001 B,HR 7890,61443,717875
TAT 2002,HR 7890,36611,717914
TAT 2002 A,HR 7890,61443,717951
TAT 2002 B,HR 7890,61699,717990
TAT 2003,HR 7887,38403,718029
TAT 2003 A,HR 7887,63235,718066
TAT 2003 B,HR 7887,63491,718105
TAT 2004,HR 7889,39171,718144
TAT 2004 A,HR 7889,64003,718181
TAT 2004 B,HR 7889,64259,718220
TAT 2005,HR 8102,34051,718259
TAT 2005 A,HR 8102,58883,718296
TAT 2006,HR 8103,34563,718335
TAT 2006 A,HR 8103,59395,718372
TAT 2006 C,HR 8103,59907,718411
TAT 2007,HR 8104,35075,718450
TAT 2007 A,HR 8104,59907,718487
TAT 2008,HR 8105,35587,718526
TAT 2008 A,HR 8105,60419,718563
TAT 2008 B,HR 8105,60675,718602
TAT 2009,HR 8261,36611,718641
TAT 2009 A,HR 8261,61443,718678
TAT 2009 B,HR 8261,61699,718717
TAT 2009 C,HR 8261,61955,718756
TAT 2009 D,HR 8261,62211,718795
TAT 2101 A,HR 7891,61699,720948
TAT 223,HR 2282 T3,65283,720987
TAT 225,HR 2280 TS,7940,721026
TAT 240,HR 2280 T11S,32260,721065
TAT 2701,HR 8297,38659,721106
TAT 2701 A,HR 8297,63491,721143
TAT 2702,HR 8297,38915,721182
TAT 2702 A,HR 8297,63747,721219
TAT 2901,HR 8270,36867,721258
TAT 2901 A,HR 8270,61699,721295
TAT 2902,HR 8294,38659,721334
TAT 2902 A,HR 8294,63491,721371
TAT 2903,HR 8267,38915,721410
TAT 2903 A,HR 8267,63747,721447
TAT 2903 B,HR 8267,64003,721486
TAT 2904,HR 8267,39171,721525
TAT 2904 A,HR 8267,64003,721562
TAT 309,HR 2274 T29S,36868,721601
TAT 3401,HR 8274,36867,721642
TAT 3401 A,HR 8274,61699,721679
TBC 000*033,HR 46142,33028,721718
TBC 000-033,HR 46142,33796,721760
TBC 000033,HR 46142,22276,721802
TBF 1045,HR 42088,772,721843
TBF 125 SE,HR 46068,35588,721882
TBT 128,HR 7059,25603,722981
TC 5152,HR 6028,15875,723017
TC 7018,HR 6028,16643,723053
TC 7200,HR 6237,15363,723089
TCG 30 B 04,HR 7948,3332,723125
TCI 196-S6154-M473,HRT 906,58629,723165
TCI 196-S7154-M473,HRT 901,57605,723212
TCI 196-S7154-M573,HRT 905,58885,723259
TCI 196-S7154-M603,HRT 903,56837,723306
TCI 196-S7154-M703,HRT 900,56325,723353
TCI 196-S8154-M073,HRT 911,57093,723400
TCI 196-S8154-M473,HRT 906,59141,723447
TCI 196-S8154-M573,HRT 902,58373,723494
TCI 196-S8154-M603,HRT 904,57349,723541
TCI 196-S8154-M703,HRT 910,56837,723588
TCI 196-S8254-M472,HRT 913,58629,723635
TCM 20 A 07,HR 7952,3844,723682
TCM 20 A 07 A,HR 7952,28676,723722
TCV 50 B 01,HR 7094,4868,723764
TCV 50 B 02,HR 7247,5124,723804
TCV 50 B 1,HR 7094,58115,723844
TCV 50 B 39,HR 7261,6660,723883
TDC 25,HR 7709,8963,723923
TDKS 19,HR 7709,33027,725047
TDKS 54,HR 7504,30979,725083
TDM 130,HR 7072,21251,725119
TDS 101,HR 7059,23555,725155
TDS 102,HR 7055,22787,725191
TDS 105,HR 6018,23043,725227
TDS 107,HR 7085,24835,725263
TDS 107 B,HR 7085,49923,725299
TDS 108,HR 7020,22275,725337
TDS 108 B,HR 7020,47363,725373
TDS 110,HR 7053,22019,725411
TDS 111,HR 7054,22531,725447
TDS 112,HR 7060,22019,725483
TDS 112 B,HR 7060,47107,725519
TDS 113,HR 7005,22019,725557
TDS 115,HR 7007,23043,725593
TDS 115 B,HR 7007,48131,725629
TDS 118,HR 7016,23811,725667
TDS 119,HR 7066,25347,725703
TDS 119 B,HR 7066,50435,725739
TDS 123,HR 7079,25091,725777
TDS 123 B,HR 7079,50179,725813
TDS 124,HR 7052,23043,725851
TDS 127,HR 7070,23811,725887
TDS 128,HR 7069,26115,725923
TDS 129,HR 7061,44035,725959
TDS 130,HR 7072,22787,730149
TDS 130 B,HR 7072,47875,730185
TDS 132,HR 7067,24323,730223
TDS 132 B,HR 7067,49411,730259
TDS 134,HR 7018,23811,730297
TDS 134 X,HR 7062,54275,730333
TDS 136,HR 7074,24835,730371
TDS 137,HR 7037,24835,730407
TDS 138,HR 7080,24579,730443
TDS 163,HR 7114,23555,730479
TDS 164,HR 7113,23555,730515
TDS 170,HR 7116,23555,730551
TDS 175,HR 7115,24579,730587
TDS 25,HR 7709,13059,730623
TET 655,HR 2274 T37S,38660,730658
TF 005,HR 236,54274,730699
TF 2-3 V 0-050-L 3,HR 46056,56325,730733
TF 2-3 V 0-050-S 3,HR 46056,58117,730782
TF 2-3 V 0-070-L 5,HR 46062,56581,730831
TF 2-4 V 5-020-L 0,HR 46115,55301,730880
TF 2-4 V 5-020-LO,HR 46115,55045,730929
TF 2-4 V 5-020-S 0,HR 46115,57093,730977
TF 2-4 V 5-020-SO,HR 46115,56837,731026
TF 2041/02,HR 3615,51971,731074
TF 2041/02 Z,HR 3615,17668,731173
TF 4440,HR 2287 T33,7428,731214
TF 4527,HR 2287 T34,9220,731254
TFAT 004-37,HR 3628,14084,731294
TFAT 042-37,HR 3524,13316,731334
TFAT 056-37,HR 5644,15876,731374
TFAT 063-37,HR 5643,15108,731414
TFAT 102-37,HR 3617,13316,731454
TFAT 109-1,HR 1117,64259,731494
TFAT 1109-012-57,HR 1117,9989,734845
TFAT 1109-020-59,HR 5525,12037,734890
TFAT 1109-022-59,HR 1122,9733,734935
TFAT 1109-023-47,HR 1124,9733,734980
TFAT 1109-1-20,HR 1117,47876,735025
TFAT 1109-1-20 B,HR 1117,7429,735068
TFAT 1109-1-20 U,HR 1117,12293,735113
TFAT 1109-111-57,HR 1115,9477,735158
TFAT 1109-120-57,HR 1117,9989,737317
TFAT 1109-150-57,HR 1117,10757,737362
TFAT 1109-2,HR 5525,13316,737407
TFAT 1109-2-2,HR 3202,35076,737447
TFAT 1109-2-5,HR 1125,36356,737489
TFAT 1109-20,HR 1120,22276,737531
TFAT 1109-200-57,HR 1120,8197,737572
TFAT 1109-200-59,HR 5525,12037,737617
TFAT 1109-201,HR 1127,36612,737662
TFAT 1109-201-57,HR 1127,10245,737704
TFAT 1109-202-57,HR 3202,9477,737749
TFAT 1109-202-59,HR 3202,9989,737794
TFAT 1109-204-59,HR 2075,12293,737839
TFAT 1109-205-59,HR 1125,11269,737884
TFAT 1109-21,HR 1121,22788,737929
TFAT 1109-21-59,HR 1121,62468,737970
TFAT 1109-22,HR 1122,23300,738014
TFAT 1109-22 B,HR 1122,48388,738055
TFAT 1109-220-59,HR 1122,9733,738098
TFAT 1109-23,HR 1130,23300,738143
TFAT 1109-230-57,HR 1130,9221,738184
TFAT 1109-233-59,HR 1123,11013,738229
TFAT 1109-234-59,HR 2121,11013,740389
TFAT 1109-250-59,HR 1125,11269,740434
TFAT 1109-3,HR 5126,12804,740479
TFAT 1109-300-57,HR 2080/15,48133,740519
TFAT 1109-301-57,HR 1135,10245,740567
TFAT 1109-31,HR 5126,25348,740612
TFAT 1109-32,HR 5126,25604,740653
TFAT 1109-34,HR 5126,26116,740694
TFAT 1109-350-57,HR 5515,12805,740735
TFAT 1109-401-47,HR 1147,11013,740780
TFAT 1109-401-57,HR 1147,11269,740825
TFAT 1109-401-57-1,HR 1147,35333,740870
TFAT 1109-44,HR 5165,27140,740917
TFAT 1109-450-59,HR 1145,12293,740958
TFAT 1109-5,HR 1195,13828,741003
TFAT 1109-50,HR 1150,23812,741043
TFAT 1109-52,HR 1152,24836,741084
TFAT 1109-520-57,HR 1152,10757,741125
TFAT 1109-53,HR 1153,25348,741170
TFAT 1109-53 B,HR 1153,50436,741211
TFAT 1109-530-57,HR 1153,11269,741254
TFAT 1109-54,HR 1154,25860,741299
TFAT 1109-540-57,HR 1154,11781,741340
TFAT 1109-550-57,HR 1155,12293,742437
TFAT 1109-6,HR 1621,12548,742482
TFAT 1109-600-57,HR 1160,10245,742522
TFAT 1109-601-47,HR 3635,12549,742567
TFAT 1109-606-47,HR 3634,13573,742612
TFAT 1109-61,HR 1161,24836,742657
TFAT 1109-610-47,HR 3114,10501,742698
TFAT 1109-63,HR 1137,26116,742743
TFAT 1109-631,HR 1137,38660,742784
TFAT 1109-631-57,HR 1137,12293,742826
TFAT 1109-640-47,HR 3114,11269,742871
TFAT 1109-652,HR 5157,40964,742916
TFAT 1109-652-57,HR 5157,14597,742958
TFAT 1109-653,HR 5163,40452,743003
TFAT 1109-653-57,HR 5163,14085,743045
TFAT 1109-654-57,HR 1165,13829,743090
TFAT 1109-656-57,HR 3583,15877,743135
TFAT 1109-68 U,HR 3755,59396,743180
TFAT 1109-680,HR 3755,41732,743223
TFAT 1109-680-57,HR 3755,15365,743265
TFAT 1109-681-57,HR 3755,15621,743310
TFAT 1109-69,HR 2155,27908,743355
TFAT 1109-700-57,HR 1177,12549,745509
TFAT 1109-71,HR 1177,26884,745554
TFAT 1109-71 U,HR 1177,56836,745595
TFAT 1109-710,HR 1177,39172,745638
TFAT 1109-710-50,HR 1177,11013,745680
TFAT 1109-710-57,HR 1177,12805,745725
TFAT 1109-72,HR 3167,27396,745770
TFAT 1109-720-57,HR 3167,13317,745811
TFAT 1109-741-57,HR 1174,13061,745856
TFAT 1109-780-57,HR 1178,14853,745901
TFAT 1109-F007-57,HR 1197,30981,731533
TFAT 1109-F009-37,HR 5638,32005,731579
TFAT 1109-F023-47,HR 1124,27653,731625
TFAT 1109-F030-47,HR 3618,29701,731671
TFAT 1109-F077-47,HR 3132,30213,731717
TFAT 1109-F128-57,HR 3522,30469,731763
TFAT 1109-F201-57,HR 1127,28165,731809
TFAT 1109-F209-47,HR 3639,32517,731855
TFAT 1109-F230-37,HR 1130,26629,731901
TFAT 1109-F230-57,HR 1130,27141,731947
TFAT 1109-F242-47,HR 5668,32773,731993
TFAT 1109-F301-57,HR 1135,28165,732039
TFAT 1109-F302-57,HR 3697,32261,732085
TFAT 1109-F310-47,HR 3650,28933,734245
TFAT 1109-F321-47,HR 3651,29701,734291
TFAT 1109-F401-57,HR 1147,29189,734337
TFAT 1109-F401-57-1,HR 1147,53253,734383
TFAT 1109-F402-47,HR 3627,30469,734431
TFAT 1109-F411-47,HR 5610,28933,734477
TFAT 1109-F411-57,HR 5610,29189,734523
TFAT 1109-F600-57,HR 1160,28165,734569
TFAT 1109-F601-47,HR 3635,30469,734615
TFAT 1109-F606-47,HR 3634,31493,734661
TFAT 1109-F610-47,HR 3114,28421,734707
TFAT 1109-F710-57,HR 1177,30725,734753
TFAT 1109-F780-57,HR 1178,32773,734799
TFAT 1190-710-57,HR 1177,12805,745946
TFAT 120/57,HR 1117,12548,745991
TFAT 242/37,HR 5668,17156,746031
TFAT 242/47,HR 5668,17412,746071
TFAT 2989,HR 3500,56579,746111
TFAT 334/37,HR 5738,17156,746149
TFAT 340/37,HR 5646,15876,746189
TFAT 345/37,HR 5737,17412,746229
TFAT 345/37 D,HR 5737,43012,746269
TFAT 346/37,HR 5645,17156,746311
TFAT 909-001-57,HR 1101,62724,747899
TFAT 909-001-57B,HR 3149,17669,747943
TFAT 909-002-57,HR 1101,62980,747988
TFAT 909-21,HR 2105,13060,748032
TFAT 909-501-57,HR 3626,2053,748072
TFAT 909-78-57,HR 1178,57604,748116
TFAT 909-780-57,HR 1178,4357,748159
TFAT 909-F001-57,HR 1101,15109,746351
TFAT 909-F008-57,HR 1198,20997,746396
TFAT 909-F206-47,HR 3641,19461,746441
TFAT 909-F208-47,HR 3640,19717,747584
TFAT 909-F209-47,HR 3639,22021,747629
TFAT 909-F322-47,HR 1132,17413,747674
TFAT 909-F501-47,HR 3626,19717,747719
TFAT 909-F601-47,HR 3635,19973,747764
TFAT 909-F607-47,HR 3636,21765,747809
TFAT 909-F780-57,HR 1178,22277,747854
TFAT 920-001,HR 1194,24836,748203
TFAT 920-001-57,HR 1194,64004,748244
TFAT 920-004,HR 1194,25604,748288
TFAT 920-004-57,HR 1194,64772,748329
TFAT 920-5,HR 1195,1540,748373
TFB 104 S,HR 42088,16644,748412
TFB 1045,HR 42088,772,748452
TFB 125 SE,HR 46068,35588,748491
TFB 140 B,HR 46068,12804,751671
TFB 140 C,HR 46068,13060,751711
TFB 142,HR 46066,53251,751751
TFB 142 B,HR 46066,12804,751789
TFB 142 C,HR 46066,13060,751829
TFB 150,HR 46047,52739,751869
TFB 150 A,HR 46047,12036,751907
TFB 150 B,HR 46016,11268,751947
TFB 150 E,HR 46047,13060,751987
TFB 159 A,HR 6653,47619,752027
TFB 170,HR 46012,51203,752065
TFB 170 A,HR 46012,10500,752103
TFB 176 G,HR 46031,13828,752143
TFB 176 H,HR 46064,15620,752183
TFB 185 A,HR 46032,12548,752223
TFB 185 C,HR 46013,12804,752263
TFB 195 A,HR 46042,13060,752303
TFB 200,HR 46046,51459,752343
TFB 200 A,HR 46046,10756,752381
TFB 200 B,HR 46046,11012,752421
TFB 200 C,HR 46046,11268,752461
TFB 200 D,HR 46046,11524,752501
TFB 235,HR 42043,51715,752541
TFB 275,HR 46119,54787,752579
TFB 275 L,HR 46119,16900,752677
TFB 275 T,HR 46119,18948,752717
TFB 3030,HR 46105,44035,752757
TFB 3030 B,HR 46105,3588,752795
TFB 3045 B,HR 46104,4868,752835
TFB 3064,HR 7462,34307,752875
TFB 3064 AB,HR 7462,10500,752912
TFB 3064 B,HR 7462,59395,752952
TFB 3064 D,HR 7462,59907,752991
TFB 4023 AD,HR 7822,9988,753030
TFB 4029,HR 7724,35075,753070
TFB 4029 AD,HR 7724,11780,753107
TFB 4030 AD,HR 8502,8452,753147
TFB 4032 AD,HR 7723,9988,753187
TFB 4032 BD,HR 7723,10244,753227
TFB 4032 CD,HR 7723,10500,753267
TFB 4034,HR 7613,33283,753307
TFB 4034 AD,HR 7613,9988,753344
TFB 4036 AD,HR 7720,10244,753384
TFB 4036 D,HR 7720,59139,753424
TFB 4038 AD,HR 7479,13572,753463
TFB 4038 BD,HR 7479,13828,753503
TFB 4039 AD,HR 7479,13828,753543
TFB 4039 BD,HR 7479,14084,753583
TFB 4048,HR 7451,34563,753623
TFB 4048 BD,HR 7451,11524,754753
TFB 4048 DB,HR 7451,11524,754793
TFB 4059 A,HR 7854,61699,754833
TFB 4059 AD,HR 7854,13572,754872
TFB 4059 BD,HR 7854,13828,754912
TFB 4062 AD,HR 7657,12292,754952
TFB 4065 AD,HR 7451,11012,754992
TFB 4067 AD,HR 7654,12804,755032
TFB 4067 BD,HR 7654,13060,755072
TFB 4071 AD,HR 7769,13316,755112
TFB 4076 AD,HR 8547,13316,755152
TFB 4080 AD,HR 7451,10244,755192
TFB 4085 BN,HR 7454,15108,755232
TFB 4086 AD,HR 7655,13316,755272
TFB 4087 AD,HR 7655,13572,755312
TFB 4087 BD,HR 7655,13828,755352
TFB 4089,HR 8403,35331,755392
TFB 4089 AD,HR 8403,12036,755429
TFB 4090 AD,HR 7669,13316,755469
TFB 4092 AD,HR 7657,13060,755509
TFB 4099 AD,HR 8433,13060,755549
TFB 4100 AD,HR 8503,8196,755589
TFB 4104 AD,HR 7604,9476,755629
TFB 4110 AD,HR 8194,9988,755669
TFB 4115 AR,HR 8194,14852,756802
TFB 4117 AR,HR 8275,15364,756842
TFB 4117 BE,HR 8275,12292,756882
TFB 4122 AR,HR 8446,14340,756922
TFB 4122 BD,HR 8446,11012,756962
TFB 4122 CS,HR 8446,15108,757002
TFB 4122 DB,HR 8446,11012,757042
TFB 4123 AE,HR 7944,11780,757082
TFB 4123 AR,HR 7944,15108,757122
TFB 4123 BE,HR 7944,12036,757162
TFB 4123 DB,HR 7944,11780,757202
TFB 4124 AE,HR 7634,11012,757242
TFB 4124 AP,HR 7634,13828,757282
TFB 4125 AD,HR 7944,12036,757322
TFB 4125 AR,HR 7944,15620,757362
TFB 4125 BD,HR 7944,12292,757402
TFB 4125 CH,HR 7944,13572,757442
TFB 4125 DD,HR 7944,12804,757482
TFB 4126 AP,HR 8250,13060,757522
TFB 4126 BR,HR 7656,16132,757562
TFB 4126 GR,HR 7656,17412,757602
TFB 4127 AD,HR 7802,10756,757642
TFB 4127 BE,HR 7802,11268,757682
TFB 4129 AD,HR 8412,10756,757722
TFB 4130,HR 8418,33539,759839
TFB 4130 AD,HR 8418,10244,759876
TFB 4130 BD,HR 8418,10500,759916
TFB 4131 CD,HR 8436,11012,759956
TFB 4131 DD,HR 8436,11268,759996
TFB 4132,HR 8418,34051,760036
TFB 4132 CD,HR 8418,11268,760073
TFB 4132 DD,HR 8418,11524,760113
TFB 4132 DH,HR 8418,12548,760153
TFB 4132 ED,HR 8418,11780,760193
TFB 4134,HR 7656,35331,760233
TFB 4134 AE,HR 7656,12292,760270
TFB 4134 RE,HR 7656,16644,760310
TFB 4137 BE,HR 8637,13316,760350
TFB 4151 AD,HR 8412,9476,760390
TFB 4653 BD,HR 7462,12548,760430
TFB 4803 D,HR 46093,27652,760470
TFB 4805,HR 46088,3588,760511
TFB 4805 A,HR 46088,28420,760550
TFB 4805 B,HR 46088,28676,760591
TFB 4805 C,HR 46088,28932,760632
TFB 4806,HR 46088,3844,760673
TFB 4806 A,HR 46088,28676,760712
TFB 4809,HR 8189,57859,760753
TFB 4809 OU,HR 8189,42500,760791
TFB 4809-5019,HR 8189,56836,761885
TFB 4810,HR 8189,55811,761928
TFB 4812,HR 46156,2052,761966
TFB 4813,HR 46093,2308,762005
TFB 483 D,HR 46093,15364,762044
TFB 5704,HR 46095,2820,762084
TFB 60266 B,HR 7468,9476,762123
TFB 613,HR 42106,51715,762163
TFB 614 B,HR 42100,9988,762201
TFB 616 A,HR 42096,13828,762241
TFB 616 C,HR 42104,11780,762281
TFB 62 AD,HR 7657,52227,762321
TFB 634 B,HR 42099,14852,762359
TFB 638 A,HR 42024,12548,762399
TFB 648,HR 7122,41219,762439
TFB 648 E,HR 7122,1540,762476
TFB 648 F,HR 7142,2308,762515
TFB 648 G,HR 7122,2052,762554
TFB 648 H,HR 7122,2308,762593
TFB 648 I,HR 7122,2564,762632
TFB 655 A,HR 42035,12804,762671
TFB 661,HR 7122,39939,762711
TFB 661 A,HR 7122,64771,762748
TFB 662 A,HR 42044,12292,762787
TFB 662 B,HR 42044,12548,762827
TFB 662 D,HR 42044,13060,763960
TFB 666 A,HR 42097,15364,764000
TFB 666 C,HR 42097,15876,764040
TFB 674 D,HR 46157,16132,764080
TFB 771 C,HR 42038,13828,764120
TFB 781 B,HR 42039,14084,764160
TFB 781 D,HR 42039,14596,764200
TFB 781 D 2,HR 42039,35588,764240
TFB 811,HR 42006,51459,764282
TFH 74028 C,HR 46114,41220,764320
TFK 14 A 004 P,HR 7852,44804,764362
TFK 20 R 008,HR 8616,20484,764405
TFK 20 R 008 C,HR 8616,45828,764446
TH 1834,HR 42055,49923,764489
TH 2109,HR 42064,48899,764527
TH 2134,HR 42041,47107,764565
TH 2164,HR 42059,50179,764603
TH 3138,HR 42041,48387,764641
TH 466 101,HR 2282 T1,27396,764679
TKS 54,HR 7504,13571,764721
TKS 71,HR 7507,14083,764756
TL 1410 E 12,HR 7172,10500,764791
TL 2713,HR 7255,38659,764832
TLC 1109/2/5,HR 1125,17924,764869
TLC 1109/652,HR 5157,22020,766003
TLC 2063,HR 2063/00,4612,766044
TLC 2063/03,HR 2063/03,42756,766084
TLC 2080,HR 2080,33027,766127
TLC 2080/10,HR 2080/10,41220,766164
TLC 2080/10/1,HR 2080/10/1,24837,766207
TLC 2080/15,HR 2080/15,43780,766254
TLC 2110,HR 2110,29955,766297
TLC 3102,HR 5505,33283,766334
TLC 3107,HR 5515,34819,766371
TLC 3107/47,HR 5565,9988,766408
TLC 3135/02,HR 2135,5380,766448
TLC 3148/02,HR 5148,8196,766488
TLC 3165/03,HR 5165,7940,766528
TLC 3166/02,HR 5166,8196,766568
TLC 511,HR 2151,19715,766608
TLC 711,HR 2171,20739,766644
TLC 811,HR 2181,21251,766680
TLF 0318,HR 7217,36099,766716
TLF 14427 F,HR 7615,11012,766753
TLF 14503 F,HR 6490,9732,766793
TLF 14503 F2,HR 6490,22532,766833
TLF 14511 B,HR 7857,10500,766874
TLF 14511 F,HR 7857,11524,766914
TLF 14512,HR 7857,51203,768037
TLF 14512 B,HR 7857,10756,768075
TLF 14512 F,HR 7857,11780,768115
TLF 14520 F,HR 7267,10244,768155
TLF 14521 F,HR 7257,10244,768195
TLF 14531 F,HR 8609,11012,768235
TLF 14531 FV,HR 8609,33028,768275
TLF 14533 F,HR 7988,13828,768316
TLF 14533 F2,HR 7988,26628,768398
TLF 14533 FV2,HR 7988,48644,768356
TLF 14534 F2,HR 8565,24836,768439
TLF 14537 F,HR 7672,12292,768480
TLF 14557,HR 7824,51971,768520
TLF 14567 F,HR 7257,12804,768558
TLF 14568,HR 7267,52739,768598
TLF 14568 F,HR 7267,13316,768636
TLF 14577 B,HR 7824,12036,768676
TLF 14577 F,HR 7824,13060,768716
TLF 14584 F,HR 7268,13060,768756
TLF 14585 F,HR 7260,11268,768796
TLF 14586,HR 7268,52995,768836
TLF 14586 F,HR 7268,13572,768874
TLF 14592 F,HR 7260,10756,768914
TLF 14595 B,HR 7801,10756,768954
TLF 14595 F,HR 7801,11780,768994
TLF 14615 F,HR 8504,10244,771109
TLF 14617,HR 7465,51459,771149
TLF 14617 B,HR 7465,11012,771187
TLF 14617 F,HR 7465,12036,771227
TLF 14630,HR 7440,48387,771267
TLF 14630 F,HR 7440,8964,771305
TLF 14634,HR 7430,49155,771345
TLF 14634 F,HR 7430,9732,771383
TLF 14649 B,HR 8308,11524,771423
TLF 14649 B1,HR 8308,24068,771463
TLF 14649 B3,HR 8308,24580,771504
TLF 14649 F,HR 8308,12548,771545
TLF 14659 B3,HR 8308,24836,771585
TLF 14706,HR 7436,50691,771626
TLF 14706 F,HR 7436,11268,771664
TLF 14706 F1,HR 7436,23812,771704
TLF 14731,HR 7986,52739,771745
TLF 14731 F,HR 7986,13316,771783
TLF 14731 F1,HR 7986,25860,771823
TLF 14731 F1A,HR 8097,40964,771864
TLF 14731 F2,HR 8098,24836,771906
TLF 14731 F2A,HR 8098,41476,771947
TLF 14731 F3,HR 8098,25092,771989
TLF 14731 F3A,HR 8098,41732,772030
TLF 14754 F,HR 8145,11524,772133
TLF 14801 F,HR 7447,10756,772173
TLF 14801 F1,HR 7447,23300,772213
TLF 15505 F,HR 7265,10756,772254
TLF 15506 F,HR 7262,10244,772294
TLF 15518 F,HR 7872,12804,772334
TLF 15519 F,HR 7784,13572,772374
TLF 15519 F1,HR 7784,26116,772414
TLF 15526 F,HR 8420,9988,772455
TLF 15531 F,HR 8108,9732,772495
TLF 15531 FA,HR 8108,26372,772535
TLF 15534 F,HR 7288,12548,772576
TLF 15538 B,HR 8335,11012,772616
TLF 15538 F,HR 8335,12036,772656
TLF 15542 F,HR 7827,12036,772696
TLF 15542 F1,HR 7827,24580,772736
TLF 15544 F,HR 8401,9732,772777
TLF 15548 F,HR 7294,13060,772817
TLF 15557 F,HR 8288,14084,772857
TLF 15562 F,HR 7714,11268,772897
TLF 15564 F,HR 8426,12036,772937
TLF 15566 F,HR 8398,14596,772977
TLF 15567 F,HR 8424,12292,773017
TLF 15568 F,HR 7294,13572,773057
TLF 15606 F,HR 7278,12292,775205
TLF 15607 F,HR 8146,11268,775245
TLF 15609 F,HR 8130,9988,775285
TLF 15615 F,HR 8414,10500,775325
TLF 15615 F1,HR 8414,23044,775365
TLF 15626 F,HR 8264,11780,775406
TLF 15639 F,HR 8587,14852,775446
TLF 15646 F,HR 8568,14084,775486
TLF 16945,HR 7437,52739,775526
TLF 4 G 503 F,HR 8271,31492,775564
TLF 6028 F,HR 8076,64259,775606
TLF 6028 FN,HR 8076,18692,775645
TLF 6028 N,HR 8076,772,775685
TLF 6031,HR 6452,35587,775724
TLF 6031 B,HR 6452,60675,775761
TLF 6041,HR 6454,36355,775800
TLF 6041 F,HR 6454,62467,775837
TLF 6521 B,HR 6588,64259,775876
TLF 6522 F,HR 8075,63747,775915
TLF 6522 FN,HR 8075,18180,775954
TLF 6609,HR 6451,38147,775994
TLF 6609 B,HR 6451,63235,776031
TLF 69908,HR 6191,53507,776070
TLF 69983,HR 7193,55043,776108
TLF 70012,HR 7477,49923,776146
TLF 70012 F,HR 7477,10500,779325
TLF 70017,HR 46038,62467,779365
TLF 70017 A,HR 46038,21764,779404
TLF 70018,HR 7469,51715,779445
TLF 70018 F,HR 7469,12292,779483
TLF 70113 B,HR 46028,40708,779523
TLF 70113 E,HR 7246,28932,779565
TLF 70152,HR 7677,51715,779606
TLF 70161,HR 7491,50179,779644
TLF 70162,HR 7443,49667,779682
TLF 70162 A,HR 7443,8964,779720
TLF 70162 B,HR 7443,9220,779760
TLF 70162 G,HR 7443,10500,779800
TLF 70177,HR 7920,51203,779840
TLF 70177 A,HR 7920,10500,779878
TLF 70233,HR 8621,49155,779918
TLF 70238,HR 8121,49155,779956
TLF 70239,HR 8183,51459,779994
TLF 71004 D,HR 46057,41732,780032
TLF 71028,HR 8353,50435,780074
TLF 71028 F,HR 8353,11012,780112
TLF 73523,HR 7641,4868,780152
TLF 73523 T2,HR 7641,47364,780191
TLF 73530,HR 46096,18436,780233
TLF 73548 A,HR 42044,42756,780342
TLF 76501,HR 46054,17156,780384
TLF 76501 F,HR 46054,43268,780424
TLF 76502,HR 46086,18692,780466
TLF 76504 F,HR 46087,45572,780506
TLF 77001 B,HR 7469,11012,780548
TLF 84001 A,HR 8641,8452,780588
TLF 84001 B,HR 8641,8708,780628
TLF 84007,HR 46063,17156,780668
TLF 85673 B,HR 7804,12804,780708
TLF 85680 B,HR 46018,44292,780748
TLF 85686 B,HR 7805,14084,780790
TM 005,HRT 507,12291,780830
TM 25-20,HRT 216 A,61187,780865
TM 25-20-5,HRT 505,61699,780904
TM 25-20-6,HRT 216 A,20996,780943
TM 25-20-6-G,HRT 216 A,50692,780984
TM 25-6,HRT 202,23811,781027
TM 25-6 W,HRT 505,55811,781063
TM 25-6 W 1,HRT 505,11012,781101
TM 25-6 W 19,HRT 202,24068,781141
TM 25-6 W 2,HRT 505,11268,781182
TM 25-8,HRT 202,24323,781222
TM 25-8 W,HRT 505,56323,781258
TM 25-9-5,HRT 505,51203,783409
TM 25-9-53,HRT 202,62723,783447
TM 25-9-6,HRT 202,49923,783486
TMF 1509,HR 42102,1540,783524
TMF 2200-1-482-035,HR 42040,59909,783563
TMF 2200-1482-03901,HR 2287 T11,53510,783612
TMF 2200-7003001410,HR 42053,7430,783665
TMF 2220,HR 42053,516,783715
TMF 2300-16-330627,HR 42063,63493,783754
TMF 2500-79 A 313-1,HR 42055,6150,783803
TMF 2500A0239280015,HR 42052,16646,783853
TMF 2500B-1-482-024,HR 42000,10502,783903
TMF 2500B-1-482-049,HR 42081,14598,783953
TMF 2500B-1-482-050,HR 46021,12038,784003
TMF 2500B-1-482-052,HR 42034,12550,784053
TMF 2500B-1-482-058,HR 42112,13318,784103
TMF 2500B-1-482-061,HR 42061,12550,784153
TMF 2520,HR 42093,2308,784203
TMF 2521,HR 42090,1796,784242
TMF 2521 A,HR 42090,26628,784281
TMF 2528,HR 42047,4100,784322
TMF 2535,HR 42058,4100,785445
TO 1930 I 04,HR 7568,16644,785484
TPN 30,HRT 261,19459,785525
TPN 31,HRT 259,21507,785560
TR 001,HR 6021,2563,785595
TR 002,HR 6036,4355,785630
TR 012,HR 7156,5635,785665
TR 013,HR 7135,5123,785700
TR 014,HR 7040,4099,785735
TR 015,HR 7026,5379,785770
TR 016,HR 7668,8707,785805
TR 017,HR 6062,5635,785840
TR 018,HR 6089,8195,785875
TR 019,HR 7063,6659,785910
TR 020,HR 6120,2819,785945
TR 021,HR 6656,6659,785980
TR 022,HR 6063,4867,786015
TR 023,HR 7065,5891,786050
TR 024,HR 7239,6915,786085
TR 025,HR 42019,37891,786120
TR 026,HR 6057,6659,786157
TR 028,HR 7239,7939,786192
TR 029,HR 7047,7427,786227
TR 030,HR 7145,5123,786262
TR 031,HR 7583,6915,786297
TR 032,HR 6009,5123,786332
TR 033,HR 6003,3843,786367
TR 034,HR 7032,4867,786402
TR 035,HR 7583,7939,787493
TR 036,HR 6250,5635,787528
TR 037,HR 6149,7683,787563
TR 038,HR 6100,4611,787598
TR 039,HR 7594,9475,787633
TR 040,HR 6119,5379,787668
TR 041,HR 6060,4355,787703
TR 042,HR 8079,7683,787738
TR 043,HR 6170,5379,787773
TR 044,HR 7195,7683,787808
TR 045,HR 6005,5123,787843
TR 046,HR 6032,5379,787878
TR 047,HR 6113,5635,787913
TR 049,HR 6097,8963,787948
TR 050,HR 7505,5635,787983
TR 051,HR 6284,6659,788018
TR 052,HR 6067,6659,788053
TR 053,HR 6349,27395,788088
TR 054,HR 6305,5891,788124
TR 055,HR 6307,6659,788159
TR 056,HR 6308,7171,788194
TR 057,HR 6317,7427,788229
TR 058,HR 6319,8195,788264
TR 060,HR 7716,6915,788299
TR 061,HR 7004,4611,788334
TR 062,HR 8356,7683,788369
TR 063,HR 7094,7427,788404
TR 064,HR 7929,9475,788439
TR 067,HR 7126,7427,789562
TR 069,HR 7647,29699,789597
TR 07.164,HR 9832,46595,789633
TR 07.176,HR 9494,48387,789671
TR 07.183,HR 15004,56067,789709
TR 07.184,HR 9823,47107,789748
TR 07.190,HR 9833,46595,789786
TR 07.196,HR 9494,48899,789824
TR 07.199,HR 15009,59139,789862
TR 07.206,HR 9850,45827,789901
TR 07.213,HR 9843,45827,789939
TR 07.214,HR 15014,55043,789977
TR 071,HR 7782,8195,790016
TR 073,HR 7473,7939,790051
TR 075,HR 7217,7427,790086
TR 076,HR 7451,7683,790121
TR 077,HR 7433,7939,790156
TR 078,HR 7437,9219,790191
TR 079,HR 6150,7171,790226
TR 080,HR 6182,6403,790261
TR 081,HR 6160,5635,790296
TR 082,HR 6256,7427,790331
TR 083,HR 6045,6659,790366
TR 084,HR 6158,8195,790401
TR 085,HR 6144,7171,790436
TR 087,HR 6388,29955,790471
TR 088,HR 6293,9219,792613
TR 089,HR 6175,9219,792648
TR 090,HR 6159,7683,792683
TR 091,HR 6174,7171,792718
TR 092,HR 6223,6147,792753
TR 093,HR 6167,8195,792788
TR 094,HR 6257,8451,792823
TR 095,HR 6475,9219,792858
TR 096,HR 6278,9731,792893
TR 097,HR 6160,7427,792928
TR 098,HR 6288,10499,792963
TR 099,HR 6255,9219,792998
TR 100,HR 6134,3843,793033
TR 101,HR 6155,4867,793068
TR 102,HR 6389,7427,793103
TR 103,HR 6057,5635,793138
TR 104,HR 6252,5123,793173
TR 105,HR 6253,5635,793208
TR 106,HR 6132,4867,793243
TR 107,HR 6294,7427,793278
TR 108,HR 6387,8451,793313
TR 109,HR 6008,6147,793348
TR 110,HR 6254,4867,793383
TR 111,HR 6268,6403,793418
TR 112,HR 6157,5891,793453
TR 113,HR 6053,4867,793488
TR 114,HR 7128,6147,793523
TR 115,HR 6004,4355,793558
TR 117,HR 6224,5891,793657
TR 118,HR 6179,8451,793692
TR 119,HR 6181,6915,793727
TR 120,HR 6145,4867,793762
TR 121,HR 6154,5123,793797
TR 123,HR 6182,5891,793832
TR 128,HR 6075,7427,793867
TR 129,HR 7127,7427,793902
TR 135,HR 6573,7683,793937
TR 136,HR 6500,5379,793972
TR 137,HR 6502,6147,794007
TR 138,HR 6501,6147,794042
TR 139,HR 8165,8451,794077
TR 140,HR 6572,6403,794112
TR 141,HR 6595,7939,794147
TR 142,HR 6573,7171,794182
TR 144,HR 6141,5379,794217
TR 145,HR 6133,5891,794252
TR 146,HR 6040,5379,794287
TR 147,HR 7299,9987,794322
TR 148,HR 8188,9731,794357
TR 149,HR 7839,10499,794392
TR 152,HR 7140,5123,794427
TR 157,HR 7787,10755,794462
TR 161,HR 7254,6659,794497
TR 162,HR 7456,7939,794532
TR 163,HR 7468,8963,794567
TR 164,HR 7128,7427,796709
TR 165,HR 7577,9731,796744
TR 166,HR 7386,9475,796779
TR 167,HR 6178,9219,796814
TR 171,HR 8376,8451,796849
TR 1730,HR 1730,17923,796884
TR 174,HR 5705,7427,796920
TR 175,HR 5719,8963,796955
TR 178,HR 8055,8707,796990
TR 179,HR 6465,9731,797025
TR 180,HR 7604,6659,797060
TR 181,HR 7669,9731,797095
TR 182,HR 6272,7171,797130
TR 191,HR 7452,7427,797165
TR 192,HR 7483,8707,797200
TR 193,HR 7559,9987,797235
TR 194,HR 7531,7683,797270
TR 196,HR 7140,7171,797305
TR 199,HR 7762,10499,797340
TR 200,HR 7400,3331,797375
TR 201,HR 7401,3843,797410
TR 202,HR 6403,4355,797445
TR 203,HR 6404,4867,797480
TR 210,HR 6412,4099,797515
TR 211,HR 7533,25347,797550
TR 212,HR 6413,4867,797586
TR 213,HR 5711,5123,797621
TR 214,HR 7457,7683,797656
TR 217,HR 6301,5123,799803
TR 218,HR 6300,5123,799838
TR 219,HR 6301,5635,799873
TR 220,HR 6302,3843,799908
TR 221,HR 6310,3843,799943
TR 222,HR 6312,4611,799978
TR 223,HR 6320,4611,800013
TR 224,HR 6321,5123,800048
TR 225,HR 6322,5635,800083
TR 226,HR 6323,6147,800118
TR 227,HR 6324,6659,800153
TR 230,HR 7719,7427,800188
TR 231,HR 7477,7939,800223
TR 232,HR 7443,6403,800258
TR 233,HR 7618,7683,800293
TR 234,HR 7605,6915,800328
TR 235,HR 7918,8963,800363
TR 236,HR 7439,8707,800398
TR 237,HR 6309,7683,800433
TR 238,HR 8349,9475,800468
TR 239,HR 6319,8451,800503
TR 240,HR 8190,6147,800538
TR 241,HR 7736,7683,800573
TR 242,HR 6316,6147,800608
TR 243,HR 6306,6147,800643
TR 245,HR 7041,5891,800678
TR 246,HR 7035,6915,800713
TR 247,HR 7434,7939,800805
TR 248,HR 7432,7683,800840
TR 249,HR 7644,9219,800875
TR 250,HR 7105,5123,800910
TR 251,HR 6043,5379,800945
TR 252,HR 8185,7939,800980
TR 253,HR 7018,6659,801015
TR 255,HR 7460,7427,801050
TR 258,HR 7728,9987,801085
TR 259,HR 7679,11523,801120
TR 260,HR 8357,7939,801155
TR 261,HR 7527,7683,801190
TR 262,HR 7789,10499,801225
TR 263,HR 7142,26115,801260
TR 264,HR 7777,10243,801296
TR 266,HR 6018,7427,801331
TR 267,HR 8352,8451,801366
TR 268,HR 7462,8963,801401
TR 269,HR 8080,8451,801436
TR 270,HR 7196,8195,801471
TR 271,HR 5707,7427,801506
TR 272,HR 7506,27139,801541
TR 274,HR 7483,8963,801577
TR 275,HR 7491,8963,801612
TR 276,HR 8087,9731,801647
TR 278,HR 8600,7939,801682
TR 279,HR 8597,12035,801717
TR 281,HR 6385,8451,801752
TR 283,HR 6169,8963,803899
TR 284,HR 8350,7683,803934
TR 285,HR 8351,8195,803969
TR 286,HR 6303,7171,804004
TR 287,HR 7455,9731,804039
TR 288,HR 7840,9475,804074
TR 289,HR 7796,12291,804109
TR 291,HR 7113,6147,804144
TR 292,HR 8205,7171,804179
TR 293,HR 7459,9987,804214
TR 294,HR 7403,7427,804249
TR 295,HR 7500,7171,804284
TR 296,HR 6203,7171,804319
TR 299,HR 7630,9219,804354
TR 301,HR 7214,4611,804389
TR 302,HR 8074,6147,804424
TR 303,HR 7353,6147,804459
TR 304,HR 7253,6147,804494
TR 305,HR 7253,6403,804529
TR 306,HR 7253,6659,804564
TR 307,HR 7230,5635,804599
TR 308,HR 7225,6915,804634
TR 309,HR 7230,6147,804669
TR 310,HR 7231,4355,804704
TR 311,HR 7224,5123,804739
TR 312,HR 8066,6659,804774
TR 313,HR 7224,5635,804809
TR 315,HR 6409,7171,805925
TR 316,HR 6400,5123,805960
TR 317,HR 7627,8451,805995
TR 318,HR 8207,7427,806030
TR 319,HR 7898,11523,806065
TR 325,HR 7971,8707,806100
TR 327,HR 7737,9219,806135
TR 328,HR 7484,9219,806170
TR 329,HR 7906,9219,806205
TR 330,HR 7608,6915,806240
TR 331,HR 7400,4611,806275
TR 351,HR 7378,8707,806310
TR 352,HR 7378,8963,806345
TR 353,HR 7228,7683,806380
TR 354,HR 7218,7683,806415
TR 355,HR 7223,6915,806450
TR 356,HR 7131,6659,806485
TR 357,HR 8157,9219,806520
TR 358,HR 7229,9219,806555
TR 361,HR 7397,9219,806590
TR 363,HR 8077,8707,806625
TR 366,HR 7344,8451,806660
TR 369,HR 7127,8963,806695
TR 370,HR 7566,8707,806730
TR 373,HR 7589,10755,806765
TR 375,HR 7203,6915,806800
TR 376,HR 6328,28675,806835
TR 377,HR 7114,7683,806871
TR 379,HR 7301,7683,809018
TR 380,HR 7317,7427,809053
TR 381,HR 7305,6915,809088
TR 382,HR 7306,7427,809123
TR 384,HR 7731,8451,809158
TR 385,HR 7488,11011,809193
TR 392,HR 7269,9731,809228
TR 394,HR 7971,10243,809263
TR 401,HR 6567,7427,809298
TR 402,HR 6590,6659,809333
TR 405,HR 6593,8195,809368
TR 406,HR 6594,8707,809403
TR 407,HR 6560,7171,809438
TR 410,HR 6585,7427,809473
TR 411,HR 6609,6915,809508
TR 414,HR 6620,5891,809543
TR 415,HR 6597,9475,809578
TR 4164,HR 2116,18691,809613
TR 4170,HR 6128,19715,809649
TR 4178,HR 7165,22275,809685
TR 4179,HR 7156,22531,809721
TR 4180,HR 7026,19459,809757
TR 4181,HR 7125,19715,809793
TR 4183,HR 6173,20739,809829
TR 4184,HR 7151,20227,809865
TR 4185,HR 7538,22787,809901
TR 4187,HR 7453,22275,809937
TR 420,HR 7227,6147,810039
TR 421,HR 7287,7939,810074
TR 423,HR 8007,6147,810109
TR 424,HR 7351,6659,810144
TR 425,HR 7325,7171,810179
TR 426,HR 7309,7939,810214
TR 427,HR 7322,6915,810249
TR 4275,HR 19007,33539,810284
TR 4278,HR 6399,24579,810321
TR 4279,HR 7336,22787,810357
TR 428,HR 7317,8195,810393
TR 4283,HR 6394,22275,810428
TR 4287,HR 6354,22275,810464
TR 429,HR 7308,8451,810500
TR 4290,HR 7172,20483,810535
TR 4292,HR 7261,20739,810571
TR 4293,HR 6456,22275,810607
TR 4294,HR 7269,23299,810643
TR 4295,HR 8057,22531,810679
TR 4297,HR 7360,22019,810715
TR 430,HR 7323,5635,810751
TR 431,HR 7310,4867,810786
TR 432,HR 7315,6403,810821
TR 434,HR 7295,8707,810856
TR 435,HR 7434,7683,810891
TR 437,HR 8122,6915,810926
TR 438,HR 7291,8707,810961
TR 440,HR 7877,9475,813108
TR 441,HR 7589,9731,813143
TR 442,HR 7574,8451,813178
TR 445,HR 7577,9987,813213
TR 446,HR 8041,6915,813248
TR 447,HR 7591,9475,813283
TR 448,HR 7112,6915,813318
TR 449,HR 8122,7683,813353
TR 451,HR 8397,9475,813388
TR 453,HR 8010,5379,813423
TR 454,HR 8397,10243,813458
TR 455,HR 8008,7683,813493
TR 456,HR 8030,6659,813528
TR 457,HR 8051,7683,813563
TR 458,HR 8010,6659,813598
TR 459,HR 8030,7427,813633
TR 464,HR 7376,9475,813668
TR 465,HR 7394,9731,813703
TR 466,HR 6177,9475,813738
TR 4662,HR 6373,21763,813773
TR 467,HR 7728,10499,813809
TR 4670,HR 6067,21507,813844
TR 4672,HR 6239,22275,813880
TR 4674,HR 9806,23555,813916
TR 4675,HR 7127,22275,813952
TR 4676,HR 6260,21763,813988
TR 4682,HR 7478,24067,814024
TR 4685,HR 7264,23043,815141
TR 4688,HR 7128,23555,815177
TR 4689,HR 7478,25859,815213
TR 470,HR 7971,8963,815249
TR 472,HR 7815,8707,815284
TR 473,HR 7774,9987,815319
TR 474,HR 8124,7683,815354
TR 475,HR 7814,9219,815389
TR 476,HR 6205,7683,815424
TR 477,HR 7977,12291,815459
TR 478,HR 7296,11011,815494
TR 504,HR 7578,9219,815529
TR 513,HR 6140,5123,815564
TR 571,HR 7537,8963,815599
TR 572,HR 7537,9219,815634
TR 602,HR 8035,6147,815669
TR 604,HR 7566,8707,815704
TR 630,HR 7522,6403,815739
TR 631,HR 7503,6403,815774
TR 632,HR 7471,7683,815809
TR 633,HR 8006,6659,815844
TR 643,HR 8078,9219,815879
TR 649,HR 7218,9475,815914
TR 650,HR 6569,9475,815949
TR 654,HR 7495,29955,815984
TR 655,HR 46045,40963,816020
TR 656,HR 46145,41475,816057
TR 657,HR 46056,41987,816094
TR 658,HR 7751,9987,817189
TR 667,HR 7523,9219,817224
TR 668,HR 7871,11011,817259
TR 669,HR 8035,9475,817294
TR 670,HR 8036,7683,817329
TR 671,HR 7950,8963,817364
TR 672,HR 7950,9219,817399
TR 673,HR 8118,8707,817434
TR 675,HR 7484,10499,817469
TR 676,HR 7833,10243,817504
TR 677,HR 7950,10499,817539
TR 678,HR 7671,10755,817574
TR 679,HR 8417,10755,817609
TR 680,HR 8336,8707,817644
TR 684,HR 8029,9475,817679
TR 686,HR 8368,11523,817714
TR 687,HR 7242,9219,817749
TR 688,HR 7666,12035,817784
TR 690,HR 8553,9219,817819
TR 691,HR 8545,9731,817854
TR 694,HR 7263,9475,817889
TR 7002,HR 2130,16131,817924
TR 7062,HR 2089,20995,817960
TR 712,HR 8604,7171,817996
TR 7132,HR 6197,21507,818031
TR 7133,HR 2085/15,57859,818067
TR 714,HR 8366,8963,818106
TR 7146,HR 2080/10,56323,818141
TR 7261,HR 7407,20995,819237
TR 7264,HR 2277 T8S,21508,819273
TR 7269,HR 7188,24579,819313
TR 7270,HR 7873,22787,819349
TR 7271,HR 7136,20995,819385
TR 7275,HR 1610,19715,819421
TR 7284,HR 6096,23043,819457
TR 7287,HR 6113,21251,819493
TR 7291,HR 6005,19971,819529
TR 7292,HR 6145,21507,819565
TR 7294,HR 7114,21251,819601
TR 7299,HR 6150,22275,819637
TR 7300,HR 8269,21251,819673
TR 7301,HR 6144,18947,819709
TR 7304,HR 6212,18691,819745
TR 7305,HR 1563,19971,819781
TR 7306,HR 7162,20483,819817
TR 7309,HR 7402,20483,819853
TR 7310,HR 6060,18179,819889
TR 7311,HR 5719,20995,819925
TR 7312,HR 7163,19971,819961
TR 7314,HR 7720,20227,819997
TR 7318,HR 7639,23555,820033
TR 7319,HR 5709,22787,820069
TR 7320,HR 6157,20227,820105
TR 7321,HR 6098,21507,820141
TR 7322,HR 6028,19971,820177
TR 7324,HR 7113,19459,823350
TR 7325,HR 6062,20227,823386
TR 7326,HR 6032,19715,823422
TR 7327,HR 6237,21763,823458
TR 7331,HR 7161,19715,823494
TR 7332,HR 7479,23043,823530
TR 7333,HR 5704,20483,823566
TR 7335,HR 6100,18691,823602
TR 7336,HR 6003,19459,823638
TR 7337,HR 6141,20483,823674
TR 7344,HR 7712,21251,823710
TR 7346,HR 7675,23811,823746
TR 7348,HR 6141,20995,823782
TR 7349,HR 5715,22787,823818
TR 7350,HR 5706,20739,823854
TR 7352,HR 7472,21763,823890
TR 7353,HR 9559,24067,823926
TR 7359,HR 7146,23043,823962
TR 7360,HR 6089,22275,823998
TR 7361,HR 6057,21251,824034
TR 7362,HR 7503,20739,824070
TR 7365,HR 9807,23811,824106
TR 7369,HR 7689,26371,824142
TR 7372,HR 7315,21251,824178
TR 7373,HR 7470,22019,824214
TR 7374,HR 7685,24323,824250
TR 7375,HR 7713,22531,824286
TR 7379,HR 7947,25859,825375
TR 7381,HR 6351,20995,825411
TR 7384,HR 3628,22787,825447
TR 7385,HR 6149,23299,825483
TR 7387,HR 6140,21507,825519
TR 7390,HR 7633,22019,825555
TR 7391,HR 6501,20483,825591
TR 7393,HR 7317,22531,825627
TR 7394,HR 6214,21507,825663
TR 7396,HR 7403,22275,825699
TR 7398,HR 7601,22787,825735
TR 7402,HR 6500,18435,825771
TR 7404,HR 6160,19459,825807
TR 7405,HR 6157,21251,825843
TR 7409,HR 7981,23811,825879
TR 7410,HR 7518,20739,825915
TR 7412,HR 7527,21251,825951
TR 7414,HR 6193,21251,825987
TR 7415,HR 7167,22019,826023
TR 7417,HR 7244,21507,826059
TR 7419,HR 7730,22019,826095
TR 7422,HR 6403,19459,826131
TR 7423,HR 7462,21251,826167
TR 7428,HR 7229,22787,826203
TR 7429,HR 1563,21763,826239
TR 7434,HR 7244,21251,826275
TR 7436,HR 7687,24579,826311
TR 7437,HR 7477,24067,827429
TR 7438,HR 7477,24323,827465
TR 7442,HR 5807,21763,827501
TR 7443,HR 7604,21251,827537
TR 7446,HR 7630,21763,827573
TR 7447,HR 7643,23043,827609
TR 7449,HR 7831,23299,827645
TR 7451,HR 7446,22019,827681
TR 7455,HR 7132,20995,827717
TR 7458,HR 7469,25091,827753
TR 7464,HR 8359,24067,827789
TR 7468,HR 7471,23555,827825
TR 7471,HR 7564,22787,827861
TR 7472,HR 7265,22531,827897
TR 7475,HR 7604,22531,827933
TR 7478,HR 7778,26371,827969
TR 7483,HR 7669,25091,828005
TR 7487,HR 7403,22531,828041
TR 7488,HR 7854,25347,828077
TR 7496,HR 7288,25347,828113
TR 7497,HR 7460,23555,828149
TR 7498,HR 7491,24835,828185
TR 7501,HR 7268,21507,828221
TR 7503,HR 46106,32771,828257
TR 7511,HR 7443,20483,828294
TR 7514,HR 7262,20995,828330
TR 7515,HR 8095,22531,828366
TR 7520,HR 7770,21251,830515
TR 7525,HR 7337,22275,830551
TR 7526,HR 7493,23299,830587
TR 7530,HR 7896,23811,830623
TR 7534,HR 8615,22275,830659
TR 7535,HR 7592,23299,830695
TR 7538,HR 7488,25091,830731
TR 7544,HR 7811,21763,830767
TR 7549,HR 7973,25347,830803
TR 757,HR 7583,10755,830839
TR 7670,HR 6067,22275,830874
TR 7688,HR 7128,24323,830910
TR 821,HR 7694,9475,830946
TR 822,HR 7601,6659,830981
TR 829,HR 8466,11011,831016
TR 836,HR 8122,7683,831051
TR 837,HR 6450,8451,831086
TR 901,HR 5705,6915,831121
TR.6050,HR 502,8195,831156
TR.7031,HR 502,8195,831191
TR.8011,HR 185,9731,831226
TRE 1004,HR 6284,36355,831261
TRE 1014,HR 6213,34563,831298
TRE 1018,HR 6160,35843,831335
TRE 1025,HR 7503,35843,831372
TRE 1033,HR 7524,36355,831409
TRE 1034,HR 7214,35587,831446
TRIP 02,HRT 201,37379,832572
TRIP 03,HRT 202,37891,832608
TRIP 05,HRT 508 P,3844,832644
TRIP 15,HRT 242 BP,19716,832682
TRIP 20,HRT 240 BS,18948,832721
TRIP 21,HRT 241 BP,18692,832760
TRIP 22,HRT 245 BS,20740,832799
TRIP 23,HRT 245 BS,20996,832838
TRIP 24,HRT 248 BP,21252,832877
TRIP 25,HRT 255,40963,832916
TRIP 26,HRT 250,39939,832952
TRIP 27,HRT 251,40451,832988
TRIP 28,HRT 265,41987,833024
TRIP 40,HRT 210 BF,15364,833060
TRIP 41,HRT 209,40195,833099
TRIP 50,HRT 901,39939,833135
TRIP 51,HRT 906,41475,833171
TRIP 52,HRT 913,41219,833207
TRIP 60,HRT 225 BP,19972,833243
TRIP 61,HRT 236 BP,20740,833282
TRIP 70,HRT 227 BP,20740,833321
TRIP 71,HRT 222 BS,20484,833360
TRIP 72,HRT 226 BS,21764,833399
TRIP 73,HRT 230 BP,19972,833438
TRIP 74,HRT 235 BP,21508,833477
TRIP 75,HRT 234 BP,21508,834597
TRIP 76,HRT 254,42243,834636
TRIP 77,HRT 237 BP,22788,834672
TRIP 78,HR 236,21251,834711
TRIP 80,HRT 207,40451,834746
TRIP 81,HRT 208,40963,834782
TRIP 82,HRT 507,41731,834818
TRNS FB 1053,HR 6215,36868,834854
TRNS FB 1061,HR 46077,5637,834895
TRNS FB 1061 A,HR 46077,30469,834938
TRNS FB 2023,HR 42028,3333,834983
TRNS FB 2030,HR 42030,1029,835026
TRNS FB 2059,HR 46044,6149,835069
TRNS FB 2059 A,HR 46044,30981,835112
TRNS FB 2059 E,HR 46044,32005,835157
TRNS FB 2063,HR 42069,5637,835202
TRNS FB 2068,HR 42077,6661,835245
TRNS FB 3005,HR 6382,57604,835288
TRNS FB 3056,HR 46023,4869,835330
TRNS FB 3064,HR 46023,4613,835373
TRNS FB 3084,HR 46026,5893,835416
TRR 002,HR 602,11267,835459
TRR 009,HR 2274 T35S,39172,835494
TRR 072,HR 6076,28163,835535
TRR 138,HR 2031/22,63235,835635
TRR 139,HR 3112 TS,11524,835674
TRR 142,HR 2046,25859,835713
TRR 145,HR 2045,26371,835749
TRR 146,HR 1481,27395,835785
TRR 147,HR 6011,26115,835821
TRR 148,HR 2277 T9S,28932,835857
TRR 149,HR 1490,28163,835897
TRR 150,HR 3122 RSI,28164,835933
TRR 151,HR 6012,25091,835973
TRR 152,HR 2282 T1,3332,836009
TRR 159,HR 3215,27651,836048
TRR 161,HR 1610,25091,836084
TRR 167,HR 2282 T1,4868,836120
TRR 169,HR 6059,30211,836159
TRR 171,HR 6030,25603,836195
TRR 174,HR 3215,26883,836231
TRR 197,HR 6059,30467,836267
TRR 235,HR 2277 T8S,27908,836303
TRR 236,HR 6096,29187,836343
TRR 240,HR 530,12291,836379
TRR 246,HR 6040,26627,836414
TRR 247,HR 6094,29187,836450
TRR 263,HR 6142,27139,836486
TRR 269,HR 6205,28675,836522
TRR 271,HR 6196,29187,836558
TRR 275,HR 6489,51203,838707
TRR 283,HR 6030,26627,838744
TRR 294,HR 6140,27651,838780
TRR 298,HR 6139,30723,838816
TRR 306,HR 7503,27139,838852
TRR 325,HR 6214,26883,838888
TRR 326,HR 7505,28163,838924
TRR 327,HR 42041,58883,838960
TRR 345,HR 42059,61187,838998
TRR 349,HR 7506,49411,839036
TRR 351,HR 6236,27651,839073
TRR 353,HR 7524,28419,839109
TRR 367,HR 7549,31491,839145
TRR 369,HR 7527,30979,839181
TRR 371,HR 6217,27907,839217
TRR 378,HR 6216,29443,839253
TRR 381,HR 7533,48387,839289
TRR 384,HR 6213,27907,839326
TRR 386,HR 6206,45571,839362
TRR 388,HR 7641,50179,839399
TRR 395,HR 6096,30723,839436
TRR 406,HR 7488,30467,839472
TRR 408,HR 6581,29187,839508
TRR 414,HR 6483,28675,839544
TRR 417,HR 6485,29955,839580
TRR 424,HR 6547,29187,839616
TRR 441,HR 7808,29187,839652
TRR 442,HR 7781,29443,840741
TRR 443,HR 6538,29443,840777
TRR 447,HR 6636,30211,840813
TRR 474,HR 7279,31235,840849
TRR 479,HR 6607,30979,840885
TRR 482,HR 7693,50691,840921
TRR 499,HR 7681,32259,840958
TRR 501,HR 7683,28675,840994
TRR 502,HR 6608,27907,841030
TRR 505,HR 7442,27907,841066
TRR 515,HR 7682,29699,841102
TRR 544,HR 7839,31235,841138
TRR 551,HR 7951,29443,841174
TRR 559,HR 8225,30211,841210
TRR 562,HR 7774,30723,841246
TRR 567,HR 7817,31491,841282
TRR 609,HR 8126,29187,841318
TRR 623,HR 7977,31491,841354
TRR 700,HR 2265,26627,841390
TRR 700 A,HR 2265,51459,841426
TRU 45/20-40,HR 2269 T9S,25349,841464
TRU 45/20-47,HR 2280 T13,15109,841509
TRU 45/20-547,HR 2280 T13,28677,841554
TRU 45/28-18,HR 2269 T6S,27909,841600
TRU 47/25-02,HR 3611,24580,841645
TRU 47/25-03,HR 3765,27396,841686
TRU 47/25-05,HR 3501,24864,842780
TRU 4725-02,HR 3611,12548,842821
TRU 4725-03,HR 3765,15364,842861
TRU 4725-05,HR 3501,12804,842901
TRU 5010,HR 2268 TRSI,65284,842941
TRU 5017,HR 502,26883,842983
TRU 5019,HR 2268 TRSI,2053,843019
TS 002,HR 9663,6915,843061
TS 004,HR 9616,6915,843096
TS 065,HR 9543,8451,843131
TS 090,HR 9567,9475,843166
TS 091,HR 9104,6403,843201
TS 092,HR 9566,9731,843236
TS 100,HR 9828,7427,843271
TS 103,HR 9828,8195,843306
TS 186,HR 9555,10243,843341
TS 187,HR 9555,10499,843376
TS 25-11 TBW,HRT 216 S,5125,843411
TS 25-11 TDG,HRT 507,38404,843454
TS 25-11 TDL,HRT 217,39172,843495
TS 25-11 TDV,HRT 205,40964,843536
TS 25-11 TEF,HRT 302,36612,843577
TS 25-11 TEL,HRT 217 A,64260,843618
TS 25-11 TGK,HRT 216 C,64772,843661
TS 25-11 TJN,HRT 304,40452,843704
TS 25-11 TJP,HRT 303,40708,843745
TS 30-11 TFV,HRT 205,40452,845861
TS 30-11 THV,HRT 301,40196,845902
TS 30-11 THY,HRT 300,40708,845943
TS 505,HRT 505 A,39427,845984
TSM 4007,HR 9706,40707,846021
TSM 5,HR 9485,3331,846058
TV 2030,HR 046,4867,846092
TV 4030,HR 046,5379,846127
TV 7030,HR 046,6147,846162
TV 9986,HR 6159,26883,846197
TVC 105,HRT 205,30723,846233
TVC 106,HRT 216 A,56323,846269
TVC 106 P,HRT 216 P,23300,846307
TVC 16,HR 3503,10499,846347
TVC 50 B 01,HR 7094,4868,846382
TVC 50 B 02,HR 7247,5124,846422
TVC/10,HR 8239,15619,846462
TVC/100,HR 6363,26883,846497
TVC/101,HR 6384,27907,846533
TVC/102,HR 6266,27907,846569
TVC/103,HR 8310,26115,846605
TVC/104,HR 8310,26371,846641
TVC/105,HR 8143,27651,846677
TVC/106,HR 8142,27651,846713
TVC/11,HR 7357,15875,846749
TVC/110,HR 7667,29187,846784
TVC/111,HR 8213,26371,846820
TVC/112,HR 8606,28163,847909
TVC/113,HR 8263,28163,847945
TVC/115,HR 8266,29443,847981
TVC/12,HR 7787,17923,848017
TVC/121,HR 8609,28931,848089
TVC/123,HR 7988,31747,848125
TVC/124,HR 8565,29955,848161
TVC/125,HR 8108,28419,848197
TVC/126,HR 7986,32003,848233
TVC/127,HR 8097,30723,848269
TVC/128,HR 8098,31235,848305
TVC/129,HR 8426,30211,848341
TVC/12FB,HR 7083,49923,848052
TVC/13,HR 7455,16131,848377
TVC/130,HR 8169,29187,848412
TVC/131,HR 7616,28419,848448
TVC/132,HR 7618,29187,848484
TVC/133,HR 8394,29955,848520
TVC/140,HR 8252,27651,848556
TVC/141,HR 7660,28419,848592
TVC/142,HR 8257,29443,848628
TVC/143,HR 7963,30467,848664
TVC/15,HR 7455,16643,848700
TVC/16,HR 7254,16131,848735
TVC/17,HR 7484,17667,848770
TVC/187,HR 7740,30723,848805
TVC/19,HR 7843,17923,848841
TVC/201,HR 8468,29443,849957
TVC/21,HR 6383,15619,849993
TVC/21FA,HR 8109,49667,850028
TVC/22,HR 6280,14851,850065
TVC/23,HR 7166,16131,850100
TVC/24,HR 8109,15875,850135
TVC/25,HR 8110,14083,850170
TVC/26,HR 8112,14851,850205
TVC/27,HR 8113,15363,850240
TVC/28,HR 8114,15875,850275
TVC/29,HR 8115,16387,850310
TVC/31,HR 2177,15107,850345
TVC/32,HR 2064,14083,850380
TVC/33,HR 6133,14595,850415
TVC/34,HR 6357,16899,850450
TVC/35,HR 7259,17667,850485
TVC/36,HR 7662,17411,850520
TVC/37,HR 7611,16131,850555
TVC/38,HR 7650,17155,850590
TVC/39,HR 7662,18179,850625
TVC/47,HR 7654,18179,850660
TVC/48,HR 7451,17155,850695
TVC/49,HR 7613,17411,850730
TVC/54,HR 7303,15363,850765
TVC/55,HR 7310,15107,850800
TVC/60,HR 7494,17411,850835
TVC/61,HR 7888,19459,850870
TVC/62,HR 7888,19715,850905
TVC/64,HR 8099,18947,852028
TVC/65,HR 8101,15107,852063
TVC/67,HR 8106,16899,852098
TVC/68,HR 8101,15875,852133
TVC/70,HR 7468,17923,852168
TVC/71,HR 7890,17923,852203
TVC/72,HR 7890,18179,852238
TVC/73,HR 7887,19971,852273
TVC/74,HR 7889,20739,852308
TVC/75,HR 8102,15619,852343
TVC/76,HR 8606,18179,852378
TVC/77,HR 8103,16387,852413
TVC/78,HR 8104,16899,852448
TVC/98,HR 6364,18947,852483
TVC/99,HR 6131,17155,852518
TVK 1,HRT 202,6147,852553
TVK 18,HRT 506,22275,852587
TVK 185-5,HRT 246 BS,41988,852622
TVK 186,HRT 218 B,61187,852663
TVK 186-5,HRT 218 B,20740,852701
TVK 186-5X,HRT 219 BP,64004,852741
TVK 196-07,HRT 226 BS,54788,852783
TVK 196-15,HRT 225 BP,53508,852825
TVK 196-17,HRT 227 BP,54532,852867
TVK 196-17 I,HRT 227 BP,15877,852909
TVK 196-25,HRT 225 BP,53764,852953
TVK 196-27,HRT 227 BP,54788,856101
TVK 196-27 M 200,HRT 227 BP,62725,856143
TVK 196-27 M 203,HRT 263,17925,856191
TVK 196-27 M 207,HRT 229 BP,65029,856236
TVK 196-27 M 208,HRT 230 BP,63237,856284
TVK 196-27 M 209,HRT 231 BP,63749,856332
TVK 196-27 M 211,HRT 228 BP,63493,856380
TVK 196-27 M 221,HRT 233 BP,62725,856428
TVK 196-27 M 243,HRT 235 BP,64261,856476
TVK 196-27 M 563,HRT 234 BP,65285,856524
TVK 196-27 M 563G,HRT 234 BP,17926,856572
TVK 196-27 M207,HRT 229 BP,56837,856621
TVK 196-27 M208,HRT 230 BP,55045,856668
TVK 196-27 M209,HRT 231 BP,55557,856715
TVK 196-27 M211,HRT 228 BP,55301,856762
TVK 196-27 M221,HRT 233 BP,54533,856809
TVK 196-27 M243,HRT 235 BP,56069,856856
TVK 196-28,HRT 234 BP,54532,856903
TVK 196-37,HRT 236 BP,55044,856945
TVK 22,HRT 201,18947,856987
TVK 23,HRT 201,19203,857022
TVK 23 F,HRT 201,45315,857057
TVK 23 I,HRT 201,46083,858149
TVK 24,HRT 205,20483,858186
TVK 25,HRT 205,20739,858221
TVK 27,HRT 209,22275,858256
TVK 31,HRT 202,19203,858291
TVK 33,HRT 202,19715,858326
TVK 41,HRT 202,19459,858361
TVK 51,HRT 202,19715,858396
TVK 52,HRT 202,19971,858431
TVK 52 S,HRT 202,49411,858466
TVK 52-4,HRT 203,45059,858503
TVK 52-5,HRT 203,45315,858540
TVK 52-6,HRT 202,45315,858577
TVK 53,HRT 202,20227,858614
TVK 54,HRT 202,20483,858649
TVK 55,HRT 202,20739,858684
TVK 71100,HRT 509,59907,858719
TVK 711005958,HRT 505,49412,858757
TVK 711005959,HRT 509,50692,858799
TVK 711010523,HRT 505,45316,858841
TVK 711010524,HRT 505,45572,858883
TVK 711010525,HRT 509,46852,858925
TVK 711010526,HRT 509,47108,858967
TVK 713010524,HRT 216 P,8965,859009
TVK 72,HRT 205,21251,859053
TVK 72-1,HRT 205,45315,859088
TVK 72-3,HRT 205,45827,861239
TVK 72-5,HRT 205,46339,861276
TVK 76,HRT 216 A,47619,861313
TVK 76 AE,HRT 256,772,861350
TVK 76 AL,HRT 506,2052,861388
TVK 76 BE,HRT 257,1284,861426
TVK 76 BV,HRT 262,4612,861464
TVK 76-1,HRT 216 A,6148,861502
TVK 76-15,HRT 216 A,19716,861541
TVK 76-3,HRT 507,48131,861581
TVK 76-4,HRT 507,48387,861618
TVK 76-5,HRT 216 A,7172,861655
TVK 76-9,HRT 507,49667,861694
TVK 82,HRT 207,22019,861731
TVK 82-5,HRT 207,47107,861766
TVK 86,HRT 208,23299,861803
TVK 86-5,HRT 208,48387,861838
TVK 94-44,HRT 227 BP,41476,861875
TVK 96-1,HRT 209,47875,861916
TVK 96-2,HRT 209,48131,861953
TVK 96-3,HRT 210 BF,23812,861990
TVL 106,HR 8155,27139,862030
TVL 106/2,HR 8148,52483,862066
TVL 106/3,HR 8148,52739,862104
TVL 108/2,HR 8150,51203,862142
TVL 108/3,HR 8152,51971,862180
TVL 108/4,HR 8152,52227,863269
TVL 108/5,HR 7593,54531,863307
TVL 114,HR 6062,25603,863345
TVL 115,HR 7565,28163,863381
TVL 115/02,HR 7565,65283,863417
TVL 115/2,HR 7565,52995,863456
TVL 116,HR 8154,27139,863494
TVL 116/01,HR 8154,64003,863530
TVL 116/1,HR 8154,51715,863569
TVL 130,HR 8157,26883,863607
TVL 201,HR 7277,27139,863643
TVL 402,HR 7666,28419,863679
TVL 96,HR 5664,17411,863715
TVL 96/2,HR 5666,42755,863750
TVL 96/3,HR 5667,43267,863787
TWMF 2244,HR 2287 T17,4101,863824
TWMF 2246,HR 42112,23812,863867
TWMF 2247,HR 2287 T11,3333,863907
TWMF 2248,HR 42034,25092,863950
TWMF 2251,HR 42063,24068,863990
TWMF 2259,HR 42040,24836,864030
TWMF 2260,HR 42061,23556,864070
TWMF 2261,HR 42000,22020,864110
TWR 002A,HR 634 RS,15364,864150
TWR 005A,HR 236,30723,864189
TWR 007A,HR 602,30467,864225
TWR 027A,HR 3122 RSI,46852,865317
TWR 033B,HR 2268 TRSI,4869,865358
TWR 034A,HR 2270 V1,20740,865400
TWR 036A,HR 2272 R,8196,865440
TWR 038A,HR 025,31235,865479
TWR 041A,HR 185,31491,865515
TWR 044A,HR 2267-2,4100,865551
TWR 047A,HR 2265,45571,865590
TWR 057A,HR 3122 RSI,47620,865627
TWR 059A,HR 025,32003,865668
TWR 061A,HR 631,30979,865704
TWR 062A,HR 3122 RSI,46596,865740
TWR 071A,HR 2270 V2,21252,865781
TWR 073A,HR 2266 R,9220,865821
TWR 076A,HR 052,31747,865860
TWR 078A,HR 530,32515,865896
TWR 081A,HR 2266 R,8964,865932
TWR 085A,HR 236,32771,865971
TWR 087A,HR 2266 R,10500,866007
TWR 090A,HR 025,30723,866046
TWR 091A,HR 2266 R,9220,866082
TWR 126A,HR 025,30723,866121
TWR 1895.641 WO,HRT 506,23557,866157
UHA 103,HR 5664,20739,866275
UHA 104,HR 5666,21507,869413
UHA 105,HR 5665,21507,869449
UHA 106,HR 5667,22275,869485
UHA 108,HR 5662,21507,869521
UHA 111,HR 5663,20227,869557
UHA 112,HR 5670,19971,869593
UX 1110(FX),HR 7402,13828,869629
UX 1600,HR 7244,20227,869669
UX 1601,HR 7245,20739,869705
UX 1605(34),HR 7337,3844,869781
UX 1605(P7),HR 7337,12036,869741
UX 1621,HR 7411,19971,869821
UX 1623(32),HR 7411,1540,869897
UX 1623(P2),HR 7411,8964,869857
UX 1650,HR 7243,21251,869937
UX 1651(33),HR 7244,3076,870013
UX 1651(N5),HR 7244,10500,869973
UX 1700 S,HR 7416,50179,870053
UX 1702,HR 7416,21251,870091
UX 1730(LR),HR 7973,19204,870127
UX 2600(A2),HR 46106,17412,870167
UX 2600(Q7),HR 46106,22788,870208
UX 2601(R1),HR 46106,21764,870249
UX 2603(36),HR 46106,15620,870331
UX 2603(Q9),HR 46106,24068,870290
V 0393,HR 025,50690,870372
V 0639,HR 2267-2,25091,871461
V 1155,HR 3615,64258,871498
V 1165,HR 3616,64770,871533
V 1356,HR 3616,65282,871568
V 1642,HR 6059,259,871603
V 1823,HR 5126,64514,871638
V 79 A 348-1,HR 46099,42756,871673
V 8427,HR 6096,2563,871716
V2 080 60,HR 3615,32515,872384
VC 14,HR 7673,11267,871751
VCV 20,HR 2080/20,46595,871786
VD 18,HRT 201,62466,871824
VD 18 A,HRT 201,21763,871858
VD 18 B,HRT 201,22019,871894
VE 30002826,HR 8601,2308,871930
VE 30016641,HR 8652,3844,871970
VE 30016922,HR 8648,5636,872010
VJ 031,HR 2115,1795,872050
VJM 110 C,HR 1100,44547,872085
VJM 110 D,HR 1100,44803,872123
VT 341,HR 42027,38915,872161
VT 6411,HR 42026,51971,872198
VT 647,HR 42101,39427,872236
VT 648,HR 42025,40963,872273
VT 821,HR 46044,40451,872310
VT 841,HR 42049,41219,872347
X 40333841,HR 46202,18180,874533
X 51 LC 05110000,HR 7918,63236,874574
XJ 023 A,HR 2273 T16S,40452,874619
XOF 91001 A,HR 42048,41476,874661
XOF 91002 A,HR 42048,41732,874703
XZ 5212/01,HRT 202,65027,874745
XZ 5212/01 Z,HRT 202,30724,874784
Y 2433481,HR 6544,40707,874825
Y 2434141,HR 7518,39683,874863
Y 260482,HR 6173,27139,874901
Y 260561,HR 7151,25859,874938
Y 260582,HR 7042,26371,874975
Y 260761,HR 7538,28675,875012
Y 260971,HR 8080,27651,875049
Y 261141,HR 6057,25603,875086
Y 261273,HR 7453,27395,875123
Y 261273 G,HR 7453,53763,875160
Y 261372,HR 7829,29187,875199
Y 261372 A,HR 7829,54019,875236
Y 261373,HR 7829,29443,875275
Y 261461,HR 8131,25603,875312
Y 261741,HR 46048,60163,875349
Y 265274,HR 46162,60675,875388
Y 265279,HR 46152,61699,875427
Y 265279 D,HR 46152,21764,875466
Y 265315 D,HR 46168,21252,875575
Y 265382,HR 46162,60675,875616
Y 265382 A,HR 46162,19972,875655
Y2431851,HR 7518,32771,876066
Y2433481,HR 6544,32515,876103
Y2434141,HR 7518,31491,876140
Y260482,HR 6173,18947,876177
Y260582,HR 7042,18179,876213
Y260971,HR 8080,19459,876249
Y261372,HR 7829,20995,876285
Y261372 A,HR 7829,45827,876321
Y261461,HR 8131,17411,876359
Y261741,HR 46048,51971,876395
Y265274,HR 46162,52483,876433
Y265279,HR 46152,53507,876471
Y265279 D,HR 46152,13572,876509
Y265315,HR 46168,52995,879653
Y265315 D,HR 46168,13060,879691
Y265382,HR 46162,52483,879731
Y265382 A,HR 46162,11780,879769
Y434141,HR 7518,18691,879809
YI 030,HR 2115,2051,875696
YJ 030,HR 2115,2307,875731
YM 302,HR 236,57346,875766
YM 342,HR 2274 T29S,18948,875800
YN 0342,HR 2274 T29S,31492,875840
YN 0343,HR 2274 T29S,31748,875881
YN 302,HR 236,57602,875922
YN 343,HR 2274 T29S,19460,875956
YV 0245,HR 046,7683,875996
YV 0262,HR 046,7427,876031
Z 0369 BM,HR 9803,47363,879845
Z 0418 BM,HR 13042,55811,879883
Z 0500 BM,HR 1832,42499,879922
Z 0501 BM,HR 9809,45827,879960
Z 0502 BM,HR 9810,44035,879998
Z 0503 BM,HR 9428,45571,880036
Z 0504 BM,HR 9434,45059,880074
Z 0505 BM,HR 9428,46083,880112
Z 0507 BM,HR 9812,45827,880150
Z 0508 BM,HR 9437,46851,880188
Z 0509 BM,HR 9811,46083,880226
Z 0511 BM,HR 9433,44291,880264
Z 0511 BMZZ,HR 9433,24836,880302
Z 0512 BM,HR 9428,45571,880342
Z 0514 BM,HR 9440,44547,880380
Z 0514 BMZZ,HR 9440,25092,880418
Z 0519 BM,HR 9817,47875,880458
Z 0521 B,HR 9451,24835,880496
Z 0521 BM,HR 9451,44547,880533
Z 0524 BM,HR 9489,48131,880571
Z 0530 BM,HR 9461,44803,880609
Z 0535 BM,HR 9468,47875,881701
Z 0540 BM,HR 9471,45315,881739
Z 0545 BM,HR 9472,46851,881777
Z 0546 BM,HR 9475,47875,881815
Z 0548 BM,HR 9478,49155,881853
Z 0549 BM,HR 9477,49155,881891
Z 0550 BM,HR 9480,45571,881929
Z 0552 BM,HR 9487,47875,881967
Z 0553 BM,HR 9478,48131,882005
Z 0557 BM,HR 9484,48387,882043
Z 0558 BM,HR 9486,49155,882081
Z 0559 BM,HR 9490,48131,882119
Z 0561 BM,HR 9486,47619,882157
Z 0562 BM,HR 9490,46595,882195
Z 0563 BM,HR 9496,48387,882233
Z 0566 BM,HR 9819,48899,882271
Z 05701 BM,HR 9809,59907,882309
Z 0573 BM,HR 9837,48387,882348
Z 0575 BM,HR 15008,57859,882386
Z 0576 BM,HR 9830,47363,882425
Z 0577 BM,HR 9830,47619,882463
Z 0578 BM,HR 9830,47875,882501
Z 0582 BM,HR 9848,48899,882539
Z 0583 BM,HR 15018,57859,882577
Z 0586 BM,HR 15020,56835,882616
Z 0587 BM,HR 15021,57347,882655
Z 0588 BM,HR 9854,49667,883749
Z 0591 BM,HR 9859,49411,883787
Z 0704 BM,HR 13033,55299,883825
Z 0715 BM,HR 13041,55555,883864
Z 0718 BM,HR 13042,56579,883903
Z 0720 BM,HR 13044,55299,883942
Z 0721 BM,HR 13046,56067,883981
Z 4034,HR 6364,515,884020
Z 4035,HR 6131,64258,884055
Z 4036,HR 6363,771,884090
Z 4085,HR 6266,2307,884125
Z 4086,HR 6384,2819,884160
ZBA 309176,HR 091 RSI,51460,884195
ZN 1835,HR 2467,22019,884237
ZN 1951,HR 2114,18947,884273
ZN 2145,HR 2114,17923,884309
ZN 2497,HR 2458,23299,884345
ZN 2520,HR 2459,20227,884381
ZN 2540,HR 2459,20739,884417
ZN 2549,HR 2152,20483,884453
ZN 2843,HR 2460,20227,884489
ZN 3013,HR 2461,17923,884525
ZN 3247,HR 2440,19459,884561
ZN 3268,HR 2450,20483,884597
ZT 50.8,HR 2110,18179,884633
ZT 64/71,HR 2267,35331,884669
ZT 64/72,HR 025,20739,884706
ZT 65/75,HR 025,21763,885797
ZT 68/13,HR 2266 R,64259,885833
ZT 68/13 W,HR 2266 R,29188,885872
ZTF 73345 A,HR 46143,46084,885913
ZTFH 44010 A,HR 8636,30468,885955
ZTFH 44011 A,HR 8591,30724,885996
ZTFH 65001 A,HR 8410,28676,886037
ZTFH 65005 A,HR 8631,30980,886078
ZTFH 65007 A,HR 8618,32772,886119
ZTFH 65008 A,HR 8287,33540,886160
ZTFH 65011 A,HR 8588,33028,886201
ZTFH 65013 A,HR 8632,30980,886242
ZTFH 65015 A,HR 8593,33028,886283
ZTFH 74028,HR 46114,38916,886324
ZTFH 74028 C,HR 46114,64260,886365
ZTFJ 73345 A,HR 46143,65028,886408
ZTFJ 73346 A,HR 7826,54276,886451
ZTFK 33005 A,HR 8327,30980,886493
ZTFL 73345 A,HR 46143,5,886534
ZTFL 84001 A,HR 8641,31492,886577
ZTFL 94001 A,HR 8607,32260,886618
ZTFL 94002 A,HR 8594,33796,886659
ZTFM 05002 A,HR 8596,32516,886700
ZTFM 05004 A,HR 8632,30724,886741
ZTFM 05008 A,HR 8639,7936,888859
ZTFM 05010 A,HR 8651,30212,888900
ZTFM 23004 A,HR 8607,31236,888941
ZTL 11,HR 6212,12547,888982
ZTR 1001,HR 5126,39427,889017
ZTR 1021,HR 3131,38403,889054
ZTR 54-23/11,HR 052,11524,889091
ZTR 64-23/71,HR 052,13316,889172
ZTR 64-23/J-1,HR 052,29700,889131
ZTR 65-23 B,HR 052,4,889212
ZTR 65-23 C,HR 052,260,889251
ZTR 68/13,HR 025,41475,889290
ZV 1130,HR 052,5635,889327
